10:45:05 | INFO | MarketManager iniciado con 279 activos (MODO ESTÁTICO).
10:45:10 | INFO | Sistema Operativo - Monitoreando lista estatica
10:45:37 | WARNING | ¡ALERTA! Conexión caída o congelada. Reiniciando sistema YA...
10:45:39 | INFO | MarketManager iniciado con 279 activos (MODO ESTÁTICO).
10:45:43 | INFO | Sistema Operativo - Monitoreando lista estatica
10:46:10 | WARNING | ¡ALERTA! Conexión caída o congelada. Reiniciando sistema YA...
10:46:12 | INFO | MarketManager iniciado con 279 activos (MODO ESTÁTICO).
10:46:17 | INFO | Sistema Operativo - Monitoreando lista estatica
10:46:42 | WARNING | ¡ALERTA! Conexión caída o congelada. Reiniciando sistema YA...
10:46:44 | INFO | MarketManager iniciado con 279 activos (MODO ESTÁTICO).
10:46:49 | INFO | Sistema Operativo - Monitoreando lista estatica
10:47:14 | WARNING | ¡ALERTA! Conexión caída o congelada. Reiniciando sistema YA...
10:47:16 | INFO | MarketManager iniciado con 279 activos (MODO ESTÁTICO).
10:47:20 | INFO | Sistema Operativo - Monitoreando lista estatica
10:47:47 | WARNING | ¡ALERTA! Conexión caída o congelada. Reiniciando sistema YA...
10:47:49 | INFO | MarketManager iniciado con 279 activos (MODO ESTÁTICO).
10:47:53 | INFO | Sistema Operativo - Monitoreando lista estatica
10:48:21 | WARNING | ¡ALERTA! Conexión caída o congelada. Reiniciando sistema YA...
10:48:23 | INFO | MarketManager iniciado con 279 activos (MODO ESTÁTICO).
10:48:27 | INFO | Sistema Operativo - Monitoreando lista estatica
10:48:54 | WARNING | ¡ALERTA! Conexión caída o congelada. Reiniciando sistema YA...
10:48:55 | INFO | MarketManager iniciado con 279 activos (MODO ESTÁTICO).
10:48:58 | INFO | Sistema Operativo - Monitoreando lista estatica
10:49:25 | WARNING | ¡ALERTA! Conexión caída o congelada. Reiniciando sistema YA...
10:49:26 | INFO | MarketManager iniciado con 279 activos (MODO ESTÁTICO).
10:49:30 | INFO | Sistema Operativo - Monitoreando lista estatica
10:49:57 | WARNING | ¡ALERTA! Conexión caída o congelada. Reiniciando sistema YA...
10:49:59 | INFO | MarketManager iniciado con 279 activos (MODO ESTÁTICO).
10:50:03 | INFO | Sistema Operativo - Monitoreando lista estatica
10:50:31 | WARNING | ¡ALERTA! Conexión caída o congelada. Reiniciando sistema YA...
10:50:31 | INFO | MarketManager iniciado con 279 activos (MODO ESTÁTICO).
10:50:36 | INFO | Sistema Operativo - Monitoreando lista estatica
10:51:02 | WARNING | ¡ALERTA! Conexión caída o congelada. Reiniciando sistema YA...
10:51:04 | INFO | MarketManager iniciado con 279 activos (MODO ESTÁTICO).
10:51:07 | INFO | Sistema Operativo - Monitoreando lista estatica
10:51:36 | WARNING | ¡ALERTA! Conexión caída o congelada. Reiniciando sistema YA...
10:51:36 | INFO | MarketManager iniciado con 279 activos (MODO ESTÁTICO).
10:51:41 | INFO | Sistema Operativo - Monitoreando lista estatica
10:52:08 | WARNING | ¡ALERTA! Conexión caída o congelada. Reiniciando sistema YA...
10:52:10 | INFO | MarketManager iniciado con 279 activos (MODO ESTÁTICO).
10:52:14 | INFO | Sistema Operativo - Monitoreando lista estatica
10:52:42 | WARNING | ¡ALERTA! Conexión caída o congelada. Reiniciando sistema YA...
10:52:43 | INFO | MarketManager iniciado con 279 activos (MODO ESTÁTICO).
10:52:48 | INFO | Sistema Operativo - Monitoreando lista estatica
10:53:15 | WARNING | ¡ALERTA! Conexión caída o congelada. Reiniciando sistema YA...
10:53:16 | INFO | MarketManager iniciado con 279 activos (MODO ESTÁTICO).
10:53:21 | INFO | Sistema Operativo - Monitoreando lista estatica
10:53:48 | WARNING | ¡ALERTA! Conexión caída o congelada. Reiniciando sistema YA...
10:53:50 | INFO | MarketManager iniciado con 279 activos (MODO ESTÁTICO).
10:53:53 | INFO | Sistema Operativo - Monitoreando lista estatica
10:54:21 | WARNING | ¡ALERTA! Conexión caída o congelada. Reiniciando sistema YA...
10:54:22 | INFO | MarketManager iniciado con 279 activos (MODO ESTÁTICO).
10:54:26 | INFO | Sistema Operativo - Monitoreando lista estatica
10:54:54 | WARNING | ¡ALERTA! Conexión caída o congelada. Reiniciando sistema YA...
10:54:56 | INFO | MarketManager iniciado con 279 activos (MODO ESTÁTICO).
10:55:00 | INFO | Sistema Operativo - Monitoreando lista estatica
10:55:28 | WARNING | ¡ALERTA! Conexión caída o congelada. Reiniciando sistema YA...
10:55:29 | INFO | MarketManager iniciado con 279 activos (MODO ESTÁTICO).
10:55:33 | INFO | Sistema Operativo - Monitoreando lista estatica
10:56:01 | WARNING | ¡ALERTA! Conexión caída o congelada. Reiniciando sistema YA...
10:56:03 | INFO | MarketManager iniciado con 279 activos (MODO ESTÁTICO).
10:56:06 | INFO | Sistema Operativo - Monitoreando lista estatica
10:56:34 | WARNING | ¡ALERTA! Conexión caída o congelada. Reiniciando sistema YA...
10:56:35 | INFO | MarketManager iniciado con 279 activos (MODO ESTÁTICO).
10:56:40 | INFO | Sistema Operativo - Monitoreando lista estatica
10:57:07 | WARNING | ¡ALERTA! Conexión caída o congelada. Reiniciando sistema YA...
10:57:09 | INFO | MarketManager iniciado con 279 activos (MODO ESTÁTICO).
10:57:12 | INFO | Sistema Operativo - Monitoreando lista estatica
10:57:39 | WARNING | ¡ALERTA! Conexión caída o congelada. Reiniciando sistema YA...
10:57:41 | INFO | MarketManager iniciado con 279 activos (MODO ESTÁTICO).
10:57:45 | INFO | Sistema Operativo - Monitoreando lista estatica
10:58:11 | WARNING | ¡ALERTA! Conexión caída o congelada. Reiniciando sistema YA...
10:58:13 | INFO | MarketManager iniciado con 279 activos (MODO ESTÁTICO).
10:58:17 | INFO | Sistema Operativo - Monitoreando lista estatica
10:58:45 | WARNING | ¡ALERTA! Conexión caída o congelada. Reiniciando sistema YA...
10:58:47 | INFO | MarketManager iniciado con 279 activos (MODO ESTÁTICO).
10:58:52 | INFO | Sistema Operativo - Monitoreando lista estatica
10:59:17 | WARNING | ¡ALERTA! Conexión caída o congelada. Reiniciando sistema YA...
10:59:19 | INFO | MarketManager iniciado con 279 activos (MODO ESTÁTICO).
10:59:23 | INFO | Sistema Operativo - Monitoreando lista estatica
10:59:51 | WARNING | ¡ALERTA! Conexión caída o congelada. Reiniciando sistema YA...
10:59:51 | INFO | MarketManager iniciado con 279 activos (MODO ESTÁTICO).
10:59:56 | INFO | Sistema Operativo - Monitoreando lista estatica
11:00:21 | WARNING | ¡ALERTA! Conexión caída o congelada. Reiniciando sistema YA...
11:00:23 | INFO | MarketManager iniciado con 279 activos (MODO ESTÁTICO).
11:00:28 | INFO | Sistema Operativo - Monitoreando lista estatica
11:00:56 | WARNING | ¡ALERTA! Conexión caída o congelada. Reiniciando sistema YA...
11:00:58 | INFO | MarketManager iniciado con 279 activos (MODO ESTÁTICO).
11:01:03 | INFO | Sistema Operativo - Monitoreando lista estatica
11:01:28 | WARNING | ¡ALERTA! Conexión caída o congelada. Reiniciando sistema YA...
11:01:29 | INFO | MarketManager iniciado con 279 activos (MODO ESTÁTICO).
11:01:32 | INFO | Sistema Operativo - Monitoreando lista estatica
11:02:00 | WARNING | ¡ALERTA! Conexión caída o congelada. Reiniciando sistema YA...
11:02:02 | INFO | MarketManager iniciado con 279 activos (MODO ESTÁTICO).
11:02:06 | INFO | Sistema Operativo - Monitoreando lista estatica
11:02:34 | WARNING | ¡ALERTA! Conexión caída o congelada. Reiniciando sistema YA...
11:02:36 | INFO | MarketManager iniciado con 279 activos (MODO ESTÁTICO).
11:02:40 | INFO | Sistema Operativo - Monitoreando lista estatica
11:03:06 | WARNING | ¡ALERTA! Conexión caída o congelada. Reiniciando sistema YA...
11:03:07 | INFO | MarketManager iniciado con 279 activos (MODO ESTÁTICO).
11:03:11 | INFO | Sistema Operativo - Monitoreando lista estatica
11:03:37 | WARNING | ¡ALERTA! Conexión caída o congelada. Reiniciando sistema YA...
11:03:39 | INFO | MarketManager iniciado con 279 activos (MODO ESTÁTICO).
11:03:43 | INFO | Sistema Operativo - Monitoreando lista estatica
11:04:09 | WARNING | ¡ALERTA! Conexión caída o congelada. Reiniciando sistema YA...
11:04:10 | INFO | MarketManager iniciado con 279 activos (MODO ESTÁTICO).
11:04:14 | INFO | Sistema Operativo - Monitoreando lista estatica
11:04:42 | WARNING | ¡ALERTA! Conexión caída o congelada. Reiniciando sistema YA...
11:04:44 | INFO | MarketManager iniciado con 279 activos (MODO ESTÁTICO).
11:04:49 | INFO | Sistema Operativo - Monitoreando lista estatica
11:05:14 | WARNING | ¡ALERTA! Conexión caída o congelada. Reiniciando sistema YA...
11:05:16 | INFO | MarketManager iniciado con 279 activos (MODO ESTÁTICO).
11:05:19 | INFO | Sistema Operativo - Monitoreando lista estatica
11:05:47 | WARNING | ¡ALERTA! Conexión caída o congelada. Reiniciando sistema YA...
11:05:48 | INFO | MarketManager iniciado con 279 activos (MODO ESTÁTICO).
11:05:53 | INFO | Sistema Operativo - Monitoreando lista estatica
11:06:19 | WARNING | ¡ALERTA! Conexión caída o congelada. Reiniciando sistema YA...
11:06:21 | INFO | MarketManager iniciado con 279 activos (MODO ESTÁTICO).
11:06:25 | INFO | Sistema Operativo - Monitoreando lista estatica
11:06:53 | WARNING | ¡ALERTA! Conexión caída o congelada. Reiniciando sistema YA...
11:06:55 | INFO | MarketManager iniciado con 279 activos (MODO ESTÁTICO).
11:07:00 | INFO | Sistema Operativo - Monitoreando lista estatica
11:07:27 | WARNING | ¡ALERTA! Conexión caída o congelada. Reiniciando sistema YA...
11:07:29 | INFO | MarketManager iniciado con 279 activos (MODO ESTÁTICO).
11:07:33 | INFO | Sistema Operativo - Monitoreando lista estatica
11:08:01 | WARNING | ¡ALERTA! Conexión caída o congelada. Reiniciando sistema YA...
11:08:03 | INFO | MarketManager iniciado con 279 activos (MODO ESTÁTICO).
11:08:08 | INFO | Sistema Operativo - Monitoreando lista estatica
11:08:33 | WARNING | ¡ALERTA! Conexión caída o congelada. Reiniciando sistema YA...
11:08:35 | INFO | MarketManager iniciado con 279 activos (MODO ESTÁTICO).
11:08:39 | INFO | Sistema Operativo - Monitoreando lista estatica
11:09:06 | WARNING | ¡ALERTA! Conexión caída o congelada. Reiniciando sistema YA...
11:09:07 | INFO | MarketManager iniciado con 279 activos (MODO ESTÁTICO).
11:09:12 | INFO | Sistema Operativo - Monitoreando lista estatica
11:09:38 | WARNING | ¡ALERTA! Conexión caída o congelada. Reiniciando sistema YA...
11:09:39 | INFO | MarketManager iniciado con 279 activos (MODO ESTÁTICO).
11:09:43 | INFO | Sistema Operativo - Monitoreando lista estatica
11:10:10 | WARNING | ¡ALERTA! Conexión caída o congelada. Reiniciando sistema YA...
11:10:12 | INFO | MarketManager iniciado con 279 activos (MODO ESTÁTICO).
11:10:16 | INFO | Sistema Operativo - Monitoreando lista estatica
11:10:44 | WARNING | ¡ALERTA! Conexión caída o congelada. Reiniciando sistema YA...
11:10:46 | INFO | MarketManager iniciado con 279 activos (MODO ESTÁTICO).
11:10:50 | INFO | Sistema Operativo - Monitoreando lista estatica
11:11:18 | WARNING | ¡ALERTA! Conexión caída o congelada. Reiniciando sistema YA...
11:11:20 | INFO | MarketManager iniciado con 279 activos (MODO ESTÁTICO).
11:11:24 | INFO | Sistema Operativo - Monitoreando lista estatica
11:11:50 | WARNING | ¡ALERTA! Conexión caída o congelada. Reiniciando sistema YA...
11:11:52 | INFO | MarketManager iniciado con 279 activos (MODO ESTÁTICO).
11:11:57 | INFO | Sistema Operativo - Monitoreando lista estatica
11:12:22 | WARNING | ¡ALERTA! Conexión caída o congelada. Reiniciando sistema YA...
11:12:23 | INFO | MarketManager iniciado con 279 activos (MODO ESTÁTICO).
11:12:26 | INFO | Sistema Operativo - Monitoreando lista estatica
11:13:01 | WARNING | ¡ALERTA! Conexión caída o congelada. Reiniciando sistema YA...
11:13:02 | INFO | MarketManager iniciado con 279 activos (MODO ESTÁTICO).
11:13:08 | INFO | Sistema Operativo - Monitoreando lista estatica
11:13:32 | WARNING | ¡ALERTA! Conexión caída o congelada. Reiniciando sistema YA...
11:13:33 | INFO | MarketManager iniciado con 279 activos (MODO ESTÁTICO).
11:13:38 | INFO | Sistema Operativo - Monitoreando lista estatica
11:14:07 | WARNING | ¡ALERTA! Conexión caída o congelada. Reiniciando sistema YA...
11:14:09 | INFO | MarketManager iniciado con 279 activos (MODO ESTÁTICO).
11:14:13 | INFO | Sistema Operativo - Monitoreando lista estatica
11:14:40 | WARNING | ¡ALERTA! Conexión caída o congelada. Reiniciando sistema YA...
11:14:43 | INFO | MarketManager iniciado con 279 activos (MODO ESTÁTICO).
11:14:47 | INFO | Sistema Operativo - Monitoreando lista estatica
11:15:15 | WARNING | ¡ALERTA! Conexión caída o congelada. Reiniciando sistema YA...
11:15:16 | INFO | MarketManager iniciado con 279 activos (MODO ESTÁTICO).
11:15:20 | INFO | Sistema Operativo - Monitoreando lista estatica
11:15:48 | WARNING | ¡ALERTA! Conexión caída o congelada. Reiniciando sistema YA...
11:15:50 | INFO | MarketManager iniciado con 279 activos (MODO ESTÁTICO).
11:15:54 | INFO | Sistema Operativo - Monitoreando lista estatica
11:16:22 | WARNING | ¡ALERTA! Conexión caída o congelada. Reiniciando sistema YA...
11:16:24 | INFO | MarketManager iniciado con 279 activos (MODO ESTÁTICO).
11:16:27 | INFO | Sistema Operativo - Monitoreando lista estatica
11:16:55 | WARNING | ¡ALERTA! Conexión caída o congelada. Reiniciando sistema YA...
11:16:56 | INFO | MarketManager iniciado con 279 activos (MODO ESTÁTICO).
11:17:01 | INFO | Sistema Operativo - Monitoreando lista estatica
11:17:27 | WARNING | ¡ALERTA! Conexión caída o congelada. Reiniciando sistema YA...
11:17:28 | INFO | MarketManager iniciado con 279 activos (MODO ESTÁTICO).
11:17:32 | INFO | Sistema Operativo - Monitoreando lista estatica
11:18:00 | WARNING | ¡ALERTA! Conexión caída o congelada. Reiniciando sistema YA...
11:18:02 | INFO | MarketManager iniciado con 279 activos (MODO ESTÁTICO).
11:18:06 | INFO | Sistema Operativo - Monitoreando lista estatica
11:18:32 | WARNING | ¡ALERTA! Conexión caída o congelada. Reiniciando sistema YA...
11:18:34 | INFO | MarketManager iniciado con 279 activos (MODO ESTÁTICO).
11:18:38 | INFO | Sistema Operativo - Monitoreando lista estatica
11:19:06 | WARNING | ¡ALERTA! Conexión caída o congelada. Reiniciando sistema YA...
11:19:08 | INFO | MarketManager iniciado con 279 activos (MODO ESTÁTICO).
11:19:13 | INFO | Sistema Operativo - Monitoreando lista estatica
11:19:38 | WARNING | ¡ALERTA! Conexión caída o congelada. Reiniciando sistema YA...
11:19:40 | INFO | MarketManager iniciado con 279 activos (MODO ESTÁTICO).
11:19:45 | INFO | Sistema Operativo - Monitoreando lista estatica
11:20:11 | WARNING | ¡ALERTA! Conexión caída o congelada. Reiniciando sistema YA...
11:20:13 | INFO | MarketManager iniciado con 279 activos (MODO ESTÁTICO).
11:20:17 | INFO | Sistema Operativo - Monitoreando lista estatica
11:20:45 | WARNING | ¡ALERTA! Conexión caída o congelada. Reiniciando sistema YA...
11:20:47 | INFO | MarketManager iniciado con 279 activos (MODO ESTÁTICO).
11:20:51 | INFO | Sistema Operativo - Monitoreando lista estatica
11:21:17 | WARNING | ¡ALERTA! Conexión caída o congelada. Reiniciando sistema YA...
11:21:19 | INFO | MarketManager iniciado con 279 activos (MODO ESTÁTICO).
11:21:23 | INFO | Sistema Operativo - Monitoreando lista estatica
11:21:51 | WARNING | ¡ALERTA! Conexión caída o congelada. Reiniciando sistema YA...
11:21:51 | INFO | MarketManager iniciado con 279 activos (MODO ESTÁTICO).
11:21:55 | INFO | Sistema Operativo - Monitoreando lista estatica
11:22:23 | WARNING | ¡ALERTA! Conexión caída o congelada. Reiniciando sistema YA...
11:22:25 | INFO | MarketManager iniciado con 279 activos (MODO ESTÁTICO).
11:22:30 | INFO | Sistema Operativo - Monitoreando lista estatica
11:22:57 | WARNING | ¡ALERTA! Conexión caída o congelada. Reiniciando sistema YA...
11:22:59 | INFO | MarketManager iniciado con 279 activos (MODO ESTÁTICO).
11:23:04 | INFO | Sistema Operativo - Monitoreando lista estatica
11:23:29 | WARNING | ¡ALERTA! Conexión caída o congelada. Reiniciando sistema YA...
11:23:31 | INFO | MarketManager iniciado con 279 activos (MODO ESTÁTICO).
11:23:35 | INFO | Sistema Operativo - Monitoreando lista estatica
11:24:02 | WARNING | ¡ALERTA! Conexión caída o congelada. Reiniciando sistema YA...
11:24:03 | INFO | MarketManager iniciado con 279 activos (MODO ESTÁTICO).
11:24:07 | INFO | Sistema Operativo - Monitoreando lista estatica
11:24:33 | WARNING | ¡ALERTA! Conexión caída o congelada. Reiniciando sistema YA...
11:24:33 | INFO | MarketManager iniciado con 279 activos (MODO ESTÁTICO).
11:24:37 | INFO | Sistema Operativo - Monitoreando lista estatica
11:25:05 | WARNING | ¡ALERTA! Conexión caída o congelada. Reiniciando sistema YA...
11:25:07 | INFO | MarketManager iniciado con 279 activos (MODO ESTÁTICO).
11:25:10 | INFO | Sistema Operativo - Monitoreando lista estatica
11:25:38 | WARNING | ¡ALERTA! Conexión caída o congelada. Reiniciando sistema YA...
11:25:40 | INFO | MarketManager iniciado con 279 activos (MODO ESTÁTICO).
11:25:45 | INFO | Sistema Operativo - Monitoreando lista estatica
11:26:12 | WARNING | ¡ALERTA! Conexión caída o congelada. Reiniciando sistema YA...
11:26:14 | INFO | MarketManager iniciado con 279 activos (MODO ESTÁTICO).
11:26:19 | INFO | Sistema Operativo - Monitoreando lista estatica
11:26:46 | WARNING | ¡ALERTA! Conexión caída o congelada. Reiniciando sistema YA...
11:26:47 | INFO | MarketManager iniciado con 279 activos (MODO ESTÁTICO).
11:26:51 | INFO | Sistema Operativo - Monitoreando lista estatica
11:27:19 | WARNING | ¡ALERTA! Conexión caída o congelada. Reiniciando sistema YA...
11:27:20 | INFO | MarketManager iniciado con 279 activos (MODO ESTÁTICO).
11:27:23 | INFO | Sistema Operativo - Monitoreando lista estatica
11:27:51 | WARNING | ¡ALERTA! Conexión caída o congelada. Reiniciando sistema YA...
11:27:52 | INFO | MarketManager iniciado con 279 activos (MODO ESTÁTICO).
11:27:56 | INFO | Sistema Operativo - Monitoreando lista estatica
11:28:24 | WARNING | ¡ALERTA! Conexión caída o congelada. Reiniciando sistema YA...
11:28:25 | INFO | MarketManager iniciado con 279 activos (MODO ESTÁTICO).
11:28:30 | INFO | Sistema Operativo - Monitoreando lista estatica
11:28:57 | WARNING | ¡ALERTA! Conexión caída o congelada. Reiniciando sistema YA...
11:28:58 | INFO | MarketManager iniciado con 279 activos (MODO ESTÁTICO).
11:29:02 | INFO | Sistema Operativo - Monitoreando lista estatica
11:29:29 | WARNING | ¡ALERTA! Conexión caída o congelada. Reiniciando sistema YA...
11:29:30 | INFO | MarketManager iniciado con 279 activos (MODO ESTÁTICO).
11:29:34 | INFO | Sistema Operativo - Monitoreando lista estatica
11:30:00 | WARNING | ¡ALERTA! Conexión caída o congelada. Reiniciando sistema YA...
11:30:02 | INFO | MarketManager iniciado con 279 activos (MODO ESTÁTICO).
11:30:06 | INFO | Sistema Operativo - Monitoreando lista estatica
11:30:32 | WARNING | ¡ALERTA! Conexión caída o congelada. Reiniciando sistema YA...
11:30:33 | INFO | MarketManager iniciado con 279 activos (MODO ESTÁTICO).
11:30:37 | INFO | Sistema Operativo - Monitoreando lista estatica
11:31:05 | WARNING | ¡ALERTA! Conexión caída o congelada. Reiniciando sistema YA...
11:31:06 | INFO | MarketManager iniciado con 279 activos (MODO ESTÁTICO).
11:31:10 | INFO | Sistema Operativo - Monitoreando lista estatica
11:31:37 | WARNING | ¡ALERTA! Conexión caída o congelada. Reiniciando sistema YA...
11:31:38 | INFO | MarketManager iniciado con 279 activos (MODO ESTÁTICO).
11:31:43 | INFO | Sistema Operativo - Monitoreando lista estatica
11:32:12 | WARNING | ¡ALERTA! Conexión caída o congelada. Reiniciando sistema YA...
11:32:13 | INFO | MarketManager iniciado con 279 activos (MODO ESTÁTICO).
11:32:28 | INFO | Sistema Operativo - Monitoreando lista estatica
11:32:46 | WARNING | ¡ALERTA! Conexión caída o congelada. Reiniciando sistema YA...
11:32:48 | INFO | MarketManager iniciado con 279 activos (MODO ESTÁTICO).
11:32:53 | INFO | Sistema Operativo - Monitoreando lista estatica
11:33:18 | WARNING | ¡ALERTA! Conexión caída o congelada. Reiniciando sistema YA...
11:33:19 | INFO | MarketManager iniciado con 279 activos (MODO ESTÁTICO).
11:33:24 | INFO | Sistema Operativo - Monitoreando lista estatica
11:33:52 | WARNING | ¡ALERTA! Conexión caída o congelada. Reiniciando sistema YA...
11:33:54 | INFO | MarketManager iniciado con 279 activos (MODO ESTÁTICO).
11:34:00 | INFO | Sistema Operativo - Monitoreando lista estatica
11:34:26 | WARNING | ¡ALERTA! Conexión caída o congelada. Reiniciando sistema YA...
11:34:28 | INFO | MarketManager iniciado con 279 activos (MODO ESTÁTICO).
11:34:34 | INFO | Sistema Operativo - Monitoreando lista estatica
11:35:09 | WARNING | ¡ALERTA! Conexión caída o congelada. Reiniciando sistema YA...
11:35:10 | INFO | MarketManager iniciado con 279 activos (MODO ESTÁTICO).
11:35:17 | INFO | Sistema Operativo - Monitoreando lista estatica
11:35:53 | WARNING | ¡ALERTA! Conexión caída o congelada. Reiniciando sistema YA...
11:35:55 | INFO | MarketManager iniciado con 279 activos (MODO ESTÁTICO).
11:36:02 | INFO | Sistema Operativo - Monitoreando lista estatica
11:39:12 | WARNING | Falla API Google (Intento 1/3). Reintento en 3s...
11:39:20 | WARNING | ¡ALERTA! Conexión caída o congelada. Reiniciando sistema YA...
11:39:21 | INFO | MarketManager iniciado con 279 activos (MODO ESTÁTICO).
11:39:24 | INFO | Sistema Operativo - Monitoreando lista estatica
11:39:52 | WARNING | ¡ALERTA! Conexión caída o congelada. Reiniciando sistema YA...
11:39:53 | INFO | MarketManager iniciado con 279 activos (MODO ESTÁTICO).
11:39:57 | INFO | Sistema Operativo - Monitoreando lista estatica
11:40:25 | WARNING | ¡ALERTA! Conexión caída o congelada. Reiniciando sistema YA...
11:40:26 | INFO | MarketManager iniciado con 279 activos (MODO ESTÁTICO).
11:40:30 | INFO | Sistema Operativo - Monitoreando lista estatica
11:40:58 | WARNING | ¡ALERTA! Conexión caída o congelada. Reiniciando sistema YA...
11:40:59 | INFO | MarketManager iniciado con 279 activos (MODO ESTÁTICO).
11:41:04 | INFO | Sistema Operativo - Monitoreando lista estatica
11:41:31 | WARNING | ¡ALERTA! Conexión caída o congelada. Reiniciando sistema YA...
11:41:32 | INFO | MarketManager iniciado con 279 activos (MODO ESTÁTICO).
11:41:37 | INFO | Sistema Operativo - Monitoreando lista estatica
11:42:05 | WARNING | ¡ALERTA! Conexión caída o congelada. Reiniciando sistema YA...
11:42:06 | INFO | MarketManager iniciado con 279 activos (MODO ESTÁTICO).
11:42:09 | INFO | Sistema Operativo - Monitoreando lista estatica
11:42:37 | WARNING | ¡ALERTA! Conexión caída o congelada. Reiniciando sistema YA...
11:42:38 | INFO | MarketManager iniciado con 279 activos (MODO ESTÁTICO).
11:42:43 | INFO | Sistema Operativo - Monitoreando lista estatica
11:43:10 | WARNING | ¡ALERTA! Conexión caída o congelada. Reiniciando sistema YA...
11:43:12 | INFO | MarketManager iniciado con 279 activos (MODO ESTÁTICO).
11:43:16 | INFO | Sistema Operativo - Monitoreando lista estatica
11:43:43 | WARNING | ¡ALERTA! Conexión caída o congelada. Reiniciando sistema YA...
11:43:45 | INFO | MarketManager iniciado con 279 activos (MODO ESTÁTICO).
11:43:49 | INFO | Sistema Operativo - Monitoreando lista estatica
11:44:15 | WARNING | ¡ALERTA! Conexión caída o congelada. Reiniciando sistema YA...
11:44:16 | INFO | MarketManager iniciado con 279 activos (MODO ESTÁTICO).
11:44:20 | INFO | Sistema Operativo - Monitoreando lista estatica
11:44:47 | WARNING | ¡ALERTA! Conexión caída o congelada. Reiniciando sistema YA...
11:44:49 | INFO | MarketManager iniciado con 279 activos (MODO ESTÁTICO).
11:44:53 | INFO | Sistema Operativo - Monitoreando lista estatica
11:45:20 | WARNING | ¡ALERTA! Conexión caída o congelada. Reiniciando sistema YA...
11:45:22 | INFO | MarketManager iniciado con 279 activos (MODO ESTÁTICO).
11:45:25 | INFO | Sistema Operativo - Monitoreando lista estatica
11:45:53 | WARNING | ¡ALERTA! Conexión caída o congelada. Reiniciando sistema YA...
11:45:54 | INFO | MarketManager iniciado con 279 activos (MODO ESTÁTICO).
11:45:58 | INFO | Sistema Operativo - Monitoreando lista estatica
11:46:26 | WARNING | ¡ALERTA! Conexión caída o congelada. Reiniciando sistema YA...
11:46:26 | INFO | MarketManager iniciado con 279 activos (MODO ESTÁTICO).
11:46:30 | INFO | Sistema Operativo - Monitoreando lista estatica
11:46:58 | WARNING | ¡ALERTA! Conexión caída o congelada. Reiniciando sistema YA...
11:46:59 | INFO | MarketManager iniciado con 279 activos (MODO ESTÁTICO).
11:47:03 | INFO | Sistema Operativo - Monitoreando lista estatica
11:47:31 | WARNING | ¡ALERTA! Conexión caída o congelada. Reiniciando sistema YA...
11:47:32 | INFO | MarketManager iniciado con 279 activos (MODO ESTÁTICO).
11:47:37 | INFO | Sistema Operativo - Monitoreando lista estatica
11:48:04 | WARNING | ¡ALERTA! Conexión caída o congelada. Reiniciando sistema YA...
11:48:06 | INFO | MarketManager iniciado con 279 activos (MODO ESTÁTICO).
11:48:09 | INFO | Sistema Operativo - Monitoreando lista estatica
11:48:36 | WARNING | ¡ALERTA! Conexión caída o congelada. Reiniciando sistema YA...
11:48:38 | INFO | MarketManager iniciado con 279 activos (MODO ESTÁTICO).
11:48:41 | INFO | Sistema Operativo - Monitoreando lista estatica
11:49:08 | WARNING | ¡ALERTA! Conexión caída o congelada. Reiniciando sistema YA...
11:49:10 | INFO | MarketManager iniciado con 279 activos (MODO ESTÁTICO).
11:49:14 | INFO | Sistema Operativo - Monitoreando lista estatica
11:49:42 | WARNING | ¡ALERTA! Conexión caída o congelada. Reiniciando sistema YA...
11:49:43 | INFO | MarketManager iniciado con 279 activos (MODO ESTÁTICO).
11:49:47 | INFO | Sistema Operativo - Monitoreando lista estatica
11:49:57 | INFO | Detencion manual detectada. Cerrando procesos...
11:49:57 | INFO | WebSocket desconectado. Bot fuera de linea.
11:50:04 | INFO | MarketManager iniciado con 279 activos (MODO ESTÁTICO).
11:50:08 | INFO | Sistema Operativo - Monitoreando lista estatica
11:50:36 | WARNING | ¡ALERTA! Conexión caída o congelada. Reiniciando sistema YA...
11:50:37 | INFO | MarketManager iniciado con 279 activos (MODO ESTÁTICO).
11:50:41 | INFO | Sistema Operativo - Monitoreando lista estatica
11:51:08 | WARNING | ¡ALERTA! Conexión caída o congelada. Reiniciando sistema YA...
11:51:09 | INFO | MarketManager iniciado con 279 activos (MODO ESTÁTICO).
11:51:14 | INFO | Sistema Operativo - Monitoreando lista estatica
11:51:41 | WARNING | ¡ALERTA! Conexión caída o congelada. Reiniciando sistema YA...
11:51:42 | INFO | MarketManager iniciado con 279 activos (MODO ESTÁTICO).
11:51:45 | INFO | Sistema Operativo - Monitoreando lista estatica
11:52:13 | WARNING | ¡ALERTA! Conexión caída o congelada. Reiniciando sistema YA...
11:52:15 | INFO | MarketManager iniciado con 279 activos (MODO ESTÁTICO).
11:52:19 | INFO | Sistema Operativo - Monitoreando lista estatica
11:52:46 | WARNING | ¡ALERTA! Conexión caída o congelada. Reiniciando sistema YA...
11:52:48 | INFO | MarketManager iniciado con 279 activos (MODO ESTÁTICO).
11:52:52 | INFO | Sistema Operativo - Monitoreando lista estatica
11:53:20 | WARNING | ¡ALERTA! Conexión caída o congelada. Reiniciando sistema YA...
11:53:22 | INFO | MarketManager iniciado con 279 activos (MODO ESTÁTICO).
11:53:26 | INFO | Sistema Operativo - Monitoreando lista estatica
11:53:53 | WARNING | ¡ALERTA! Conexión caída o congelada. Reiniciando sistema YA...
11:53:55 | INFO | MarketManager iniciado con 279 activos (MODO ESTÁTICO).
11:54:00 | INFO | Sistema Operativo - Monitoreando lista estatica
11:54:27 | WARNING | ¡ALERTA! Conexión caída o congelada. Reiniciando sistema YA...
11:54:30 | INFO | MarketManager iniciado con 279 activos (MODO ESTÁTICO).
11:54:33 | INFO | Sistema Operativo - Monitoreando lista estatica
11:55:00 | WARNING | ¡ALERTA! Conexión caída o congelada. Reiniciando sistema YA...
11:55:02 | INFO | MarketManager iniciado con 279 activos (MODO ESTÁTICO).
11:55:06 | INFO | Sistema Operativo - Monitoreando lista estatica
11:55:34 | WARNING | ¡ALERTA! Conexión caída o congelada. Reiniciando sistema YA...
11:55:35 | INFO | MarketManager iniciado con 279 activos (MODO ESTÁTICO).
11:55:39 | INFO | Sistema Operativo - Monitoreando lista estatica
11:56:07 | WARNING | ¡ALERTA! Conexión caída o congelada. Reiniciando sistema YA...
11:56:08 | INFO | MarketManager iniciado con 279 activos (MODO ESTÁTICO).
11:56:13 | INFO | Sistema Operativo - Monitoreando lista estatica
11:56:41 | WARNING | ¡ALERTA! Conexión caída o congelada. Reiniciando sistema YA...
11:56:41 | INFO | MarketManager iniciado con 279 activos (MODO ESTÁTICO).
11:56:45 | INFO | Sistema Operativo - Monitoreando lista estatica
11:57:12 | WARNING | ¡ALERTA! Conexión caída o congelada. Reiniciando sistema YA...
11:57:14 | INFO | MarketManager iniciado con 279 activos (MODO ESTÁTICO).
11:57:18 | INFO | Sistema Operativo - Monitoreando lista estatica
11:57:46 | WARNING | ¡ALERTA! Conexión caída o congelada. Reiniciando sistema YA...
11:57:48 | INFO | MarketManager iniciado con 279 activos (MODO ESTÁTICO).
11:57:52 | INFO | Sistema Operativo - Monitoreando lista estatica
11:58:19 | WARNING | ¡ALERTA! Conexión caída o congelada. Reiniciando sistema YA...
11:58:21 | INFO | MarketManager iniciado con 279 activos (MODO ESTÁTICO).
11:58:25 | INFO | Sistema Operativo - Monitoreando lista estatica
11:58:53 | WARNING | ¡ALERTA! Conexión caída o congelada. Reiniciando sistema YA...
11:58:54 | INFO | MarketManager iniciado con 279 activos (MODO ESTÁTICO).
11:58:59 | INFO | Sistema Operativo - Monitoreando lista estatica
11:59:25 | WARNING | ¡ALERTA! Conexión caída o congelada. Reiniciando sistema YA...
11:59:26 | INFO | MarketManager iniciado con 279 activos (MODO ESTÁTICO).
11:59:30 | INFO | Sistema Operativo - Monitoreando lista estatica
11:59:57 | WARNING | ¡ALERTA! Conexión caída o congelada. Reiniciando sistema YA...
12:00:00 | INFO | MarketManager iniciado con 279 activos (MODO ESTÁTICO).
12:00:04 | INFO | Sistema Operativo - Monitoreando lista estatica
12:00:32 | WARNING | ¡ALERTA! Conexión caída o congelada. Reiniciando sistema YA...
12:00:34 | INFO | MarketManager iniciado con 279 activos (MODO ESTÁTICO).
12:00:38 | INFO | Sistema Operativo - Monitoreando lista estatica
12:01:06 | WARNING | ¡ALERTA! Conexión caída o congelada. Reiniciando sistema YA...
12:01:08 | INFO | MarketManager iniciado con 279 activos (MODO ESTÁTICO).
12:01:11 | INFO | Sistema Operativo - Monitoreando lista estatica
12:01:39 | WARNING | ¡ALERTA! Conexión caída o congelada. Reiniciando sistema YA...
12:01:40 | INFO | MarketManager iniciado con 279 activos (MODO ESTÁTICO).
12:01:43 | INFO | Sistema Operativo - Monitoreando lista estatica
12:02:10 | WARNING | ¡ALERTA! Conexión caída o congelada. Reiniciando sistema YA...
12:02:12 | INFO | MarketManager iniciado con 279 activos (MODO ESTÁTICO).
12:02:16 | INFO | Sistema Operativo - Monitoreando lista estatica
12:02:44 | WARNING | ¡ALERTA! Conexión caída o congelada. Reiniciando sistema YA...
12:02:45 | INFO | MarketManager iniciado con 279 activos (MODO ESTÁTICO).
12:02:49 | INFO | Sistema Operativo - Monitoreando lista estatica
12:03:17 | WARNING | ¡ALERTA! Conexión caída o congelada. Reiniciando sistema YA...
12:03:18 | INFO | MarketManager iniciado con 279 activos (MODO ESTÁTICO).
12:03:23 | INFO | Sistema Operativo - Monitoreando lista estatica
12:03:51 | WARNING | ¡ALERTA! Conexión caída o congelada. Reiniciando sistema YA...
12:03:53 | INFO | MarketManager iniciado con 279 activos (MODO ESTÁTICO).
12:03:57 | INFO | Sistema Operativo - Monitoreando lista estatica
12:04:24 | WARNING | ¡ALERTA! Conexión caída o congelada. Reiniciando sistema YA...
12:04:26 | INFO | MarketManager iniciado con 279 activos (MODO ESTÁTICO).
12:04:29 | INFO | Sistema Operativo - Monitoreando lista estatica
12:04:56 | WARNING | ¡ALERTA! Conexión caída o congelada. Reiniciando sistema YA...
12:04:58 | INFO | MarketManager iniciado con 279 activos (MODO ESTÁTICO).
12:05:01 | INFO | Sistema Operativo - Monitoreando lista estatica
12:05:28 | WARNING | ¡ALERTA! Conexión caída o congelada. Reiniciando sistema YA...
12:05:30 | INFO | MarketManager iniciado con 279 activos (MODO ESTÁTICO).
12:05:33 | INFO | Sistema Operativo - Monitoreando lista estatica
12:06:00 | WARNING | ¡ALERTA! Conexión caída o congelada. Reiniciando sistema YA...
12:06:02 | INFO | MarketManager iniciado con 279 activos (MODO ESTÁTICO).
12:06:05 | INFO | Sistema Operativo - Monitoreando lista estatica
12:06:32 | WARNING | ¡ALERTA! Conexión caída o congelada. Reiniciando sistema YA...
12:06:34 | INFO | MarketManager iniciado con 279 activos (MODO ESTÁTICO).
12:06:37 | INFO | Sistema Operativo - Monitoreando lista estatica
12:07:05 | WARNING | ¡ALERTA! Conexión caída o congelada. Reiniciando sistema YA...
12:07:06 | INFO | MarketManager iniciado con 279 activos (MODO ESTÁTICO).
12:07:10 | INFO | Sistema Operativo - Monitoreando lista estatica
12:07:37 | WARNING | ¡ALERTA! Conexión caída o congelada. Reiniciando sistema YA...
12:07:39 | INFO | MarketManager iniciado con 279 activos (MODO ESTÁTICO).
12:07:44 | INFO | Sistema Operativo - Monitoreando lista estatica
12:08:09 | WARNING | ¡ALERTA! Conexión caída o congelada. Reiniciando sistema YA...
12:08:10 | INFO | MarketManager iniciado con 279 activos (MODO ESTÁTICO).
12:08:14 | INFO | Sistema Operativo - Monitoreando lista estatica
12:08:42 | WARNING | ¡ALERTA! Conexión caída o congelada. Reiniciando sistema YA...
12:08:43 | INFO | MarketManager iniciado con 279 activos (MODO ESTÁTICO).
12:08:48 | INFO | Sistema Operativo - Monitoreando lista estatica
12:09:15 | WARNING | ¡ALERTA! Conexión caída o congelada. Reiniciando sistema YA...
12:09:17 | INFO | MarketManager iniciado con 279 activos (MODO ESTÁTICO).
12:09:21 | INFO | Sistema Operativo - Monitoreando lista estatica
12:09:48 | WARNING | ¡ALERTA! Conexión caída o congelada. Reiniciando sistema YA...
12:09:50 | INFO | MarketManager iniciado con 279 activos (MODO ESTÁTICO).
12:09:55 | INFO | Sistema Operativo - Monitoreando lista estatica
12:10:20 | WARNING | ¡ALERTA! Conexión caída o congelada. Reiniciando sistema YA...
12:10:22 | INFO | MarketManager iniciado con 279 activos (MODO ESTÁTICO).
12:10:26 | INFO | Sistema Operativo - Monitoreando lista estatica
12:10:51 | INFO | Detencion manual detectada. Cerrando procesos...
12:10:51 | INFO | WebSocket desconectado. Bot fuera de linea.
12:10:55 | INFO | MarketManager iniciado con 279 activos (MODO ESTÁTICO).
12:10:59 | INFO | Sistema Operativo - Monitoreando lista estatica
12:11:27 | WARNING | ¡ALERTA! Conexión caída o congelada. Reiniciando sistema YA...
12:11:28 | INFO | MarketManager iniciado con 279 activos (MODO ESTÁTICO).
12:11:33 | INFO | Sistema Operativo - Monitoreando lista estatica
12:12:00 | WARNING | ¡ALERTA! Conexión caída o congelada. Reiniciando sistema YA...
12:12:01 | INFO | MarketManager iniciado con 279 activos (MODO ESTÁTICO).
12:12:05 | INFO | Sistema Operativo - Monitoreando lista estatica
12:12:32 | WARNING | ¡ALERTA! Conexión caída o congelada. Reiniciando sistema YA...
12:12:33 | INFO | MarketManager iniciado con 279 activos (MODO ESTÁTICO).
12:12:37 | INFO | Sistema Operativo - Monitoreando lista estatica
12:13:04 | WARNING | ¡ALERTA! Conexión caída o congelada. Reiniciando sistema YA...
12:13:06 | INFO | MarketManager iniciado con 279 activos (MODO ESTÁTICO).
12:13:10 | INFO | Sistema Operativo - Monitoreando lista estatica
12:13:37 | WARNING | ¡ALERTA! Conexión caída o congelada. Reiniciando sistema YA...
12:13:38 | INFO | MarketManager iniciado con 279 activos (MODO ESTÁTICO).
12:13:43 | INFO | Sistema Operativo - Monitoreando lista estatica
12:14:10 | WARNING | ¡ALERTA! Conexión caída o congelada. Reiniciando sistema YA...
12:14:12 | INFO | MarketManager iniciado con 279 activos (MODO ESTÁTICO).
12:14:16 | INFO | Sistema Operativo - Monitoreando lista estatica
12:14:43 | WARNING | ¡ALERTA! Conexión caída o congelada. Reiniciando sistema YA...
12:14:45 | INFO | MarketManager iniciado con 279 activos (MODO ESTÁTICO).
12:14:49 | INFO | Sistema Operativo - Monitoreando lista estatica
12:15:16 | WARNING | ¡ALERTA! Conexión caída o congelada. Reiniciando sistema YA...
12:15:17 | INFO | MarketManager iniciado con 279 activos (MODO ESTÁTICO).
12:15:21 | INFO | Sistema Operativo - Monitoreando lista estatica
12:15:48 | WARNING | ¡ALERTA! Conexión caída o congelada. Reiniciando sistema YA...
12:15:50 | INFO | MarketManager iniciado con 279 activos (MODO ESTÁTICO).
12:15:53 | INFO | Sistema Operativo - Monitoreando lista estatica
12:16:20 | WARNING | ¡ALERTA! Conexión caída o congelada. Reiniciando sistema YA...
12:16:22 | INFO | MarketManager iniciado con 279 activos (MODO ESTÁTICO).
12:16:25 | INFO | Sistema Operativo - Monitoreando lista estatica
12:16:53 | WARNING | ¡ALERTA! Conexión caída o congelada. Reiniciando sistema YA...
12:16:54 | INFO | MarketManager iniciado con 279 activos (MODO ESTÁTICO).
12:16:58 | INFO | Sistema Operativo - Monitoreando lista estatica
12:17:26 | WARNING | ¡ALERTA! Conexión caída o congelada. Reiniciando sistema YA...
12:17:27 | INFO | MarketManager iniciado con 279 activos (MODO ESTÁTICO).
12:17:31 | INFO | Sistema Operativo - Monitoreando lista estatica
12:17:59 | WARNING | ¡ALERTA! Conexión caída o congelada. Reiniciando sistema YA...
12:17:59 | INFO | MarketManager iniciado con 279 activos (MODO ESTÁTICO).
12:18:04 | INFO | Sistema Operativo - Monitoreando lista estatica
12:18:31 | WARNING | ¡ALERTA! Conexión caída o congelada. Reiniciando sistema YA...
12:18:33 | INFO | MarketManager iniciado con 279 activos (MODO ESTÁTICO).
12:18:37 | INFO | Sistema Operativo - Monitoreando lista estatica
12:19:04 | WARNING | ¡ALERTA! Conexión caída o congelada. Reiniciando sistema YA...
12:19:05 | INFO | MarketManager iniciado con 279 activos (MODO ESTÁTICO).
12:19:09 | INFO | Sistema Operativo - Monitoreando lista estatica
12:19:36 | WARNING | ¡ALERTA! Conexión caída o congelada. Reiniciando sistema YA...
12:19:38 | INFO | MarketManager iniciado con 279 activos (MODO ESTÁTICO).
12:19:41 | INFO | Sistema Operativo - Monitoreando lista estatica
12:20:08 | WARNING | ¡ALERTA! Conexión caída o congelada. Reiniciando sistema YA...
12:20:10 | INFO | MarketManager iniciado con 279 activos (MODO ESTÁTICO).
12:20:14 | INFO | Sistema Operativo - Monitoreando lista estatica
12:20:42 | WARNING | ¡ALERTA! Conexión caída o congelada. Reiniciando sistema YA...
12:20:43 | INFO | MarketManager iniciado con 279 activos (MODO ESTÁTICO).
12:20:46 | INFO | Sistema Operativo - Monitoreando lista estatica
12:21:14 | WARNING | ¡ALERTA! Conexión caída o congelada. Reiniciando sistema YA...
12:21:14 | INFO | MarketManager iniciado con 279 activos (MODO ESTÁTICO).
12:21:18 | INFO | Sistema Operativo - Monitoreando lista estatica
12:21:47 | WARNING | ¡ALERTA! Conexión caída o congelada. Reiniciando sistema YA...
12:21:49 | INFO | MarketManager iniciado con 279 activos (MODO ESTÁTICO).
12:21:53 | INFO | Sistema Operativo - Monitoreando lista estatica
12:22:20 | WARNING | ¡ALERTA! Conexión caída o congelada. Reiniciando sistema YA...
12:22:22 | INFO | MarketManager iniciado con 279 activos (MODO ESTÁTICO).
12:22:26 | INFO | Sistema Operativo - Monitoreando lista estatica
12:22:53 | WARNING | ¡ALERTA! Conexión caída o congelada. Reiniciando sistema YA...
12:22:55 | INFO | MarketManager iniciado con 279 activos (MODO ESTÁTICO).
12:22:59 | INFO | Sistema Operativo - Monitoreando lista estatica
12:23:27 | WARNING | ¡ALERTA! Conexión caída o congelada. Reiniciando sistema YA...
12:23:28 | INFO | MarketManager iniciado con 279 activos (MODO ESTÁTICO).
12:23:32 | INFO | Sistema Operativo - Monitoreando lista estatica
12:24:00 | WARNING | ¡ALERTA! Conexión caída o congelada. Reiniciando sistema YA...
12:24:01 | INFO | MarketManager iniciado con 279 activos (MODO ESTÁTICO).
12:24:05 | INFO | Sistema Operativo - Monitoreando lista estatica
12:24:33 | WARNING | ¡ALERTA! Conexión caída o congelada. Reiniciando sistema YA...
12:24:34 | INFO | MarketManager iniciado con 279 activos (MODO ESTÁTICO).
12:24:38 | INFO | Sistema Operativo - Monitoreando lista estatica
12:25:06 | WARNING | ¡ALERTA! Conexión caída o congelada. Reiniciando sistema YA...
12:25:06 | INFO | MarketManager iniciado con 279 activos (MODO ESTÁTICO).
12:25:11 | INFO | Sistema Operativo - Monitoreando lista estatica
12:25:38 | WARNING | ¡ALERTA! Conexión caída o congelada. Reiniciando sistema YA...
12:25:40 | INFO | MarketManager iniciado con 279 activos (MODO ESTÁTICO).
12:25:46 | INFO | Sistema Operativo - Monitoreando lista estatica
12:26:11 | WARNING | ¡ALERTA! Conexión caída o congelada. Reiniciando sistema YA...
12:26:12 | INFO | MarketManager iniciado con 279 activos (MODO ESTÁTICO).
12:26:16 | INFO | Sistema Operativo - Monitoreando lista estatica
12:26:44 | WARNING | ¡ALERTA! Conexión caída o congelada. Reiniciando sistema YA...
12:26:46 | INFO | MarketManager iniciado con 279 activos (MODO ESTÁTICO).
12:26:50 | INFO | Sistema Operativo - Monitoreando lista estatica
12:27:17 | WARNING | ¡ALERTA! Conexión caída o congelada. Reiniciando sistema YA...
12:27:19 | INFO | MarketManager iniciado con 279 activos (MODO ESTÁTICO).
12:27:23 | INFO | Sistema Operativo - Monitoreando lista estatica
12:27:51 | WARNING | ¡ALERTA! Conexión caída o congelada. Reiniciando sistema YA...
12:27:52 | INFO | MarketManager iniciado con 279 activos (MODO ESTÁTICO).
12:27:57 | INFO | Sistema Operativo - Monitoreando lista estatica
12:28:24 | WARNING | ¡ALERTA! Conexión caída o congelada. Reiniciando sistema YA...
12:28:25 | INFO | MarketManager iniciado con 279 activos (MODO ESTÁTICO).
12:28:30 | INFO | Sistema Operativo - Monitoreando lista estatica
12:28:57 | WARNING | ¡ALERTA! Conexión caída o congelada. Reiniciando sistema YA...
12:28:59 | INFO | MarketManager iniciado con 279 activos (MODO ESTÁTICO).
12:29:03 | INFO | Sistema Operativo - Monitoreando lista estatica
12:29:30 | WARNING | ¡ALERTA! Conexión caída o congelada. Reiniciando sistema YA...
12:29:32 | INFO | MarketManager iniciado con 279 activos (MODO ESTÁTICO).
12:29:36 | INFO | Sistema Operativo - Monitoreando lista estatica
12:30:04 | WARNING | ¡ALERTA! Conexión caída o congelada. Reiniciando sistema YA...
12:30:06 | INFO | MarketManager iniciado con 279 activos (MODO ESTÁTICO).
12:30:10 | INFO | Sistema Operativo - Monitoreando lista estatica
12:30:38 | WARNING | ¡ALERTA! Conexión caída o congelada. Reiniciando sistema YA...
12:30:40 | INFO | MarketManager iniciado con 279 activos (MODO ESTÁTICO).
12:30:44 | INFO | Sistema Operativo - Monitoreando lista estatica
12:31:10 | WARNING | ¡ALERTA! Conexión caída o congelada. Reiniciando sistema YA...
12:31:12 | INFO | MarketManager iniciado con 279 activos (MODO ESTÁTICO).
12:31:15 | INFO | Sistema Operativo - Monitoreando lista estatica
12:31:43 | WARNING | ¡ALERTA! Conexión caída o congelada. Reiniciando sistema YA...
12:31:43 | INFO | MarketManager iniciado con 279 activos (MODO ESTÁTICO).
12:31:48 | INFO | Sistema Operativo - Monitoreando lista estatica
12:32:16 | WARNING | ¡ALERTA! Conexión caída o congelada. Reiniciando sistema YA...
12:32:17 | INFO | MarketManager iniciado con 279 activos (MODO ESTÁTICO).
12:32:22 | INFO | Sistema Operativo - Monitoreando lista estatica
12:32:49 | WARNING | ¡ALERTA! Conexión caída o congelada. Reiniciando sistema YA...
12:32:50 | INFO | MarketManager iniciado con 279 activos (MODO ESTÁTICO).
12:32:55 | INFO | Sistema Operativo - Monitoreando lista estatica
12:33:22 | WARNING | ¡ALERTA! Conexión caída o congelada. Reiniciando sistema YA...
12:33:23 | INFO | MarketManager iniciado con 279 activos (MODO ESTÁTICO).
12:33:27 | INFO | Sistema Operativo - Monitoreando lista estatica
12:33:55 | WARNING | ¡ALERTA! Conexión caída o congelada. Reiniciando sistema YA...
12:33:57 | INFO | MarketManager iniciado con 279 activos (MODO ESTÁTICO).
12:34:01 | INFO | Sistema Operativo - Monitoreando lista estatica
12:34:29 | WARNING | ¡ALERTA! Conexión caída o congelada. Reiniciando sistema YA...
12:34:31 | INFO | MarketManager iniciado con 279 activos (MODO ESTÁTICO).
12:34:34 | INFO | Sistema Operativo - Monitoreando lista estatica
12:35:02 | WARNING | ¡ALERTA! Conexión caída o congelada. Reiniciando sistema YA...
12:35:03 | INFO | MarketManager iniciado con 279 activos (MODO ESTÁTICO).
12:35:07 | INFO | Sistema Operativo - Monitoreando lista estatica
12:35:35 | WARNING | ¡ALERTA! Conexión caída o congelada. Reiniciando sistema YA...
12:35:37 | INFO | MarketManager iniciado con 279 activos (MODO ESTÁTICO).
12:35:41 | INFO | Sistema Operativo - Monitoreando lista estatica
12:36:08 | WARNING | ¡ALERTA! Conexión caída o congelada. Reiniciando sistema YA...
12:36:10 | INFO | MarketManager iniciado con 279 activos (MODO ESTÁTICO).
12:36:14 | INFO | Sistema Operativo - Monitoreando lista estatica
12:36:42 | WARNING | ¡ALERTA! Conexión caída o congelada. Reiniciando sistema YA...
12:36:43 | INFO | MarketManager iniciado con 279 activos (MODO ESTÁTICO).
12:36:48 | INFO | Sistema Operativo - Monitoreando lista estatica
12:37:16 | WARNING | ¡ALERTA! Conexión caída o congelada. Reiniciando sistema YA...
12:37:17 | INFO | MarketManager iniciado con 279 activos (MODO ESTÁTICO).
12:37:21 | INFO | Sistema Operativo - Monitoreando lista estatica
12:37:49 | WARNING | ¡ALERTA! Conexión caída o congelada. Reiniciando sistema YA...
12:37:51 | INFO | MarketManager iniciado con 279 activos (MODO ESTÁTICO).
12:37:55 | INFO | Sistema Operativo - Monitoreando lista estatica
12:38:22 | WARNING | ¡ALERTA! Conexión caída o congelada. Reiniciando sistema YA...
12:38:24 | INFO | MarketManager iniciado con 279 activos (MODO ESTÁTICO).
12:38:28 | INFO | Sistema Operativo - Monitoreando lista estatica
12:38:56 | WARNING | ¡ALERTA! Conexión caída o congelada. Reiniciando sistema YA...
12:38:58 | INFO | MarketManager iniciado con 279 activos (MODO ESTÁTICO).
12:39:02 | INFO | Sistema Operativo - Monitoreando lista estatica
12:39:30 | WARNING | ¡ALERTA! Conexión caída o congelada. Reiniciando sistema YA...
12:39:31 | INFO | MarketManager iniciado con 279 activos (MODO ESTÁTICO).
12:39:36 | INFO | Sistema Operativo - Monitoreando lista estatica
12:40:03 | WARNING | ¡ALERTA! Conexión caída o congelada. Reiniciando sistema YA...
12:40:05 | INFO | MarketManager iniciado con 279 activos (MODO ESTÁTICO).
12:40:09 | INFO | Sistema Operativo - Monitoreando lista estatica
12:40:37 | WARNING | ¡ALERTA! Conexión caída o congelada. Reiniciando sistema YA...
12:40:39 | INFO | MarketManager iniciado con 279 activos (MODO ESTÁTICO).
12:40:44 | INFO | Sistema Operativo - Monitoreando lista estatica
12:41:11 | WARNING | ¡ALERTA! Conexión caída o congelada. Reiniciando sistema YA...
12:41:13 | INFO | MarketManager iniciado con 279 activos (MODO ESTÁTICO).
12:41:17 | INFO | Sistema Operativo - Monitoreando lista estatica
12:41:45 | WARNING | ¡ALERTA! Conexión caída o congelada. Reiniciando sistema YA...
12:41:47 | INFO | MarketManager iniciado con 279 activos (MODO ESTÁTICO).
12:41:51 | INFO | Sistema Operativo - Monitoreando lista estatica
12:42:17 | WARNING | ¡ALERTA! Conexión caída o congelada. Reiniciando sistema YA...
12:42:19 | INFO | MarketManager iniciado con 279 activos (MODO ESTÁTICO).
12:42:23 | INFO | Sistema Operativo - Monitoreando lista estatica
12:42:51 | WARNING | ¡ALERTA! Conexión caída o congelada. Reiniciando sistema YA...
12:42:52 | INFO | MarketManager iniciado con 279 activos (MODO ESTÁTICO).
12:42:55 | INFO | Sistema Operativo - Monitoreando lista estatica
12:43:23 | WARNING | ¡ALERTA! Conexión caída o congelada. Reiniciando sistema YA...
12:43:25 | INFO | MarketManager iniciado con 279 activos (MODO ESTÁTICO).
12:43:29 | INFO | Sistema Operativo - Monitoreando lista estatica
12:43:56 | WARNING | ¡ALERTA! Conexión caída o congelada. Reiniciando sistema YA...
12:43:58 | INFO | MarketManager iniciado con 279 activos (MODO ESTÁTICO).
12:44:02 | INFO | Sistema Operativo - Monitoreando lista estatica
12:44:29 | WARNING | ¡ALERTA! Conexión caída o congelada. Reiniciando sistema YA...
12:44:32 | INFO | MarketManager iniciado con 279 activos (MODO ESTÁTICO).
12:44:36 | INFO | Sistema Operativo - Monitoreando lista estatica
12:45:02 | WARNING | ¡ALERTA! Conexión caída o congelada. Reiniciando sistema YA...
12:45:04 | INFO | MarketManager iniciado con 279 activos (MODO ESTÁTICO).
12:45:08 | INFO | Sistema Operativo - Monitoreando lista estatica
12:45:36 | WARNING | ¡ALERTA! Conexión caída o congelada. Reiniciando sistema YA...
12:45:37 | INFO | MarketManager iniciado con 279 activos (MODO ESTÁTICO).
12:45:42 | INFO | Sistema Operativo - Monitoreando lista estatica
12:46:10 | WARNING | ¡ALERTA! Conexión caída o congelada. Reiniciando sistema YA...
12:46:12 | INFO | MarketManager iniciado con 279 activos (MODO ESTÁTICO).
12:46:16 | INFO | Sistema Operativo - Monitoreando lista estatica
12:46:44 | WARNING | ¡ALERTA! Conexión caída o congelada. Reiniciando sistema YA...
12:46:45 | INFO | MarketManager iniciado con 279 activos (MODO ESTÁTICO).
12:46:49 | INFO | Sistema Operativo - Monitoreando lista estatica
12:47:17 | WARNING | ¡ALERTA! Conexión caída o congelada. Reiniciando sistema YA...
12:47:19 | INFO | MarketManager iniciado con 279 activos (MODO ESTÁTICO).
12:47:23 | INFO | Sistema Operativo - Monitoreando lista estatica
12:47:51 | WARNING | ¡ALERTA! Conexión caída o congelada. Reiniciando sistema YA...
12:47:53 | INFO | MarketManager iniciado con 279 activos (MODO ESTÁTICO).
12:47:57 | INFO | Sistema Operativo - Monitoreando lista estatica
12:48:23 | WARNING | ¡ALERTA! Conexión caída o congelada. Reiniciando sistema YA...
12:48:24 | INFO | MarketManager iniciado con 279 activos (MODO ESTÁTICO).
12:48:29 | INFO | Sistema Operativo - Monitoreando lista estatica
12:48:56 | WARNING | ¡ALERTA! Conexión caída o congelada. Reiniciando sistema YA...
12:48:58 | INFO | MarketManager iniciado con 279 activos (MODO ESTÁTICO).
12:49:01 | INFO | Sistema Operativo - Monitoreando lista estatica
12:49:29 | WARNING | ¡ALERTA! Conexión caída o congelada. Reiniciando sistema YA...
12:49:30 | INFO | MarketManager iniciado con 279 activos (MODO ESTÁTICO).
12:49:34 | INFO | Sistema Operativo - Monitoreando lista estatica
12:50:02 | WARNING | ¡ALERTA! Conexión caída o congelada. Reiniciando sistema YA...
12:50:04 | INFO | MarketManager iniciado con 279 activos (MODO ESTÁTICO).
12:50:08 | INFO | Sistema Operativo - Monitoreando lista estatica
12:50:36 | WARNING | ¡ALERTA! Conexión caída o congelada. Reiniciando sistema YA...
12:50:38 | INFO | MarketManager iniciado con 279 activos (MODO ESTÁTICO).
12:50:42 | INFO | Sistema Operativo - Monitoreando lista estatica
12:51:10 | WARNING | ¡ALERTA! Conexión caída o congelada. Reiniciando sistema YA...
12:51:12 | INFO | MarketManager iniciado con 279 activos (MODO ESTÁTICO).
12:51:15 | INFO | Sistema Operativo - Monitoreando lista estatica
12:51:43 | WARNING | ¡ALERTA! Conexión caída o congelada. Reiniciando sistema YA...
12:51:44 | INFO | MarketManager iniciado con 279 activos (MODO ESTÁTICO).
12:51:49 | INFO | Sistema Operativo - Monitoreando lista estatica
12:52:14 | WARNING | ¡ALERTA! Conexión caída o congelada. Reiniciando sistema YA...
12:52:17 | INFO | MarketManager iniciado con 279 activos (MODO ESTÁTICO).
12:52:24 | INFO | Sistema Operativo - Monitoreando lista estatica
12:52:49 | WARNING | ¡ALERTA! Conexión caída o congelada. Reiniciando sistema YA...
12:52:49 | INFO | MarketManager iniciado con 279 activos (MODO ESTÁTICO).
12:52:54 | INFO | Sistema Operativo - Monitoreando lista estatica
12:53:22 | WARNING | ¡ALERTA! Conexión caída o congelada. Reiniciando sistema YA...
12:53:22 | INFO | MarketManager iniciado con 279 activos (MODO ESTÁTICO).
12:53:26 | INFO | Sistema Operativo - Monitoreando lista estatica
12:53:53 | WARNING | ¡ALERTA! Conexión caída o congelada. Reiniciando sistema YA...
12:53:55 | INFO | MarketManager iniciado con 279 activos (MODO ESTÁTICO).
12:53:59 | INFO | Sistema Operativo - Monitoreando lista estatica
12:54:27 | WARNING | ¡ALERTA! Conexión caída o congelada. Reiniciando sistema YA...
12:54:29 | INFO | MarketManager iniciado con 279 activos (MODO ESTÁTICO).
12:54:33 | INFO | Sistema Operativo - Monitoreando lista estatica
12:55:00 | WARNING | ¡ALERTA! Conexión caída o congelada. Reiniciando sistema YA...
12:55:02 | INFO | MarketManager iniciado con 279 activos (MODO ESTÁTICO).
12:55:06 | INFO | Sistema Operativo - Monitoreando lista estatica
12:55:33 | WARNING | ¡ALERTA! Conexión caída o congelada. Reiniciando sistema YA...
12:55:34 | INFO | MarketManager iniciado con 279 activos (MODO ESTÁTICO).
12:55:37 | INFO | Sistema Operativo - Monitoreando lista estatica
12:56:05 | WARNING | ¡ALERTA! Conexión caída o congelada. Reiniciando sistema YA...
12:56:07 | INFO | MarketManager iniciado con 279 activos (MODO ESTÁTICO).
12:56:12 | INFO | Sistema Operativo - Monitoreando lista estatica
12:56:37 | WARNING | ¡ALERTA! Conexión caída o congelada. Reiniciando sistema YA...
12:56:39 | INFO | MarketManager iniciado con 279 activos (MODO ESTÁTICO).
12:56:44 | INFO | Sistema Operativo - Monitoreando lista estatica
12:57:09 | WARNING | ¡ALERTA! Conexión caída o congelada. Reiniciando sistema YA...
12:57:10 | INFO | MarketManager iniciado con 279 activos (MODO ESTÁTICO).
12:57:14 | INFO | Sistema Operativo - Monitoreando lista estatica
12:57:42 | WARNING | ¡ALERTA! Conexión caída o congelada. Reiniciando sistema YA...
12:57:43 | INFO | MarketManager iniciado con 279 activos (MODO ESTÁTICO).
12:57:48 | INFO | Sistema Operativo - Monitoreando lista estatica
12:58:15 | WARNING | ¡ALERTA! Conexión caída o congelada. Reiniciando sistema YA...
12:58:17 | INFO | MarketManager iniciado con 279 activos (MODO ESTÁTICO).
12:58:21 | INFO | Sistema Operativo - Monitoreando lista estatica
12:58:49 | WARNING | ¡ALERTA! Conexión caída o congelada. Reiniciando sistema YA...
12:58:51 | INFO | MarketManager iniciado con 279 activos (MODO ESTÁTICO).
12:58:56 | INFO | Sistema Operativo - Monitoreando lista estatica
12:59:21 | WARNING | ¡ALERTA! Conexión caída o congelada. Reiniciando sistema YA...
12:59:23 | INFO | MarketManager iniciado con 279 activos (MODO ESTÁTICO).
12:59:28 | INFO | Sistema Operativo - Monitoreando lista estatica
12:59:53 | WARNING | ¡ALERTA! Conexión caída o congelada. Reiniciando sistema YA...
12:59:55 | INFO | MarketManager iniciado con 279 activos (MODO ESTÁTICO).
13:00:00 | INFO | Sistema Operativo - Monitoreando lista estatica
13:00:25 | WARNING | ¡ALERTA! Conexión caída o congelada. Reiniciando sistema YA...
13:00:27 | INFO | MarketManager iniciado con 279 activos (MODO ESTÁTICO).
13:00:32 | INFO | Sistema Operativo - Monitoreando lista estatica
13:00:57 | WARNING | ¡ALERTA! Conexión caída o congelada. Reiniciando sistema YA...
13:00:59 | INFO | MarketManager iniciado con 279 activos (MODO ESTÁTICO).
13:01:03 | INFO | Sistema Operativo - Monitoreando lista estatica
13:01:31 | WARNING | ¡ALERTA! Conexión caída o congelada. Reiniciando sistema YA...
13:01:32 | INFO | MarketManager iniciado con 279 activos (MODO ESTÁTICO).
13:01:35 | INFO | Sistema Operativo - Monitoreando lista estatica
13:02:03 | WARNING | ¡ALERTA! Conexión caída o congelada. Reiniciando sistema YA...
13:02:04 | INFO | MarketManager iniciado con 279 activos (MODO ESTÁTICO).
13:02:08 | INFO | Sistema Operativo - Monitoreando lista estatica
13:02:34 | WARNING | ¡ALERTA! Conexión caída o congelada. Reiniciando sistema YA...
13:02:36 | INFO | MarketManager iniciado con 279 activos (MODO ESTÁTICO).
13:02:40 | INFO | Sistema Operativo - Monitoreando lista estatica
13:03:06 | WARNING | ¡ALERTA! Conexión caída o congelada. Reiniciando sistema YA...
13:03:07 | INFO | MarketManager iniciado con 279 activos (MODO ESTÁTICO).
13:03:12 | INFO | Sistema Operativo - Monitoreando lista estatica
13:03:38 | WARNING | ¡ALERTA! Conexión caída o congelada. Reiniciando sistema YA...
13:03:40 | INFO | MarketManager iniciado con 279 activos (MODO ESTÁTICO).
13:03:43 | INFO | Sistema Operativo - Monitoreando lista estatica
13:04:11 | WARNING | ¡ALERTA! Conexión caída o congelada. Reiniciando sistema YA...
13:04:13 | INFO | MarketManager iniciado con 279 activos (MODO ESTÁTICO).
13:04:20 | INFO | Sistema Operativo - Monitoreando lista estatica
13:04:43 | WARNING | ¡ALERTA! Conexión caída o congelada. Reiniciando sistema YA...
13:04:45 | INFO | MarketManager iniciado con 279 activos (MODO ESTÁTICO).
13:04:48 | INFO | Sistema Operativo - Monitoreando lista estatica
13:05:16 | WARNING | ¡ALERTA! Conexión caída o congelada. Reiniciando sistema YA...
13:05:18 | INFO | MarketManager iniciado con 279 activos (MODO ESTÁTICO).
13:05:23 | INFO | Sistema Operativo - Monitoreando lista estatica
13:05:48 | WARNING | ¡ALERTA! Conexión caída o congelada. Reiniciando sistema YA...
13:05:50 | INFO | MarketManager iniciado con 279 activos (MODO ESTÁTICO).
13:05:54 | INFO | Sistema Operativo - Monitoreando lista estatica
13:06:22 | WARNING | ¡ALERTA! Conexión caída o congelada. Reiniciando sistema YA...
13:06:22 | INFO | MarketManager iniciado con 279 activos (MODO ESTÁTICO).
13:06:27 | INFO | Sistema Operativo - Monitoreando lista estatica
13:06:52 | WARNING | ¡ALERTA! Conexión caída o congelada. Reiniciando sistema YA...
13:06:53 | INFO | MarketManager iniciado con 279 activos (MODO ESTÁTICO).
13:06:58 | INFO | Sistema Operativo - Monitoreando lista estatica
13:07:25 | WARNING | ¡ALERTA! Conexión caída o congelada. Reiniciando sistema YA...
13:07:27 | INFO | MarketManager iniciado con 279 activos (MODO ESTÁTICO).
13:07:32 | INFO | Sistema Operativo - Monitoreando lista estatica
13:08:00 | WARNING | ¡ALERTA! Conexión caída o congelada. Reiniciando sistema YA...
13:08:01 | INFO | MarketManager iniciado con 279 activos (MODO ESTÁTICO).
13:08:06 | INFO | Sistema Operativo - Monitoreando lista estatica
13:08:31 | WARNING | ¡ALERTA! Conexión caída o congelada. Reiniciando sistema YA...
13:08:33 | INFO | MarketManager iniciado con 279 activos (MODO ESTÁTICO).
13:08:38 | INFO | Sistema Operativo - Monitoreando lista estatica
13:09:04 | WARNING | ¡ALERTA! Conexión caída o congelada. Reiniciando sistema YA...
13:09:05 | INFO | MarketManager iniciado con 279 activos (MODO ESTÁTICO).
13:09:14 | INFO | Sistema Operativo - Monitoreando lista estatica
13:09:37 | WARNING | ¡ALERTA! Conexión caída o congelada. Reiniciando sistema YA...
13:09:39 | INFO | MarketManager iniciado con 279 activos (MODO ESTÁTICO).
13:09:43 | INFO | Sistema Operativo - Monitoreando lista estatica
13:10:11 | WARNING | ¡ALERTA! Conexión caída o congelada. Reiniciando sistema YA...
13:10:13 | INFO | MarketManager iniciado con 279 activos (MODO ESTÁTICO).
13:10:17 | INFO | Sistema Operativo - Monitoreando lista estatica
13:10:45 | WARNING | ¡ALERTA! Conexión caída o congelada. Reiniciando sistema YA...
13:10:46 | INFO | MarketManager iniciado con 279 activos (MODO ESTÁTICO).
13:10:51 | INFO | Sistema Operativo - Monitoreando lista estatica
13:11:18 | WARNING | ¡ALERTA! Conexión caída o congelada. Reiniciando sistema YA...
13:11:19 | INFO | MarketManager iniciado con 279 activos (MODO ESTÁTICO).
13:11:24 | INFO | Sistema Operativo - Monitoreando lista estatica
13:11:51 | WARNING | ¡ALERTA! Conexión caída o congelada. Reiniciando sistema YA...
13:11:53 | INFO | MarketManager iniciado con 279 activos (MODO ESTÁTICO).
13:11:58 | INFO | Sistema Operativo - Monitoreando lista estatica
13:12:25 | WARNING | ¡ALERTA! Conexión caída o congelada. Reiniciando sistema YA...
13:12:27 | INFO | MarketManager iniciado con 279 activos (MODO ESTÁTICO).
13:12:32 | INFO | Sistema Operativo - Monitoreando lista estatica
13:12:59 | WARNING | ¡ALERTA! Conexión caída o congelada. Reiniciando sistema YA...
13:13:01 | INFO | MarketManager iniciado con 279 activos (MODO ESTÁTICO).
13:13:04 | INFO | Sistema Operativo - Monitoreando lista estatica
13:13:32 | WARNING | ¡ALERTA! Conexión caída o congelada. Reiniciando sistema YA...
13:13:34 | INFO | MarketManager iniciado con 279 activos (MODO ESTÁTICO).
13:13:39 | INFO | Sistema Operativo - Monitoreando lista estatica
13:14:04 | WARNING | ¡ALERTA! Conexión caída o congelada. Reiniciando sistema YA...
13:14:06 | INFO | MarketManager iniciado con 279 activos (MODO ESTÁTICO).
13:14:09 | INFO | Sistema Operativo - Monitoreando lista estatica
13:14:37 | WARNING | ¡ALERTA! Conexión caída o congelada. Reiniciando sistema YA...
13:14:38 | INFO | MarketManager iniciado con 279 activos (MODO ESTÁTICO).
13:14:42 | INFO | Sistema Operativo - Monitoreando lista estatica
13:15:10 | WARNING | ¡ALERTA! Conexión caída o congelada. Reiniciando sistema YA...
13:15:12 | INFO | MarketManager iniciado con 279 activos (MODO ESTÁTICO).
13:15:17 | INFO | Sistema Operativo - Monitoreando lista estatica
13:15:44 | WARNING | ¡ALERTA! Conexión caída o congelada. Reiniciando sistema YA...
13:15:46 | INFO | MarketManager iniciado con 279 activos (MODO ESTÁTICO).
13:15:51 | INFO | Sistema Operativo - Monitoreando lista estatica
13:16:16 | WARNING | ¡ALERTA! Conexión caída o congelada. Reiniciando sistema YA...
13:16:18 | INFO | MarketManager iniciado con 279 activos (MODO ESTÁTICO).
13:16:22 | INFO | Sistema Operativo - Monitoreando lista estatica
13:16:49 | WARNING | ¡ALERTA! Conexión caída o congelada. Reiniciando sistema YA...
13:16:51 | INFO | MarketManager iniciado con 279 activos (MODO ESTÁTICO).
13:16:55 | INFO | Sistema Operativo - Monitoreando lista estatica
13:17:22 | WARNING | ¡ALERTA! Conexión caída o congelada. Reiniciando sistema YA...
13:17:24 | INFO | MarketManager iniciado con 279 activos (MODO ESTÁTICO).
13:17:29 | INFO | Sistema Operativo - Monitoreando lista estatica
13:17:56 | WARNING | ¡ALERTA! Conexión caída o congelada. Reiniciando sistema YA...
13:17:58 | INFO | MarketManager iniciado con 279 activos (MODO ESTÁTICO).
13:18:02 | INFO | Sistema Operativo - Monitoreando lista estatica
13:18:12 | INFO | Detencion manual detectada. Cerrando procesos...
13:18:12 | INFO | WebSocket desconectado. Bot fuera de linea.
13:18:31 | INFO | MarketManager iniciado con 279 activos (MODO ESTÁTICO).
13:18:35 | INFO | Sistema Operativo - Monitoreando lista estatica
13:19:01 | INFO | Detencion manual detectada. Cerrando procesos...
13:19:01 | INFO | WebSocket desconectado. Bot fuera de linea.
13:19:07 | INFO | MarketManager iniciado con 279 activos (MODO ESTÁTICO).
13:19:12 | INFO | Sistema Operativo - Monitoreando lista estatica
16:27:06 | INFO | Detencion manual detectada. Cerrando procesos...
16:27:06 | INFO | WebSocket desconectado. Bot fuera de linea.
16:29:00 | INFO | MarketManager iniciado con 279 activos (MODO ESTÁTICO).
16:29:04 | INFO | Sistema Operativo - Monitoreando lista estatica
17:02:05 | WARNING | ¡ALERTA! Conexión caída o congelada. Reiniciando sistema YA...
17:02:07 | INFO | MarketManager iniciado con 279 activos (MODO ESTÁTICO).
17:02:12 | INFO | Sistema Operativo - Monitoreando lista estatica
17:03:47 | WARNING | ¡ALERTA! Conexión caída o congelada. Reiniciando sistema YA...
17:03:48 | INFO | MarketManager iniciado con 279 activos (MODO ESTÁTICO).
17:03:52 | INFO | Sistema Operativo - Monitoreando lista estatica
17:04:44 | WARNING | ¡ALERTA! Conexión caída o congelada. Reiniciando sistema YA...
17:04:46 | INFO | MarketManager iniciado con 279 activos (MODO ESTÁTICO).
17:04:50 | INFO | Sistema Operativo - Monitoreando lista estatica
17:05:22 | WARNING | ¡ALERTA! Conexión caída o congelada. Reiniciando sistema YA...
17:05:23 | INFO | MarketManager iniciado con 279 activos (MODO ESTÁTICO).
17:05:27 | INFO | Sistema Operativo - Monitoreando lista estatica
17:05:59 | WARNING | ¡ALERTA! Conexión caída o congelada. Reiniciando sistema YA...
17:06:01 | INFO | MarketManager iniciado con 279 activos (MODO ESTÁTICO).
17:06:05 | INFO | Sistema Operativo - Monitoreando lista estatica
17:06:37 | WARNING | ¡ALERTA! Conexión caída o congelada. Reiniciando sistema YA...
17:06:38 | INFO | MarketManager iniciado con 279 activos (MODO ESTÁTICO).
17:06:41 | INFO | Sistema Operativo - Monitoreando lista estatica
17:07:13 | WARNING | ¡ALERTA! Conexión caída o congelada. Reiniciando sistema YA...
17:07:15 | INFO | MarketManager iniciado con 279 activos (MODO ESTÁTICO).
17:07:19 | INFO | Sistema Operativo - Monitoreando lista estatica
17:07:51 | WARNING | ¡ALERTA! Conexión caída o congelada. Reiniciando sistema YA...
17:07:52 | INFO | MarketManager iniciado con 279 activos (MODO ESTÁTICO).
17:07:56 | INFO | Sistema Operativo - Monitoreando lista estatica
17:08:29 | WARNING | ¡ALERTA! Conexión caída o congelada. Reiniciando sistema YA...
17:08:30 | INFO | MarketManager iniciado con 279 activos (MODO ESTÁTICO).
17:08:34 | INFO | Sistema Operativo - Monitoreando lista estatica
17:09:08 | WARNING | ¡ALERTA! Conexión caída o congelada. Reiniciando sistema YA...
17:09:10 | INFO | MarketManager iniciado con 279 activos (MODO ESTÁTICO).
17:09:12 | INFO | Sistema Operativo - Monitoreando lista estatica
17:09:44 | WARNING | ¡ALERTA! Conexión caída o congelada. Reiniciando sistema YA...
17:09:46 | INFO | MarketManager iniciado con 279 activos (MODO ESTÁTICO).
17:09:50 | INFO | Sistema Operativo - Monitoreando lista estatica
17:10:50 | WARNING | ¡ALERTA! Conexión caída o congelada. Reiniciando sistema YA...
17:10:51 | INFO | MarketManager iniciado con 279 activos (MODO ESTÁTICO).
17:10:55 | INFO | Sistema Operativo - Monitoreando lista estatica
17:11:52 | WARNING | ¡ALERTA! Conexión caída o congelada. Reiniciando sistema YA...
17:11:53 | INFO | MarketManager iniciado con 279 activos (MODO ESTÁTICO).
17:11:57 | INFO | Sistema Operativo - Monitoreando lista estatica
17:12:29 | WARNING | ¡ALERTA! Conexión caída o congelada. Reiniciando sistema YA...
17:12:30 | INFO | MarketManager iniciado con 279 activos (MODO ESTÁTICO).
17:12:34 | INFO | Sistema Operativo - Monitoreando lista estatica
17:13:06 | WARNING | ¡ALERTA! Conexión caída o congelada. Reiniciando sistema YA...
17:13:08 | INFO | MarketManager iniciado con 279 activos (MODO ESTÁTICO).
17:13:11 | INFO | Sistema Operativo - Monitoreando lista estatica
17:13:43 | WARNING | ¡ALERTA! Conexión caída o congelada. Reiniciando sistema YA...
17:13:45 | INFO | MarketManager iniciado con 279 activos (MODO ESTÁTICO).
17:13:48 | INFO | Sistema Operativo - Monitoreando lista estatica
17:14:20 | WARNING | ¡ALERTA! Conexión caída o congelada. Reiniciando sistema YA...
17:14:21 | INFO | MarketManager iniciado con 279 activos (MODO ESTÁTICO).
17:14:25 | INFO | Sistema Operativo - Monitoreando lista estatica
17:14:28 | INFO | Detencion manual detectada. Cerrando procesos...
17:14:28 | INFO | WebSocket desconectado. Bot fuera de linea.
10:27:04 | INFO | MarketManager iniciado con 279 activos (MODO ESTÁTICO).
10:27:08 | INFO | Sistema Operativo - Monitoreando lista estatica
11:57:21 | WARNING | ¡ALERTA! Conexión caída o congelada. Reiniciando sistema YA...
11:57:23 | INFO | MarketManager iniciado con 279 activos (MODO ESTÁTICO).
11:57:28 | INFO | Sistema Operativo - Monitoreando lista estatica
13:35:12 | WARNING | Falla API Google (Intento 1/3). Reintento en 3s...
14:11:56 | INFO | Detencion manual detectada. Cerrando procesos...
14:11:56 | INFO | WebSocket desconectado. Bot fuera de linea.
14:12:38 | INFO | MarketManager iniciado con 280 activos (MODO ESTÁTICO).
14:12:41 | INFO | Sistema Operativo - Monitoreando lista estatica
15:20:14 | INFO | Detencion manual detectada. Cerrando procesos...
15:20:14 | INFO | WebSocket desconectado. Bot fuera de linea.
15:20:16 | INFO | Detencion manual detectada. Cerrando procesos...
15:20:19 | INFO | MarketManager iniciado con 280 activos (MODO ESTÁTICO).
15:20:24 | INFO | Sistema Operativo - Monitoreando lista estatica
15:20:49 | WARNING | ¡ALERTA! Conexión caída o congelada. Reiniciando sistema YA...
15:20:51 | INFO | MarketManager iniciado con 280 activos (MODO ESTÁTICO).
15:20:55 | INFO | Sistema Operativo - Monitoreando lista estatica
15:21:56 | WARNING | ¡ALERTA! Conexión caída o congelada. Reiniciando sistema YA...
15:21:58 | INFO | MarketManager iniciado con 280 activos (MODO ESTÁTICO).
15:22:04 | INFO | Sistema Operativo - Monitoreando lista estatica
15:22:30 | WARNING | ¡ALERTA! Conexión caída o congelada. Reiniciando sistema YA...
15:22:31 | INFO | MarketManager iniciado con 280 activos (MODO ESTÁTICO).
15:22:36 | INFO | Sistema Operativo - Monitoreando lista estatica
15:23:02 | WARNING | ¡ALERTA! Conexión caída o congelada. Reiniciando sistema YA...
15:23:03 | INFO | MarketManager iniciado con 280 activos (MODO ESTÁTICO).
15:23:08 | INFO | Sistema Operativo - Monitoreando lista estatica
15:23:31 | INFO | Detencion manual detectada. Cerrando procesos...
15:23:31 | INFO | WebSocket desconectado. Bot fuera de linea.
15:23:32 | INFO | MarketManager iniciado con 281 activos (MODO ESTÁTICO).
15:23:36 | INFO | Sistema Operativo - Monitoreando lista estatica
17:02:27 | WARNING | ¡ALERTA! Conexión caída o congelada. Reiniciando sistema YA...
17:02:29 | INFO | MarketManager iniciado con 281 activos (MODO ESTÁTICO).
17:02:34 | INFO | Sistema Operativo - Monitoreando lista estatica
17:03:57 | WARNING | ¡ALERTA! Conexión caída o congelada. Reiniciando sistema YA...
17:03:58 | INFO | MarketManager iniciado con 281 activos (MODO ESTÁTICO).
17:04:01 | INFO | Sistema Operativo - Monitoreando lista estatica
17:05:04 | WARNING | ¡ALERTA! Conexión caída o congelada. Reiniciando sistema YA...
17:05:06 | INFO | MarketManager iniciado con 281 activos (MODO ESTÁTICO).
17:05:10 | INFO | Sistema Operativo - Monitoreando lista estatica
17:05:59 | WARNING | ¡ALERTA! Conexión caída o congelada. Reiniciando sistema YA...
17:06:01 | INFO | MarketManager iniciado con 281 activos (MODO ESTÁTICO).
17:06:05 | INFO | Sistema Operativo - Monitoreando lista estatica
17:06:37 | WARNING | ¡ALERTA! Conexión caída o congelada. Reiniciando sistema YA...
17:06:39 | INFO | MarketManager iniciado con 281 activos (MODO ESTÁTICO).
17:06:44 | INFO | Sistema Operativo - Monitoreando lista estatica
17:07:23 | WARNING | ¡ALERTA! Conexión caída o congelada. Reiniciando sistema YA...
17:07:25 | INFO | MarketManager iniciado con 281 activos (MODO ESTÁTICO).
17:07:29 | INFO | Sistema Operativo - Monitoreando lista estatica
17:08:09 | WARNING | ¡ALERTA! Conexión caída o congelada. Reiniciando sistema YA...
17:08:10 | INFO | MarketManager iniciado con 281 activos (MODO ESTÁTICO).
17:08:15 | INFO | Sistema Operativo - Monitoreando lista estatica
17:09:32 | WARNING | ¡ALERTA! Conexión caída o congelada. Reiniciando sistema YA...
17:09:34 | INFO | MarketManager iniciado con 281 activos (MODO ESTÁTICO).
17:09:39 | INFO | Sistema Operativo - Monitoreando lista estatica
17:10:09 | WARNING | ¡ALERTA! Conexión caída o congelada. Reiniciando sistema YA...
17:10:11 | INFO | MarketManager iniciado con 281 activos (MODO ESTÁTICO).
17:10:15 | INFO | Sistema Operativo - Monitoreando lista estatica
17:11:00 | WARNING | ¡ALERTA! Conexión caída o congelada. Reiniciando sistema YA...
17:11:02 | INFO | MarketManager iniciado con 281 activos (MODO ESTÁTICO).
17:11:06 | INFO | Sistema Operativo - Monitoreando lista estatica
17:11:37 | WARNING | ¡ALERTA! Conexión caída o congelada. Reiniciando sistema YA...
17:11:38 | INFO | MarketManager iniciado con 281 activos (MODO ESTÁTICO).
17:11:43 | INFO | Sistema Operativo - Monitoreando lista estatica
17:12:14 | WARNING | ¡ALERTA! Conexión caída o congelada. Reiniciando sistema YA...
17:12:14 | INFO | MarketManager iniciado con 281 activos (MODO ESTÁTICO).
17:12:19 | INFO | Sistema Operativo - Monitoreando lista estatica
17:12:50 | WARNING | ¡ALERTA! Conexión caída o congelada. Reiniciando sistema YA...
17:12:50 | INFO | MarketManager iniciado con 281 activos (MODO ESTÁTICO).
17:12:55 | INFO | Sistema Operativo - Monitoreando lista estatica
17:13:27 | WARNING | ¡ALERTA! Conexión caída o congelada. Reiniciando sistema YA...
17:13:29 | INFO | MarketManager iniciado con 281 activos (MODO ESTÁTICO).
17:13:34 | INFO | Sistema Operativo - Monitoreando lista estatica
17:14:09 | WARNING | ¡ALERTA! Conexión caída o congelada. Reiniciando sistema YA...
17:14:10 | INFO | MarketManager iniciado con 281 activos (MODO ESTÁTICO).
17:14:15 | INFO | Sistema Operativo - Monitoreando lista estatica
17:15:13 | WARNING | ¡ALERTA! Conexión caída o congelada. Reiniciando sistema YA...
17:15:15 | INFO | MarketManager iniciado con 281 activos (MODO ESTÁTICO).
17:15:19 | INFO | Sistema Operativo - Monitoreando lista estatica
17:15:51 | WARNING | ¡ALERTA! Conexión caída o congelada. Reiniciando sistema YA...
17:15:52 | INFO | MarketManager iniciado con 281 activos (MODO ESTÁTICO).
17:15:57 | INFO | Sistema Operativo - Monitoreando lista estatica
17:16:29 | WARNING | ¡ALERTA! Conexión caída o congelada. Reiniciando sistema YA...
17:16:31 | INFO | MarketManager iniciado con 281 activos (MODO ESTÁTICO).
17:16:36 | INFO | Sistema Operativo - Monitoreando lista estatica
17:17:08 | WARNING | ¡ALERTA! Conexión caída o congelada. Reiniciando sistema YA...
17:17:09 | INFO | MarketManager iniciado con 281 activos (MODO ESTÁTICO).
17:17:14 | INFO | Sistema Operativo - Monitoreando lista estatica
17:17:46 | WARNING | ¡ALERTA! Conexión caída o congelada. Reiniciando sistema YA...
17:17:47 | INFO | MarketManager iniciado con 281 activos (MODO ESTÁTICO).
17:17:51 | INFO | Sistema Operativo - Monitoreando lista estatica
17:18:24 | WARNING | ¡ALERTA! Conexión caída o congelada. Reiniciando sistema YA...
17:18:24 | INFO | MarketManager iniciado con 281 activos (MODO ESTÁTICO).
17:18:29 | INFO | Sistema Operativo - Monitoreando lista estatica
17:19:01 | WARNING | ¡ALERTA! Conexión caída o congelada. Reiniciando sistema YA...
17:19:03 | INFO | MarketManager iniciado con 281 activos (MODO ESTÁTICO).
17:19:06 | INFO | Sistema Operativo - Monitoreando lista estatica
17:19:38 | WARNING | ¡ALERTA! Conexión caída o congelada. Reiniciando sistema YA...
17:19:40 | INFO | MarketManager iniciado con 281 activos (MODO ESTÁTICO).
17:19:45 | INFO | Sistema Operativo - Monitoreando lista estatica
17:20:17 | WARNING | ¡ALERTA! Conexión caída o congelada. Reiniciando sistema YA...
17:20:19 | INFO | MarketManager iniciado con 281 activos (MODO ESTÁTICO).
17:20:23 | INFO | Sistema Operativo - Monitoreando lista estatica
17:20:55 | WARNING | ¡ALERTA! Conexión caída o congelada. Reiniciando sistema YA...
17:20:57 | INFO | MarketManager iniciado con 281 activos (MODO ESTÁTICO).
17:21:01 | INFO | Sistema Operativo - Monitoreando lista estatica
17:21:33 | WARNING | ¡ALERTA! Conexión caída o congelada. Reiniciando sistema YA...
17:21:35 | INFO | MarketManager iniciado con 281 activos (MODO ESTÁTICO).
17:21:39 | INFO | Sistema Operativo - Monitoreando lista estatica
17:22:11 | WARNING | ¡ALERTA! Conexión caída o congelada. Reiniciando sistema YA...
17:22:12 | INFO | MarketManager iniciado con 281 activos (MODO ESTÁTICO).
17:22:16 | INFO | Sistema Operativo - Monitoreando lista estatica
17:22:48 | WARNING | ¡ALERTA! Conexión caída o congelada. Reiniciando sistema YA...
17:22:49 | INFO | MarketManager iniciado con 281 activos (MODO ESTÁTICO).
17:22:53 | INFO | Sistema Operativo - Monitoreando lista estatica
17:23:24 | WARNING | ¡ALERTA! Conexión caída o congelada. Reiniciando sistema YA...
17:23:25 | INFO | MarketManager iniciado con 281 activos (MODO ESTÁTICO).
17:23:29 | INFO | Sistema Operativo - Monitoreando lista estatica
17:24:02 | WARNING | ¡ALERTA! Conexión caída o congelada. Reiniciando sistema YA...
17:24:04 | INFO | MarketManager iniciado con 281 activos (MODO ESTÁTICO).
17:24:09 | INFO | Sistema Operativo - Monitoreando lista estatica
17:24:42 | WARNING | ¡ALERTA! Conexión caída o congelada. Reiniciando sistema YA...
17:24:43 | INFO | MarketManager iniciado con 281 activos (MODO ESTÁTICO).
17:24:48 | INFO | Sistema Operativo - Monitoreando lista estatica
17:25:20 | WARNING | ¡ALERTA! Conexión caída o congelada. Reiniciando sistema YA...
17:25:22 | INFO | MarketManager iniciado con 281 activos (MODO ESTÁTICO).
17:25:27 | INFO | Sistema Operativo - Monitoreando lista estatica
17:26:00 | WARNING | ¡ALERTA! Conexión caída o congelada. Reiniciando sistema YA...
17:26:01 | INFO | MarketManager iniciado con 281 activos (MODO ESTÁTICO).
17:26:06 | INFO | Sistema Operativo - Monitoreando lista estatica
17:26:36 | WARNING | ¡ALERTA! Conexión caída o congelada. Reiniciando sistema YA...
17:26:38 | INFO | MarketManager iniciado con 281 activos (MODO ESTÁTICO).
17:26:41 | INFO | Sistema Operativo - Monitoreando lista estatica
17:27:13 | WARNING | ¡ALERTA! Conexión caída o congelada. Reiniciando sistema YA...
17:27:15 | INFO | MarketManager iniciado con 281 activos (MODO ESTÁTICO).
17:27:19 | INFO | Sistema Operativo - Monitoreando lista estatica
17:27:51 | WARNING | ¡ALERTA! Conexión caída o congelada. Reiniciando sistema YA...
17:27:53 | INFO | MarketManager iniciado con 281 activos (MODO ESTÁTICO).
17:27:57 | INFO | Sistema Operativo - Monitoreando lista estatica
17:28:29 | WARNING | ¡ALERTA! Conexión caída o congelada. Reiniciando sistema YA...
17:28:31 | INFO | MarketManager iniciado con 281 activos (MODO ESTÁTICO).
17:28:36 | INFO | Sistema Operativo - Monitoreando lista estatica
17:29:06 | WARNING | ¡ALERTA! Conexión caída o congelada. Reiniciando sistema YA...
17:29:07 | INFO | MarketManager iniciado con 281 activos (MODO ESTÁTICO).
17:29:10 | INFO | Sistema Operativo - Monitoreando lista estatica
17:29:42 | WARNING | ¡ALERTA! Conexión caída o congelada. Reiniciando sistema YA...
17:29:44 | INFO | MarketManager iniciado con 281 activos (MODO ESTÁTICO).
17:29:49 | INFO | Sistema Operativo - Monitoreando lista estatica
17:30:21 | WARNING | ¡ALERTA! Conexión caída o congelada. Reiniciando sistema YA...
17:30:23 | INFO | MarketManager iniciado con 281 activos (MODO ESTÁTICO).
17:30:28 | INFO | Sistema Operativo - Monitoreando lista estatica
17:31:00 | WARNING | ¡ALERTA! Conexión caída o congelada. Reiniciando sistema YA...
17:31:01 | INFO | MarketManager iniciado con 281 activos (MODO ESTÁTICO).
17:31:06 | INFO | Sistema Operativo - Monitoreando lista estatica
17:31:39 | WARNING | ¡ALERTA! Conexión caída o congelada. Reiniciando sistema YA...
17:31:40 | INFO | MarketManager iniciado con 281 activos (MODO ESTÁTICO).
17:31:45 | INFO | Sistema Operativo - Monitoreando lista estatica
17:32:17 | WARNING | ¡ALERTA! Conexión caída o congelada. Reiniciando sistema YA...
17:32:19 | INFO | MarketManager iniciado con 281 activos (MODO ESTÁTICO).
17:32:22 | INFO | Sistema Operativo - Monitoreando lista estatica
17:32:54 | WARNING | ¡ALERTA! Conexión caída o congelada. Reiniciando sistema YA...
17:32:56 | INFO | MarketManager iniciado con 281 activos (MODO ESTÁTICO).
17:33:01 | INFO | Sistema Operativo - Monitoreando lista estatica
17:33:33 | WARNING | ¡ALERTA! Conexión caída o congelada. Reiniciando sistema YA...
17:33:35 | INFO | MarketManager iniciado con 281 activos (MODO ESTÁTICO).
17:33:39 | INFO | Sistema Operativo - Monitoreando lista estatica
17:34:12 | WARNING | ¡ALERTA! Conexión caída o congelada. Reiniciando sistema YA...
17:34:13 | INFO | MarketManager iniciado con 281 activos (MODO ESTÁTICO).
17:34:18 | INFO | Sistema Operativo - Monitoreando lista estatica
17:34:50 | WARNING | ¡ALERTA! Conexión caída o congelada. Reiniciando sistema YA...
17:34:52 | INFO | MarketManager iniciado con 281 activos (MODO ESTÁTICO).
17:34:55 | INFO | Sistema Operativo - Monitoreando lista estatica
17:35:25 | WARNING | ¡ALERTA! Conexión caída o congelada. Reiniciando sistema YA...
17:35:27 | INFO | MarketManager iniciado con 281 activos (MODO ESTÁTICO).
17:35:32 | INFO | Sistema Operativo - Monitoreando lista estatica
17:36:04 | WARNING | ¡ALERTA! Conexión caída o congelada. Reiniciando sistema YA...
17:36:06 | INFO | MarketManager iniciado con 281 activos (MODO ESTÁTICO).
17:36:10 | INFO | Sistema Operativo - Monitoreando lista estatica
17:36:40 | WARNING | ¡ALERTA! Conexión caída o congelada. Reiniciando sistema YA...
17:36:42 | INFO | MarketManager iniciado con 281 activos (MODO ESTÁTICO).
17:36:46 | INFO | Sistema Operativo - Monitoreando lista estatica
17:37:16 | WARNING | ¡ALERTA! Conexión caída o congelada. Reiniciando sistema YA...
17:37:17 | INFO | MarketManager iniciado con 281 activos (MODO ESTÁTICO).
17:37:21 | INFO | Sistema Operativo - Monitoreando lista estatica
17:37:52 | WARNING | ¡ALERTA! Conexión caída o congelada. Reiniciando sistema YA...
17:37:54 | INFO | MarketManager iniciado con 281 activos (MODO ESTÁTICO).
17:37:58 | INFO | Sistema Operativo - Monitoreando lista estatica
17:38:30 | WARNING | ¡ALERTA! Conexión caída o congelada. Reiniciando sistema YA...
17:38:32 | INFO | MarketManager iniciado con 281 activos (MODO ESTÁTICO).
17:38:37 | INFO | Sistema Operativo - Monitoreando lista estatica
17:39:09 | WARNING | ¡ALERTA! Conexión caída o congelada. Reiniciando sistema YA...
17:39:11 | INFO | MarketManager iniciado con 281 activos (MODO ESTÁTICO).
17:39:16 | INFO | Sistema Operativo - Monitoreando lista estatica
17:39:48 | WARNING | ¡ALERTA! Conexión caída o congelada. Reiniciando sistema YA...
17:39:53 | INFO | MarketManager iniciado con 281 activos (MODO ESTÁTICO).
17:39:58 | INFO | Sistema Operativo - Monitoreando lista estatica
17:40:31 | WARNING | ¡ALERTA! Conexión caída o congelada. Reiniciando sistema YA...
17:40:34 | INFO | MarketManager iniciado con 281 activos (MODO ESTÁTICO).
17:40:39 | INFO | Sistema Operativo - Monitoreando lista estatica
17:41:12 | WARNING | ¡ALERTA! Conexión caída o congelada. Reiniciando sistema YA...
17:41:13 | INFO | MarketManager iniciado con 281 activos (MODO ESTÁTICO).
17:41:18 | INFO | Sistema Operativo - Monitoreando lista estatica
17:41:48 | WARNING | ¡ALERTA! Conexión caída o congelada. Reiniciando sistema YA...
17:41:50 | INFO | MarketManager iniciado con 281 activos (MODO ESTÁTICO).
17:41:54 | INFO | Sistema Operativo - Monitoreando lista estatica
17:42:24 | WARNING | ¡ALERTA! Conexión caída o congelada. Reiniciando sistema YA...
17:42:26 | INFO | MarketManager iniciado con 281 activos (MODO ESTÁTICO).
17:42:30 | INFO | Sistema Operativo - Monitoreando lista estatica
17:43:03 | WARNING | ¡ALERTA! Conexión caída o congelada. Reiniciando sistema YA...
17:43:03 | INFO | MarketManager iniciado con 281 activos (MODO ESTÁTICO).
17:43:08 | INFO | Sistema Operativo - Monitoreando lista estatica
17:43:40 | WARNING | ¡ALERTA! Conexión caída o congelada. Reiniciando sistema YA...
17:43:42 | INFO | MarketManager iniciado con 281 activos (MODO ESTÁTICO).
17:43:46 | INFO | Sistema Operativo - Monitoreando lista estatica
17:44:18 | WARNING | ¡ALERTA! Conexión caída o congelada. Reiniciando sistema YA...
17:44:21 | INFO | MarketManager iniciado con 281 activos (MODO ESTÁTICO).
17:44:25 | INFO | Sistema Operativo - Monitoreando lista estatica
17:44:55 | WARNING | ¡ALERTA! Conexión caída o congelada. Reiniciando sistema YA...
17:44:57 | INFO | MarketManager iniciado con 281 activos (MODO ESTÁTICO).
17:45:01 | INFO | Sistema Operativo - Monitoreando lista estatica
17:45:31 | WARNING | ¡ALERTA! Conexión caída o congelada. Reiniciando sistema YA...
17:45:33 | INFO | MarketManager iniciado con 281 activos (MODO ESTÁTICO).
17:45:38 | INFO | Sistema Operativo - Monitoreando lista estatica
17:46:10 | WARNING | ¡ALERTA! Conexión caída o congelada. Reiniciando sistema YA...
17:46:11 | INFO | MarketManager iniciado con 281 activos (MODO ESTÁTICO).
17:46:16 | INFO | Sistema Operativo - Monitoreando lista estatica
17:46:46 | WARNING | ¡ALERTA! Conexión caída o congelada. Reiniciando sistema YA...
17:46:48 | INFO | MarketManager iniciado con 281 activos (MODO ESTÁTICO).
17:46:52 | INFO | Sistema Operativo - Monitoreando lista estatica
17:47:24 | WARNING | ¡ALERTA! Conexión caída o congelada. Reiniciando sistema YA...
17:47:26 | INFO | MarketManager iniciado con 281 activos (MODO ESTÁTICO).
17:47:31 | INFO | Sistema Operativo - Monitoreando lista estatica
17:48:03 | WARNING | ¡ALERTA! Conexión caída o congelada. Reiniciando sistema YA...
17:48:05 | INFO | MarketManager iniciado con 281 activos (MODO ESTÁTICO).
17:48:10 | INFO | Sistema Operativo - Monitoreando lista estatica
17:48:42 | WARNING | ¡ALERTA! Conexión caída o congelada. Reiniciando sistema YA...
17:48:44 | INFO | MarketManager iniciado con 281 activos (MODO ESTÁTICO).
17:48:49 | INFO | Sistema Operativo - Monitoreando lista estatica
17:49:21 | WARNING | ¡ALERTA! Conexión caída o congelada. Reiniciando sistema YA...
17:49:23 | INFO | MarketManager iniciado con 281 activos (MODO ESTÁTICO).
17:49:26 | INFO | Sistema Operativo - Monitoreando lista estatica
17:49:57 | WARNING | ¡ALERTA! Conexión caída o congelada. Reiniciando sistema YA...
17:49:58 | INFO | MarketManager iniciado con 281 activos (MODO ESTÁTICO).
17:50:03 | INFO | Sistema Operativo - Monitoreando lista estatica
17:50:33 | WARNING | ¡ALERTA! Conexión caída o congelada. Reiniciando sistema YA...
17:50:34 | INFO | MarketManager iniciado con 281 activos (MODO ESTÁTICO).
17:50:39 | INFO | Sistema Operativo - Monitoreando lista estatica
17:51:09 | WARNING | ¡ALERTA! Conexión caída o congelada. Reiniciando sistema YA...
17:51:11 | INFO | MarketManager iniciado con 281 activos (MODO ESTÁTICO).
17:51:16 | INFO | Sistema Operativo - Monitoreando lista estatica
17:51:46 | WARNING | ¡ALERTA! Conexión caída o congelada. Reiniciando sistema YA...
17:51:48 | INFO | MarketManager iniciado con 281 activos (MODO ESTÁTICO).
17:51:52 | INFO | Sistema Operativo - Monitoreando lista estatica
17:52:24 | WARNING | ¡ALERTA! Conexión caída o congelada. Reiniciando sistema YA...
17:52:26 | INFO | MarketManager iniciado con 281 activos (MODO ESTÁTICO).
17:52:30 | INFO | Sistema Operativo - Monitoreando lista estatica
17:53:03 | WARNING | ¡ALERTA! Conexión caída o congelada. Reiniciando sistema YA...
17:53:04 | INFO | MarketManager iniciado con 281 activos (MODO ESTÁTICO).
17:53:07 | INFO | Sistema Operativo - Monitoreando lista estatica
17:53:40 | WARNING | ¡ALERTA! Conexión caída o congelada. Reiniciando sistema YA...
17:53:40 | INFO | MarketManager iniciado con 281 activos (MODO ESTÁTICO).
17:53:44 | INFO | Sistema Operativo - Monitoreando lista estatica
17:54:17 | WARNING | ¡ALERTA! Conexión caída o congelada. Reiniciando sistema YA...
17:54:18 | INFO | MarketManager iniciado con 281 activos (MODO ESTÁTICO).
17:54:23 | INFO | Sistema Operativo - Monitoreando lista estatica
17:54:53 | WARNING | ¡ALERTA! Conexión caída o congelada. Reiniciando sistema YA...
17:54:54 | INFO | MarketManager iniciado con 281 activos (MODO ESTÁTICO).
17:54:58 | INFO | Sistema Operativo - Monitoreando lista estatica
17:55:30 | WARNING | ¡ALERTA! Conexión caída o congelada. Reiniciando sistema YA...
17:55:32 | INFO | MarketManager iniciado con 281 activos (MODO ESTÁTICO).
17:55:36 | INFO | Sistema Operativo - Monitoreando lista estatica
17:56:07 | WARNING | ¡ALERTA! Conexión caída o congelada. Reiniciando sistema YA...
17:56:08 | INFO | MarketManager iniciado con 281 activos (MODO ESTÁTICO).
17:56:13 | INFO | Sistema Operativo - Monitoreando lista estatica
17:56:45 | WARNING | ¡ALERTA! Conexión caída o congelada. Reiniciando sistema YA...
17:56:47 | INFO | MarketManager iniciado con 281 activos (MODO ESTÁTICO).
17:56:52 | INFO | Sistema Operativo - Monitoreando lista estatica
17:57:24 | WARNING | ¡ALERTA! Conexión caída o congelada. Reiniciando sistema YA...
17:57:25 | INFO | MarketManager iniciado con 281 activos (MODO ESTÁTICO).
17:57:29 | INFO | Sistema Operativo - Monitoreando lista estatica
10:36:58 | INFO | MarketManager iniciado con 281 activos (MODO ESTÁTICO).
10:37:01 | INFO | Sistema Operativo - Monitoreando lista estatica
10:37:30 | WARNING | ¡ALERTA! Conexión caída o congelada. Reiniciando sistema YA...
10:37:31 | INFO | MarketManager iniciado con 281 activos (MODO ESTÁTICO).
10:37:35 | INFO | Sistema Operativo - Monitoreando lista estatica
10:38:02 | INFO | Detencion manual detectada. Cerrando procesos...
10:38:02 | INFO | WebSocket desconectado. Bot fuera de linea.
10:38:14 | INFO | MarketManager iniciado con 281 activos (MODO ESTÁTICO).
10:38:18 | INFO | Sistema Operativo - Monitoreando lista estatica
13:42:06 | WARNING | ¡ALERTA! Conexión caída o congelada. Reiniciando sistema YA...
13:42:08 | INFO | MarketManager iniciado con 281 activos (MODO ESTÁTICO).
13:42:13 | INFO | Sistema Operativo - Monitoreando lista estatica
17:03:46 | WARNING | ¡ALERTA! Conexión caída o congelada. Reiniciando sistema YA...
17:03:48 | INFO | MarketManager iniciado con 281 activos (MODO ESTÁTICO).
17:03:53 | INFO | Sistema Operativo - Monitoreando lista estatica
17:04:27 | WARNING | ¡ALERTA! Conexión caída o congelada. Reiniciando sistema YA...
17:04:29 | INFO | MarketManager iniciado con 281 activos (MODO ESTÁTICO).
17:04:36 | INFO | Sistema Operativo - Monitoreando lista estatica
17:05:08 | WARNING | ¡ALERTA! Conexión caída o congelada. Reiniciando sistema YA...
17:05:09 | INFO | MarketManager iniciado con 281 activos (MODO ESTÁTICO).
17:05:15 | INFO | Sistema Operativo - Monitoreando lista estatica
17:05:46 | WARNING | ¡ALERTA! Conexión caída o congelada. Reiniciando sistema YA...
17:05:46 | INFO | MarketManager iniciado con 281 activos (MODO ESTÁTICO).
17:05:50 | INFO | Sistema Operativo - Monitoreando lista estatica
17:06:21 | WARNING | ¡ALERTA! Conexión caída o congelada. Reiniciando sistema YA...
17:06:23 | INFO | MarketManager iniciado con 281 activos (MODO ESTÁTICO).
17:06:27 | INFO | Sistema Operativo - Monitoreando lista estatica
17:06:58 | WARNING | ¡ALERTA! Conexión caída o congelada. Reiniciando sistema YA...
17:06:58 | INFO | MarketManager iniciado con 281 activos (MODO ESTÁTICO).
17:07:02 | INFO | Sistema Operativo - Monitoreando lista estatica
17:07:33 | WARNING | ¡ALERTA! Conexión caída o congelada. Reiniciando sistema YA...
17:07:35 | INFO | MarketManager iniciado con 281 activos (MODO ESTÁTICO).
17:07:39 | INFO | Sistema Operativo - Monitoreando lista estatica
17:08:10 | WARNING | ¡ALERTA! Conexión caída o congelada. Reiniciando sistema YA...
17:08:12 | INFO | MarketManager iniciado con 281 activos (MODO ESTÁTICO).
17:08:16 | INFO | Sistema Operativo - Monitoreando lista estatica
17:09:01 | WARNING | ¡ALERTA! Conexión caída o congelada. Reiniciando sistema YA...
17:09:02 | INFO | MarketManager iniciado con 281 activos (MODO ESTÁTICO).
17:09:05 | INFO | Sistema Operativo - Monitoreando lista estatica
17:09:36 | WARNING | ¡ALERTA! Conexión caída o congelada. Reiniciando sistema YA...
17:09:37 | INFO | MarketManager iniciado con 281 activos (MODO ESTÁTICO).
17:09:41 | INFO | Sistema Operativo - Monitoreando lista estatica
17:10:12 | WARNING | ¡ALERTA! Conexión caída o congelada. Reiniciando sistema YA...
17:10:14 | INFO | MarketManager iniciado con 281 activos (MODO ESTÁTICO).
17:10:19 | INFO | Sistema Operativo - Monitoreando lista estatica
17:10:50 | WARNING | ¡ALERTA! Conexión caída o congelada. Reiniciando sistema YA...
17:10:51 | INFO | MarketManager iniciado con 281 activos (MODO ESTÁTICO).
17:10:55 | INFO | Sistema Operativo - Monitoreando lista estatica
17:11:26 | WARNING | ¡ALERTA! Conexión caída o congelada. Reiniciando sistema YA...
17:11:28 | INFO | MarketManager iniciado con 281 activos (MODO ESTÁTICO).
17:11:31 | INFO | Sistema Operativo - Monitoreando lista estatica
17:12:02 | WARNING | ¡ALERTA! Conexión caída o congelada. Reiniciando sistema YA...
17:12:04 | INFO | MarketManager iniciado con 281 activos (MODO ESTÁTICO).
17:12:09 | INFO | Sistema Operativo - Monitoreando lista estatica
17:12:39 | WARNING | ¡ALERTA! Conexión caída o congelada. Reiniciando sistema YA...
17:12:41 | INFO | MarketManager iniciado con 281 activos (MODO ESTÁTICO).
17:12:45 | INFO | Sistema Operativo - Monitoreando lista estatica
17:13:15 | WARNING | ¡ALERTA! Conexión caída o congelada. Reiniciando sistema YA...
17:13:17 | INFO | MarketManager iniciado con 281 activos (MODO ESTÁTICO).
17:13:22 | INFO | Sistema Operativo - Monitoreando lista estatica
17:14:02 | WARNING | ¡ALERTA! Conexión caída o congelada. Reiniciando sistema YA...
17:14:04 | INFO | MarketManager iniciado con 281 activos (MODO ESTÁTICO).
17:14:09 | INFO | Sistema Operativo - Monitoreando lista estatica
17:14:56 | WARNING | ¡ALERTA! Conexión caída o congelada. Reiniciando sistema YA...
17:14:56 | INFO | MarketManager iniciado con 281 activos (MODO ESTÁTICO).
17:15:01 | INFO | Sistema Operativo - Monitoreando lista estatica
17:15:32 | WARNING | ¡ALERTA! Conexión caída o congelada. Reiniciando sistema YA...
17:15:34 | INFO | MarketManager iniciado con 281 activos (MODO ESTÁTICO).
17:15:39 | INFO | Sistema Operativo - Monitoreando lista estatica
17:16:10 | WARNING | ¡ALERTA! Conexión caída o congelada. Reiniciando sistema YA...
17:16:10 | INFO | MarketManager iniciado con 281 activos (MODO ESTÁTICO).
17:16:15 | INFO | Sistema Operativo - Monitoreando lista estatica
17:16:46 | WARNING | ¡ALERTA! Conexión caída o congelada. Reiniciando sistema YA...
17:16:48 | INFO | MarketManager iniciado con 281 activos (MODO ESTÁTICO).
17:16:52 | INFO | Sistema Operativo - Monitoreando lista estatica
17:17:23 | WARNING | ¡ALERTA! Conexión caída o congelada. Reiniciando sistema YA...
17:17:25 | INFO | MarketManager iniciado con 281 activos (MODO ESTÁTICO).
17:17:29 | INFO | Sistema Operativo - Monitoreando lista estatica
17:18:00 | WARNING | ¡ALERTA! Conexión caída o congelada. Reiniciando sistema YA...
17:18:01 | INFO | MarketManager iniciado con 281 activos (MODO ESTÁTICO).
17:18:06 | INFO | Sistema Operativo - Monitoreando lista estatica
17:18:37 | WARNING | ¡ALERTA! Conexión caída o congelada. Reiniciando sistema YA...
17:18:37 | INFO | MarketManager iniciado con 281 activos (MODO ESTÁTICO).
17:18:41 | INFO | Sistema Operativo - Monitoreando lista estatica
17:19:11 | WARNING | ¡ALERTA! Conexión caída o congelada. Reiniciando sistema YA...
17:19:13 | INFO | MarketManager iniciado con 281 activos (MODO ESTÁTICO).
17:19:18 | INFO | Sistema Operativo - Monitoreando lista estatica
17:19:49 | WARNING | ¡ALERTA! Conexión caída o congelada. Reiniciando sistema YA...
17:19:52 | INFO | MarketManager iniciado con 281 activos (MODO ESTÁTICO).
17:19:56 | INFO | Sistema Operativo - Monitoreando lista estatica
17:20:27 | WARNING | ¡ALERTA! Conexión caída o congelada. Reiniciando sistema YA...
17:20:30 | INFO | MarketManager iniciado con 281 activos (MODO ESTÁTICO).
17:20:35 | INFO | Sistema Operativo - Monitoreando lista estatica
17:21:05 | WARNING | ¡ALERTA! Conexión caída o congelada. Reiniciando sistema YA...
17:21:07 | INFO | MarketManager iniciado con 281 activos (MODO ESTÁTICO).
17:21:11 | INFO | Sistema Operativo - Monitoreando lista estatica
17:21:42 | WARNING | ¡ALERTA! Conexión caída o congelada. Reiniciando sistema YA...
17:21:44 | INFO | MarketManager iniciado con 281 activos (MODO ESTÁTICO).
17:21:48 | INFO | Sistema Operativo - Monitoreando lista estatica
17:22:18 | WARNING | ¡ALERTA! Conexión caída o congelada. Reiniciando sistema YA...
17:22:20 | INFO | MarketManager iniciado con 281 activos (MODO ESTÁTICO).
17:22:25 | INFO | Sistema Operativo - Monitoreando lista estatica
17:22:55 | WARNING | ¡ALERTA! Conexión caída o congelada. Reiniciando sistema YA...
17:22:57 | INFO | MarketManager iniciado con 281 activos (MODO ESTÁTICO).
17:23:01 | INFO | Sistema Operativo - Monitoreando lista estatica
17:23:32 | WARNING | ¡ALERTA! Conexión caída o congelada. Reiniciando sistema YA...
17:23:33 | INFO | MarketManager iniciado con 281 activos (MODO ESTÁTICO).
17:23:38 | INFO | Sistema Operativo - Monitoreando lista estatica
17:24:09 | WARNING | ¡ALERTA! Conexión caída o congelada. Reiniciando sistema YA...
17:24:11 | INFO | MarketManager iniciado con 281 activos (MODO ESTÁTICO).
17:24:15 | INFO | Sistema Operativo - Monitoreando lista estatica
17:24:46 | WARNING | ¡ALERTA! Conexión caída o congelada. Reiniciando sistema YA...
17:24:48 | INFO | MarketManager iniciado con 281 activos (MODO ESTÁTICO).
17:24:52 | INFO | Sistema Operativo - Monitoreando lista estatica
17:25:23 | WARNING | ¡ALERTA! Conexión caída o congelada. Reiniciando sistema YA...
17:25:25 | INFO | MarketManager iniciado con 281 activos (MODO ESTÁTICO).
17:25:29 | INFO | Sistema Operativo - Monitoreando lista estatica
17:26:00 | WARNING | ¡ALERTA! Conexión caída o congelada. Reiniciando sistema YA...
17:26:02 | INFO | MarketManager iniciado con 281 activos (MODO ESTÁTICO).
17:26:06 | INFO | Sistema Operativo - Monitoreando lista estatica
17:26:37 | WARNING | ¡ALERTA! Conexión caída o congelada. Reiniciando sistema YA...
17:26:38 | INFO | MarketManager iniciado con 281 activos (MODO ESTÁTICO).
17:26:42 | INFO | Sistema Operativo - Monitoreando lista estatica
17:27:12 | WARNING | ¡ALERTA! Conexión caída o congelada. Reiniciando sistema YA...
17:27:14 | INFO | MarketManager iniciado con 281 activos (MODO ESTÁTICO).
17:27:19 | INFO | Sistema Operativo - Monitoreando lista estatica
17:27:49 | WARNING | ¡ALERTA! Conexión caída o congelada. Reiniciando sistema YA...
17:27:51 | INFO | MarketManager iniciado con 281 activos (MODO ESTÁTICO).
17:27:56 | INFO | Sistema Operativo - Monitoreando lista estatica
17:28:27 | WARNING | ¡ALERTA! Conexión caída o congelada. Reiniciando sistema YA...
17:28:29 | INFO | MarketManager iniciado con 281 activos (MODO ESTÁTICO).
17:28:33 | INFO | Sistema Operativo - Monitoreando lista estatica
17:29:04 | WARNING | ¡ALERTA! Conexión caída o congelada. Reiniciando sistema YA...
17:29:06 | INFO | MarketManager iniciado con 281 activos (MODO ESTÁTICO).
17:29:10 | INFO | Sistema Operativo - Monitoreando lista estatica
17:29:41 | WARNING | ¡ALERTA! Conexión caída o congelada. Reiniciando sistema YA...
17:29:43 | INFO | MarketManager iniciado con 281 activos (MODO ESTÁTICO).
17:29:46 | INFO | Sistema Operativo - Monitoreando lista estatica
17:30:16 | WARNING | ¡ALERTA! Conexión caída o congelada. Reiniciando sistema YA...
17:30:19 | INFO | MarketManager iniciado con 281 activos (MODO ESTÁTICO).
17:30:22 | INFO | Sistema Operativo - Monitoreando lista estatica
17:30:51 | WARNING | Falla API Google (Intento 1/3). Reintento en 3s...
17:30:58 | WARNING | ¡ALERTA! Conexión caída o congelada. Reiniciando sistema YA...
17:31:00 | INFO | MarketManager iniciado con 281 activos (MODO ESTÁTICO).
17:31:04 | INFO | Sistema Operativo - Monitoreando lista estatica
17:31:35 | WARNING | ¡ALERTA! Conexión caída o congelada. Reiniciando sistema YA...
17:31:37 | INFO | MarketManager iniciado con 281 activos (MODO ESTÁTICO).
17:31:41 | INFO | Sistema Operativo - Monitoreando lista estatica
17:32:14 | WARNING | ¡ALERTA! Conexión caída o congelada. Reiniciando sistema YA...
17:32:15 | INFO | MarketManager iniciado con 281 activos (MODO ESTÁTICO).
17:32:20 | INFO | Sistema Operativo - Monitoreando lista estatica
17:32:50 | WARNING | ¡ALERTA! Conexión caída o congelada. Reiniciando sistema YA...
17:32:52 | INFO | MarketManager iniciado con 281 activos (MODO ESTÁTICO).
17:32:56 | INFO | Sistema Operativo - Monitoreando lista estatica
17:33:27 | WARNING | ¡ALERTA! Conexión caída o congelada. Reiniciando sistema YA...
17:33:29 | INFO | MarketManager iniciado con 281 activos (MODO ESTÁTICO).
17:33:33 | INFO | Sistema Operativo - Monitoreando lista estatica
17:34:04 | WARNING | ¡ALERTA! Conexión caída o congelada. Reiniciando sistema YA...
17:34:05 | INFO | MarketManager iniciado con 281 activos (MODO ESTÁTICO).
17:34:10 | INFO | Sistema Operativo - Monitoreando lista estatica
17:34:41 | WARNING | ¡ALERTA! Conexión caída o congelada. Reiniciando sistema YA...
17:34:41 | INFO | MarketManager iniciado con 281 activos (MODO ESTÁTICO).
17:34:46 | INFO | Sistema Operativo - Monitoreando lista estatica
17:35:17 | WARNING | ¡ALERTA! Conexión caída o congelada. Reiniciando sistema YA...
17:35:18 | INFO | MarketManager iniciado con 281 activos (MODO ESTÁTICO).
17:35:22 | INFO | Sistema Operativo - Monitoreando lista estatica
17:35:52 | WARNING | ¡ALERTA! Conexión caída o congelada. Reiniciando sistema YA...
17:35:54 | INFO | MarketManager iniciado con 281 activos (MODO ESTÁTICO).
17:35:59 | INFO | Sistema Operativo - Monitoreando lista estatica
17:36:29 | WARNING | ¡ALERTA! Conexión caída o congelada. Reiniciando sistema YA...
17:36:31 | INFO | MarketManager iniciado con 281 activos (MODO ESTÁTICO).
17:36:36 | INFO | Sistema Operativo - Monitoreando lista estatica
17:37:07 | WARNING | ¡ALERTA! Conexión caída o congelada. Reiniciando sistema YA...
17:37:08 | INFO | MarketManager iniciado con 281 activos (MODO ESTÁTICO).
17:37:13 | INFO | Sistema Operativo - Monitoreando lista estatica
17:37:43 | WARNING | ¡ALERTA! Conexión caída o congelada. Reiniciando sistema YA...
17:37:44 | INFO | MarketManager iniciado con 281 activos (MODO ESTÁTICO).
17:37:49 | INFO | Sistema Operativo - Monitoreando lista estatica
17:38:20 | WARNING | ¡ALERTA! Conexión caída o congelada. Reiniciando sistema YA...
17:38:21 | INFO | MarketManager iniciado con 281 activos (MODO ESTÁTICO).
17:38:24 | INFO | Sistema Operativo - Monitoreando lista estatica
17:38:55 | WARNING | ¡ALERTA! Conexión caída o congelada. Reiniciando sistema YA...
17:38:57 | INFO | MarketManager iniciado con 281 activos (MODO ESTÁTICO).
17:39:00 | INFO | Sistema Operativo - Monitoreando lista estatica
17:39:31 | WARNING | ¡ALERTA! Conexión caída o congelada. Reiniciando sistema YA...
17:39:33 | INFO | MarketManager iniciado con 281 activos (MODO ESTÁTICO).
17:39:36 | INFO | Sistema Operativo - Monitoreando lista estatica
17:40:07 | WARNING | ¡ALERTA! Conexión caída o congelada. Reiniciando sistema YA...
17:40:09 | INFO | MarketManager iniciado con 281 activos (MODO ESTÁTICO).
17:40:13 | INFO | Sistema Operativo - Monitoreando lista estatica
17:40:44 | WARNING | ¡ALERTA! Conexión caída o congelada. Reiniciando sistema YA...
17:40:45 | INFO | MarketManager iniciado con 281 activos (MODO ESTÁTICO).
17:40:50 | INFO | Sistema Operativo - Monitoreando lista estatica
17:41:21 | WARNING | ¡ALERTA! Conexión caída o congelada. Reiniciando sistema YA...
17:41:21 | INFO | MarketManager iniciado con 281 activos (MODO ESTÁTICO).
17:41:26 | INFO | Sistema Operativo - Monitoreando lista estatica
17:41:56 | WARNING | ¡ALERTA! Conexión caída o congelada. Reiniciando sistema YA...
17:41:57 | INFO | MarketManager iniciado con 281 activos (MODO ESTÁTICO).
17:42:02 | INFO | Sistema Operativo - Monitoreando lista estatica
17:42:32 | WARNING | ¡ALERTA! Conexión caída o congelada. Reiniciando sistema YA...
17:42:34 | INFO | MarketManager iniciado con 281 activos (MODO ESTÁTICO).
17:42:39 | INFO | Sistema Operativo - Monitoreando lista estatica
17:43:09 | WARNING | ¡ALERTA! Conexión caída o congelada. Reiniciando sistema YA...
17:43:11 | INFO | MarketManager iniciado con 281 activos (MODO ESTÁTICO).
17:43:15 | INFO | Sistema Operativo - Monitoreando lista estatica
17:43:46 | WARNING | ¡ALERTA! Conexión caída o congelada. Reiniciando sistema YA...
17:43:48 | INFO | MarketManager iniciado con 281 activos (MODO ESTÁTICO).
17:43:52 | INFO | Sistema Operativo - Monitoreando lista estatica
17:44:23 | WARNING | ¡ALERTA! Conexión caída o congelada. Reiniciando sistema YA...
17:44:27 | INFO | MarketManager iniciado con 281 activos (MODO ESTÁTICO).
17:44:35 | INFO | Sistema Operativo - Monitoreando lista estatica
17:45:06 | WARNING | ¡ALERTA! Conexión caída o congelada. Reiniciando sistema YA...
17:45:06 | INFO | MarketManager iniciado con 281 activos (MODO ESTÁTICO).
17:45:11 | INFO | Sistema Operativo - Monitoreando lista estatica
17:45:41 | WARNING | ¡ALERTA! Conexión caída o congelada. Reiniciando sistema YA...
17:45:42 | INFO | MarketManager iniciado con 281 activos (MODO ESTÁTICO).
17:45:46 | INFO | Sistema Operativo - Monitoreando lista estatica
17:46:17 | WARNING | ¡ALERTA! Conexión caída o congelada. Reiniciando sistema YA...
17:46:21 | INFO | MarketManager iniciado con 281 activos (MODO ESTÁTICO).
17:46:26 | INFO | Sistema Operativo - Monitoreando lista estatica
17:46:57 | WARNING | ¡ALERTA! Conexión caída o congelada. Reiniciando sistema YA...
17:46:59 | INFO | MarketManager iniciado con 281 activos (MODO ESTÁTICO).
17:47:02 | INFO | Sistema Operativo - Monitoreando lista estatica
17:47:33 | WARNING | ¡ALERTA! Conexión caída o congelada. Reiniciando sistema YA...
17:47:35 | INFO | MarketManager iniciado con 281 activos (MODO ESTÁTICO).
17:47:40 | INFO | Sistema Operativo - Monitoreando lista estatica
17:48:11 | WARNING | ¡ALERTA! Conexión caída o congelada. Reiniciando sistema YA...
17:48:13 | INFO | MarketManager iniciado con 281 activos (MODO ESTÁTICO).
17:48:18 | INFO | Sistema Operativo - Monitoreando lista estatica
17:48:50 | WARNING | ¡ALERTA! Conexión caída o congelada. Reiniciando sistema YA...
17:48:50 | INFO | MarketManager iniciado con 281 activos (MODO ESTÁTICO).
17:48:55 | INFO | Sistema Operativo - Monitoreando lista estatica
17:49:26 | WARNING | ¡ALERTA! Conexión caída o congelada. Reiniciando sistema YA...
17:49:28 | INFO | MarketManager iniciado con 281 activos (MODO ESTÁTICO).
17:49:32 | INFO | Sistema Operativo - Monitoreando lista estatica
17:50:03 | WARNING | ¡ALERTA! Conexión caída o congelada. Reiniciando sistema YA...
17:50:05 | INFO | MarketManager iniciado con 281 activos (MODO ESTÁTICO).
17:50:09 | INFO | Sistema Operativo - Monitoreando lista estatica
17:50:40 | WARNING | ¡ALERTA! Conexión caída o congelada. Reiniciando sistema YA...
17:50:42 | INFO | MarketManager iniciado con 281 activos (MODO ESTÁTICO).
17:50:47 | INFO | Sistema Operativo - Monitoreando lista estatica
17:51:18 | WARNING | ¡ALERTA! Conexión caída o congelada. Reiniciando sistema YA...
17:51:20 | INFO | MarketManager iniciado con 281 activos (MODO ESTÁTICO).
17:51:25 | INFO | Sistema Operativo - Monitoreando lista estatica
17:51:56 | WARNING | ¡ALERTA! Conexión caída o congelada. Reiniciando sistema YA...
17:51:58 | INFO | MarketManager iniciado con 281 activos (MODO ESTÁTICO).
17:52:03 | INFO | Sistema Operativo - Monitoreando lista estatica
17:52:34 | WARNING | ¡ALERTA! Conexión caída o congelada. Reiniciando sistema YA...
17:52:35 | INFO | MarketManager iniciado con 281 activos (MODO ESTÁTICO).
17:52:40 | INFO | Sistema Operativo - Monitoreando lista estatica
17:53:11 | WARNING | ¡ALERTA! Conexión caída o congelada. Reiniciando sistema YA...
17:53:13 | INFO | MarketManager iniciado con 281 activos (MODO ESTÁTICO).
17:53:18 | INFO | Sistema Operativo - Monitoreando lista estatica
17:53:50 | WARNING | ¡ALERTA! Conexión caída o congelada. Reiniciando sistema YA...
17:53:51 | INFO | MarketManager iniciado con 281 activos (MODO ESTÁTICO).
17:53:56 | INFO | Sistema Operativo - Monitoreando lista estatica
17:54:27 | WARNING | ¡ALERTA! Conexión caída o congelada. Reiniciando sistema YA...
17:54:29 | INFO | MarketManager iniciado con 281 activos (MODO ESTÁTICO).
17:54:34 | INFO | Sistema Operativo - Monitoreando lista estatica
17:55:04 | WARNING | ¡ALERTA! Conexión caída o congelada. Reiniciando sistema YA...
17:55:05 | INFO | MarketManager iniciado con 281 activos (MODO ESTÁTICO).
17:55:09 | INFO | Sistema Operativo - Monitoreando lista estatica
17:55:40 | WARNING | ¡ALERTA! Conexión caída o congelada. Reiniciando sistema YA...
17:55:41 | INFO | MarketManager iniciado con 281 activos (MODO ESTÁTICO).
17:55:46 | INFO | Sistema Operativo - Monitoreando lista estatica
17:56:17 | WARNING | ¡ALERTA! Conexión caída o congelada. Reiniciando sistema YA...
17:56:19 | INFO | MarketManager iniciado con 281 activos (MODO ESTÁTICO).
17:56:23 | INFO | Sistema Operativo - Monitoreando lista estatica
17:56:54 | WARNING | ¡ALERTA! Conexión caída o congelada. Reiniciando sistema YA...
17:56:56 | INFO | MarketManager iniciado con 281 activos (MODO ESTÁTICO).
17:57:01 | INFO | Sistema Operativo - Monitoreando lista estatica
17:57:32 | WARNING | ¡ALERTA! Conexión caída o congelada. Reiniciando sistema YA...
17:57:34 | INFO | MarketManager iniciado con 281 activos (MODO ESTÁTICO).
17:57:39 | INFO | Sistema Operativo - Monitoreando lista estatica
17:58:10 | WARNING | ¡ALERTA! Conexión caída o congelada. Reiniciando sistema YA...
17:58:12 | INFO | MarketManager iniciado con 281 activos (MODO ESTÁTICO).
17:58:17 | INFO | Sistema Operativo - Monitoreando lista estatica
17:58:48 | WARNING | ¡ALERTA! Conexión caída o congelada. Reiniciando sistema YA...
17:58:49 | INFO | MarketManager iniciado con 281 activos (MODO ESTÁTICO).
17:58:53 | INFO | Sistema Operativo - Monitoreando lista estatica
17:59:24 | WARNING | ¡ALERTA! Conexión caída o congelada. Reiniciando sistema YA...
17:59:25 | INFO | MarketManager iniciado con 281 activos (MODO ESTÁTICO).
17:59:29 | INFO | Sistema Operativo - Monitoreando lista estatica
17:59:59 | WARNING | ¡ALERTA! Conexión caída o congelada. Reiniciando sistema YA...
18:00:00 | INFO | MarketManager iniciado con 281 activos (MODO ESTÁTICO).
18:00:04 | INFO | Sistema Operativo - Monitoreando lista estatica
18:00:35 | WARNING | ¡ALERTA! Conexión caída o congelada. Reiniciando sistema YA...
18:00:37 | INFO | MarketManager iniciado con 281 activos (MODO ESTÁTICO).
18:00:41 | INFO | Sistema Operativo - Monitoreando lista estatica
18:01:12 | WARNING | ¡ALERTA! Conexión caída o congelada. Reiniciando sistema YA...
18:01:14 | INFO | MarketManager iniciado con 281 activos (MODO ESTÁTICO).
18:01:18 | INFO | Sistema Operativo - Monitoreando lista estatica
18:01:49 | WARNING | ¡ALERTA! Conexión caída o congelada. Reiniciando sistema YA...
18:01:51 | INFO | MarketManager iniciado con 281 activos (MODO ESTÁTICO).
18:01:55 | INFO | Sistema Operativo - Monitoreando lista estatica
18:02:25 | WARNING | ¡ALERTA! Conexión caída o congelada. Reiniciando sistema YA...
18:02:30 | INFO | MarketManager iniciado con 281 activos (MODO ESTÁTICO).
18:02:34 | INFO | Sistema Operativo - Monitoreando lista estatica
18:03:05 | WARNING | ¡ALERTA! Conexión caída o congelada. Reiniciando sistema YA...
18:03:06 | INFO | MarketManager iniciado con 281 activos (MODO ESTÁTICO).
18:03:10 | INFO | Sistema Operativo - Monitoreando lista estatica
18:03:40 | WARNING | ¡ALERTA! Conexión caída o congelada. Reiniciando sistema YA...
18:03:42 | INFO | MarketManager iniciado con 281 activos (MODO ESTÁTICO).
18:03:47 | INFO | Sistema Operativo - Monitoreando lista estatica
18:04:46 | WARNING | ¡ALERTA! Conexión caída o congelada. Reiniciando sistema YA...
18:04:47 | INFO | MarketManager iniciado con 281 activos (MODO ESTÁTICO).
18:04:52 | INFO | Sistema Operativo - Monitoreando lista estatica
18:05:23 | WARNING | ¡ALERTA! Conexión caída o congelada. Reiniciando sistema YA...
18:05:25 | INFO | MarketManager iniciado con 281 activos (MODO ESTÁTICO).
18:05:29 | INFO | Sistema Operativo - Monitoreando lista estatica
18:05:59 | WARNING | ¡ALERTA! Conexión caída o congelada. Reiniciando sistema YA...
18:06:00 | INFO | MarketManager iniciado con 281 activos (MODO ESTÁTICO).
18:06:04 | INFO | Sistema Operativo - Monitoreando lista estatica
18:06:34 | WARNING | ¡ALERTA! Conexión caída o congelada. Reiniciando sistema YA...
18:06:35 | INFO | MarketManager iniciado con 281 activos (MODO ESTÁTICO).
18:06:39 | INFO | Sistema Operativo - Monitoreando lista estatica
18:07:10 | WARNING | ¡ALERTA! Conexión caída o congelada. Reiniciando sistema YA...
18:07:12 | INFO | MarketManager iniciado con 281 activos (MODO ESTÁTICO).
18:07:16 | INFO | Sistema Operativo - Monitoreando lista estatica
18:07:46 | WARNING | ¡ALERTA! Conexión caída o congelada. Reiniciando sistema YA...
18:07:47 | INFO | MarketManager iniciado con 281 activos (MODO ESTÁTICO).
18:07:51 | INFO | Sistema Operativo - Monitoreando lista estatica
18:08:22 | WARNING | ¡ALERTA! Conexión caída o congelada. Reiniciando sistema YA...
18:08:23 | INFO | MarketManager iniciado con 281 activos (MODO ESTÁTICO).
18:08:27 | INFO | Sistema Operativo - Monitoreando lista estatica
18:08:58 | WARNING | ¡ALERTA! Conexión caída o congelada. Reiniciando sistema YA...
18:08:59 | INFO | MarketManager iniciado con 281 activos (MODO ESTÁTICO).
18:09:03 | INFO | Sistema Operativo - Monitoreando lista estatica
18:09:34 | WARNING | ¡ALERTA! Conexión caída o congelada. Reiniciando sistema YA...
18:09:36 | INFO | MarketManager iniciado con 281 activos (MODO ESTÁTICO).
18:09:39 | INFO | Sistema Operativo - Monitoreando lista estatica
18:10:09 | WARNING | ¡ALERTA! Conexión caída o congelada. Reiniciando sistema YA...
18:10:11 | INFO | MarketManager iniciado con 281 activos (MODO ESTÁTICO).
18:10:15 | INFO | Sistema Operativo - Monitoreando lista estatica
18:10:45 | WARNING | ¡ALERTA! Conexión caída o congelada. Reiniciando sistema YA...
18:10:47 | INFO | MarketManager iniciado con 281 activos (MODO ESTÁTICO).
18:10:50 | INFO | Sistema Operativo - Monitoreando lista estatica
18:11:20 | WARNING | ¡ALERTA! Conexión caída o congelada. Reiniciando sistema YA...
18:11:21 | INFO | MarketManager iniciado con 281 activos (MODO ESTÁTICO).
18:11:25 | INFO | Sistema Operativo - Monitoreando lista estatica
18:11:55 | WARNING | ¡ALERTA! Conexión caída o congelada. Reiniciando sistema YA...
18:11:57 | INFO | MarketManager iniciado con 281 activos (MODO ESTÁTICO).
18:12:01 | INFO | Sistema Operativo - Monitoreando lista estatica
18:12:32 | WARNING | ¡ALERTA! Conexión caída o congelada. Reiniciando sistema YA...
18:12:33 | INFO | MarketManager iniciado con 281 activos (MODO ESTÁTICO).
18:12:37 | INFO | Sistema Operativo - Monitoreando lista estatica
10:04:59 | INFO | MarketManager iniciado con 281 activos (MODO ESTÁTICO).
10:05:04 | INFO | Sistema Operativo - Monitoreando lista estatica
10:05:34 | WARNING | ¡ALERTA! Conexión caída o congelada. Reiniciando sistema YA...
10:05:36 | INFO | MarketManager iniciado con 281 activos (MODO ESTÁTICO).
10:05:40 | INFO | Sistema Operativo - Monitoreando lista estatica
10:06:10 | WARNING | ¡ALERTA! Conexión caída o congelada. Reiniciando sistema YA...
10:06:11 | INFO | MarketManager iniciado con 281 activos (MODO ESTÁTICO).
10:06:16 | INFO | Sistema Operativo - Monitoreando lista estatica
10:06:46 | WARNING | ¡ALERTA! Conexión caída o congelada. Reiniciando sistema YA...
10:06:47 | INFO | MarketManager iniciado con 281 activos (MODO ESTÁTICO).
10:06:51 | INFO | Sistema Operativo - Monitoreando lista estatica
10:07:22 | WARNING | ¡ALERTA! Conexión caída o congelada. Reiniciando sistema YA...
10:07:23 | INFO | MarketManager iniciado con 281 activos (MODO ESTÁTICO).
10:07:28 | INFO | Sistema Operativo - Monitoreando lista estatica
10:07:58 | WARNING | ¡ALERTA! Conexión caída o congelada. Reiniciando sistema YA...
10:08:00 | INFO | MarketManager iniciado con 281 activos (MODO ESTÁTICO).
10:08:04 | INFO | Sistema Operativo - Monitoreando lista estatica
10:08:36 | WARNING | ¡ALERTA! Conexión caída o congelada. Reiniciando sistema YA...
10:08:38 | INFO | MarketManager iniciado con 281 activos (MODO ESTÁTICO).
10:08:42 | INFO | Sistema Operativo - Monitoreando lista estatica
10:09:14 | WARNING | ¡ALERTA! Conexión caída o congelada. Reiniciando sistema YA...
10:09:16 | INFO | MarketManager iniciado con 281 activos (MODO ESTÁTICO).
10:09:20 | INFO | Sistema Operativo - Monitoreando lista estatica
10:09:52 | WARNING | ¡ALERTA! Conexión caída o congelada. Reiniciando sistema YA...
10:09:54 | INFO | MarketManager iniciado con 281 activos (MODO ESTÁTICO).
10:09:58 | INFO | Sistema Operativo - Monitoreando lista estatica
10:10:29 | WARNING | ¡ALERTA! Conexión caída o congelada. Reiniciando sistema YA...
10:10:31 | INFO | MarketManager iniciado con 281 activos (MODO ESTÁTICO).
10:10:34 | INFO | Sistema Operativo - Monitoreando lista estatica
10:11:04 | WARNING | ¡ALERTA! Conexión caída o congelada. Reiniciando sistema YA...
10:11:06 | INFO | MarketManager iniciado con 281 activos (MODO ESTÁTICO).
10:11:09 | INFO | Sistema Operativo - Monitoreando lista estatica
10:11:40 | WARNING | ¡ALERTA! Conexión caída o congelada. Reiniciando sistema YA...
10:11:42 | INFO | MarketManager iniciado con 281 activos (MODO ESTÁTICO).
10:11:46 | INFO | Sistema Operativo - Monitoreando lista estatica
10:12:18 | WARNING | ¡ALERTA! Conexión caída o congelada. Reiniciando sistema YA...
10:12:20 | INFO | MarketManager iniciado con 281 activos (MODO ESTÁTICO).
10:12:24 | INFO | Sistema Operativo - Monitoreando lista estatica
10:12:56 | WARNING | ¡ALERTA! Conexión caída o congelada. Reiniciando sistema YA...
10:12:58 | INFO | MarketManager iniciado con 281 activos (MODO ESTÁTICO).
10:13:03 | INFO | Sistema Operativo - Monitoreando lista estatica
10:13:33 | WARNING | ¡ALERTA! Conexión caída o congelada. Reiniciando sistema YA...
10:13:35 | INFO | MarketManager iniciado con 281 activos (MODO ESTÁTICO).
10:13:39 | INFO | Sistema Operativo - Monitoreando lista estatica
10:14:12 | WARNING | ¡ALERTA! Conexión caída o congelada. Reiniciando sistema YA...
10:14:13 | INFO | MarketManager iniciado con 281 activos (MODO ESTÁTICO).
10:14:18 | INFO | Sistema Operativo - Monitoreando lista estatica
10:14:48 | WARNING | ¡ALERTA! Conexión caída o congelada. Reiniciando sistema YA...
10:14:50 | INFO | MarketManager iniciado con 281 activos (MODO ESTÁTICO).
10:14:54 | INFO | Sistema Operativo - Monitoreando lista estatica
10:15:24 | WARNING | ¡ALERTA! Conexión caída o congelada. Reiniciando sistema YA...
10:15:25 | INFO | MarketManager iniciado con 281 activos (MODO ESTÁTICO).
10:15:30 | INFO | Sistema Operativo - Monitoreando lista estatica
10:16:00 | WARNING | ¡ALERTA! Conexión caída o congelada. Reiniciando sistema YA...
10:16:01 | INFO | MarketManager iniciado con 281 activos (MODO ESTÁTICO).
10:16:05 | INFO | Sistema Operativo - Monitoreando lista estatica
10:16:38 | WARNING | ¡ALERTA! Conexión caída o congelada. Reiniciando sistema YA...
10:16:39 | INFO | MarketManager iniciado con 281 activos (MODO ESTÁTICO).
10:16:43 | INFO | Sistema Operativo - Monitoreando lista estatica
10:17:16 | WARNING | ¡ALERTA! Conexión caída o congelada. Reiniciando sistema YA...
10:17:17 | INFO | MarketManager iniciado con 281 activos (MODO ESTÁTICO).
10:17:22 | INFO | Sistema Operativo - Monitoreando lista estatica
10:17:52 | WARNING | ¡ALERTA! Conexión caída o congelada. Reiniciando sistema YA...
10:17:54 | INFO | MarketManager iniciado con 281 activos (MODO ESTÁTICO).
10:17:59 | INFO | Sistema Operativo - Monitoreando lista estatica
10:18:29 | WARNING | ¡ALERTA! Conexión caída o congelada. Reiniciando sistema YA...
10:18:31 | INFO | MarketManager iniciado con 281 activos (MODO ESTÁTICO).
10:18:35 | INFO | Sistema Operativo - Monitoreando lista estatica
10:19:06 | WARNING | ¡ALERTA! Conexión caída o congelada. Reiniciando sistema YA...
10:19:07 | INFO | MarketManager iniciado con 281 activos (MODO ESTÁTICO).
10:19:11 | INFO | Sistema Operativo - Monitoreando lista estatica
10:19:44 | WARNING | ¡ALERTA! Conexión caída o congelada. Reiniciando sistema YA...
10:19:45 | INFO | MarketManager iniciado con 281 activos (MODO ESTÁTICO).
10:19:49 | INFO | Sistema Operativo - Monitoreando lista estatica
10:20:20 | WARNING | ¡ALERTA! Conexión caída o congelada. Reiniciando sistema YA...
10:20:21 | INFO | MarketManager iniciado con 281 activos (MODO ESTÁTICO).
10:20:25 | INFO | Sistema Operativo - Monitoreando lista estatica
10:20:57 | WARNING | ¡ALERTA! Conexión caída o congelada. Reiniciando sistema YA...
10:20:59 | INFO | MarketManager iniciado con 281 activos (MODO ESTÁTICO).
10:21:03 | INFO | Sistema Operativo - Monitoreando lista estatica
10:21:35 | WARNING | ¡ALERTA! Conexión caída o congelada. Reiniciando sistema YA...
10:21:37 | INFO | MarketManager iniciado con 281 activos (MODO ESTÁTICO).
10:21:41 | INFO | Sistema Operativo - Monitoreando lista estatica
10:22:12 | WARNING | ¡ALERTA! Conexión caída o congelada. Reiniciando sistema YA...
10:22:13 | INFO | MarketManager iniciado con 281 activos (MODO ESTÁTICO).
10:22:17 | INFO | Sistema Operativo - Monitoreando lista estatica
10:23:15 | WARNING | ¡ALERTA! Conexión caída o congelada. Reiniciando sistema YA...
10:23:17 | INFO | MarketManager iniciado con 281 activos (MODO ESTÁTICO).
10:23:21 | INFO | Sistema Operativo - Monitoreando lista estatica
10:23:53 | WARNING | ¡ALERTA! Conexión caída o congelada. Reiniciando sistema YA...
10:23:55 | INFO | MarketManager iniciado con 281 activos (MODO ESTÁTICO).
10:23:58 | INFO | Sistema Operativo - Monitoreando lista estatica
10:24:29 | WARNING | ¡ALERTA! Conexión caída o congelada. Reiniciando sistema YA...
10:24:31 | INFO | MarketManager iniciado con 281 activos (MODO ESTÁTICO).
10:24:35 | INFO | Sistema Operativo - Monitoreando lista estatica
10:25:06 | WARNING | ¡ALERTA! Conexión caída o congelada. Reiniciando sistema YA...
10:25:07 | INFO | MarketManager iniciado con 281 activos (MODO ESTÁTICO).
10:25:12 | INFO | Sistema Operativo - Monitoreando lista estatica
11:21:24 | INFO | Detencion manual detectada. Cerrando procesos...
11:21:24 | INFO | WebSocket desconectado. Bot fuera de linea.
11:22:03 | INFO | MarketManager iniciado con 283 activos (MODO ESTÁTICO).
11:22:07 | INFO | Sistema Operativo - Monitoreando lista estatica
16:38:01 | WARNING | Falla API Google (Intento 1/3). Reintento en 3s...
16:38:56 | WARNING | Falla API Google (Intento 1/3). Reintento en 3s...
16:39:01 | WARNING | Falla API Google (Intento 2/3). Reintento en 6s...
16:39:05 | INFO | Detencion manual detectada. Cerrando procesos...
16:39:05 | INFO | WebSocket desconectado. Bot fuera de linea.
16:43:18 | INFO | MarketManager iniciado con 283 activos (MODO ESTÁTICO).
16:43:23 | INFO | Sistema Operativo - Monitoreando lista estatica
17:01:49 | WARNING | ¡ALERTA! Conexión caída o congelada. Reiniciando sistema YA...
17:01:50 | INFO | MarketManager iniciado con 283 activos (MODO ESTÁTICO).
17:01:54 | INFO | Sistema Operativo - Monitoreando lista estatica
17:02:30 | WARNING | ¡ALERTA! Conexión caída o congelada. Reiniciando sistema YA...
17:02:31 | INFO | MarketManager iniciado con 283 activos (MODO ESTÁTICO).
17:02:36 | INFO | Sistema Operativo - Monitoreando lista estatica
17:03:06 | WARNING | ¡ALERTA! Conexión caída o congelada. Reiniciando sistema YA...
17:03:08 | INFO | MarketManager iniciado con 283 activos (MODO ESTÁTICO).
17:03:13 | INFO | Sistema Operativo - Monitoreando lista estatica
17:04:09 | WARNING | ¡ALERTA! Conexión caída o congelada. Reiniciando sistema YA...
17:04:10 | INFO | MarketManager iniciado con 283 activos (MODO ESTÁTICO).
17:04:14 | INFO | Sistema Operativo - Monitoreando lista estatica
17:04:18 | INFO | Detencion manual detectada. Cerrando procesos...
17:04:18 | INFO | WebSocket desconectado. Bot fuera de linea.
09:57:26 | INFO | MarketManager iniciado con 283 activos (MODO ESTÁTICO).
09:57:30 | INFO | Sistema Operativo - Monitoreando lista estatica
09:58:01 | WARNING | ¡ALERTA! Conexión caída o congelada. Reiniciando sistema YA...
09:58:02 | INFO | MarketManager iniciado con 283 activos (MODO ESTÁTICO).
09:58:06 | INFO | Sistema Operativo - Monitoreando lista estatica
09:58:39 | WARNING | ¡ALERTA! Conexión caída o congelada. Reiniciando sistema YA...
09:58:40 | INFO | MarketManager iniciado con 283 activos (MODO ESTÁTICO).
09:58:44 | INFO | Sistema Operativo - Monitoreando lista estatica
09:59:15 | WARNING | ¡ALERTA! Conexión caída o congelada. Reiniciando sistema YA...
09:59:16 | INFO | MarketManager iniciado con 283 activos (MODO ESTÁTICO).
09:59:20 | INFO | Sistema Operativo - Monitoreando lista estatica
09:59:50 | WARNING | ¡ALERTA! Conexión caída o congelada. Reiniciando sistema YA...
09:59:52 | INFO | MarketManager iniciado con 283 activos (MODO ESTÁTICO).
09:59:58 | INFO | Sistema Operativo - Monitoreando lista estatica
10:00:37 | WARNING | ¡ALERTA! Conexión caída o congelada. Reiniciando sistema YA...
10:00:39 | INFO | MarketManager iniciado con 283 activos (MODO ESTÁTICO).
10:00:43 | INFO | Sistema Operativo - Monitoreando lista estatica
10:01:14 | WARNING | ¡ALERTA! Conexión caída o congelada. Reiniciando sistema YA...
10:01:15 | INFO | MarketManager iniciado con 283 activos (MODO ESTÁTICO).
10:01:20 | INFO | Sistema Operativo - Monitoreando lista estatica
10:01:50 | WARNING | ¡ALERTA! Conexión caída o congelada. Reiniciando sistema YA...
10:01:51 | INFO | MarketManager iniciado con 283 activos (MODO ESTÁTICO).
10:01:55 | INFO | Sistema Operativo - Monitoreando lista estatica
10:02:25 | WARNING | ¡ALERTA! Conexión caída o congelada. Reiniciando sistema YA...
10:02:27 | INFO | MarketManager iniciado con 283 activos (MODO ESTÁTICO).
10:02:30 | INFO | Sistema Operativo - Monitoreando lista estatica
10:03:01 | WARNING | ¡ALERTA! Conexión caída o congelada. Reiniciando sistema YA...
10:03:02 | INFO | MarketManager iniciado con 283 activos (MODO ESTÁTICO).
10:03:05 | INFO | Sistema Operativo - Monitoreando lista estatica
10:03:36 | WARNING | ¡ALERTA! Conexión caída o congelada. Reiniciando sistema YA...
10:03:37 | INFO | MarketManager iniciado con 283 activos (MODO ESTÁTICO).
10:03:42 | INFO | Sistema Operativo - Monitoreando lista estatica
10:04:13 | WARNING | ¡ALERTA! Conexión caída o congelada. Reiniciando sistema YA...
10:04:14 | INFO | MarketManager iniciado con 283 activos (MODO ESTÁTICO).
10:04:19 | INFO | Sistema Operativo - Monitoreando lista estatica
10:04:51 | WARNING | ¡ALERTA! Conexión caída o congelada. Reiniciando sistema YA...
10:04:53 | INFO | MarketManager iniciado con 283 activos (MODO ESTÁTICO).
10:04:58 | INFO | Sistema Operativo - Monitoreando lista estatica
10:05:28 | WARNING | ¡ALERTA! Conexión caída o congelada. Reiniciando sistema YA...
10:05:30 | INFO | MarketManager iniciado con 283 activos (MODO ESTÁTICO).
10:05:35 | INFO | Sistema Operativo - Monitoreando lista estatica
10:06:08 | WARNING | ¡ALERTA! Conexión caída o congelada. Reiniciando sistema YA...
10:06:10 | INFO | MarketManager iniciado con 283 activos (MODO ESTÁTICO).
10:06:15 | INFO | Sistema Operativo - Monitoreando lista estatica
10:06:45 | WARNING | ¡ALERTA! Conexión caída o congelada. Reiniciando sistema YA...
10:06:47 | INFO | MarketManager iniciado con 283 activos (MODO ESTÁTICO).
10:06:51 | INFO | Sistema Operativo - Monitoreando lista estatica
10:07:22 | WARNING | ¡ALERTA! Conexión caída o congelada. Reiniciando sistema YA...
10:07:23 | INFO | MarketManager iniciado con 283 activos (MODO ESTÁTICO).
10:07:26 | INFO | Sistema Operativo - Monitoreando lista estatica
10:07:57 | WARNING | ¡ALERTA! Conexión caída o congelada. Reiniciando sistema YA...
10:07:59 | INFO | MarketManager iniciado con 283 activos (MODO ESTÁTICO).
10:08:03 | INFO | Sistema Operativo - Monitoreando lista estatica
10:08:34 | WARNING | ¡ALERTA! Conexión caída o congelada. Reiniciando sistema YA...
10:08:35 | INFO | MarketManager iniciado con 283 activos (MODO ESTÁTICO).
10:08:40 | INFO | Sistema Operativo - Monitoreando lista estatica
10:09:11 | WARNING | ¡ALERTA! Conexión caída o congelada. Reiniciando sistema YA...
10:09:13 | INFO | MarketManager iniciado con 283 activos (MODO ESTÁTICO).
10:09:18 | INFO | Sistema Operativo - Monitoreando lista estatica
10:09:50 | WARNING | ¡ALERTA! Conexión caída o congelada. Reiniciando sistema YA...
10:09:52 | INFO | MarketManager iniciado con 283 activos (MODO ESTÁTICO).
10:09:56 | INFO | Sistema Operativo - Monitoreando lista estatica
10:10:27 | WARNING | ¡ALERTA! Conexión caída o congelada. Reiniciando sistema YA...
10:10:29 | INFO | MarketManager iniciado con 283 activos (MODO ESTÁTICO).
10:10:33 | INFO | Sistema Operativo - Monitoreando lista estatica
10:11:04 | WARNING | ¡ALERTA! Conexión caída o congelada. Reiniciando sistema YA...
10:11:08 | INFO | MarketManager iniciado con 283 activos (MODO ESTÁTICO).
10:11:13 | INFO | Sistema Operativo - Monitoreando lista estatica
10:11:43 | WARNING | ¡ALERTA! Conexión caída o congelada. Reiniciando sistema YA...
10:11:45 | INFO | MarketManager iniciado con 283 activos (MODO ESTÁTICO).
10:11:49 | INFO | Sistema Operativo - Monitoreando lista estatica
10:12:20 | WARNING | ¡ALERTA! Conexión caída o congelada. Reiniciando sistema YA...
10:12:24 | INFO | MarketManager iniciado con 283 activos (MODO ESTÁTICO).
10:12:32 | INFO | Sistema Operativo - Monitoreando lista estatica
10:13:03 | WARNING | ¡ALERTA! Conexión caída o congelada. Reiniciando sistema YA...
10:13:03 | INFO | MarketManager iniciado con 283 activos (MODO ESTÁTICO).
10:13:08 | INFO | Sistema Operativo - Monitoreando lista estatica
10:13:38 | WARNING | ¡ALERTA! Conexión caída o congelada. Reiniciando sistema YA...
10:13:40 | INFO | MarketManager iniciado con 283 activos (MODO ESTÁTICO).
10:13:45 | INFO | Sistema Operativo - Monitoreando lista estatica
10:14:16 | WARNING | ¡ALERTA! Conexión caída o congelada. Reiniciando sistema YA...
10:14:17 | INFO | MarketManager iniciado con 283 activos (MODO ESTÁTICO).
10:14:21 | INFO | Sistema Operativo - Monitoreando lista estatica
10:14:51 | WARNING | ¡ALERTA! Conexión caída o congelada. Reiniciando sistema YA...
10:14:54 | INFO | MarketManager iniciado con 283 activos (MODO ESTÁTICO).
10:15:01 | INFO | Sistema Operativo - Monitoreando lista estatica
10:15:31 | WARNING | ¡ALERTA! Conexión caída o congelada. Reiniciando sistema YA...
10:15:33 | INFO | MarketManager iniciado con 283 activos (MODO ESTÁTICO).
10:15:37 | INFO | Sistema Operativo - Monitoreando lista estatica
10:16:08 | WARNING | ¡ALERTA! Conexión caída o congelada. Reiniciando sistema YA...
10:16:08 | INFO | MarketManager iniciado con 283 activos (MODO ESTÁTICO).
10:16:12 | INFO | Sistema Operativo - Monitoreando lista estatica
10:16:43 | WARNING | ¡ALERTA! Conexión caída o congelada. Reiniciando sistema YA...
10:16:44 | INFO | MarketManager iniciado con 283 activos (MODO ESTÁTICO).
10:16:48 | INFO | Sistema Operativo - Monitoreando lista estatica
10:17:18 | WARNING | ¡ALERTA! Conexión caída o congelada. Reiniciando sistema YA...
10:17:19 | INFO | MarketManager iniciado con 283 activos (MODO ESTÁTICO).
10:17:23 | INFO | Sistema Operativo - Monitoreando lista estatica
10:17:54 | WARNING | ¡ALERTA! Conexión caída o congelada. Reiniciando sistema YA...
10:17:55 | INFO | MarketManager iniciado con 283 activos (MODO ESTÁTICO).
10:17:59 | INFO | Sistema Operativo - Monitoreando lista estatica
10:18:30 | WARNING | ¡ALERTA! Conexión caída o congelada. Reiniciando sistema YA...
10:18:31 | INFO | MarketManager iniciado con 283 activos (MODO ESTÁTICO).
10:18:36 | INFO | Sistema Operativo - Monitoreando lista estatica
10:19:06 | WARNING | ¡ALERTA! Conexión caída o congelada. Reiniciando sistema YA...
10:19:08 | INFO | MarketManager iniciado con 283 activos (MODO ESTÁTICO).
10:19:12 | INFO | Sistema Operativo - Monitoreando lista estatica
10:19:44 | WARNING | ¡ALERTA! Conexión caída o congelada. Reiniciando sistema YA...
10:19:46 | INFO | MarketManager iniciado con 283 activos (MODO ESTÁTICO).
10:19:50 | INFO | Sistema Operativo - Monitoreando lista estatica
10:20:20 | WARNING | ¡ALERTA! Conexión caída o congelada. Reiniciando sistema YA...
10:20:22 | INFO | MarketManager iniciado con 283 activos (MODO ESTÁTICO).
10:20:26 | INFO | Sistema Operativo - Monitoreando lista estatica
10:20:56 | WARNING | ¡ALERTA! Conexión caída o congelada. Reiniciando sistema YA...
10:20:58 | INFO | MarketManager iniciado con 283 activos (MODO ESTÁTICO).
10:21:01 | INFO | Sistema Operativo - Monitoreando lista estatica
10:21:32 | WARNING | ¡ALERTA! Conexión caída o congelada. Reiniciando sistema YA...
10:21:33 | INFO | MarketManager iniciado con 283 activos (MODO ESTÁTICO).
10:21:38 | INFO | Sistema Operativo - Monitoreando lista estatica
10:22:08 | WARNING | ¡ALERTA! Conexión caída o congelada. Reiniciando sistema YA...
10:22:10 | INFO | MarketManager iniciado con 283 activos (MODO ESTÁTICO).
10:22:14 | INFO | Sistema Operativo - Monitoreando lista estatica
10:22:44 | WARNING | ¡ALERTA! Conexión caída o congelada. Reiniciando sistema YA...
10:22:46 | INFO | MarketManager iniciado con 283 activos (MODO ESTÁTICO).
10:22:50 | INFO | Sistema Operativo - Monitoreando lista estatica
10:23:21 | WARNING | ¡ALERTA! Conexión caída o congelada. Reiniciando sistema YA...
10:23:21 | INFO | MarketManager iniciado con 283 activos (MODO ESTÁTICO).
10:23:26 | INFO | Sistema Operativo - Monitoreando lista estatica
10:23:56 | WARNING | ¡ALERTA! Conexión caída o congelada. Reiniciando sistema YA...
10:23:58 | INFO | MarketManager iniciado con 283 activos (MODO ESTÁTICO).
10:24:02 | INFO | Sistema Operativo - Monitoreando lista estatica
10:24:33 | WARNING | ¡ALERTA! Conexión caída o congelada. Reiniciando sistema YA...
10:24:35 | INFO | MarketManager iniciado con 283 activos (MODO ESTÁTICO).
10:24:39 | INFO | Sistema Operativo - Monitoreando lista estatica
13:27:23 | INFO | Detencion manual detectada. Cerrando procesos...
13:27:23 | INFO | WebSocket desconectado. Bot fuera de linea.
13:27:27 | INFO | MarketManager iniciado con 283 activos (MODO ESTÁTICO).
13:27:30 | INFO | Sistema Operativo - Monitoreando y Persistiendo Futuros
13:27:30 | CRITICAL | Error catastrofico en loop: 'MarketManager' object has no attribute 'market_data'. Reiniciando en 8s...
13:27:40 | INFO | MarketManager iniciado con 283 activos (MODO ESTÁTICO).
13:27:44 | INFO | Sistema Operativo - Monitoreando y Persistiendo Futuros
13:27:44 | CRITICAL | Error catastrofico en loop: 'MarketManager' object has no attribute 'market_data'. Reiniciando en 8s...
13:27:47 | INFO | Detencion manual detectada. Cerrando procesos...
13:27:47 | INFO | WebSocket desconectado. Bot fuera de linea.
13:27:51 | INFO | MarketManager iniciado con 283 activos (MODO ESTÁTICO).
13:27:51 | INFO | MarketManager iniciado con 283 activos (MODO ESTÁTICO).
13:27:54 | INFO | Detencion manual detectada. Cerrando procesos...
13:27:54 | INFO | WebSocket desconectado. Bot fuera de linea.
13:27:55 | INFO | Sistema Operativo - Monitoreando lista estatica
13:47:32 | WARNING | ¡ALERTA! Conexión caída o congelada. Reiniciando sistema YA...
13:47:33 | ERROR | Fallo inicializacion Rofex. Reintentando en 5s...
13:47:46 | INFO | MarketManager iniciado con 283 activos (MODO ESTÁTICO).
13:47:54 | INFO | Sistema Operativo - Monitoreando lista estatica
17:02:27 | WARNING | ¡ALERTA! Conexión caída o congelada. Reiniciando sistema YA...
17:02:29 | INFO | MarketManager iniciado con 283 activos (MODO ESTÁTICO).
17:02:34 | INFO | Sistema Operativo - Monitoreando lista estatica
17:04:08 | WARNING | ¡ALERTA! Conexión caída o congelada. Reiniciando sistema YA...
17:04:10 | INFO | MarketManager iniciado con 283 activos (MODO ESTÁTICO).
17:04:15 | INFO | Sistema Operativo - Monitoreando lista estatica
17:04:46 | WARNING | ¡ALERTA! Conexión caída o congelada. Reiniciando sistema YA...
17:04:47 | INFO | MarketManager iniciado con 283 activos (MODO ESTÁTICO).
17:04:51 | INFO | Sistema Operativo - Monitoreando lista estatica
17:05:21 | WARNING | ¡ALERTA! Conexión caída o congelada. Reiniciando sistema YA...
17:05:23 | INFO | MarketManager iniciado con 283 activos (MODO ESTÁTICO).
17:05:26 | INFO | Sistema Operativo - Monitoreando lista estatica
17:06:08 | WARNING | ¡ALERTA! Conexión caída o congelada. Reiniciando sistema YA...
17:06:09 | INFO | MarketManager iniciado con 283 activos (MODO ESTÁTICO).
17:06:14 | INFO | Sistema Operativo - Monitoreando lista estatica
17:06:45 | WARNING | ¡ALERTA! Conexión caída o congelada. Reiniciando sistema YA...
17:06:46 | INFO | MarketManager iniciado con 283 activos (MODO ESTÁTICO).
17:06:51 | INFO | Sistema Operativo - Monitoreando lista estatica
17:07:22 | WARNING | ¡ALERTA! Conexión caída o congelada. Reiniciando sistema YA...
17:07:24 | INFO | MarketManager iniciado con 283 activos (MODO ESTÁTICO).
17:07:28 | INFO | Sistema Operativo - Monitoreando lista estatica
17:07:58 | WARNING | ¡ALERTA! Conexión caída o congelada. Reiniciando sistema YA...
17:07:59 | INFO | MarketManager iniciado con 283 activos (MODO ESTÁTICO).
17:08:04 | INFO | Sistema Operativo - Monitoreando lista estatica
17:08:34 | WARNING | ¡ALERTA! Conexión caída o congelada. Reiniciando sistema YA...
17:08:35 | INFO | MarketManager iniciado con 283 activos (MODO ESTÁTICO).
17:08:40 | INFO | Sistema Operativo - Monitoreando lista estatica
17:09:12 | WARNING | ¡ALERTA! Conexión caída o congelada. Reiniciando sistema YA...
17:09:14 | INFO | MarketManager iniciado con 283 activos (MODO ESTÁTICO).
17:09:18 | INFO | Sistema Operativo - Monitoreando lista estatica
17:09:48 | WARNING | ¡ALERTA! Conexión caída o congelada. Reiniciando sistema YA...
17:09:50 | INFO | MarketManager iniciado con 283 activos (MODO ESTÁTICO).
17:09:54 | INFO | Sistema Operativo - Monitoreando lista estatica
17:10:25 | WARNING | ¡ALERTA! Conexión caída o congelada. Reiniciando sistema YA...
17:10:26 | INFO | MarketManager iniciado con 283 activos (MODO ESTÁTICO).
17:10:31 | INFO | Sistema Operativo - Monitoreando lista estatica
17:11:03 | WARNING | ¡ALERTA! Conexión caída o congelada. Reiniciando sistema YA...
17:11:05 | INFO | MarketManager iniciado con 283 activos (MODO ESTÁTICO).
17:11:09 | INFO | Sistema Operativo - Monitoreando lista estatica
17:11:44 | WARNING | ¡ALERTA! Conexión caída o congelada. Reiniciando sistema YA...
17:11:46 | INFO | MarketManager iniciado con 283 activos (MODO ESTÁTICO).
17:11:50 | INFO | Sistema Operativo - Monitoreando lista estatica
17:12:22 | WARNING | ¡ALERTA! Conexión caída o congelada. Reiniciando sistema YA...
17:12:23 | INFO | MarketManager iniciado con 283 activos (MODO ESTÁTICO).
17:12:27 | INFO | Sistema Operativo - Monitoreando lista estatica
17:13:27 | WARNING | ¡ALERTA! Conexión caída o congelada. Reiniciando sistema YA...
17:13:29 | INFO | MarketManager iniciado con 283 activos (MODO ESTÁTICO).
17:13:33 | INFO | Sistema Operativo - Monitoreando lista estatica
17:14:08 | WARNING | ¡ALERTA! Conexión caída o congelada. Reiniciando sistema YA...
17:14:10 | INFO | MarketManager iniciado con 283 activos (MODO ESTÁTICO).
17:14:14 | INFO | Sistema Operativo - Monitoreando lista estatica
17:17:35 | WARNING | ¡ALERTA! Conexión caída o congelada. Reiniciando sistema YA...
17:17:40 | INFO | MarketManager iniciado con 283 activos (MODO ESTÁTICO).
17:17:46 | INFO | Sistema Operativo - Monitoreando lista estatica
17:18:17 | WARNING | ¡ALERTA! Conexión caída o congelada. Reiniciando sistema YA...
17:18:18 | INFO | MarketManager iniciado con 283 activos (MODO ESTÁTICO).
17:18:23 | INFO | Sistema Operativo - Monitoreando lista estatica
17:18:55 | WARNING | ¡ALERTA! Conexión caída o congelada. Reiniciando sistema YA...
17:18:57 | INFO | MarketManager iniciado con 283 activos (MODO ESTÁTICO).
17:19:01 | INFO | Sistema Operativo - Monitoreando lista estatica
17:19:33 | WARNING | ¡ALERTA! Conexión caída o congelada. Reiniciando sistema YA...
17:19:35 | INFO | MarketManager iniciado con 283 activos (MODO ESTÁTICO).
17:19:39 | INFO | Sistema Operativo - Monitoreando lista estatica
17:20:11 | WARNING | ¡ALERTA! Conexión caída o congelada. Reiniciando sistema YA...
17:20:13 | INFO | MarketManager iniciado con 283 activos (MODO ESTÁTICO).
17:20:17 | INFO | Sistema Operativo - Monitoreando lista estatica
17:20:50 | WARNING | ¡ALERTA! Conexión caída o congelada. Reiniciando sistema YA...
17:20:52 | INFO | MarketManager iniciado con 283 activos (MODO ESTÁTICO).
17:20:56 | INFO | Sistema Operativo - Monitoreando lista estatica
17:21:26 | WARNING | ¡ALERTA! Conexión caída o congelada. Reiniciando sistema YA...
17:21:28 | INFO | MarketManager iniciado con 283 activos (MODO ESTÁTICO).
17:21:32 | INFO | Sistema Operativo - Monitoreando lista estatica
17:22:04 | WARNING | ¡ALERTA! Conexión caída o congelada. Reiniciando sistema YA...
17:22:06 | INFO | MarketManager iniciado con 283 activos (MODO ESTÁTICO).
17:22:09 | INFO | Sistema Operativo - Monitoreando lista estatica
17:22:39 | WARNING | ¡ALERTA! Conexión caída o congelada. Reiniciando sistema YA...
17:22:41 | INFO | MarketManager iniciado con 283 activos (MODO ESTÁTICO).
17:22:46 | INFO | Sistema Operativo - Monitoreando lista estatica
17:23:18 | WARNING | ¡ALERTA! Conexión caída o congelada. Reiniciando sistema YA...
17:23:19 | INFO | MarketManager iniciado con 283 activos (MODO ESTÁTICO).
17:23:24 | INFO | Sistema Operativo - Monitoreando lista estatica
17:23:54 | WARNING | ¡ALERTA! Conexión caída o congelada. Reiniciando sistema YA...
17:23:56 | INFO | MarketManager iniciado con 283 activos (MODO ESTÁTICO).
17:24:00 | INFO | Sistema Operativo - Monitoreando lista estatica
17:24:32 | WARNING | ¡ALERTA! Conexión caída o congelada. Reiniciando sistema YA...
17:24:34 | INFO | MarketManager iniciado con 283 activos (MODO ESTÁTICO).
17:24:39 | INFO | Sistema Operativo - Monitoreando lista estatica
17:25:11 | WARNING | ¡ALERTA! Conexión caída o congelada. Reiniciando sistema YA...
17:25:13 | INFO | MarketManager iniciado con 283 activos (MODO ESTÁTICO).
17:25:16 | INFO | Sistema Operativo - Monitoreando lista estatica
17:25:47 | WARNING | ¡ALERTA! Conexión caída o congelada. Reiniciando sistema YA...
17:25:48 | INFO | MarketManager iniciado con 283 activos (MODO ESTÁTICO).
17:25:52 | INFO | Sistema Operativo - Monitoreando lista estatica
17:26:25 | WARNING | ¡ALERTA! Conexión caída o congelada. Reiniciando sistema YA...
17:26:27 | INFO | MarketManager iniciado con 283 activos (MODO ESTÁTICO).
17:26:30 | INFO | Sistema Operativo - Monitoreando lista estatica
17:27:00 | WARNING | ¡ALERTA! Conexión caída o congelada. Reiniciando sistema YA...
17:27:02 | INFO | MarketManager iniciado con 283 activos (MODO ESTÁTICO).
17:27:06 | INFO | Sistema Operativo - Monitoreando lista estatica
17:27:38 | WARNING | ¡ALERTA! Conexión caída o congelada. Reiniciando sistema YA...
17:27:39 | INFO | MarketManager iniciado con 283 activos (MODO ESTÁTICO).
17:27:44 | INFO | Sistema Operativo - Monitoreando lista estatica
17:28:15 | WARNING | ¡ALERTA! Conexión caída o congelada. Reiniciando sistema YA...
17:28:17 | INFO | MarketManager iniciado con 283 activos (MODO ESTÁTICO).
17:28:21 | INFO | Sistema Operativo - Monitoreando lista estatica
17:28:51 | WARNING | ¡ALERTA! Conexión caída o congelada. Reiniciando sistema YA...
17:28:53 | INFO | MarketManager iniciado con 283 activos (MODO ESTÁTICO).
17:28:56 | INFO | Sistema Operativo - Monitoreando lista estatica
17:29:28 | WARNING | ¡ALERTA! Conexión caída o congelada. Reiniciando sistema YA...
17:29:29 | INFO | MarketManager iniciado con 283 activos (MODO ESTÁTICO).
17:29:32 | INFO | Sistema Operativo - Monitoreando lista estatica
17:30:04 | WARNING | ¡ALERTA! Conexión caída o congelada. Reiniciando sistema YA...
17:30:05 | INFO | MarketManager iniciado con 283 activos (MODO ESTÁTICO).
17:30:10 | INFO | Sistema Operativo - Monitoreando lista estatica
17:30:40 | WARNING | ¡ALERTA! Conexión caída o congelada. Reiniciando sistema YA...
17:30:40 | INFO | MarketManager iniciado con 283 activos (MODO ESTÁTICO).
17:30:45 | INFO | Sistema Operativo - Monitoreando lista estatica
17:31:15 | WARNING | ¡ALERTA! Conexión caída o congelada. Reiniciando sistema YA...
17:31:16 | INFO | MarketManager iniciado con 283 activos (MODO ESTÁTICO).
17:31:20 | INFO | Sistema Operativo - Monitoreando lista estatica
17:31:53 | WARNING | ¡ALERTA! Conexión caída o congelada. Reiniciando sistema YA...
17:31:54 | INFO | MarketManager iniciado con 283 activos (MODO ESTÁTICO).
17:31:59 | INFO | Sistema Operativo - Monitoreando lista estatica
17:32:31 | WARNING | ¡ALERTA! Conexión caída o congelada. Reiniciando sistema YA...
17:32:33 | INFO | MarketManager iniciado con 283 activos (MODO ESTÁTICO).
17:32:37 | INFO | Sistema Operativo - Monitoreando lista estatica
17:33:09 | WARNING | ¡ALERTA! Conexión caída o congelada. Reiniciando sistema YA...
17:33:11 | INFO | MarketManager iniciado con 283 activos (MODO ESTÁTICO).
17:33:15 | INFO | Sistema Operativo - Monitoreando lista estatica
17:33:48 | WARNING | ¡ALERTA! Conexión caída o congelada. Reiniciando sistema YA...
17:33:49 | INFO | MarketManager iniciado con 283 activos (MODO ESTÁTICO).
17:33:52 | INFO | Sistema Operativo - Monitoreando lista estatica
17:34:22 | WARNING | ¡ALERTA! Conexión caída o congelada. Reiniciando sistema YA...
17:34:24 | INFO | MarketManager iniciado con 283 activos (MODO ESTÁTICO).
17:34:27 | INFO | Sistema Operativo - Monitoreando lista estatica
17:34:59 | WARNING | ¡ALERTA! Conexión caída o congelada. Reiniciando sistema YA...
17:35:00 | INFO | MarketManager iniciado con 283 activos (MODO ESTÁTICO).
17:35:04 | INFO | Sistema Operativo - Monitoreando lista estatica
17:35:35 | WARNING | ¡ALERTA! Conexión caída o congelada. Reiniciando sistema YA...
17:35:36 | INFO | MarketManager iniciado con 283 activos (MODO ESTÁTICO).
17:35:42 | INFO | Sistema Operativo - Monitoreando lista estatica
17:36:14 | WARNING | ¡ALERTA! Conexión caída o congelada. Reiniciando sistema YA...
17:36:15 | INFO | MarketManager iniciado con 283 activos (MODO ESTÁTICO).
17:36:18 | INFO | Sistema Operativo - Monitoreando lista estatica
17:36:50 | WARNING | ¡ALERTA! Conexión caída o congelada. Reiniciando sistema YA...
17:36:52 | INFO | MarketManager iniciado con 283 activos (MODO ESTÁTICO).
17:36:56 | INFO | Sistema Operativo - Monitoreando lista estatica
17:37:28 | WARNING | ¡ALERTA! Conexión caída o congelada. Reiniciando sistema YA...
17:37:29 | INFO | MarketManager iniciado con 283 activos (MODO ESTÁTICO).
17:37:33 | INFO | Sistema Operativo - Monitoreando lista estatica
17:38:05 | WARNING | ¡ALERTA! Conexión caída o congelada. Reiniciando sistema YA...
17:38:06 | INFO | MarketManager iniciado con 283 activos (MODO ESTÁTICO).
17:38:10 | INFO | Sistema Operativo - Monitoreando lista estatica
17:38:43 | WARNING | ¡ALERTA! Conexión caída o congelada. Reiniciando sistema YA...
17:38:45 | INFO | MarketManager iniciado con 283 activos (MODO ESTÁTICO).
17:38:48 | INFO | Sistema Operativo - Monitoreando lista estatica
17:39:20 | WARNING | ¡ALERTA! Conexión caída o congelada. Reiniciando sistema YA...
17:39:22 | INFO | MarketManager iniciado con 283 activos (MODO ESTÁTICO).
17:39:26 | INFO | Sistema Operativo - Monitoreando lista estatica
17:39:56 | WARNING | ¡ALERTA! Conexión caída o congelada. Reiniciando sistema YA...
17:39:58 | INFO | MarketManager iniciado con 283 activos (MODO ESTÁTICO).
17:40:03 | INFO | Sistema Operativo - Monitoreando lista estatica
17:40:33 | WARNING | ¡ALERTA! Conexión caída o congelada. Reiniciando sistema YA...
17:40:35 | INFO | MarketManager iniciado con 283 activos (MODO ESTÁTICO).
17:40:39 | INFO | Sistema Operativo - Monitoreando lista estatica
17:41:09 | WARNING | ¡ALERTA! Conexión caída o congelada. Reiniciando sistema YA...
17:41:10 | INFO | MarketManager iniciado con 283 activos (MODO ESTÁTICO).
17:41:14 | INFO | Sistema Operativo - Monitoreando lista estatica
17:41:46 | WARNING | ¡ALERTA! Conexión caída o congelada. Reiniciando sistema YA...
17:41:48 | INFO | MarketManager iniciado con 283 activos (MODO ESTÁTICO).
17:41:52 | INFO | Sistema Operativo - Monitoreando lista estatica
17:42:23 | WARNING | ¡ALERTA! Conexión caída o congelada. Reiniciando sistema YA...
17:42:24 | INFO | MarketManager iniciado con 283 activos (MODO ESTÁTICO).
17:42:28 | INFO | Sistema Operativo - Monitoreando lista estatica
17:43:01 | WARNING | ¡ALERTA! Conexión caída o congelada. Reiniciando sistema YA...
17:43:03 | INFO | MarketManager iniciado con 283 activos (MODO ESTÁTICO).
17:43:07 | INFO | Sistema Operativo - Monitoreando lista estatica
17:43:42 | WARNING | ¡ALERTA! Conexión caída o congelada. Reiniciando sistema YA...
17:43:44 | INFO | MarketManager iniciado con 283 activos (MODO ESTÁTICO).
17:43:48 | INFO | Sistema Operativo - Monitoreando lista estatica
17:44:18 | WARNING | ¡ALERTA! Conexión caída o congelada. Reiniciando sistema YA...
17:44:20 | INFO | MarketManager iniciado con 283 activos (MODO ESTÁTICO).
17:44:23 | INFO | Sistema Operativo - Monitoreando lista estatica
17:44:55 | WARNING | ¡ALERTA! Conexión caída o congelada. Reiniciando sistema YA...
17:44:56 | INFO | MarketManager iniciado con 283 activos (MODO ESTÁTICO).
17:45:00 | INFO | Sistema Operativo - Monitoreando lista estatica
17:45:31 | WARNING | ¡ALERTA! Conexión caída o congelada. Reiniciando sistema YA...
17:45:33 | INFO | MarketManager iniciado con 283 activos (MODO ESTÁTICO).
17:45:37 | INFO | Sistema Operativo - Monitoreando lista estatica
17:46:08 | WARNING | ¡ALERTA! Conexión caída o congelada. Reiniciando sistema YA...
17:46:10 | INFO | MarketManager iniciado con 283 activos (MODO ESTÁTICO).
17:46:13 | INFO | Sistema Operativo - Monitoreando lista estatica
17:46:45 | WARNING | ¡ALERTA! Conexión caída o congelada. Reiniciando sistema YA...
17:46:45 | INFO | MarketManager iniciado con 283 activos (MODO ESTÁTICO).
17:46:48 | INFO | Sistema Operativo - Monitoreando lista estatica
17:47:20 | WARNING | ¡ALERTA! Conexión caída o congelada. Reiniciando sistema YA...
17:47:22 | INFO | MarketManager iniciado con 283 activos (MODO ESTÁTICO).
17:47:26 | INFO | Sistema Operativo - Monitoreando lista estatica
17:47:58 | WARNING | ¡ALERTA! Conexión caída o congelada. Reiniciando sistema YA...
17:48:02 | INFO | MarketManager iniciado con 283 activos (MODO ESTÁTICO).
17:48:09 | INFO | Sistema Operativo - Monitoreando lista estatica
17:48:23 | INFO | Detencion manual detectada. Cerrando procesos...
17:48:23 | INFO | WebSocket desconectado. Bot fuera de linea.
10:30:23 | INFO | MarketManager iniciado con 283 activos (MODO ESTÁTICO).
10:30:27 | INFO | Sistema Operativo - Monitoreando lista estatica
13:16:23 | WARNING | Falla API Google (Intento 1/3). Reintento en 3s...
13:16:28 | WARNING | Falla API Google (Intento 2/3). Reintento en 6s...
13:17:28 | WARNING | Falla API Google (Intento 1/3). Reintento en 3s...
13:18:28 | WARNING | Falla API Google (Intento 1/3). Reintento en 3s...
13:19:25 | WARNING | Falla API Google (Intento 1/3). Reintento en 3s...
13:19:31 | WARNING | Falla API Google (Intento 2/3). Reintento en 6s...
13:20:31 | WARNING | Falla API Google (Intento 1/3). Reintento en 3s...
13:21:28 | WARNING | Falla API Google (Intento 1/3). Reintento en 3s...
13:22:25 | WARNING | Falla API Google (Intento 1/3). Reintento en 3s...
13:22:30 | WARNING | Falla API Google (Intento 2/3). Reintento en 6s...
13:23:28 | WARNING | Falla API Google (Intento 1/3). Reintento en 3s...
13:24:29 | WARNING | Falla API Google (Intento 1/3). Reintento en 3s...
13:25:29 | WARNING | Falla API Google (Intento 1/3). Reintento en 3s...
13:26:28 | WARNING | Falla API Google (Intento 1/3). Reintento en 3s...
13:30:25 | WARNING | Falla API Google (Intento 1/3). Reintento en 3s...
13:30:30 | WARNING | Falla API Google (Intento 2/3). Reintento en 6s...
13:31:28 | WARNING | Falla API Google (Intento 1/3). Reintento en 3s...
13:32:29 | WARNING | Falla API Google (Intento 1/3). Reintento en 3s...
13:33:27 | WARNING | Falla API Google (Intento 1/3). Reintento en 3s...
13:34:26 | WARNING | Falla API Google (Intento 1/3). Reintento en 3s...
13:35:28 | WARNING | Falla API Google (Intento 1/3). Reintento en 3s...
13:36:28 | WARNING | Falla API Google (Intento 1/3). Reintento en 3s...
13:37:26 | WARNING | Falla API Google (Intento 1/3). Reintento en 3s...
13:38:25 | WARNING | Falla API Google (Intento 1/3). Reintento en 3s...
13:39:28 | WARNING | Falla API Google (Intento 1/3). Reintento en 3s...
13:40:27 | WARNING | Falla API Google (Intento 1/3). Reintento en 3s...
13:41:26 | WARNING | Falla API Google (Intento 1/3). Reintento en 3s...
13:42:26 | WARNING | Falla API Google (Intento 1/3). Reintento en 3s...
13:43:26 | WARNING | Falla API Google (Intento 1/3). Reintento en 3s...
13:44:25 | WARNING | Falla API Google (Intento 1/3). Reintento en 3s...
13:45:29 | WARNING | Falla API Google (Intento 1/3). Reintento en 3s...
13:46:26 | WARNING | Falla API Google (Intento 1/3). Reintento en 3s...
13:47:26 | WARNING | Falla API Google (Intento 1/3). Reintento en 3s...
13:48:27 | WARNING | Falla API Google (Intento 1/3). Reintento en 3s...
13:49:28 | WARNING | Falla API Google (Intento 1/3). Reintento en 3s...
13:50:28 | WARNING | Falla API Google (Intento 1/3). Reintento en 3s...
13:51:29 | WARNING | Falla API Google (Intento 1/3). Reintento en 3s...
13:52:30 | WARNING | Falla API Google (Intento 1/3). Reintento en 3s...
13:53:30 | WARNING | Falla API Google (Intento 1/3). Reintento en 3s...
13:54:28 | WARNING | Falla API Google (Intento 1/3). Reintento en 3s...
13:55:27 | WARNING | Falla API Google (Intento 1/3). Reintento en 3s...
13:56:28 | WARNING | Falla API Google (Intento 1/3). Reintento en 3s...
13:57:28 | WARNING | Falla API Google (Intento 1/3). Reintento en 3s...
13:58:23 | WARNING | Falla API Google (Intento 1/3). Reintento en 3s...
13:58:28 | WARNING | Falla API Google (Intento 2/3). Reintento en 6s...
13:59:26 | WARNING | Falla API Google (Intento 1/3). Reintento en 3s...
14:00:26 | WARNING | Falla API Google (Intento 1/3). Reintento en 3s...
14:01:25 | WARNING | Falla API Google (Intento 1/3). Reintento en 3s...
14:02:26 | WARNING | Falla API Google (Intento 1/3). Reintento en 3s...
14:03:25 | WARNING | Falla API Google (Intento 1/3). Reintento en 3s...
14:04:25 | WARNING | Falla API Google (Intento 1/3). Reintento en 3s...
14:05:26 | WARNING | Falla API Google (Intento 1/3). Reintento en 3s...
14:06:26 | WARNING | Falla API Google (Intento 1/3). Reintento en 3s...
14:07:27 | WARNING | Falla API Google (Intento 1/3). Reintento en 3s...
14:08:28 | WARNING | Falla API Google (Intento 1/3). Reintento en 3s...
14:09:30 | WARNING | Falla API Google (Intento 1/3). Reintento en 3s...
14:10:29 | WARNING | Falla API Google (Intento 1/3). Reintento en 3s...
14:11:27 | WARNING | Falla API Google (Intento 1/3). Reintento en 3s...
14:12:26 | WARNING | Falla API Google (Intento 1/3). Reintento en 3s...
14:13:26 | WARNING | Falla API Google (Intento 1/3). Reintento en 3s...
14:14:25 | WARNING | Falla API Google (Intento 1/3). Reintento en 3s...
14:15:28 | WARNING | Falla API Google (Intento 1/3). Reintento en 3s...
14:16:30 | WARNING | Falla API Google (Intento 1/3). Reintento en 3s...
14:21:59 | INFO | Detencion manual detectada. Cerrando procesos...
14:21:59 | INFO | WebSocket desconectado. Bot fuera de linea.
14:28:25 | INFO | MarketManager iniciado con 283 activos (MODO ESTÁTICO).
14:28:29 | INFO | Sistema Operativo - Monitoreando lista estatica
15:19:33 | WARNING | Falla API Google (Intento 1/3). Reintento en 3s...
15:21:33 | WARNING | Falla API Google (Intento 1/3). Reintento en 3s...
16:31:07 | WARNING | Falla API Google (Intento 1/3). Reintento en 3s...
16:31:13 | WARNING | Falla API Google (Intento 2/3). Reintento en 6s...
16:31:22 | WARNING | Falla API Google (Intento 3/3). Reintento en 9s...
16:31:34 | ERROR | No se pudo actualizar el Excel tras varios intentos.
16:32:12 | WARNING | Falla API Google (Intento 1/3). Reintento en 3s...
16:32:17 | WARNING | Falla API Google (Intento 2/3). Reintento en 6s...
16:32:26 | WARNING | Falla API Google (Intento 3/3). Reintento en 9s...
16:32:38 | ERROR | No se pudo actualizar el Excel tras varios intentos.
16:33:14 | WARNING | Falla API Google (Intento 1/3). Reintento en 3s...
16:33:21 | WARNING | Falla API Google (Intento 2/3). Reintento en 6s...
16:33:31 | WARNING | Falla API Google (Intento 3/3). Reintento en 9s...
16:33:43 | ERROR | No se pudo actualizar el Excel tras varios intentos.
16:34:16 | WARNING | Falla API Google (Intento 1/3). Reintento en 3s...
16:34:22 | WARNING | Falla API Google (Intento 2/3). Reintento en 6s...
16:35:12 | WARNING | Falla API Google (Intento 1/3). Reintento en 3s...
16:35:17 | WARNING | Falla API Google (Intento 2/3). Reintento en 6s...
16:35:26 | WARNING | Falla API Google (Intento 3/3). Reintento en 9s...
16:35:37 | ERROR | No se pudo actualizar el Excel tras varios intentos.
16:36:13 | WARNING | Falla API Google (Intento 1/3). Reintento en 3s...
16:36:19 | WARNING | Falla API Google (Intento 2/3). Reintento en 6s...
16:36:28 | WARNING | Falla API Google (Intento 3/3). Reintento en 9s...
16:36:39 | ERROR | No se pudo actualizar el Excel tras varios intentos.
16:37:15 | WARNING | Falla API Google (Intento 1/3). Reintento en 3s...
16:37:20 | WARNING | Falla API Google (Intento 2/3). Reintento en 6s...
16:37:29 | WARNING | Falla API Google (Intento 3/3). Reintento en 9s...
16:37:41 | ERROR | No se pudo actualizar el Excel tras varios intentos.
16:38:16 | WARNING | Falla API Google (Intento 1/3). Reintento en 3s...
16:38:22 | WARNING | Falla API Google (Intento 2/3). Reintento en 6s...
16:38:30 | WARNING | Falla API Google (Intento 3/3). Reintento en 9s...
16:38:42 | ERROR | No se pudo actualizar el Excel tras varios intentos.
16:39:13 | WARNING | Falla API Google (Intento 1/3). Reintento en 3s...
16:39:19 | WARNING | Falla API Google (Intento 2/3). Reintento en 6s...
16:39:28 | WARNING | Falla API Google (Intento 3/3). Reintento en 9s...
16:39:39 | ERROR | No se pudo actualizar el Excel tras varios intentos.
16:40:15 | WARNING | Falla API Google (Intento 1/3). Reintento en 3s...
16:40:21 | WARNING | Falla API Google (Intento 2/3). Reintento en 6s...
16:40:30 | WARNING | Falla API Google (Intento 3/3). Reintento en 9s...
16:40:41 | ERROR | No se pudo actualizar el Excel tras varios intentos.
16:41:14 | WARNING | Falla API Google (Intento 1/3). Reintento en 3s...
16:41:20 | WARNING | Falla API Google (Intento 2/3). Reintento en 6s...
16:41:29 | WARNING | Falla API Google (Intento 3/3). Reintento en 9s...
16:41:40 | ERROR | No se pudo actualizar el Excel tras varios intentos.
16:42:16 | WARNING | Falla API Google (Intento 1/3). Reintento en 3s...
16:42:22 | WARNING | Falla API Google (Intento 2/3). Reintento en 6s...
16:42:30 | WARNING | Falla API Google (Intento 3/3). Reintento en 9s...
16:42:42 | ERROR | No se pudo actualizar el Excel tras varios intentos.
16:43:15 | WARNING | Falla API Google (Intento 1/3). Reintento en 3s...
16:43:21 | WARNING | Falla API Google (Intento 2/3). Reintento en 6s...
16:43:29 | WARNING | Falla API Google (Intento 3/3). Reintento en 9s...
16:43:41 | ERROR | No se pudo actualizar el Excel tras varios intentos.
16:44:16 | WARNING | Falla API Google (Intento 1/3). Reintento en 3s...
16:44:21 | WARNING | Falla API Google (Intento 2/3). Reintento en 6s...
16:44:30 | WARNING | Falla API Google (Intento 3/3). Reintento en 9s...
16:44:41 | ERROR | No se pudo actualizar el Excel tras varios intentos.
16:45:14 | WARNING | Falla API Google (Intento 1/3). Reintento en 3s...
16:45:21 | WARNING | Falla API Google (Intento 2/3). Reintento en 6s...
16:45:29 | WARNING | Falla API Google (Intento 3/3). Reintento en 9s...
16:45:40 | ERROR | No se pudo actualizar el Excel tras varios intentos.
16:46:14 | WARNING | Falla API Google (Intento 1/3). Reintento en 3s...
16:46:20 | WARNING | Falla API Google (Intento 2/3). Reintento en 6s...
16:46:30 | WARNING | Falla API Google (Intento 3/3). Reintento en 9s...
16:46:42 | ERROR | No se pudo actualizar el Excel tras varios intentos.
16:47:15 | WARNING | Falla API Google (Intento 1/3). Reintento en 3s...
16:47:21 | WARNING | Falla API Google (Intento 2/3). Reintento en 6s...
16:47:30 | WARNING | Falla API Google (Intento 3/3). Reintento en 9s...
16:47:42 | ERROR | No se pudo actualizar el Excel tras varios intentos.
16:48:14 | WARNING | Falla API Google (Intento 1/3). Reintento en 3s...
16:48:20 | WARNING | Falla API Google (Intento 2/3). Reintento en 6s...
16:48:29 | WARNING | Falla API Google (Intento 3/3). Reintento en 9s...
16:48:40 | ERROR | No se pudo actualizar el Excel tras varios intentos.
16:49:13 | WARNING | Falla API Google (Intento 1/3). Reintento en 3s...
16:49:19 | WARNING | Falla API Google (Intento 2/3). Reintento en 6s...
16:49:28 | WARNING | Falla API Google (Intento 3/3). Reintento en 9s...
16:49:39 | ERROR | No se pudo actualizar el Excel tras varios intentos.
16:50:28 | WARNING | Falla API Google (Intento 1/3). Reintento en 3s...
16:51:31 | WARNING | Falla API Google (Intento 1/3). Reintento en 3s...
16:52:31 | WARNING | Falla API Google (Intento 1/3). Reintento en 3s...
16:53:33 | WARNING | Falla API Google (Intento 1/3). Reintento en 3s...
16:54:32 | WARNING | Falla API Google (Intento 1/3). Reintento en 3s...
16:55:32 | WARNING | Falla API Google (Intento 1/3). Reintento en 3s...
16:56:31 | WARNING | Falla API Google (Intento 1/3). Reintento en 3s...
16:58:31 | WARNING | Falla API Google (Intento 1/3). Reintento en 3s...
17:00:29 | WARNING | Falla API Google (Intento 1/3). Reintento en 3s...
17:02:49 | WARNING | ¡ALERTA! Conexión caída o congelada. Reiniciando sistema YA...
17:02:51 | INFO | MarketManager iniciado con 283 activos (MODO ESTÁTICO).
17:02:55 | INFO | Sistema Operativo - Monitoreando lista estatica
17:03:27 | WARNING | ¡ALERTA! Conexión caída o congelada. Reiniciando sistema YA...
17:03:29 | INFO | MarketManager iniciado con 283 activos (MODO ESTÁTICO).
17:03:33 | INFO | Sistema Operativo - Monitoreando lista estatica
17:04:04 | WARNING | ¡ALERTA! Conexión caída o congelada. Reiniciando sistema YA...
17:04:06 | INFO | MarketManager iniciado con 283 activos (MODO ESTÁTICO).
17:04:10 | INFO | Sistema Operativo - Monitoreando lista estatica
17:05:10 | WARNING | ¡ALERTA! Conexión caída o congelada. Reiniciando sistema YA...
17:05:12 | INFO | MarketManager iniciado con 283 activos (MODO ESTÁTICO).
17:05:16 | INFO | Sistema Operativo - Monitoreando lista estatica
17:06:16 | WARNING | ¡ALERTA! Conexión caída o congelada. Reiniciando sistema YA...
17:06:18 | INFO | MarketManager iniciado con 283 activos (MODO ESTÁTICO).
17:06:21 | INFO | Sistema Operativo - Monitoreando lista estatica
17:07:01 | WARNING | ¡ALERTA! Conexión caída o congelada. Reiniciando sistema YA...
17:07:02 | INFO | MarketManager iniciado con 283 activos (MODO ESTÁTICO).
17:07:06 | INFO | Sistema Operativo - Monitoreando lista estatica
17:07:44 | WARNING | ¡ALERTA! Conexión caída o congelada. Reiniciando sistema YA...
17:07:45 | INFO | MarketManager iniciado con 283 activos (MODO ESTÁTICO).
17:07:50 | INFO | Sistema Operativo - Monitoreando lista estatica
17:08:21 | WARNING | ¡ALERTA! Conexión caída o congelada. Reiniciando sistema YA...
17:08:22 | INFO | MarketManager iniciado con 283 activos (MODO ESTÁTICO).
17:08:26 | INFO | Sistema Operativo - Monitoreando lista estatica
17:09:04 | WARNING | ¡ALERTA! Conexión caída o congelada. Reiniciando sistema YA...
17:09:05 | INFO | MarketManager iniciado con 283 activos (MODO ESTÁTICO).
17:09:08 | INFO | Sistema Operativo - Monitoreando lista estatica
17:10:09 | WARNING | ¡ALERTA! Conexión caída o congelada. Reiniciando sistema YA...
17:10:10 | INFO | MarketManager iniciado con 283 activos (MODO ESTÁTICO).
17:10:14 | INFO | Sistema Operativo - Monitoreando lista estatica
17:10:45 | WARNING | ¡ALERTA! Conexión caída o congelada. Reiniciando sistema YA...
17:10:47 | INFO | MarketManager iniciado con 283 activos (MODO ESTÁTICO).
17:10:51 | INFO | Sistema Operativo - Monitoreando lista estatica
17:11:34 | WARNING | ¡ALERTA! Conexión caída o congelada. Reiniciando sistema YA...
17:11:36 | INFO | MarketManager iniciado con 283 activos (MODO ESTÁTICO).
17:11:40 | INFO | Sistema Operativo - Monitoreando lista estatica
17:12:10 | WARNING | ¡ALERTA! Conexión caída o congelada. Reiniciando sistema YA...
17:12:12 | INFO | MarketManager iniciado con 283 activos (MODO ESTÁTICO).
17:12:16 | INFO | Sistema Operativo - Monitoreando lista estatica
17:13:12 | WARNING | ¡ALERTA! Conexión caída o congelada. Reiniciando sistema YA...
17:13:14 | INFO | MarketManager iniciado con 283 activos (MODO ESTÁTICO).
17:13:18 | INFO | Sistema Operativo - Monitoreando lista estatica
17:13:50 | WARNING | ¡ALERTA! Conexión caída o congelada. Reiniciando sistema YA...
17:13:51 | INFO | MarketManager iniciado con 283 activos (MODO ESTÁTICO).
17:13:55 | INFO | Sistema Operativo - Monitoreando lista estatica
17:14:27 | WARNING | ¡ALERTA! Conexión caída o congelada. Reiniciando sistema YA...
17:14:28 | INFO | MarketManager iniciado con 283 activos (MODO ESTÁTICO).
17:14:31 | INFO | Sistema Operativo - Monitoreando lista estatica
17:15:15 | WARNING | ¡ALERTA! Conexión caída o congelada. Reiniciando sistema YA...
17:15:17 | INFO | MarketManager iniciado con 283 activos (MODO ESTÁTICO).
17:15:21 | INFO | Sistema Operativo - Monitoreando lista estatica
17:15:52 | WARNING | ¡ALERTA! Conexión caída o congelada. Reiniciando sistema YA...
17:15:54 | INFO | MarketManager iniciado con 283 activos (MODO ESTÁTICO).
17:15:58 | INFO | Sistema Operativo - Monitoreando lista estatica
17:16:30 | WARNING | ¡ALERTA! Conexión caída o congelada. Reiniciando sistema YA...
17:16:31 | INFO | MarketManager iniciado con 283 activos (MODO ESTÁTICO).
17:16:35 | INFO | Sistema Operativo - Monitoreando lista estatica
17:17:06 | WARNING | ¡ALERTA! Conexión caída o congelada. Reiniciando sistema YA...
17:17:08 | INFO | MarketManager iniciado con 283 activos (MODO ESTÁTICO).
17:17:12 | INFO | Sistema Operativo - Monitoreando lista estatica
17:17:43 | WARNING | ¡ALERTA! Conexión caída o congelada. Reiniciando sistema YA...
17:17:45 | INFO | MarketManager iniciado con 283 activos (MODO ESTÁTICO).
17:17:48 | INFO | Sistema Operativo - Monitoreando lista estatica
17:18:20 | WARNING | ¡ALERTA! Conexión caída o congelada. Reiniciando sistema YA...
17:18:21 | INFO | MarketManager iniciado con 283 activos (MODO ESTÁTICO).
17:18:24 | INFO | Sistema Operativo - Monitoreando lista estatica
17:18:56 | WARNING | ¡ALERTA! Conexión caída o congelada. Reiniciando sistema YA...
17:18:57 | INFO | MarketManager iniciado con 283 activos (MODO ESTÁTICO).
17:19:02 | INFO | Sistema Operativo - Monitoreando lista estatica
17:19:33 | WARNING | ¡ALERTA! Conexión caída o congelada. Reiniciando sistema YA...
17:19:34 | INFO | MarketManager iniciado con 283 activos (MODO ESTÁTICO).
17:19:38 | INFO | Sistema Operativo - Monitoreando lista estatica
17:20:09 | WARNING | ¡ALERTA! Conexión caída o congelada. Reiniciando sistema YA...
17:20:11 | INFO | MarketManager iniciado con 283 activos (MODO ESTÁTICO).
17:20:14 | INFO | Sistema Operativo - Monitoreando lista estatica
17:20:45 | WARNING | ¡ALERTA! Conexión caída o congelada. Reiniciando sistema YA...
17:20:46 | INFO | MarketManager iniciado con 283 activos (MODO ESTÁTICO).
17:20:49 | INFO | Sistema Operativo - Monitoreando lista estatica
17:21:20 | WARNING | ¡ALERTA! Conexión caída o congelada. Reiniciando sistema YA...
17:21:22 | INFO | MarketManager iniciado con 283 activos (MODO ESTÁTICO).
17:21:26 | INFO | Sistema Operativo - Monitoreando lista estatica
17:21:57 | WARNING | ¡ALERTA! Conexión caída o congelada. Reiniciando sistema YA...
17:21:59 | INFO | MarketManager iniciado con 283 activos (MODO ESTÁTICO).
17:22:02 | INFO | Sistema Operativo - Monitoreando lista estatica
17:22:33 | WARNING | ¡ALERTA! Conexión caída o congelada. Reiniciando sistema YA...
17:22:35 | INFO | MarketManager iniciado con 283 activos (MODO ESTÁTICO).
17:22:39 | INFO | Sistema Operativo - Monitoreando lista estatica
17:23:10 | WARNING | ¡ALERTA! Conexión caída o congelada. Reiniciando sistema YA...
17:23:11 | INFO | MarketManager iniciado con 283 activos (MODO ESTÁTICO).
17:23:16 | INFO | Sistema Operativo - Monitoreando lista estatica
17:23:46 | WARNING | ¡ALERTA! Conexión caída o congelada. Reiniciando sistema YA...
17:23:48 | INFO | MarketManager iniciado con 283 activos (MODO ESTÁTICO).
17:23:51 | INFO | Sistema Operativo - Monitoreando lista estatica
17:24:22 | WARNING | ¡ALERTA! Conexión caída o congelada. Reiniciando sistema YA...
17:24:23 | INFO | MarketManager iniciado con 283 activos (MODO ESTÁTICO).
17:24:28 | INFO | Sistema Operativo - Monitoreando lista estatica
17:24:59 | WARNING | ¡ALERTA! Conexión caída o congelada. Reiniciando sistema YA...
17:25:01 | INFO | MarketManager iniciado con 283 activos (MODO ESTÁTICO).
17:25:04 | INFO | Sistema Operativo - Monitoreando lista estatica
17:25:35 | WARNING | ¡ALERTA! Conexión caída o congelada. Reiniciando sistema YA...
17:25:37 | INFO | MarketManager iniciado con 283 activos (MODO ESTÁTICO).
17:25:41 | INFO | Sistema Operativo - Monitoreando lista estatica
17:26:12 | WARNING | ¡ALERTA! Conexión caída o congelada. Reiniciando sistema YA...
17:26:14 | INFO | MarketManager iniciado con 283 activos (MODO ESTÁTICO).
17:26:18 | INFO | Sistema Operativo - Monitoreando lista estatica
17:26:49 | WARNING | ¡ALERTA! Conexión caída o congelada. Reiniciando sistema YA...
17:26:50 | INFO | MarketManager iniciado con 283 activos (MODO ESTÁTICO).
17:26:53 | INFO | Sistema Operativo - Monitoreando lista estatica
17:27:24 | WARNING | ¡ALERTA! Conexión caída o congelada. Reiniciando sistema YA...
17:27:25 | INFO | MarketManager iniciado con 283 activos (MODO ESTÁTICO).
17:27:30 | INFO | Sistema Operativo - Monitoreando lista estatica
17:28:00 | WARNING | ¡ALERTA! Conexión caída o congelada. Reiniciando sistema YA...
17:28:02 | INFO | MarketManager iniciado con 283 activos (MODO ESTÁTICO).
17:28:06 | INFO | Sistema Operativo - Monitoreando lista estatica
17:28:37 | WARNING | ¡ALERTA! Conexión caída o congelada. Reiniciando sistema YA...
17:28:39 | INFO | MarketManager iniciado con 283 activos (MODO ESTÁTICO).
17:28:43 | INFO | Sistema Operativo - Monitoreando lista estatica
17:29:14 | WARNING | ¡ALERTA! Conexión caída o congelada. Reiniciando sistema YA...
17:29:15 | INFO | MarketManager iniciado con 283 activos (MODO ESTÁTICO).
17:29:19 | INFO | Sistema Operativo - Monitoreando lista estatica
17:29:50 | WARNING | ¡ALERTA! Conexión caída o congelada. Reiniciando sistema YA...
17:29:52 | INFO | MarketManager iniciado con 283 activos (MODO ESTÁTICO).
17:29:56 | INFO | Sistema Operativo - Monitoreando lista estatica
17:30:27 | WARNING | ¡ALERTA! Conexión caída o congelada. Reiniciando sistema YA...
17:30:29 | INFO | MarketManager iniciado con 283 activos (MODO ESTÁTICO).
17:30:33 | INFO | Sistema Operativo - Monitoreando lista estatica
17:31:04 | WARNING | ¡ALERTA! Conexión caída o congelada. Reiniciando sistema YA...
17:31:06 | INFO | MarketManager iniciado con 283 activos (MODO ESTÁTICO).
17:31:10 | INFO | Sistema Operativo - Monitoreando lista estatica
17:31:41 | WARNING | ¡ALERTA! Conexión caída o congelada. Reiniciando sistema YA...
17:31:43 | INFO | MarketManager iniciado con 283 activos (MODO ESTÁTICO).
17:31:47 | INFO | Sistema Operativo - Monitoreando lista estatica
17:32:19 | WARNING | ¡ALERTA! Conexión caída o congelada. Reiniciando sistema YA...
17:32:19 | INFO | MarketManager iniciado con 283 activos (MODO ESTÁTICO).
17:32:22 | INFO | Sistema Operativo - Monitoreando lista estatica
17:32:54 | WARNING | ¡ALERTA! Conexión caída o congelada. Reiniciando sistema YA...
17:32:56 | INFO | MarketManager iniciado con 283 activos (MODO ESTÁTICO).
17:33:00 | INFO | Sistema Operativo - Monitoreando lista estatica
17:33:31 | WARNING | ¡ALERTA! Conexión caída o congelada. Reiniciando sistema YA...
17:33:33 | INFO | MarketManager iniciado con 283 activos (MODO ESTÁTICO).
17:33:37 | INFO | Sistema Operativo - Monitoreando lista estatica
17:34:08 | WARNING | ¡ALERTA! Conexión caída o congelada. Reiniciando sistema YA...
17:34:10 | INFO | MarketManager iniciado con 283 activos (MODO ESTÁTICO).
17:34:13 | INFO | Sistema Operativo - Monitoreando lista estatica
17:34:44 | WARNING | ¡ALERTA! Conexión caída o congelada. Reiniciando sistema YA...
17:34:45 | INFO | MarketManager iniciado con 283 activos (MODO ESTÁTICO).
17:34:49 | INFO | Sistema Operativo - Monitoreando lista estatica
17:35:20 | WARNING | ¡ALERTA! Conexión caída o congelada. Reiniciando sistema YA...
17:35:22 | INFO | MarketManager iniciado con 283 activos (MODO ESTÁTICO).
17:35:26 | INFO | Sistema Operativo - Monitoreando lista estatica
17:35:57 | WARNING | ¡ALERTA! Conexión caída o congelada. Reiniciando sistema YA...
17:35:58 | INFO | MarketManager iniciado con 283 activos (MODO ESTÁTICO).
17:36:03 | INFO | Sistema Operativo - Monitoreando lista estatica
17:36:34 | WARNING | ¡ALERTA! Conexión caída o congelada. Reiniciando sistema YA...
17:36:35 | INFO | MarketManager iniciado con 283 activos (MODO ESTÁTICO).
17:36:40 | INFO | Sistema Operativo - Monitoreando lista estatica
17:37:10 | WARNING | ¡ALERTA! Conexión caída o congelada. Reiniciando sistema YA...
17:37:11 | INFO | MarketManager iniciado con 283 activos (MODO ESTÁTICO).
17:37:15 | INFO | Sistema Operativo - Monitoreando lista estatica
17:37:46 | WARNING | ¡ALERTA! Conexión caída o congelada. Reiniciando sistema YA...
17:37:48 | INFO | MarketManager iniciado con 283 activos (MODO ESTÁTICO).
17:37:52 | INFO | Sistema Operativo - Monitoreando lista estatica
17:38:23 | WARNING | ¡ALERTA! Conexión caída o congelada. Reiniciando sistema YA...
17:38:24 | INFO | MarketManager iniciado con 283 activos (MODO ESTÁTICO).
17:38:27 | INFO | Sistema Operativo - Monitoreando lista estatica
17:38:59 | WARNING | ¡ALERTA! Conexión caída o congelada. Reiniciando sistema YA...
17:39:01 | INFO | MarketManager iniciado con 283 activos (MODO ESTÁTICO).
17:39:05 | INFO | Sistema Operativo - Monitoreando lista estatica
17:39:36 | WARNING | ¡ALERTA! Conexión caída o congelada. Reiniciando sistema YA...
17:39:37 | INFO | MarketManager iniciado con 283 activos (MODO ESTÁTICO).
17:39:41 | INFO | Sistema Operativo - Monitoreando lista estatica
17:40:13 | WARNING | ¡ALERTA! Conexión caída o congelada. Reiniciando sistema YA...
17:40:14 | INFO | MarketManager iniciado con 283 activos (MODO ESTÁTICO).
17:40:18 | INFO | Sistema Operativo - Monitoreando lista estatica
17:40:50 | WARNING | ¡ALERTA! Conexión caída o congelada. Reiniciando sistema YA...
17:40:51 | INFO | MarketManager iniciado con 283 activos (MODO ESTÁTICO).
17:40:56 | INFO | Sistema Operativo - Monitoreando lista estatica
17:41:27 | WARNING | ¡ALERTA! Conexión caída o congelada. Reiniciando sistema YA...
17:41:29 | INFO | MarketManager iniciado con 283 activos (MODO ESTÁTICO).
17:41:33 | INFO | Sistema Operativo - Monitoreando lista estatica
17:42:04 | WARNING | ¡ALERTA! Conexión caída o congelada. Reiniciando sistema YA...
17:42:05 | INFO | MarketManager iniciado con 283 activos (MODO ESTÁTICO).
17:42:08 | INFO | Sistema Operativo - Monitoreando lista estatica
17:42:39 | WARNING | ¡ALERTA! Conexión caída o congelada. Reiniciando sistema YA...
17:42:41 | INFO | MarketManager iniciado con 283 activos (MODO ESTÁTICO).
17:42:45 | INFO | Sistema Operativo - Monitoreando lista estatica
17:43:16 | WARNING | ¡ALERTA! Conexión caída o congelada. Reiniciando sistema YA...
17:43:16 | INFO | MarketManager iniciado con 283 activos (MODO ESTÁTICO).
17:43:19 | INFO | Sistema Operativo - Monitoreando lista estatica
17:43:50 | WARNING | ¡ALERTA! Conexión caída o congelada. Reiniciando sistema YA...
17:43:52 | INFO | MarketManager iniciado con 283 activos (MODO ESTÁTICO).
17:43:55 | INFO | Sistema Operativo - Monitoreando lista estatica
17:44:26 | WARNING | ¡ALERTA! Conexión caída o congelada. Reiniciando sistema YA...
17:44:26 | INFO | MarketManager iniciado con 283 activos (MODO ESTÁTICO).
17:44:31 | INFO | Sistema Operativo - Monitoreando lista estatica
17:45:01 | WARNING | ¡ALERTA! Conexión caída o congelada. Reiniciando sistema YA...
17:45:03 | INFO | MarketManager iniciado con 283 activos (MODO ESTÁTICO).
17:45:08 | INFO | Sistema Operativo - Monitoreando lista estatica
17:45:38 | WARNING | ¡ALERTA! Conexión caída o congelada. Reiniciando sistema YA...
17:45:39 | INFO | MarketManager iniciado con 283 activos (MODO ESTÁTICO).
17:45:42 | INFO | Sistema Operativo - Monitoreando lista estatica
17:46:13 | WARNING | ¡ALERTA! Conexión caída o congelada. Reiniciando sistema YA...
17:46:14 | INFO | MarketManager iniciado con 283 activos (MODO ESTÁTICO).
17:46:18 | INFO | Sistema Operativo - Monitoreando lista estatica
17:46:49 | WARNING | ¡ALERTA! Conexión caída o congelada. Reiniciando sistema YA...
17:46:51 | INFO | MarketManager iniciado con 283 activos (MODO ESTÁTICO).
17:46:55 | INFO | Sistema Operativo - Monitoreando lista estatica
17:47:25 | WARNING | ¡ALERTA! Conexión caída o congelada. Reiniciando sistema YA...
17:47:27 | INFO | MarketManager iniciado con 283 activos (MODO ESTÁTICO).
17:47:31 | INFO | Sistema Operativo - Monitoreando lista estatica
17:48:02 | WARNING | ¡ALERTA! Conexión caída o congelada. Reiniciando sistema YA...
17:48:03 | INFO | MarketManager iniciado con 283 activos (MODO ESTÁTICO).
17:48:07 | INFO | Sistema Operativo - Monitoreando lista estatica
17:48:38 | WARNING | ¡ALERTA! Conexión caída o congelada. Reiniciando sistema YA...
17:48:40 | INFO | MarketManager iniciado con 283 activos (MODO ESTÁTICO).
17:48:43 | INFO | Sistema Operativo - Monitoreando lista estatica
17:49:14 | WARNING | ¡ALERTA! Conexión caída o congelada. Reiniciando sistema YA...
17:49:16 | INFO | MarketManager iniciado con 283 activos (MODO ESTÁTICO).
17:49:19 | INFO | Sistema Operativo - Monitoreando lista estatica
17:49:50 | WARNING | ¡ALERTA! Conexión caída o congelada. Reiniciando sistema YA...
17:49:52 | INFO | MarketManager iniciado con 283 activos (MODO ESTÁTICO).
17:49:56 | INFO | Sistema Operativo - Monitoreando lista estatica
17:50:27 | WARNING | ¡ALERTA! Conexión caída o congelada. Reiniciando sistema YA...
17:50:28 | INFO | MarketManager iniciado con 283 activos (MODO ESTÁTICO).
17:50:32 | INFO | Sistema Operativo - Monitoreando lista estatica
17:51:03 | WARNING | ¡ALERTA! Conexión caída o congelada. Reiniciando sistema YA...
17:51:05 | INFO | MarketManager iniciado con 283 activos (MODO ESTÁTICO).
17:51:09 | INFO | Sistema Operativo - Monitoreando lista estatica
17:51:40 | WARNING | ¡ALERTA! Conexión caída o congelada. Reiniciando sistema YA...
17:51:42 | INFO | MarketManager iniciado con 283 activos (MODO ESTÁTICO).
17:51:46 | INFO | Sistema Operativo - Monitoreando lista estatica
17:52:17 | WARNING | ¡ALERTA! Conexión caída o congelada. Reiniciando sistema YA...
17:52:19 | INFO | MarketManager iniciado con 283 activos (MODO ESTÁTICO).
17:52:23 | INFO | Sistema Operativo - Monitoreando lista estatica
17:52:55 | WARNING | ¡ALERTA! Conexión caída o congelada. Reiniciando sistema YA...
17:52:55 | INFO | MarketManager iniciado con 283 activos (MODO ESTÁTICO).
17:52:59 | INFO | Sistema Operativo - Monitoreando lista estatica
17:53:31 | WARNING | ¡ALERTA! Conexión caída o congelada. Reiniciando sistema YA...
17:53:32 | INFO | MarketManager iniciado con 283 activos (MODO ESTÁTICO).
17:53:36 | INFO | Sistema Operativo - Monitoreando lista estatica
17:54:07 | WARNING | ¡ALERTA! Conexión caída o congelada. Reiniciando sistema YA...
17:54:08 | INFO | MarketManager iniciado con 283 activos (MODO ESTÁTICO).
17:54:11 | INFO | Sistema Operativo - Monitoreando lista estatica
17:54:43 | WARNING | ¡ALERTA! Conexión caída o congelada. Reiniciando sistema YA...
17:54:44 | INFO | MarketManager iniciado con 283 activos (MODO ESTÁTICO).
17:54:47 | INFO | Sistema Operativo - Monitoreando lista estatica
17:55:18 | WARNING | ¡ALERTA! Conexión caída o congelada. Reiniciando sistema YA...
17:55:19 | INFO | MarketManager iniciado con 283 activos (MODO ESTÁTICO).
17:55:23 | INFO | Sistema Operativo - Monitoreando lista estatica
17:55:54 | WARNING | ¡ALERTA! Conexión caída o congelada. Reiniciando sistema YA...
17:55:56 | INFO | MarketManager iniciado con 283 activos (MODO ESTÁTICO).
17:56:00 | INFO | Sistema Operativo - Monitoreando lista estatica
17:56:31 | WARNING | ¡ALERTA! Conexión caída o congelada. Reiniciando sistema YA...
17:56:32 | INFO | MarketManager iniciado con 283 activos (MODO ESTÁTICO).
17:56:36 | INFO | Sistema Operativo - Monitoreando lista estatica
17:57:07 | WARNING | ¡ALERTA! Conexión caída o congelada. Reiniciando sistema YA...
17:57:09 | INFO | MarketManager iniciado con 283 activos (MODO ESTÁTICO).
17:57:13 | INFO | Sistema Operativo - Monitoreando lista estatica
17:57:44 | WARNING | ¡ALERTA! Conexión caída o congelada. Reiniciando sistema YA...
17:57:46 | INFO | MarketManager iniciado con 283 activos (MODO ESTÁTICO).
17:57:50 | INFO | Sistema Operativo - Monitoreando lista estatica
17:58:21 | WARNING | ¡ALERTA! Conexión caída o congelada. Reiniciando sistema YA...
17:58:23 | INFO | MarketManager iniciado con 283 activos (MODO ESTÁTICO).
17:58:27 | INFO | Sistema Operativo - Monitoreando lista estatica
17:58:58 | WARNING | ¡ALERTA! Conexión caída o congelada. Reiniciando sistema YA...
17:58:59 | INFO | MarketManager iniciado con 283 activos (MODO ESTÁTICO).
17:59:04 | INFO | Sistema Operativo - Monitoreando lista estatica
17:59:35 | WARNING | ¡ALERTA! Conexión caída o congelada. Reiniciando sistema YA...
17:59:36 | INFO | MarketManager iniciado con 283 activos (MODO ESTÁTICO).
17:59:40 | INFO | Sistema Operativo - Monitoreando lista estatica
18:00:11 | WARNING | ¡ALERTA! Conexión caída o congelada. Reiniciando sistema YA...
18:00:13 | INFO | MarketManager iniciado con 283 activos (MODO ESTÁTICO).
18:00:16 | INFO | Sistema Operativo - Monitoreando lista estatica
18:00:48 | WARNING | ¡ALERTA! Conexión caída o congelada. Reiniciando sistema YA...
18:00:48 | INFO | MarketManager iniciado con 283 activos (MODO ESTÁTICO).
18:00:52 | INFO | Sistema Operativo - Monitoreando lista estatica
18:01:23 | WARNING | ¡ALERTA! Conexión caída o congelada. Reiniciando sistema YA...
18:01:24 | INFO | MarketManager iniciado con 283 activos (MODO ESTÁTICO).
18:01:28 | INFO | Sistema Operativo - Monitoreando lista estatica
18:01:59 | WARNING | ¡ALERTA! Conexión caída o congelada. Reiniciando sistema YA...
18:02:01 | INFO | MarketManager iniciado con 283 activos (MODO ESTÁTICO).
18:02:05 | INFO | Sistema Operativo - Monitoreando lista estatica
18:02:36 | WARNING | ¡ALERTA! Conexión caída o congelada. Reiniciando sistema YA...
18:02:37 | INFO | MarketManager iniciado con 283 activos (MODO ESTÁTICO).
18:02:42 | INFO | Sistema Operativo - Monitoreando lista estatica
18:03:13 | WARNING | ¡ALERTA! Conexión caída o congelada. Reiniciando sistema YA...
18:03:15 | INFO | MarketManager iniciado con 283 activos (MODO ESTÁTICO).
18:03:19 | INFO | Sistema Operativo - Monitoreando lista estatica
18:03:50 | WARNING | ¡ALERTA! Conexión caída o congelada. Reiniciando sistema YA...
18:03:51 | INFO | MarketManager iniciado con 283 activos (MODO ESTÁTICO).
18:03:55 | INFO | Sistema Operativo - Monitoreando lista estatica
18:04:45 | WARNING | ¡ALERTA! Conexión caída o congelada. Reiniciando sistema YA...
18:04:47 | INFO | MarketManager iniciado con 283 activos (MODO ESTÁTICO).
18:04:51 | INFO | Sistema Operativo - Monitoreando lista estatica
18:05:22 | WARNING | ¡ALERTA! Conexión caída o congelada. Reiniciando sistema YA...
18:05:23 | INFO | MarketManager iniciado con 283 activos (MODO ESTÁTICO).
18:05:27 | INFO | Sistema Operativo - Monitoreando lista estatica
18:05:58 | WARNING | ¡ALERTA! Conexión caída o congelada. Reiniciando sistema YA...
18:05:59 | INFO | MarketManager iniciado con 283 activos (MODO ESTÁTICO).
18:06:04 | INFO | Sistema Operativo - Monitoreando lista estatica
18:06:34 | WARNING | ¡ALERTA! Conexión caída o congelada. Reiniciando sistema YA...
18:06:36 | INFO | MarketManager iniciado con 283 activos (MODO ESTÁTICO).
18:06:40 | INFO | Sistema Operativo - Monitoreando lista estatica
18:07:11 | WARNING | ¡ALERTA! Conexión caída o congelada. Reiniciando sistema YA...
18:07:12 | INFO | MarketManager iniciado con 283 activos (MODO ESTÁTICO).
18:07:16 | INFO | Sistema Operativo - Monitoreando lista estatica
18:07:47 | WARNING | ¡ALERTA! Conexión caída o congelada. Reiniciando sistema YA...
18:07:48 | INFO | MarketManager iniciado con 283 activos (MODO ESTÁTICO).
18:07:51 | INFO | Sistema Operativo - Monitoreando lista estatica
21:08:21 | WARNING | Falla API Google (Intento 1/3). Reintento en 3s...
21:08:31 | WARNING | ¡ALERTA! Conexión caída o congelada. Reiniciando sistema YA...
21:08:33 | INFO | MarketManager iniciado con 283 activos (MODO ESTÁTICO).
10:03:11 | ERROR | Error de conexion a Google Sheets: ('Connection aborted.', ConnectionAbortedError(10053, 'Se ha anulado una conexión establecida por el software en su equipo host', None, 10053, None))
10:03:24 | INFO | MarketManager iniciado con 283 activos (MODO ESTÁTICO).
10:03:42 | INFO | Sistema Operativo - Monitoreando lista estatica
10:03:54 | WARNING | ¡ALERTA! Conexión caída o congelada. Reiniciando sistema YA...
10:03:59 | INFO | MarketManager iniciado con 283 activos (MODO ESTÁTICO).
10:04:07 | INFO | Sistema Operativo - Monitoreando lista estatica
10:04:30 | WARNING | ¡ALERTA! Conexión caída o congelada. Reiniciando sistema YA...
10:04:31 | INFO | MarketManager iniciado con 283 activos (MODO ESTÁTICO).
10:04:35 | INFO | Sistema Operativo - Monitoreando lista estatica
10:05:01 | WARNING | ¡ALERTA! Conexión caída o congelada. Reiniciando sistema YA...
10:05:02 | INFO | MarketManager iniciado con 283 activos (MODO ESTÁTICO).
10:05:06 | INFO | Sistema Operativo - Monitoreando lista estatica
10:05:34 | WARNING | ¡ALERTA! Conexión caída o congelada. Reiniciando sistema YA...
10:05:35 | INFO | MarketManager iniciado con 283 activos (MODO ESTÁTICO).
10:05:40 | INFO | Sistema Operativo - Monitoreando lista estatica
10:06:06 | WARNING | ¡ALERTA! Conexión caída o congelada. Reiniciando sistema YA...
10:06:07 | INFO | MarketManager iniciado con 283 activos (MODO ESTÁTICO).
10:06:12 | INFO | Sistema Operativo - Monitoreando lista estatica
10:06:37 | WARNING | ¡ALERTA! Conexión caída o congelada. Reiniciando sistema YA...
10:06:39 | INFO | MarketManager iniciado con 283 activos (MODO ESTÁTICO).
10:06:44 | INFO | Sistema Operativo - Monitoreando lista estatica
10:07:10 | WARNING | ¡ALERTA! Conexión caída o congelada. Reiniciando sistema YA...
10:07:12 | INFO | MarketManager iniciado con 283 activos (MODO ESTÁTICO).
10:07:17 | INFO | Sistema Operativo - Monitoreando lista estatica
10:07:43 | WARNING | ¡ALERTA! Conexión caída o congelada. Reiniciando sistema YA...
10:07:45 | INFO | MarketManager iniciado con 283 activos (MODO ESTÁTICO).
10:07:48 | INFO | Sistema Operativo - Monitoreando lista estatica
10:08:17 | WARNING | ¡ALERTA! Conexión caída o congelada. Reiniciando sistema YA...
10:08:19 | INFO | MarketManager iniciado con 283 activos (MODO ESTÁTICO).
10:08:23 | INFO | Sistema Operativo - Monitoreando lista estatica
10:08:49 | WARNING | ¡ALERTA! Conexión caída o congelada. Reiniciando sistema YA...
10:08:50 | INFO | MarketManager iniciado con 283 activos (MODO ESTÁTICO).
10:08:55 | INFO | Sistema Operativo - Monitoreando lista estatica
10:09:21 | WARNING | ¡ALERTA! Conexión caída o congelada. Reiniciando sistema YA...
10:09:23 | INFO | MarketManager iniciado con 283 activos (MODO ESTÁTICO).
10:09:27 | INFO | Sistema Operativo - Monitoreando lista estatica
10:09:53 | WARNING | ¡ALERTA! Conexión caída o congelada. Reiniciando sistema YA...
10:09:55 | INFO | MarketManager iniciado con 283 activos (MODO ESTÁTICO).
10:09:59 | INFO | Sistema Operativo - Monitoreando lista estatica
10:10:25 | WARNING | ¡ALERTA! Conexión caída o congelada. Reiniciando sistema YA...
10:10:27 | INFO | MarketManager iniciado con 283 activos (MODO ESTÁTICO).
10:10:32 | INFO | Sistema Operativo - Monitoreando lista estatica
10:10:57 | WARNING | ¡ALERTA! Conexión caída o congelada. Reiniciando sistema YA...
10:10:59 | INFO | MarketManager iniciado con 283 activos (MODO ESTÁTICO).
10:11:04 | INFO | Sistema Operativo - Monitoreando lista estatica
10:11:31 | WARNING | ¡ALERTA! Conexión caída o congelada. Reiniciando sistema YA...
10:11:33 | INFO | MarketManager iniciado con 283 activos (MODO ESTÁTICO).
10:11:38 | INFO | Sistema Operativo - Monitoreando lista estatica
10:12:05 | WARNING | ¡ALERTA! Conexión caída o congelada. Reiniciando sistema YA...
10:12:07 | INFO | MarketManager iniciado con 283 activos (MODO ESTÁTICO).
10:12:12 | INFO | Sistema Operativo - Monitoreando lista estatica
10:12:39 | WARNING | ¡ALERTA! Conexión caída o congelada. Reiniciando sistema YA...
10:12:41 | INFO | MarketManager iniciado con 283 activos (MODO ESTÁTICO).
10:12:45 | INFO | Sistema Operativo - Monitoreando lista estatica
10:13:11 | WARNING | ¡ALERTA! Conexión caída o congelada. Reiniciando sistema YA...
10:13:13 | INFO | MarketManager iniciado con 283 activos (MODO ESTÁTICO).
10:13:17 | INFO | Sistema Operativo - Monitoreando lista estatica
10:13:45 | WARNING | ¡ALERTA! Conexión caída o congelada. Reiniciando sistema YA...
10:13:47 | INFO | MarketManager iniciado con 283 activos (MODO ESTÁTICO).
10:13:50 | INFO | Sistema Operativo - Monitoreando lista estatica
10:14:18 | WARNING | ¡ALERTA! Conexión caída o congelada. Reiniciando sistema YA...
10:14:20 | INFO | MarketManager iniciado con 283 activos (MODO ESTÁTICO).
10:14:24 | INFO | Sistema Operativo - Monitoreando lista estatica
10:14:52 | WARNING | ¡ALERTA! Conexión caída o congelada. Reiniciando sistema YA...
10:14:53 | INFO | MarketManager iniciado con 283 activos (MODO ESTÁTICO).
10:14:58 | INFO | Sistema Operativo - Monitoreando lista estatica
10:15:25 | WARNING | ¡ALERTA! Conexión caída o congelada. Reiniciando sistema YA...
10:15:27 | INFO | MarketManager iniciado con 283 activos (MODO ESTÁTICO).
10:15:30 | INFO | Sistema Operativo - Monitoreando lista estatica
10:15:58 | WARNING | ¡ALERTA! Conexión caída o congelada. Reiniciando sistema YA...
10:15:59 | INFO | MarketManager iniciado con 283 activos (MODO ESTÁTICO).
10:16:04 | INFO | Sistema Operativo - Monitoreando lista estatica
10:16:31 | WARNING | ¡ALERTA! Conexión caída o congelada. Reiniciando sistema YA...
10:16:33 | INFO | MarketManager iniciado con 283 activos (MODO ESTÁTICO).
10:16:36 | INFO | Sistema Operativo - Monitoreando lista estatica
10:17:04 | WARNING | ¡ALERTA! Conexión caída o congelada. Reiniciando sistema YA...
10:17:05 | INFO | MarketManager iniciado con 283 activos (MODO ESTÁTICO).
10:17:09 | INFO | Sistema Operativo - Monitoreando lista estatica
10:17:36 | WARNING | ¡ALERTA! Conexión caída o congelada. Reiniciando sistema YA...
10:17:38 | INFO | MarketManager iniciado con 283 activos (MODO ESTÁTICO).
10:17:42 | INFO | Sistema Operativo - Monitoreando lista estatica
10:18:08 | WARNING | ¡ALERTA! Conexión caída o congelada. Reiniciando sistema YA...
10:18:09 | INFO | MarketManager iniciado con 283 activos (MODO ESTÁTICO).
10:18:12 | INFO | Sistema Operativo - Monitoreando lista estatica
10:18:40 | WARNING | ¡ALERTA! Conexión caída o congelada. Reiniciando sistema YA...
10:18:41 | INFO | MarketManager iniciado con 283 activos (MODO ESTÁTICO).
10:18:45 | INFO | Sistema Operativo - Monitoreando lista estatica
10:19:13 | WARNING | ¡ALERTA! Conexión caída o congelada. Reiniciando sistema YA...
10:19:14 | INFO | MarketManager iniciado con 283 activos (MODO ESTÁTICO).
10:19:19 | INFO | Sistema Operativo - Monitoreando lista estatica
10:19:44 | WARNING | ¡ALERTA! Conexión caída o congelada. Reiniciando sistema YA...
10:19:46 | INFO | MarketManager iniciado con 283 activos (MODO ESTÁTICO).
10:19:51 | INFO | Sistema Operativo - Monitoreando lista estatica
10:20:17 | WARNING | ¡ALERTA! Conexión caída o congelada. Reiniciando sistema YA...
10:20:18 | INFO | MarketManager iniciado con 283 activos (MODO ESTÁTICO).
10:20:22 | INFO | Sistema Operativo - Monitoreando lista estatica
10:20:48 | WARNING | ¡ALERTA! Conexión caída o congelada. Reiniciando sistema YA...
10:20:50 | INFO | MarketManager iniciado con 283 activos (MODO ESTÁTICO).
10:20:53 | INFO | Sistema Operativo - Monitoreando lista estatica
10:21:21 | WARNING | ¡ALERTA! Conexión caída o congelada. Reiniciando sistema YA...
10:21:23 | INFO | MarketManager iniciado con 283 activos (MODO ESTÁTICO).
10:21:27 | INFO | Sistema Operativo - Monitoreando lista estatica
10:21:53 | WARNING | ¡ALERTA! Conexión caída o congelada. Reiniciando sistema YA...
10:21:55 | INFO | MarketManager iniciado con 283 activos (MODO ESTÁTICO).
10:21:59 | INFO | Sistema Operativo - Monitoreando lista estatica
10:22:27 | WARNING | ¡ALERTA! Conexión caída o congelada. Reiniciando sistema YA...
10:22:29 | INFO | MarketManager iniciado con 283 activos (MODO ESTÁTICO).
10:22:32 | INFO | Sistema Operativo - Monitoreando lista estatica
10:23:00 | WARNING | ¡ALERTA! Conexión caída o congelada. Reiniciando sistema YA...
10:23:01 | INFO | MarketManager iniciado con 283 activos (MODO ESTÁTICO).
10:23:05 | INFO | Sistema Operativo - Monitoreando lista estatica
10:23:33 | WARNING | ¡ALERTA! Conexión caída o congelada. Reiniciando sistema YA...
10:23:35 | INFO | MarketManager iniciado con 283 activos (MODO ESTÁTICO).
10:23:39 | INFO | Sistema Operativo - Monitoreando lista estatica
10:24:07 | WARNING | ¡ALERTA! Conexión caída o congelada. Reiniciando sistema YA...
10:24:11 | INFO | MarketManager iniciado con 283 activos (MODO ESTÁTICO).
10:24:14 | INFO | Sistema Operativo - Monitoreando lista estatica
10:24:42 | WARNING | ¡ALERTA! Conexión caída o congelada. Reiniciando sistema YA...
10:24:44 | INFO | MarketManager iniciado con 283 activos (MODO ESTÁTICO).
10:24:49 | INFO | Sistema Operativo - Monitoreando lista estatica
10:25:16 | WARNING | ¡ALERTA! Conexión caída o congelada. Reiniciando sistema YA...
10:25:17 | INFO | MarketManager iniciado con 283 activos (MODO ESTÁTICO).
10:25:21 | INFO | Sistema Operativo - Monitoreando lista estatica
10:25:49 | WARNING | ¡ALERTA! Conexión caída o congelada. Reiniciando sistema YA...
10:25:51 | INFO | MarketManager iniciado con 283 activos (MODO ESTÁTICO).
10:25:54 | INFO | Sistema Operativo - Monitoreando lista estatica
10:26:21 | WARNING | ¡ALERTA! Conexión caída o congelada. Reiniciando sistema YA...
10:26:22 | INFO | MarketManager iniciado con 283 activos (MODO ESTÁTICO).
10:26:26 | INFO | Sistema Operativo - Monitoreando lista estatica
10:26:43 | WARNING | Falla API Google (Intento 1/3). Reintento en 3s...
10:26:53 | WARNING | ¡ALERTA! Conexión caída o congelada. Reiniciando sistema YA...
10:26:55 | INFO | MarketManager iniciado con 283 activos (MODO ESTÁTICO).
10:26:59 | INFO | Sistema Operativo - Monitoreando lista estatica
10:27:27 | WARNING | ¡ALERTA! Conexión caída o congelada. Reiniciando sistema YA...
10:27:28 | INFO | MarketManager iniciado con 283 activos (MODO ESTÁTICO).
10:27:33 | INFO | Sistema Operativo - Monitoreando lista estatica
10:28:00 | WARNING | ¡ALERTA! Conexión caída o congelada. Reiniciando sistema YA...
10:28:02 | INFO | MarketManager iniciado con 283 activos (MODO ESTÁTICO).
10:28:07 | INFO | Sistema Operativo - Monitoreando lista estatica
10:28:34 | WARNING | ¡ALERTA! Conexión caída o congelada. Reiniciando sistema YA...
10:28:36 | INFO | MarketManager iniciado con 283 activos (MODO ESTÁTICO).
10:28:40 | INFO | Sistema Operativo - Monitoreando lista estatica
10:29:07 | WARNING | ¡ALERTA! Conexión caída o congelada. Reiniciando sistema YA...
10:29:08 | INFO | MarketManager iniciado con 283 activos (MODO ESTÁTICO).
10:29:12 | INFO | Sistema Operativo - Monitoreando lista estatica
10:29:39 | WARNING | ¡ALERTA! Conexión caída o congelada. Reiniciando sistema YA...
10:29:41 | INFO | MarketManager iniciado con 283 activos (MODO ESTÁTICO).
10:29:48 | INFO | Sistema Operativo - Monitoreando lista estatica
10:30:11 | WARNING | ¡ALERTA! Conexión caída o congelada. Reiniciando sistema YA...
10:30:13 | INFO | MarketManager iniciado con 283 activos (MODO ESTÁTICO).
10:30:16 | INFO | Sistema Operativo - Monitoreando lista estatica
10:30:43 | WARNING | ¡ALERTA! Conexión caída o congelada. Reiniciando sistema YA...
10:30:45 | INFO | MarketManager iniciado con 283 activos (MODO ESTÁTICO).
10:30:49 | INFO | Sistema Operativo - Monitoreando lista estatica
10:31:17 | WARNING | ¡ALERTA! Conexión caída o congelada. Reiniciando sistema YA...
10:31:19 | INFO | MarketManager iniciado con 283 activos (MODO ESTÁTICO).
10:31:23 | INFO | Sistema Operativo - Monitoreando lista estatica
10:31:51 | WARNING | ¡ALERTA! Conexión caída o congelada. Reiniciando sistema YA...
10:31:53 | INFO | MarketManager iniciado con 283 activos (MODO ESTÁTICO).
10:31:57 | INFO | Sistema Operativo - Monitoreando lista estatica
10:32:23 | WARNING | ¡ALERTA! Conexión caída o congelada. Reiniciando sistema YA...
10:32:24 | INFO | MarketManager iniciado con 283 activos (MODO ESTÁTICO).
10:32:28 | INFO | Sistema Operativo - Monitoreando lista estatica
10:32:56 | WARNING | ¡ALERTA! Conexión caída o congelada. Reiniciando sistema YA...
10:32:58 | INFO | MarketManager iniciado con 283 activos (MODO ESTÁTICO).
10:33:01 | INFO | Sistema Operativo - Monitoreando lista estatica
10:33:29 | WARNING | ¡ALERTA! Conexión caída o congelada. Reiniciando sistema YA...
10:33:30 | INFO | MarketManager iniciado con 283 activos (MODO ESTÁTICO).
10:33:35 | INFO | Sistema Operativo - Monitoreando lista estatica
10:33:42 | WARNING | Falla API Google (Intento 1/3). Reintento en 3s...
10:34:02 | WARNING | ¡ALERTA! Conexión caída o congelada. Reiniciando sistema YA...
10:34:04 | INFO | MarketManager iniciado con 283 activos (MODO ESTÁTICO).
10:34:08 | INFO | Sistema Operativo - Monitoreando lista estatica
10:34:33 | INFO | Detencion manual detectada. Cerrando procesos...
10:34:33 | INFO | WebSocket desconectado. Bot fuera de linea.
10:34:43 | INFO | MarketManager iniciado con 283 activos (MODO ESTÁTICO).
10:34:47 | INFO | Sistema Operativo - Monitoreando lista estatica
10:35:15 | WARNING | ¡ALERTA! Conexión caída o congelada. Reiniciando sistema YA...
10:35:17 | INFO | MarketManager iniciado con 283 activos (MODO ESTÁTICO).
10:35:20 | INFO | Sistema Operativo - Monitoreando lista estatica
10:35:43 | WARNING | Falla API Google (Intento 1/3). Reintento en 3s...
10:35:51 | WARNING | ¡ALERTA! Conexión caída o congelada. Reiniciando sistema YA...
10:35:53 | INFO | MarketManager iniciado con 283 activos (MODO ESTÁTICO).
10:35:57 | INFO | Sistema Operativo - Monitoreando lista estatica
10:36:23 | WARNING | ¡ALERTA! Conexión caída o congelada. Reiniciando sistema YA...
10:36:25 | INFO | MarketManager iniciado con 283 activos (MODO ESTÁTICO).
10:36:30 | INFO | Sistema Operativo - Monitoreando lista estatica
10:36:55 | WARNING | ¡ALERTA! Conexión caída o congelada. Reiniciando sistema YA...
10:36:57 | INFO | MarketManager iniciado con 283 activos (MODO ESTÁTICO).
10:37:02 | INFO | Sistema Operativo - Monitoreando lista estatica
10:37:29 | WARNING | ¡ALERTA! Conexión caída o congelada. Reiniciando sistema YA...
10:37:31 | INFO | MarketManager iniciado con 283 activos (MODO ESTÁTICO).
10:37:34 | INFO | Sistema Operativo - Monitoreando lista estatica
10:38:02 | WARNING | ¡ALERTA! Conexión caída o congelada. Reiniciando sistema YA...
10:38:04 | INFO | MarketManager iniciado con 283 activos (MODO ESTÁTICO).
10:38:08 | INFO | Sistema Operativo - Monitoreando lista estatica
10:38:35 | WARNING | ¡ALERTA! Conexión caída o congelada. Reiniciando sistema YA...
10:38:37 | INFO | MarketManager iniciado con 283 activos (MODO ESTÁTICO).
10:38:42 | INFO | Sistema Operativo - Monitoreando lista estatica
10:39:09 | WARNING | ¡ALERTA! Conexión caída o congelada. Reiniciando sistema YA...
10:39:10 | INFO | MarketManager iniciado con 283 activos (MODO ESTÁTICO).
10:39:15 | INFO | Sistema Operativo - Monitoreando lista estatica
10:39:40 | WARNING | Falla API Google (Intento 1/3). Reintento en 3s...
10:39:48 | WARNING | ¡ALERTA! Conexión caída o congelada. Reiniciando sistema YA...
10:39:50 | INFO | MarketManager iniciado con 283 activos (MODO ESTÁTICO).
10:39:54 | INFO | Sistema Operativo - Monitoreando lista estatica
10:40:19 | INFO | Detencion manual detectada. Cerrando procesos...
10:40:19 | INFO | WebSocket desconectado. Bot fuera de linea.
10:41:07 | INFO | MarketManager iniciado con 283 activos (MODO ESTÁTICO).
10:41:11 | INFO | Sistema Operativo - Monitoreando lista estatica
10:41:37 | WARNING | ¡ALERTA! Conexión caída o congelada. Reiniciando sistema YA...
10:41:39 | INFO | MarketManager iniciado con 283 activos (MODO ESTÁTICO).
10:41:42 | INFO | Detencion manual detectada. Cerrando procesos...
10:41:42 | INFO | WebSocket desconectado. Bot fuera de linea.
10:41:59 | INFO | MarketManager iniciado con 281 activos (MODO ESTÁTICO).
10:42:04 | INFO | Sistema Operativo - Monitoreando lista estatica
10:42:31 | WARNING | ¡ALERTA! Conexión caída o congelada. Reiniciando sistema YA...
10:42:33 | INFO | MarketManager iniciado con 281 activos (MODO ESTÁTICO).
10:42:38 | INFO | Sistema Operativo - Monitoreando lista estatica
10:43:06 | WARNING | ¡ALERTA! Conexión caída o congelada. Reiniciando sistema YA...
10:43:07 | INFO | MarketManager iniciado con 281 activos (MODO ESTÁTICO).
10:43:12 | INFO | Sistema Operativo - Monitoreando lista estatica
10:43:33 | INFO | Detencion manual detectada. Cerrando procesos...
10:43:33 | INFO | WebSocket desconectado. Bot fuera de linea.
10:44:59 | INFO | MarketManager iniciado con 6 activos (MODO ESTÁTICO).
10:45:04 | INFO | Sistema Operativo - Monitoreando lista estatica
10:46:39 | WARNING | Falla API Google (Intento 1/3). Reintento en 3s...
10:47:42 | WARNING | Falla API Google (Intento 1/3). Reintento en 3s...
10:48:42 | WARNING | Falla API Google (Intento 1/3). Reintento en 3s...
10:49:42 | WARNING | Falla API Google (Intento 1/3). Reintento en 3s...
10:50:44 | WARNING | Falla API Google (Intento 1/3). Reintento en 3s...
10:51:44 | WARNING | Falla API Google (Intento 1/3). Reintento en 3s...
10:53:38 | WARNING | Falla API Google (Intento 1/3). Reintento en 3s...
10:54:40 | WARNING | Falla API Google (Intento 1/3). Reintento en 3s...
10:55:43 | WARNING | Falla API Google (Intento 1/3). Reintento en 3s...
10:56:43 | WARNING | Falla API Google (Intento 1/3). Reintento en 3s...
10:57:40 | WARNING | Falla API Google (Intento 1/3). Reintento en 3s...
10:58:43 | WARNING | Falla API Google (Intento 1/3). Reintento en 3s...
10:59:43 | WARNING | Falla API Google (Intento 1/3). Reintento en 3s...
11:00:42 | WARNING | Falla API Google (Intento 1/3). Reintento en 3s...
11:01:41 | WARNING | Falla API Google (Intento 1/3). Reintento en 3s...
11:02:43 | WARNING | Falla API Google (Intento 1/3). Reintento en 3s...
11:03:41 | WARNING | Falla API Google (Intento 1/3). Reintento en 3s...
11:04:43 | WARNING | Falla API Google (Intento 1/3). Reintento en 3s...
11:06:39 | WARNING | Falla API Google (Intento 1/3). Reintento en 3s...
11:07:42 | WARNING | Falla API Google (Intento 1/3). Reintento en 3s...
11:08:42 | WARNING | Falla API Google (Intento 1/3). Reintento en 3s...
11:10:43 | WARNING | Falla API Google (Intento 1/3). Reintento en 3s...
11:11:43 | WARNING | Falla API Google (Intento 1/3). Reintento en 3s...
11:12:40 | WARNING | Falla API Google (Intento 1/3). Reintento en 3s...
11:13:42 | WARNING | Falla API Google (Intento 1/3). Reintento en 3s...
11:14:40 | WARNING | Falla API Google (Intento 1/3). Reintento en 3s...
11:15:42 | WARNING | Falla API Google (Intento 1/3). Reintento en 3s...
11:16:42 | WARNING | Falla API Google (Intento 1/3). Reintento en 3s...
11:17:42 | WARNING | Falla API Google (Intento 1/3). Reintento en 3s...
11:18:40 | WARNING | Falla API Google (Intento 1/3). Reintento en 3s...
11:19:42 | WARNING | Falla API Google (Intento 1/3). Reintento en 3s...
11:20:42 | WARNING | Falla API Google (Intento 1/3). Reintento en 3s...
11:21:40 | WARNING | Falla API Google (Intento 1/3). Reintento en 3s...
11:23:40 | WARNING | Falla API Google (Intento 1/3). Reintento en 3s...
11:25:39 | WARNING | Falla API Google (Intento 1/3). Reintento en 3s...
11:26:40 | WARNING | Falla API Google (Intento 1/3). Reintento en 3s...
11:27:42 | WARNING | Falla API Google (Intento 1/3). Reintento en 3s...
11:28:39 | WARNING | Falla API Google (Intento 1/3). Reintento en 3s...
11:29:41 | WARNING | Falla API Google (Intento 1/3). Reintento en 3s...
11:30:41 | WARNING | Falla API Google (Intento 1/3). Reintento en 3s...
11:31:41 | WARNING | Falla API Google (Intento 1/3). Reintento en 3s...
11:32:41 | WARNING | Falla API Google (Intento 1/3). Reintento en 3s...
11:33:41 | WARNING | Falla API Google (Intento 1/3). Reintento en 3s...
11:34:41 | WARNING | Falla API Google (Intento 1/3). Reintento en 3s...
11:35:40 | WARNING | Falla API Google (Intento 1/3). Reintento en 3s...
11:36:42 | WARNING | Falla API Google (Intento 1/3). Reintento en 3s...
11:37:40 | WARNING | Falla API Google (Intento 1/3). Reintento en 3s...
11:38:43 | WARNING | Falla API Google (Intento 1/3). Reintento en 3s...
11:39:42 | WARNING | Falla API Google (Intento 1/3). Reintento en 3s...
11:40:42 | WARNING | Falla API Google (Intento 1/3). Reintento en 3s...
11:41:39 | WARNING | Falla API Google (Intento 1/3). Reintento en 3s...
11:42:42 | WARNING | Falla API Google (Intento 1/3). Reintento en 3s...
11:43:41 | WARNING | Falla API Google (Intento 1/3). Reintento en 3s...
11:45:39 | WARNING | Falla API Google (Intento 1/3). Reintento en 3s...
11:46:42 | WARNING | Falla API Google (Intento 1/3). Reintento en 3s...
11:47:41 | WARNING | Falla API Google (Intento 1/3). Reintento en 3s...
11:49:40 | WARNING | Falla API Google (Intento 1/3). Reintento en 3s...
11:50:42 | WARNING | Falla API Google (Intento 1/3). Reintento en 3s...
11:51:42 | WARNING | Falla API Google (Intento 1/3). Reintento en 3s...
11:53:38 | WARNING | Falla API Google (Intento 1/3). Reintento en 3s...
11:55:37 | WARNING | Falla API Google (Intento 1/3). Reintento en 3s...
11:56:40 | WARNING | Falla API Google (Intento 1/3). Reintento en 3s...
11:57:42 | WARNING | Falla API Google (Intento 1/3). Reintento en 3s...
11:58:37 | WARNING | Falla API Google (Intento 1/3). Reintento en 3s...
11:59:39 | WARNING | Falla API Google (Intento 1/3). Reintento en 3s...
12:00:42 | WARNING | Falla API Google (Intento 1/3). Reintento en 3s...
12:01:40 | WARNING | Falla API Google (Intento 1/3). Reintento en 3s...
12:02:43 | WARNING | Falla API Google (Intento 1/3). Reintento en 3s...
12:03:40 | WARNING | Falla API Google (Intento 1/3). Reintento en 3s...
12:04:41 | WARNING | Falla API Google (Intento 1/3). Reintento en 3s...
12:05:42 | WARNING | Falla API Google (Intento 1/3). Reintento en 3s...
12:06:40 | WARNING | Falla API Google (Intento 1/3). Reintento en 3s...
12:07:43 | WARNING | Falla API Google (Intento 1/3). Reintento en 3s...
12:08:41 | WARNING | Falla API Google (Intento 1/3). Reintento en 3s...
12:10:40 | WARNING | Falla API Google (Intento 1/3). Reintento en 3s...
12:11:42 | WARNING | Falla API Google (Intento 1/3). Reintento en 3s...
12:12:39 | WARNING | Falla API Google (Intento 1/3). Reintento en 3s...
12:13:40 | WARNING | Falla API Google (Intento 1/3). Reintento en 3s...
12:14:40 | WARNING | Falla API Google (Intento 1/3). Reintento en 3s...
12:15:42 | WARNING | Falla API Google (Intento 1/3). Reintento en 3s...
12:16:41 | WARNING | Falla API Google (Intento 1/3). Reintento en 3s...
12:17:41 | WARNING | Falla API Google (Intento 1/3). Reintento en 3s...
12:18:40 | WARNING | Falla API Google (Intento 1/3). Reintento en 3s...
12:19:42 | WARNING | Falla API Google (Intento 1/3). Reintento en 3s...
12:20:39 | WARNING | Falla API Google (Intento 1/3). Reintento en 3s...
12:21:40 | WARNING | Falla API Google (Intento 1/3). Reintento en 3s...
12:22:42 | WARNING | Falla API Google (Intento 1/3). Reintento en 3s...
12:23:41 | WARNING | Falla API Google (Intento 1/3). Reintento en 3s...
12:24:42 | WARNING | Falla API Google (Intento 1/3). Reintento en 3s...
12:25:39 | WARNING | Falla API Google (Intento 1/3). Reintento en 3s...
12:26:41 | WARNING | Falla API Google (Intento 1/3). Reintento en 3s...
12:27:40 | WARNING | Falla API Google (Intento 1/3). Reintento en 3s...
12:28:42 | WARNING | Falla API Google (Intento 1/3). Reintento en 3s...
12:29:42 | WARNING | Falla API Google (Intento 1/3). Reintento en 3s...
12:30:40 | WARNING | Falla API Google (Intento 1/3). Reintento en 3s...
12:31:40 | WARNING | Falla API Google (Intento 1/3). Reintento en 3s...
12:32:39 | WARNING | Falla API Google (Intento 1/3). Reintento en 3s...
12:33:38 | WARNING | Falla API Google (Intento 1/3). Reintento en 3s...
12:34:40 | WARNING | Falla API Google (Intento 1/3). Reintento en 3s...
12:35:41 | WARNING | Falla API Google (Intento 1/3). Reintento en 3s...
12:36:40 | WARNING | Falla API Google (Intento 1/3). Reintento en 3s...
12:37:40 | WARNING | Falla API Google (Intento 1/3). Reintento en 3s...
12:38:40 | WARNING | Falla API Google (Intento 1/3). Reintento en 3s...
12:39:41 | WARNING | Falla API Google (Intento 1/3). Reintento en 3s...
12:40:40 | WARNING | Falla API Google (Intento 1/3). Reintento en 3s...
12:41:41 | WARNING | Falla API Google (Intento 1/3). Reintento en 3s...
12:42:40 | WARNING | Falla API Google (Intento 1/3). Reintento en 3s...
12:43:41 | WARNING | Falla API Google (Intento 1/3). Reintento en 3s...
12:44:40 | WARNING | Falla API Google (Intento 1/3). Reintento en 3s...
12:45:40 | WARNING | Falla API Google (Intento 1/3). Reintento en 3s...
12:46:39 | WARNING | Falla API Google (Intento 1/3). Reintento en 3s...
12:47:40 | WARNING | Falla API Google (Intento 1/3). Reintento en 3s...
12:48:43 | WARNING | Falla API Google (Intento 1/3). Reintento en 3s...
12:49:42 | WARNING | Falla API Google (Intento 1/3). Reintento en 3s...
12:50:41 | WARNING | Falla API Google (Intento 1/3). Reintento en 3s...
12:51:42 | WARNING | Falla API Google (Intento 1/3). Reintento en 3s...
12:52:39 | WARNING | Falla API Google (Intento 1/3). Reintento en 3s...
12:53:41 | WARNING | Falla API Google (Intento 1/3). Reintento en 3s...
12:54:39 | WARNING | Falla API Google (Intento 1/3). Reintento en 3s...
12:55:41 | WARNING | Falla API Google (Intento 1/3). Reintento en 3s...
12:56:40 | WARNING | Falla API Google (Intento 1/3). Reintento en 3s...
12:57:41 | WARNING | Falla API Google (Intento 1/3). Reintento en 3s...
12:58:40 | WARNING | Falla API Google (Intento 1/3). Reintento en 3s...
12:59:40 | WARNING | Falla API Google (Intento 1/3). Reintento en 3s...
13:00:41 | WARNING | Falla API Google (Intento 1/3). Reintento en 3s...
13:01:40 | WARNING | Falla API Google (Intento 1/3). Reintento en 3s...
13:02:42 | WARNING | Falla API Google (Intento 1/3). Reintento en 3s...
13:03:39 | WARNING | Falla API Google (Intento 1/3). Reintento en 3s...
13:04:41 | WARNING | Falla API Google (Intento 1/3). Reintento en 3s...
13:05:40 | WARNING | Falla API Google (Intento 1/3). Reintento en 3s...
13:06:41 | WARNING | Falla API Google (Intento 1/3). Reintento en 3s...
13:07:41 | WARNING | Falla API Google (Intento 1/3). Reintento en 3s...
13:08:42 | WARNING | Falla API Google (Intento 1/3). Reintento en 3s...
13:09:42 | WARNING | Falla API Google (Intento 1/3). Reintento en 3s...
13:10:41 | WARNING | Falla API Google (Intento 1/3). Reintento en 3s...
13:11:41 | WARNING | Falla API Google (Intento 1/3). Reintento en 3s...
13:12:42 | WARNING | Falla API Google (Intento 1/3). Reintento en 3s...
13:13:42 | WARNING | Falla API Google (Intento 1/3). Reintento en 3s...
13:14:41 | WARNING | Falla API Google (Intento 1/3). Reintento en 3s...
13:16:42 | WARNING | Falla API Google (Intento 1/3). Reintento en 3s...
13:17:43 | WARNING | Falla API Google (Intento 1/3). Reintento en 3s...
13:18:39 | WARNING | Falla API Google (Intento 1/3). Reintento en 3s...
13:19:39 | WARNING | Falla API Google (Intento 1/3). Reintento en 3s...
13:20:40 | WARNING | Falla API Google (Intento 1/3). Reintento en 3s...
13:21:39 | WARNING | Falla API Google (Intento 1/3). Reintento en 3s...
13:22:40 | WARNING | Falla API Google (Intento 1/3). Reintento en 3s...
13:23:42 | WARNING | Falla API Google (Intento 1/3). Reintento en 3s...
13:24:41 | WARNING | Falla API Google (Intento 1/3). Reintento en 3s...
13:25:40 | WARNING | Falla API Google (Intento 1/3). Reintento en 3s...
13:26:42 | WARNING | Falla API Google (Intento 1/3). Reintento en 3s...
13:27:40 | WARNING | Falla API Google (Intento 1/3). Reintento en 3s...
13:28:41 | WARNING | Falla API Google (Intento 1/3). Reintento en 3s...
13:29:41 | WARNING | Falla API Google (Intento 1/3). Reintento en 3s...
13:30:40 | WARNING | Falla API Google (Intento 1/3). Reintento en 3s...
13:31:41 | WARNING | Falla API Google (Intento 1/3). Reintento en 3s...
13:32:41 | WARNING | Falla API Google (Intento 1/3). Reintento en 3s...
13:33:41 | WARNING | Falla API Google (Intento 1/3). Reintento en 3s...
13:34:42 | WARNING | Falla API Google (Intento 1/3). Reintento en 3s...
13:35:39 | WARNING | Falla API Google (Intento 1/3). Reintento en 3s...
13:36:43 | WARNING | Falla API Google (Intento 1/3). Reintento en 3s...
13:37:42 | WARNING | Falla API Google (Intento 1/3). Reintento en 3s...
13:38:41 | WARNING | Falla API Google (Intento 1/3). Reintento en 3s...
13:40:38 | WARNING | Falla API Google (Intento 1/3). Reintento en 3s...
13:41:40 | WARNING | Falla API Google (Intento 1/3). Reintento en 3s...
13:42:42 | WARNING | Falla API Google (Intento 1/3). Reintento en 3s...
13:43:42 | WARNING | Falla API Google (Intento 1/3). Reintento en 3s...
13:44:40 | WARNING | Falla API Google (Intento 1/3). Reintento en 3s...
13:45:42 | WARNING | Falla API Google (Intento 1/3). Reintento en 3s...
13:46:40 | WARNING | Falla API Google (Intento 1/3). Reintento en 3s...
13:47:42 | WARNING | Falla API Google (Intento 1/3). Reintento en 3s...
13:48:42 | WARNING | Falla API Google (Intento 1/3). Reintento en 3s...
13:49:39 | WARNING | Falla API Google (Intento 1/3). Reintento en 3s...
13:49:58 | INFO | Detencion manual detectada. Cerrando procesos...
13:49:58 | INFO | WebSocket desconectado. Bot fuera de linea.
13:50:28 | INFO | MarketManager iniciado con 5 activos (MODO ESTÁTICO).
13:50:32 | INFO | Sistema Operativo - Monitoreando lista estatica
13:51:40 | WARNING | Falla API Google (Intento 1/3). Reintento en 3s...
13:52:42 | WARNING | Falla API Google (Intento 1/3). Reintento en 3s...
13:53:42 | WARNING | Falla API Google (Intento 1/3). Reintento en 3s...
13:54:41 | WARNING | Falla API Google (Intento 1/3). Reintento en 3s...
13:55:41 | WARNING | Falla API Google (Intento 1/3). Reintento en 3s...
13:56:41 | WARNING | Falla API Google (Intento 1/3). Reintento en 3s...
13:57:38 | WARNING | Falla API Google (Intento 1/3). Reintento en 3s...
13:58:42 | WARNING | Falla API Google (Intento 1/3). Reintento en 3s...
13:59:43 | WARNING | Falla API Google (Intento 1/3). Reintento en 3s...
14:00:42 | WARNING | Falla API Google (Intento 1/3). Reintento en 3s...
14:01:40 | WARNING | Falla API Google (Intento 1/3). Reintento en 3s...
14:02:42 | WARNING | Falla API Google (Intento 1/3). Reintento en 3s...
14:03:42 | WARNING | Falla API Google (Intento 1/3). Reintento en 3s...
14:04:39 | WARNING | Falla API Google (Intento 1/3). Reintento en 3s...
14:05:41 | WARNING | Falla API Google (Intento 1/3). Reintento en 3s...
14:06:39 | WARNING | Falla API Google (Intento 1/3). Reintento en 3s...
14:07:41 | WARNING | Falla API Google (Intento 1/3). Reintento en 3s...
14:08:41 | WARNING | Falla API Google (Intento 1/3). Reintento en 3s...
14:09:43 | WARNING | Falla API Google (Intento 1/3). Reintento en 3s...
14:10:42 | WARNING | Falla API Google (Intento 1/3). Reintento en 3s...
14:11:41 | WARNING | Falla API Google (Intento 1/3). Reintento en 3s...
14:12:38 | WARNING | Falla API Google (Intento 1/3). Reintento en 3s...
14:13:40 | WARNING | Falla API Google (Intento 1/3). Reintento en 3s...
14:14:41 | WARNING | Falla API Google (Intento 1/3). Reintento en 3s...
14:15:41 | WARNING | Falla API Google (Intento 1/3). Reintento en 3s...
14:16:38 | WARNING | Falla API Google (Intento 1/3). Reintento en 3s...
14:17:40 | WARNING | Falla API Google (Intento 1/3). Reintento en 3s...
14:18:42 | WARNING | Falla API Google (Intento 1/3). Reintento en 3s...
14:19:41 | WARNING | Falla API Google (Intento 1/3). Reintento en 3s...
14:20:43 | WARNING | Falla API Google (Intento 1/3). Reintento en 3s...
14:21:40 | WARNING | Falla API Google (Intento 1/3). Reintento en 3s...
14:22:39 | WARNING | Falla API Google (Intento 1/3). Reintento en 3s...
14:23:38 | WARNING | Falla API Google (Intento 1/3). Reintento en 3s...
14:24:40 | WARNING | Falla API Google (Intento 1/3). Reintento en 3s...
14:25:43 | WARNING | Falla API Google (Intento 1/3). Reintento en 3s...
14:26:40 | WARNING | Falla API Google (Intento 1/3). Reintento en 3s...
14:27:41 | WARNING | Falla API Google (Intento 1/3). Reintento en 3s...
14:28:40 | WARNING | Falla API Google (Intento 1/3). Reintento en 3s...
14:29:43 | WARNING | Falla API Google (Intento 1/3). Reintento en 3s...
14:30:38 | WARNING | Falla API Google (Intento 1/3). Reintento en 3s...
14:31:40 | WARNING | Falla API Google (Intento 1/3). Reintento en 3s...
14:33:38 | WARNING | Falla API Google (Intento 1/3). Reintento en 3s...
14:34:40 | WARNING | Falla API Google (Intento 1/3). Reintento en 3s...
14:35:42 | WARNING | Falla API Google (Intento 1/3). Reintento en 3s...
14:36:39 | WARNING | Falla API Google (Intento 1/3). Reintento en 3s...
14:37:41 | WARNING | Falla API Google (Intento 1/3). Reintento en 3s...
14:38:40 | WARNING | Falla API Google (Intento 1/3). Reintento en 3s...
14:39:40 | WARNING | Falla API Google (Intento 1/3). Reintento en 3s...
14:40:39 | WARNING | Falla API Google (Intento 1/3). Reintento en 3s...
14:41:41 | WARNING | Falla API Google (Intento 1/3). Reintento en 3s...
14:42:41 | WARNING | Falla API Google (Intento 1/3). Reintento en 3s...
14:43:40 | WARNING | Falla API Google (Intento 1/3). Reintento en 3s...
14:44:40 | WARNING | Falla API Google (Intento 1/3). Reintento en 3s...
14:45:41 | WARNING | Falla API Google (Intento 1/3). Reintento en 3s...
14:46:40 | WARNING | Falla API Google (Intento 1/3). Reintento en 3s...
14:47:40 | WARNING | Falla API Google (Intento 1/3). Reintento en 3s...
14:48:40 | WARNING | Falla API Google (Intento 1/3). Reintento en 3s...
14:49:40 | WARNING | Falla API Google (Intento 1/3). Reintento en 3s...
14:50:42 | WARNING | Falla API Google (Intento 1/3). Reintento en 3s...
14:51:39 | WARNING | Falla API Google (Intento 1/3). Reintento en 3s...
14:52:41 | WARNING | Falla API Google (Intento 1/3). Reintento en 3s...
14:53:40 | WARNING | Falla API Google (Intento 1/3). Reintento en 3s...
14:54:42 | WARNING | Falla API Google (Intento 1/3). Reintento en 3s...
14:55:39 | WARNING | Falla API Google (Intento 1/3). Reintento en 3s...
14:56:41 | WARNING | Falla API Google (Intento 1/3). Reintento en 3s...
14:57:40 | WARNING | Falla API Google (Intento 1/3). Reintento en 3s...
14:58:42 | WARNING | Falla API Google (Intento 1/3). Reintento en 3s...
14:59:41 | WARNING | Falla API Google (Intento 1/3). Reintento en 3s...
15:00:40 | WARNING | Falla API Google (Intento 1/3). Reintento en 3s...
15:01:42 | WARNING | Falla API Google (Intento 1/3). Reintento en 3s...
15:02:41 | WARNING | Falla API Google (Intento 1/3). Reintento en 3s...
15:03:39 | WARNING | Falla API Google (Intento 1/3). Reintento en 3s...
15:04:40 | WARNING | Falla API Google (Intento 1/3). Reintento en 3s...
15:05:41 | WARNING | Falla API Google (Intento 1/3). Reintento en 3s...
15:07:37 | WARNING | Falla API Google (Intento 1/3). Reintento en 3s...
15:08:41 | WARNING | Falla API Google (Intento 1/3). Reintento en 3s...
15:09:40 | WARNING | Falla API Google (Intento 1/3). Reintento en 3s...
15:10:42 | WARNING | Falla API Google (Intento 1/3). Reintento en 3s...
15:11:40 | WARNING | Falla API Google (Intento 1/3). Reintento en 3s...
15:12:42 | WARNING | Falla API Google (Intento 1/3). Reintento en 3s...
15:13:41 | WARNING | Falla API Google (Intento 1/3). Reintento en 3s...
15:14:41 | WARNING | Falla API Google (Intento 1/3). Reintento en 3s...
15:15:43 | WARNING | Falla API Google (Intento 1/3). Reintento en 3s...
15:16:42 | WARNING | Falla API Google (Intento 1/3). Reintento en 3s...
15:17:41 | WARNING | Falla API Google (Intento 1/3). Reintento en 3s...
15:18:40 | WARNING | Falla API Google (Intento 1/3). Reintento en 3s...
15:19:42 | WARNING | Falla API Google (Intento 1/3). Reintento en 3s...
15:20:42 | WARNING | Falla API Google (Intento 1/3). Reintento en 3s...
15:21:41 | WARNING | Falla API Google (Intento 1/3). Reintento en 3s...
15:22:41 | WARNING | Falla API Google (Intento 1/3). Reintento en 3s...
15:23:42 | WARNING | Falla API Google (Intento 1/3). Reintento en 3s...
15:24:42 | WARNING | Falla API Google (Intento 1/3). Reintento en 3s...
15:25:39 | WARNING | Falla API Google (Intento 1/3). Reintento en 3s...
15:26:41 | WARNING | Falla API Google (Intento 1/3). Reintento en 3s...
15:27:42 | WARNING | Falla API Google (Intento 1/3). Reintento en 3s...
15:28:41 | WARNING | Falla API Google (Intento 1/3). Reintento en 3s...
15:29:41 | WARNING | Falla API Google (Intento 1/3). Reintento en 3s...
15:30:40 | WARNING | Falla API Google (Intento 1/3). Reintento en 3s...
15:31:41 | WARNING | Falla API Google (Intento 1/3). Reintento en 3s...
15:32:41 | WARNING | Falla API Google (Intento 1/3). Reintento en 3s...
15:33:43 | WARNING | Falla API Google (Intento 1/3). Reintento en 3s...
15:34:40 | WARNING | Falla API Google (Intento 1/3). Reintento en 3s...
15:35:41 | WARNING | Falla API Google (Intento 1/3). Reintento en 3s...
15:36:41 | WARNING | Falla API Google (Intento 1/3). Reintento en 3s...
15:37:41 | WARNING | Falla API Google (Intento 1/3). Reintento en 3s...
15:38:40 | WARNING | Falla API Google (Intento 1/3). Reintento en 3s...
15:39:41 | WARNING | Falla API Google (Intento 1/3). Reintento en 3s...
15:40:41 | WARNING | Falla API Google (Intento 1/3). Reintento en 3s...
15:41:42 | WARNING | Falla API Google (Intento 1/3). Reintento en 3s...
15:42:41 | WARNING | Falla API Google (Intento 1/3). Reintento en 3s...
15:43:41 | WARNING | Falla API Google (Intento 1/3). Reintento en 3s...
15:44:42 | WARNING | Falla API Google (Intento 1/3). Reintento en 3s...
15:45:39 | WARNING | Falla API Google (Intento 1/3). Reintento en 3s...
15:47:38 | WARNING | Falla API Google (Intento 1/3). Reintento en 3s...
15:48:40 | WARNING | Falla API Google (Intento 1/3). Reintento en 3s...
15:49:41 | WARNING | Falla API Google (Intento 1/3). Reintento en 3s...
15:50:40 | WARNING | Falla API Google (Intento 1/3). Reintento en 3s...
15:51:42 | WARNING | Falla API Google (Intento 1/3). Reintento en 3s...
15:52:41 | WARNING | Falla API Google (Intento 1/3). Reintento en 3s...
15:53:42 | WARNING | Falla API Google (Intento 1/3). Reintento en 3s...
15:54:39 | WARNING | Falla API Google (Intento 1/3). Reintento en 3s...
15:55:38 | WARNING | Falla API Google (Intento 1/3). Reintento en 3s...
15:56:40 | WARNING | Falla API Google (Intento 1/3). Reintento en 3s...
15:57:42 | WARNING | Falla API Google (Intento 1/3). Reintento en 3s...
15:58:41 | WARNING | Falla API Google (Intento 1/3). Reintento en 3s...
15:59:41 | WARNING | Falla API Google (Intento 1/3). Reintento en 3s...
16:00:42 | WARNING | Falla API Google (Intento 1/3). Reintento en 3s...
16:01:39 | WARNING | Falla API Google (Intento 1/3). Reintento en 3s...
16:02:41 | WARNING | Falla API Google (Intento 1/3). Reintento en 3s...
16:03:41 | WARNING | Falla API Google (Intento 1/3). Reintento en 3s...
16:04:40 | WARNING | Falla API Google (Intento 1/3). Reintento en 3s...
16:05:41 | WARNING | Falla API Google (Intento 1/3). Reintento en 3s...
16:06:41 | WARNING | Falla API Google (Intento 1/3). Reintento en 3s...
16:07:39 | WARNING | Falla API Google (Intento 1/3). Reintento en 3s...
16:08:40 | WARNING | Falla API Google (Intento 1/3). Reintento en 3s...
16:09:42 | WARNING | Falla API Google (Intento 1/3). Reintento en 3s...
16:10:41 | WARNING | Falla API Google (Intento 1/3). Reintento en 3s...
16:11:40 | WARNING | Falla API Google (Intento 1/3). Reintento en 3s...
16:12:42 | WARNING | Falla API Google (Intento 1/3). Reintento en 3s...
16:13:42 | WARNING | Falla API Google (Intento 1/3). Reintento en 3s...
16:14:38 | WARNING | Falla API Google (Intento 1/3). Reintento en 3s...
16:15:39 | WARNING | Falla API Google (Intento 1/3). Reintento en 3s...
16:16:41 | WARNING | Falla API Google (Intento 1/3). Reintento en 3s...
16:17:41 | WARNING | Falla API Google (Intento 1/3). Reintento en 3s...
16:18:42 | WARNING | Falla API Google (Intento 1/3). Reintento en 3s...
16:19:41 | WARNING | Falla API Google (Intento 1/3). Reintento en 3s...
16:20:39 | WARNING | Falla API Google (Intento 1/3). Reintento en 3s...
16:21:43 | WARNING | Falla API Google (Intento 1/3). Reintento en 3s...
16:22:42 | WARNING | Falla API Google (Intento 1/3). Reintento en 3s...
16:23:42 | WARNING | Falla API Google (Intento 1/3). Reintento en 3s...
16:24:41 | WARNING | Falla API Google (Intento 1/3). Reintento en 3s...
16:25:40 | WARNING | Falla API Google (Intento 1/3). Reintento en 3s...
16:26:41 | WARNING | Falla API Google (Intento 1/3). Reintento en 3s...
16:27:41 | WARNING | Falla API Google (Intento 1/3). Reintento en 3s...
16:28:40 | WARNING | Falla API Google (Intento 1/3). Reintento en 3s...
16:29:40 | WARNING | Falla API Google (Intento 1/3). Reintento en 3s...
16:30:41 | WARNING | Falla API Google (Intento 1/3). Reintento en 3s...
16:31:41 | WARNING | Falla API Google (Intento 1/3). Reintento en 3s...
16:32:40 | WARNING | Falla API Google (Intento 1/3). Reintento en 3s...
16:33:42 | WARNING | Falla API Google (Intento 1/3). Reintento en 3s...
16:34:40 | WARNING | Falla API Google (Intento 1/3). Reintento en 3s...
16:35:41 | WARNING | Falla API Google (Intento 1/3). Reintento en 3s...
16:36:41 | WARNING | Falla API Google (Intento 1/3). Reintento en 3s...
16:37:38 | WARNING | Falla API Google (Intento 1/3). Reintento en 3s...
16:38:40 | WARNING | Falla API Google (Intento 1/3). Reintento en 3s...
16:39:42 | WARNING | Falla API Google (Intento 1/3). Reintento en 3s...
16:40:41 | WARNING | Falla API Google (Intento 1/3). Reintento en 3s...
16:41:41 | WARNING | Falla API Google (Intento 1/3). Reintento en 3s...
16:42:40 | WARNING | Falla API Google (Intento 1/3). Reintento en 3s...
16:43:41 | WARNING | Falla API Google (Intento 1/3). Reintento en 3s...
16:44:41 | WARNING | Falla API Google (Intento 1/3). Reintento en 3s...
16:46:39 | WARNING | Falla API Google (Intento 1/3). Reintento en 3s...
16:47:41 | WARNING | Falla API Google (Intento 1/3). Reintento en 3s...
16:48:41 | WARNING | Falla API Google (Intento 1/3). Reintento en 3s...
16:49:40 | WARNING | Falla API Google (Intento 1/3). Reintento en 3s...
16:50:42 | WARNING | Falla API Google (Intento 1/3). Reintento en 3s...
16:51:41 | WARNING | Falla API Google (Intento 1/3). Reintento en 3s...
16:52:42 | WARNING | Falla API Google (Intento 1/3). Reintento en 3s...
16:53:42 | WARNING | Falla API Google (Intento 1/3). Reintento en 3s...
16:54:39 | WARNING | Falla API Google (Intento 1/3). Reintento en 3s...
16:55:40 | WARNING | Falla API Google (Intento 1/3). Reintento en 3s...
16:56:41 | WARNING | Falla API Google (Intento 1/3). Reintento en 3s...
16:57:40 | WARNING | Falla API Google (Intento 1/3). Reintento en 3s...
16:58:39 | WARNING | Falla API Google (Intento 1/3). Reintento en 3s...
16:59:39 | WARNING | Falla API Google (Intento 1/3). Reintento en 3s...
17:00:38 | WARNING | Falla API Google (Intento 1/3). Reintento en 3s...
17:00:45 | WARNING | ¡ALERTA! Conexión caída o congelada. Reiniciando sistema YA...
17:00:46 | INFO | MarketManager iniciado con 5 activos (MODO ESTÁTICO).
17:00:50 | INFO | Sistema Operativo - Monitoreando lista estatica
17:01:42 | WARNING | Falla API Google (Intento 1/3). Reintento en 3s...
17:01:49 | WARNING | ¡ALERTA! Conexión caída o congelada. Reiniciando sistema YA...
17:01:51 | INFO | MarketManager iniciado con 5 activos (MODO ESTÁTICO).
17:01:55 | INFO | Sistema Operativo - Monitoreando lista estatica
17:02:37 | WARNING | ¡ALERTA! Conexión caída o congelada. Reiniciando sistema YA...
17:02:38 | INFO | MarketManager iniciado con 5 activos (MODO ESTÁTICO).
17:02:42 | INFO | Sistema Operativo - Monitoreando lista estatica
17:03:14 | WARNING | ¡ALERTA! Conexión caída o congelada. Reiniciando sistema YA...
17:03:14 | INFO | MarketManager iniciado con 5 activos (MODO ESTÁTICO).
17:03:18 | INFO | Sistema Operativo - Monitoreando lista estatica
17:03:41 | WARNING | Falla API Google (Intento 1/3). Reintento en 3s...
17:03:50 | WARNING | ¡ALERTA! Conexión caída o congelada. Reiniciando sistema YA...
17:03:52 | INFO | MarketManager iniciado con 5 activos (MODO ESTÁTICO).
17:03:55 | INFO | Sistema Operativo - Monitoreando lista estatica
17:04:26 | WARNING | ¡ALERTA! Conexión caída o congelada. Reiniciando sistema YA...
17:04:28 | INFO | MarketManager iniciado con 5 activos (MODO ESTÁTICO).
17:04:32 | INFO | Sistema Operativo - Monitoreando lista estatica
17:05:03 | WARNING | ¡ALERTA! Conexión caída o congelada. Reiniciando sistema YA...
17:05:05 | INFO | MarketManager iniciado con 5 activos (MODO ESTÁTICO).
17:05:09 | INFO | Sistema Operativo - Monitoreando lista estatica
17:05:40 | WARNING | ¡ALERTA! Conexión caída o congelada. Reiniciando sistema YA...
17:05:42 | INFO | MarketManager iniciado con 5 activos (MODO ESTÁTICO).
17:05:46 | INFO | Sistema Operativo - Monitoreando lista estatica
17:06:17 | WARNING | ¡ALERTA! Conexión caída o congelada. Reiniciando sistema YA...
17:06:19 | INFO | MarketManager iniciado con 5 activos (MODO ESTÁTICO).
17:06:23 | INFO | Sistema Operativo - Monitoreando lista estatica
17:06:54 | WARNING | ¡ALERTA! Conexión caída o congelada. Reiniciando sistema YA...
17:06:57 | INFO | MarketManager iniciado con 5 activos (MODO ESTÁTICO).
17:07:00 | INFO | Sistema Operativo - Monitoreando lista estatica
17:07:31 | WARNING | ¡ALERTA! Conexión caída o congelada. Reiniciando sistema YA...
17:07:32 | INFO | MarketManager iniciado con 5 activos (MODO ESTÁTICO).
17:07:35 | INFO | Sistema Operativo - Monitoreando lista estatica
17:07:42 | WARNING | Falla API Google (Intento 1/3). Reintento en 3s...
17:08:05 | WARNING | ¡ALERTA! Conexión caída o congelada. Reiniciando sistema YA...
17:08:07 | INFO | MarketManager iniciado con 5 activos (MODO ESTÁTICO).
17:08:11 | INFO | Sistema Operativo - Monitoreando lista estatica
17:08:42 | WARNING | ¡ALERTA! Conexión caída o congelada. Reiniciando sistema YA...
17:08:44 | INFO | MarketManager iniciado con 5 activos (MODO ESTÁTICO).
17:08:47 | INFO | Sistema Operativo - Monitoreando lista estatica
17:09:19 | WARNING | ¡ALERTA! Conexión caída o congelada. Reiniciando sistema YA...
17:09:20 | INFO | MarketManager iniciado con 5 activos (MODO ESTÁTICO).
17:09:24 | INFO | Sistema Operativo - Monitoreando lista estatica
17:09:56 | WARNING | ¡ALERTA! Conexión caída o congelada. Reiniciando sistema YA...
17:09:58 | INFO | MarketManager iniciado con 5 activos (MODO ESTÁTICO).
17:10:01 | INFO | Sistema Operativo - Monitoreando lista estatica
17:10:41 | WARNING | Falla API Google (Intento 1/3). Reintento en 3s...
17:11:00 | WARNING | ¡ALERTA! Conexión caída o congelada. Reiniciando sistema YA...
17:11:00 | INFO | MarketManager iniciado con 5 activos (MODO ESTÁTICO).
17:11:05 | INFO | Sistema Operativo - Monitoreando lista estatica
17:11:36 | WARNING | ¡ALERTA! Conexión caída o congelada. Reiniciando sistema YA...
17:11:38 | INFO | MarketManager iniciado con 5 activos (MODO ESTÁTICO).
17:11:41 | INFO | Sistema Operativo - Monitoreando lista estatica
17:12:12 | WARNING | ¡ALERTA! Conexión caída o congelada. Reiniciando sistema YA...
17:12:14 | INFO | MarketManager iniciado con 5 activos (MODO ESTÁTICO).
17:12:18 | INFO | Sistema Operativo - Monitoreando lista estatica
17:12:41 | WARNING | Falla API Google (Intento 1/3). Reintento en 3s...
17:12:50 | WARNING | ¡ALERTA! Conexión caída o congelada. Reiniciando sistema YA...
17:12:52 | INFO | MarketManager iniciado con 5 activos (MODO ESTÁTICO).
17:12:55 | INFO | Sistema Operativo - Monitoreando lista estatica
17:13:27 | WARNING | ¡ALERTA! Conexión caída o congelada. Reiniciando sistema YA...
17:13:29 | INFO | MarketManager iniciado con 5 activos (MODO ESTÁTICO).
17:13:33 | INFO | Sistema Operativo - Monitoreando lista estatica
17:14:04 | WARNING | ¡ALERTA! Conexión caída o congelada. Reiniciando sistema YA...
17:14:05 | INFO | MarketManager iniciado con 5 activos (MODO ESTÁTICO).
17:14:10 | INFO | Sistema Operativo - Monitoreando lista estatica
17:14:41 | WARNING | ¡ALERTA! Conexión caída o congelada. Reiniciando sistema YA...
17:14:43 | INFO | MarketManager iniciado con 5 activos (MODO ESTÁTICO).
17:14:47 | INFO | Sistema Operativo - Monitoreando lista estatica
17:15:18 | WARNING | ¡ALERTA! Conexión caída o congelada. Reiniciando sistema YA...
17:15:20 | INFO | MarketManager iniciado con 5 activos (MODO ESTÁTICO).
17:15:23 | INFO | Sistema Operativo - Monitoreando lista estatica
17:15:55 | WARNING | ¡ALERTA! Conexión caída o congelada. Reiniciando sistema YA...
17:15:57 | INFO | MarketManager iniciado con 5 activos (MODO ESTÁTICO).
17:16:00 | INFO | Sistema Operativo - Monitoreando lista estatica
17:16:31 | WARNING | ¡ALERTA! Conexión caída o congelada. Reiniciando sistema YA...
17:16:33 | INFO | MarketManager iniciado con 5 activos (MODO ESTÁTICO).
17:16:37 | INFO | Sistema Operativo - Monitoreando lista estatica
17:16:41 | WARNING | Falla API Google (Intento 1/3). Reintento en 3s...
17:17:09 | WARNING | ¡ALERTA! Conexión caída o congelada. Reiniciando sistema YA...
17:17:11 | INFO | MarketManager iniciado con 5 activos (MODO ESTÁTICO).
17:17:14 | INFO | Sistema Operativo - Monitoreando lista estatica
17:17:42 | WARNING | Falla API Google (Intento 1/3). Reintento en 3s...
17:17:49 | WARNING | ¡ALERTA! Conexión caída o congelada. Reiniciando sistema YA...
17:17:51 | INFO | MarketManager iniciado con 5 activos (MODO ESTÁTICO).
17:17:54 | INFO | Sistema Operativo - Monitoreando lista estatica
17:18:26 | WARNING | ¡ALERTA! Conexión caída o congelada. Reiniciando sistema YA...
17:18:27 | INFO | MarketManager iniciado con 5 activos (MODO ESTÁTICO).
17:18:31 | INFO | Sistema Operativo - Monitoreando lista estatica
17:19:03 | WARNING | ¡ALERTA! Conexión caída o congelada. Reiniciando sistema YA...
17:19:05 | INFO | MarketManager iniciado con 5 activos (MODO ESTÁTICO).
17:19:09 | INFO | Sistema Operativo - Monitoreando lista estatica
17:19:40 | WARNING | ¡ALERTA! Conexión caída o congelada. Reiniciando sistema YA...
17:19:42 | INFO | MarketManager iniciado con 5 activos (MODO ESTÁTICO).
17:19:45 | INFO | Sistema Operativo - Monitoreando lista estatica
17:20:16 | WARNING | ¡ALERTA! Conexión caída o congelada. Reiniciando sistema YA...
17:20:18 | INFO | MarketManager iniciado con 5 activos (MODO ESTÁTICO).
17:20:22 | INFO | Sistema Operativo - Monitoreando lista estatica
17:20:42 | WARNING | Falla API Google (Intento 1/3). Reintento en 3s...
17:20:54 | WARNING | ¡ALERTA! Conexión caída o congelada. Reiniciando sistema YA...
17:20:55 | INFO | MarketManager iniciado con 5 activos (MODO ESTÁTICO).
17:20:59 | INFO | Sistema Operativo - Monitoreando lista estatica
17:21:31 | WARNING | ¡ALERTA! Conexión caída o congelada. Reiniciando sistema YA...
17:21:32 | INFO | MarketManager iniciado con 5 activos (MODO ESTÁTICO).
17:21:35 | INFO | Sistema Operativo - Monitoreando lista estatica
17:22:07 | WARNING | ¡ALERTA! Conexión caída o congelada. Reiniciando sistema YA...
17:22:09 | INFO | MarketManager iniciado con 5 activos (MODO ESTÁTICO).
17:22:12 | INFO | Sistema Operativo - Monitoreando lista estatica
17:22:41 | WARNING | Falla API Google (Intento 1/3). Reintento en 3s...
17:22:49 | WARNING | ¡ALERTA! Conexión caída o congelada. Reiniciando sistema YA...
17:22:51 | INFO | MarketManager iniciado con 5 activos (MODO ESTÁTICO).
17:22:55 | INFO | Sistema Operativo - Monitoreando lista estatica
17:23:26 | WARNING | ¡ALERTA! Conexión caída o congelada. Reiniciando sistema YA...
17:23:29 | INFO | MarketManager iniciado con 5 activos (MODO ESTÁTICO).
17:23:33 | INFO | Sistema Operativo - Monitoreando lista estatica
17:24:04 | WARNING | ¡ALERTA! Conexión caída o congelada. Reiniciando sistema YA...
17:24:05 | INFO | MarketManager iniciado con 5 activos (MODO ESTÁTICO).
17:24:09 | INFO | Sistema Operativo - Monitoreando lista estatica
17:24:41 | WARNING | ¡ALERTA! Conexión caída o congelada. Reiniciando sistema YA...
17:24:43 | INFO | MarketManager iniciado con 5 activos (MODO ESTÁTICO).
17:24:47 | INFO | Sistema Operativo - Monitoreando lista estatica
17:25:19 | WARNING | ¡ALERTA! Conexión caída o congelada. Reiniciando sistema YA...
17:25:19 | INFO | MarketManager iniciado con 5 activos (MODO ESTÁTICO).
17:25:23 | INFO | Sistema Operativo - Monitoreando lista estatica
17:25:55 | WARNING | ¡ALERTA! Conexión caída o congelada. Reiniciando sistema YA...
17:25:59 | INFO | MarketManager iniciado con 5 activos (MODO ESTÁTICO).
17:26:03 | INFO | Sistema Operativo - Monitoreando lista estatica
17:26:35 | WARNING | ¡ALERTA! Conexión caída o congelada. Reiniciando sistema YA...
17:26:36 | INFO | MarketManager iniciado con 5 activos (MODO ESTÁTICO).
17:26:41 | INFO | Sistema Operativo - Monitoreando lista estatica
17:27:12 | WARNING | ¡ALERTA! Conexión caída o congelada. Reiniciando sistema YA...
17:27:15 | INFO | MarketManager iniciado con 5 activos (MODO ESTÁTICO).
17:27:19 | INFO | Sistema Operativo - Monitoreando lista estatica
17:27:42 | WARNING | Falla API Google (Intento 1/3). Reintento en 3s...
17:27:49 | WARNING | ¡ALERTA! Conexión caída o congelada. Reiniciando sistema YA...
17:27:51 | INFO | MarketManager iniciado con 5 activos (MODO ESTÁTICO).
17:27:55 | INFO | Sistema Operativo - Monitoreando lista estatica
17:28:27 | WARNING | ¡ALERTA! Conexión caída o congelada. Reiniciando sistema YA...
17:28:29 | INFO | MarketManager iniciado con 5 activos (MODO ESTÁTICO).
17:28:33 | INFO | Sistema Operativo - Monitoreando lista estatica
17:29:04 | WARNING | ¡ALERTA! Conexión caída o congelada. Reiniciando sistema YA...
17:29:06 | INFO | MarketManager iniciado con 5 activos (MODO ESTÁTICO).
17:29:11 | INFO | Sistema Operativo - Monitoreando lista estatica
17:29:42 | WARNING | ¡ALERTA! Conexión caída o congelada. Reiniciando sistema YA...
17:29:44 | INFO | MarketManager iniciado con 5 activos (MODO ESTÁTICO).
17:29:49 | INFO | Sistema Operativo - Monitoreando lista estatica
17:30:20 | WARNING | ¡ALERTA! Conexión caída o congelada. Reiniciando sistema YA...
17:30:21 | INFO | MarketManager iniciado con 5 activos (MODO ESTÁTICO).
17:30:25 | INFO | Sistema Operativo - Monitoreando lista estatica
17:30:57 | WARNING | ¡ALERTA! Conexión caída o congelada. Reiniciando sistema YA...
17:30:59 | INFO | MarketManager iniciado con 5 activos (MODO ESTÁTICO).
17:31:03 | INFO | Sistema Operativo - Monitoreando lista estatica
17:31:35 | WARNING | ¡ALERTA! Conexión caída o congelada. Reiniciando sistema YA...
17:31:37 | INFO | MarketManager iniciado con 5 activos (MODO ESTÁTICO).
17:31:41 | INFO | Sistema Operativo - Monitoreando lista estatica
17:32:12 | WARNING | ¡ALERTA! Conexión caída o congelada. Reiniciando sistema YA...
17:32:14 | INFO | MarketManager iniciado con 5 activos (MODO ESTÁTICO).
17:32:18 | INFO | Sistema Operativo - Monitoreando lista estatica
17:32:32 | INFO | Detencion manual detectada. Cerrando procesos...
17:32:32 | INFO | WebSocket desconectado. Bot fuera de linea.
10:07:00 | INFO | MarketManager iniciado con 5 activos (MODO ESTÁTICO).
10:07:04 | INFO | Sistema Operativo - Monitoreando lista estatica
10:07:31 | WARNING | ¡ALERTA! Conexión caída o congelada. Reiniciando sistema YA...
10:07:33 | INFO | MarketManager iniciado con 5 activos (MODO ESTÁTICO).
10:07:37 | INFO | Sistema Operativo - Monitoreando lista estatica
10:08:04 | WARNING | ¡ALERTA! Conexión caída o congelada. Reiniciando sistema YA...
10:08:05 | INFO | MarketManager iniciado con 5 activos (MODO ESTÁTICO).
10:08:08 | INFO | Sistema Operativo - Monitoreando lista estatica
10:08:35 | WARNING | ¡ALERTA! Conexión caída o congelada. Reiniciando sistema YA...
10:08:36 | INFO | MarketManager iniciado con 5 activos (MODO ESTÁTICO).
10:08:40 | INFO | Sistema Operativo - Monitoreando lista estatica
10:09:07 | WARNING | ¡ALERTA! Conexión caída o congelada. Reiniciando sistema YA...
10:09:07 | INFO | MarketManager iniciado con 5 activos (MODO ESTÁTICO).
10:09:11 | INFO | Sistema Operativo - Monitoreando lista estatica
10:09:38 | WARNING | ¡ALERTA! Conexión caída o congelada. Reiniciando sistema YA...
10:09:40 | INFO | MarketManager iniciado con 5 activos (MODO ESTÁTICO).
10:09:44 | INFO | Sistema Operativo - Monitoreando lista estatica
10:10:11 | WARNING | ¡ALERTA! Conexión caída o congelada. Reiniciando sistema YA...
10:10:13 | INFO | MarketManager iniciado con 5 activos (MODO ESTÁTICO).
10:10:17 | INFO | Sistema Operativo - Monitoreando lista estatica
10:10:44 | WARNING | ¡ALERTA! Conexión caída o congelada. Reiniciando sistema YA...
10:10:45 | INFO | MarketManager iniciado con 5 activos (MODO ESTÁTICO).
10:10:48 | INFO | Sistema Operativo - Monitoreando lista estatica
10:11:15 | WARNING | ¡ALERTA! Conexión caída o congelada. Reiniciando sistema YA...
10:11:16 | INFO | MarketManager iniciado con 5 activos (MODO ESTÁTICO).
10:11:19 | INFO | Sistema Operativo - Monitoreando lista estatica
10:11:46 | WARNING | ¡ALERTA! Conexión caída o congelada. Reiniciando sistema YA...
10:11:48 | INFO | MarketManager iniciado con 5 activos (MODO ESTÁTICO).
10:11:52 | INFO | Sistema Operativo - Monitoreando lista estatica
10:12:18 | WARNING | ¡ALERTA! Conexión caída o congelada. Reiniciando sistema YA...
10:12:19 | INFO | MarketManager iniciado con 5 activos (MODO ESTÁTICO).
10:12:22 | INFO | Sistema Operativo - Monitoreando lista estatica
10:12:49 | WARNING | ¡ALERTA! Conexión caída o congelada. Reiniciando sistema YA...
10:12:51 | INFO | MarketManager iniciado con 5 activos (MODO ESTÁTICO).
10:12:55 | INFO | Sistema Operativo - Monitoreando lista estatica
10:13:22 | WARNING | ¡ALERTA! Conexión caída o congelada. Reiniciando sistema YA...
10:13:24 | INFO | MarketManager iniciado con 5 activos (MODO ESTÁTICO).
10:13:27 | INFO | Sistema Operativo - Monitoreando lista estatica
10:13:54 | WARNING | ¡ALERTA! Conexión caída o congelada. Reiniciando sistema YA...
10:13:56 | INFO | MarketManager iniciado con 5 activos (MODO ESTÁTICO).
10:14:00 | INFO | Sistema Operativo - Monitoreando lista estatica
10:14:27 | WARNING | ¡ALERTA! Conexión caída o congelada. Reiniciando sistema YA...
10:14:29 | INFO | MarketManager iniciado con 5 activos (MODO ESTÁTICO).
10:14:33 | INFO | Sistema Operativo - Monitoreando lista estatica
10:15:00 | WARNING | ¡ALERTA! Conexión caída o congelada. Reiniciando sistema YA...
10:15:01 | INFO | MarketManager iniciado con 5 activos (MODO ESTÁTICO).
10:15:06 | INFO | Sistema Operativo - Monitoreando lista estatica
10:15:33 | WARNING | ¡ALERTA! Conexión caída o congelada. Reiniciando sistema YA...
10:15:35 | INFO | MarketManager iniciado con 5 activos (MODO ESTÁTICO).
10:15:39 | INFO | Sistema Operativo - Monitoreando lista estatica
10:16:04 | WARNING | Falla API Google (Intento 1/3). Reintento en 3s...
10:16:12 | WARNING | ¡ALERTA! Conexión caída o congelada. Reiniciando sistema YA...
10:16:13 | INFO | MarketManager iniciado con 5 activos (MODO ESTÁTICO).
10:16:16 | INFO | Sistema Operativo - Monitoreando lista estatica
10:16:44 | WARNING | ¡ALERTA! Conexión caída o congelada. Reiniciando sistema YA...
10:16:45 | INFO | MarketManager iniciado con 5 activos (MODO ESTÁTICO).
10:16:48 | INFO | Sistema Operativo - Monitoreando lista estatica
10:17:16 | WARNING | ¡ALERTA! Conexión caída o congelada. Reiniciando sistema YA...
10:17:17 | INFO | MarketManager iniciado con 5 activos (MODO ESTÁTICO).
10:17:21 | INFO | Sistema Operativo - Monitoreando lista estatica
10:17:49 | WARNING | ¡ALERTA! Conexión caída o congelada. Reiniciando sistema YA...
10:17:49 | INFO | MarketManager iniciado con 5 activos (MODO ESTÁTICO).
10:17:52 | INFO | Sistema Operativo - Monitoreando lista estatica
10:18:04 | WARNING | Falla API Google (Intento 1/3). Reintento en 3s...
10:18:20 | WARNING | ¡ALERTA! Conexión caída o congelada. Reiniciando sistema YA...
10:18:22 | INFO | MarketManager iniciado con 5 activos (MODO ESTÁTICO).
10:18:26 | INFO | Sistema Operativo - Monitoreando lista estatica
10:18:53 | WARNING | ¡ALERTA! Conexión caída o congelada. Reiniciando sistema YA...
10:18:54 | INFO | MarketManager iniciado con 5 activos (MODO ESTÁTICO).
10:18:58 | INFO | Sistema Operativo - Monitoreando lista estatica
10:19:25 | WARNING | ¡ALERTA! Conexión caída o congelada. Reiniciando sistema YA...
10:19:25 | INFO | MarketManager iniciado con 5 activos (MODO ESTÁTICO).
10:19:28 | INFO | Sistema Operativo - Monitoreando lista estatica
10:19:55 | WARNING | ¡ALERTA! Conexión caída o congelada. Reiniciando sistema YA...
10:19:57 | INFO | MarketManager iniciado con 5 activos (MODO ESTÁTICO).
10:20:01 | INFO | Sistema Operativo - Monitoreando lista estatica
10:20:28 | WARNING | ¡ALERTA! Conexión caída o congelada. Reiniciando sistema YA...
10:20:30 | INFO | MarketManager iniciado con 5 activos (MODO ESTÁTICO).
10:20:34 | INFO | Sistema Operativo - Monitoreando lista estatica
10:21:01 | WARNING | ¡ALERTA! Conexión caída o congelada. Reiniciando sistema YA...
10:21:02 | INFO | MarketManager iniciado con 5 activos (MODO ESTÁTICO).
10:21:06 | INFO | Sistema Operativo - Monitoreando lista estatica
10:21:34 | WARNING | ¡ALERTA! Conexión caída o congelada. Reiniciando sistema YA...
10:21:35 | INFO | MarketManager iniciado con 5 activos (MODO ESTÁTICO).
10:21:39 | INFO | Sistema Operativo - Monitoreando lista estatica
10:22:02 | WARNING | Falla API Google (Intento 1/3). Reintento en 3s...
10:22:09 | WARNING | ¡ALERTA! Conexión caída o congelada. Reiniciando sistema YA...
10:22:11 | INFO | MarketManager iniciado con 5 activos (MODO ESTÁTICO).
10:22:15 | INFO | Sistema Operativo - Monitoreando lista estatica
10:22:42 | WARNING | ¡ALERTA! Conexión caída o congelada. Reiniciando sistema YA...
10:22:42 | INFO | MarketManager iniciado con 5 activos (MODO ESTÁTICO).
10:22:47 | INFO | Sistema Operativo - Monitoreando lista estatica
10:23:14 | WARNING | ¡ALERTA! Conexión caída o congelada. Reiniciando sistema YA...
10:23:15 | INFO | MarketManager iniciado con 5 activos (MODO ESTÁTICO).
10:23:19 | INFO | Sistema Operativo - Monitoreando lista estatica
10:23:46 | WARNING | ¡ALERTA! Conexión caída o congelada. Reiniciando sistema YA...
10:23:48 | INFO | MarketManager iniciado con 5 activos (MODO ESTÁTICO).
10:23:51 | INFO | Sistema Operativo - Monitoreando lista estatica
10:24:05 | WARNING | Falla API Google (Intento 1/3). Reintento en 3s...
10:24:19 | WARNING | ¡ALERTA! Conexión caída o congelada. Reiniciando sistema YA...
10:24:21 | INFO | MarketManager iniciado con 5 activos (MODO ESTÁTICO).
10:24:25 | INFO | Sistema Operativo - Monitoreando lista estatica
10:24:39 | INFO | Detencion manual detectada. Cerrando procesos...
10:24:39 | INFO | WebSocket desconectado. Bot fuera de linea.
10:24:41 | INFO | MarketManager iniciado con 5 activos (MODO ESTÁTICO).
10:24:45 | INFO | Sistema Operativo - Monitoreando lista estatica
10:25:16 | WARNING | ¡ALERTA! Conexión caída o congelada. Reiniciando sistema YA...
10:25:17 | INFO | MarketManager iniciado con 5 activos (MODO ESTÁTICO).
10:25:20 | INFO | Sistema Operativo - Monitoreando lista estatica
10:25:51 | WARNING | ¡ALERTA! Conexión caída o congelada. Reiniciando sistema YA...
10:25:52 | INFO | MarketManager iniciado con 5 activos (MODO ESTÁTICO).
10:25:56 | INFO | Sistema Operativo - Monitoreando lista estatica
10:26:03 | WARNING | Falla API Google (Intento 1/3). Reintento en 3s...
10:26:27 | WARNING | ¡ALERTA! Conexión caída o congelada. Reiniciando sistema YA...
10:26:28 | INFO | MarketManager iniciado con 5 activos (MODO ESTÁTICO).
10:26:32 | INFO | Sistema Operativo - Monitoreando lista estatica
10:27:03 | WARNING | ¡ALERTA! Conexión caída o congelada. Reiniciando sistema YA...
10:27:04 | INFO | MarketManager iniciado con 5 activos (MODO ESTÁTICO).
10:27:08 | INFO | Sistema Operativo - Monitoreando lista estatica
10:27:40 | WARNING | ¡ALERTA! Conexión caída o congelada. Reiniciando sistema YA...
10:27:40 | INFO | MarketManager iniciado con 5 activos (MODO ESTÁTICO).
10:27:44 | INFO | Sistema Operativo - Monitoreando lista estatica
10:28:04 | WARNING | Falla API Google (Intento 1/3). Reintento en 3s...
10:28:14 | WARNING | ¡ALERTA! Conexión caída o congelada. Reiniciando sistema YA...
10:28:16 | INFO | MarketManager iniciado con 5 activos (MODO ESTÁTICO).
10:28:20 | INFO | Sistema Operativo - Monitoreando lista estatica
10:28:51 | WARNING | ¡ALERTA! Conexión caída o congelada. Reiniciando sistema YA...
10:28:52 | INFO | MarketManager iniciado con 5 activos (MODO ESTÁTICO).
10:28:57 | INFO | Sistema Operativo - Monitoreando lista estatica
10:29:28 | WARNING | ¡ALERTA! Conexión caída o congelada. Reiniciando sistema YA...
10:29:30 | INFO | MarketManager iniciado con 5 activos (MODO ESTÁTICO).
10:29:34 | INFO | Sistema Operativo - Monitoreando lista estatica
10:30:04 | WARNING | Falla API Google (Intento 1/3). Reintento en 3s...
10:31:04 | WARNING | Falla API Google (Intento 1/3). Reintento en 3s...
10:33:01 | WARNING | Falla API Google (Intento 1/3). Reintento en 3s...
10:35:00 | WARNING | Falla API Google (Intento 1/3). Reintento en 3s...
10:36:03 | WARNING | Falla API Google (Intento 1/3). Reintento en 3s...
10:37:03 | WARNING | Falla API Google (Intento 1/3). Reintento en 3s...
10:38:02 | WARNING | Falla API Google (Intento 1/3). Reintento en 3s...
10:40:01 | WARNING | Falla API Google (Intento 1/3). Reintento en 3s...
10:41:03 | WARNING | Falla API Google (Intento 1/3). Reintento en 3s...
10:42:03 | WARNING | Falla API Google (Intento 1/3). Reintento en 3s...
10:44:00 | WARNING | Falla API Google (Intento 1/3). Reintento en 3s...
10:45:02 | WARNING | Falla API Google (Intento 1/3). Reintento en 3s...
10:47:00 | WARNING | Falla API Google (Intento 1/3). Reintento en 3s...
10:48:04 | WARNING | Falla API Google (Intento 1/3). Reintento en 3s...
10:49:59 | WARNING | Falla API Google (Intento 1/3). Reintento en 3s...
10:51:01 | WARNING | Falla API Google (Intento 1/3). Reintento en 3s...
10:53:02 | WARNING | Falla API Google (Intento 1/3). Reintento en 3s...
10:54:59 | WARNING | Falla API Google (Intento 1/3). Reintento en 3s...
10:56:01 | WARNING | Falla API Google (Intento 1/3). Reintento en 3s...
10:57:03 | WARNING | Falla API Google (Intento 1/3). Reintento en 3s...
10:58:03 | WARNING | Falla API Google (Intento 1/3). Reintento en 3s...
10:59:04 | WARNING | Falla API Google (Intento 1/3). Reintento en 3s...
11:00:04 | WARNING | Falla API Google (Intento 1/3). Reintento en 3s...
11:02:03 | WARNING | Falla API Google (Intento 1/3). Reintento en 3s...
11:03:03 | WARNING | Falla API Google (Intento 1/3). Reintento en 3s...
11:04:05 | WARNING | Falla API Google (Intento 1/3). Reintento en 3s...
11:05:04 | WARNING | Falla API Google (Intento 1/3). Reintento en 3s...
11:06:02 | WARNING | Falla API Google (Intento 1/3). Reintento en 3s...
11:07:04 | WARNING | Falla API Google (Intento 1/3). Reintento en 3s...
11:08:04 | WARNING | Falla API Google (Intento 1/3). Reintento en 3s...
11:09:01 | WARNING | Falla API Google (Intento 1/3). Reintento en 3s...
11:10:03 | WARNING | Falla API Google (Intento 1/3). Reintento en 3s...
11:11:03 | WARNING | Falla API Google (Intento 1/3). Reintento en 3s...
11:12:03 | WARNING | Falla API Google (Intento 1/3). Reintento en 3s...
11:13:00 | WARNING | Falla API Google (Intento 1/3). Reintento en 3s...
11:15:02 | WARNING | Falla API Google (Intento 1/3). Reintento en 3s...
11:16:04 | WARNING | Falla API Google (Intento 1/3). Reintento en 3s...
11:17:03 | WARNING | Falla API Google (Intento 1/3). Reintento en 3s...
11:18:03 | WARNING | Falla API Google (Intento 1/3). Reintento en 3s...
11:19:02 | WARNING | Falla API Google (Intento 1/3). Reintento en 3s...
11:21:00 | WARNING | Falla API Google (Intento 1/3). Reintento en 3s...
11:22:58 | WARNING | Falla API Google (Intento 1/3). Reintento en 3s...
11:24:00 | WARNING | Falla API Google (Intento 1/3). Reintento en 3s...
11:25:02 | WARNING | Falla API Google (Intento 1/3). Reintento en 3s...
11:26:02 | WARNING | Falla API Google (Intento 1/3). Reintento en 3s...
11:27:03 | WARNING | Falla API Google (Intento 1/3). Reintento en 3s...
11:28:03 | WARNING | Falla API Google (Intento 1/3). Reintento en 3s...
11:30:02 | WARNING | Falla API Google (Intento 1/3). Reintento en 3s...
11:32:03 | WARNING | Falla API Google (Intento 1/3). Reintento en 3s...
11:34:02 | WARNING | Falla API Google (Intento 1/3). Reintento en 3s...
11:35:04 | WARNING | Falla API Google (Intento 1/3). Reintento en 3s...
11:37:03 | WARNING | Falla API Google (Intento 1/3). Reintento en 3s...
11:38:02 | WARNING | Falla API Google (Intento 1/3). Reintento en 3s...
11:39:02 | WARNING | Falla API Google (Intento 1/3). Reintento en 3s...
11:40:04 | WARNING | Falla API Google (Intento 1/3). Reintento en 3s...
11:41:04 | WARNING | Falla API Google (Intento 1/3). Reintento en 3s...
11:42:02 | WARNING | Falla API Google (Intento 1/3). Reintento en 3s...
11:43:04 | WARNING | Falla API Google (Intento 1/3). Reintento en 3s...
11:44:04 | WARNING | Falla API Google (Intento 1/3). Reintento en 3s...
11:45:00 | WARNING | Falla API Google (Intento 1/3). Reintento en 3s...
11:47:02 | WARNING | Falla API Google (Intento 1/3). Reintento en 3s...
11:48:04 | WARNING | Falla API Google (Intento 1/3). Reintento en 3s...
11:49:02 | WARNING | Falla API Google (Intento 1/3). Reintento en 3s...
11:50:04 | WARNING | Falla API Google (Intento 1/3). Reintento en 3s...
11:50:59 | WARNING | Falla API Google (Intento 1/3). Reintento en 3s...
11:52:02 | WARNING | Falla API Google (Intento 1/3). Reintento en 3s...
11:53:04 | WARNING | Falla API Google (Intento 1/3). Reintento en 3s...
11:53:59 | WARNING | Falla API Google (Intento 1/3). Reintento en 3s...
11:56:01 | WARNING | Falla API Google (Intento 1/3). Reintento en 3s...
11:57:03 | WARNING | Falla API Google (Intento 1/3). Reintento en 3s...
11:58:03 | WARNING | Falla API Google (Intento 1/3). Reintento en 3s...
12:00:00 | WARNING | Falla API Google (Intento 1/3). Reintento en 3s...
12:01:02 | WARNING | Falla API Google (Intento 1/3). Reintento en 3s...
12:02:04 | WARNING | Falla API Google (Intento 1/3). Reintento en 3s...
12:03:02 | WARNING | Falla API Google (Intento 1/3). Reintento en 3s...
12:04:02 | WARNING | Falla API Google (Intento 1/3). Reintento en 3s...
12:06:05 | WARNING | Falla API Google (Intento 1/3). Reintento en 3s...
12:07:04 | WARNING | Falla API Google (Intento 1/3). Reintento en 3s...
12:08:01 | WARNING | Falla API Google (Intento 1/3). Reintento en 3s...
12:09:04 | WARNING | Falla API Google (Intento 1/3). Reintento en 3s...
12:11:02 | WARNING | Falla API Google (Intento 1/3). Reintento en 3s...
12:13:00 | WARNING | Falla API Google (Intento 1/3). Reintento en 3s...
12:14:01 | WARNING | Falla API Google (Intento 1/3). Reintento en 3s...
12:15:04 | WARNING | Falla API Google (Intento 1/3). Reintento en 3s...
12:17:01 | WARNING | Falla API Google (Intento 1/3). Reintento en 3s...
12:18:02 | WARNING | Falla API Google (Intento 1/3). Reintento en 3s...
12:19:03 | WARNING | Falla API Google (Intento 1/3). Reintento en 3s...
12:20:04 | WARNING | Falla API Google (Intento 1/3). Reintento en 3s...
12:21:03 | WARNING | Falla API Google (Intento 1/3). Reintento en 3s...
12:22:59 | WARNING | Falla API Google (Intento 1/3). Reintento en 3s...
12:24:02 | WARNING | Falla API Google (Intento 1/3). Reintento en 3s...
12:25:03 | WARNING | Falla API Google (Intento 1/3). Reintento en 3s...
12:26:03 | WARNING | Falla API Google (Intento 1/3). Reintento en 3s...
12:27:03 | WARNING | Falla API Google (Intento 1/3). Reintento en 3s...
12:28:03 | WARNING | Falla API Google (Intento 1/3). Reintento en 3s...
12:29:00 | WARNING | Falla API Google (Intento 1/3). Reintento en 3s...
12:30:04 | WARNING | Falla API Google (Intento 1/3). Reintento en 3s...
12:31:05 | WARNING | Falla API Google (Intento 1/3). Reintento en 3s...
12:33:03 | WARNING | Falla API Google (Intento 1/3). Reintento en 3s...
12:34:05 | WARNING | Falla API Google (Intento 1/3). Reintento en 3s...
12:35:04 | WARNING | Falla API Google (Intento 1/3). Reintento en 3s...
12:36:02 | WARNING | Falla API Google (Intento 1/3). Reintento en 3s...
12:37:04 | WARNING | Falla API Google (Intento 1/3). Reintento en 3s...
12:38:01 | WARNING | Falla API Google (Intento 1/3). Reintento en 3s...
12:39:03 | WARNING | Falla API Google (Intento 1/3). Reintento en 3s...
12:40:05 | WARNING | Falla API Google (Intento 1/3). Reintento en 3s...
12:41:04 | WARNING | Falla API Google (Intento 1/3). Reintento en 3s...
12:42:03 | WARNING | Falla API Google (Intento 1/3). Reintento en 3s...
12:43:01 | WARNING | Falla API Google (Intento 1/3). Reintento en 3s...
12:45:03 | WARNING | Falla API Google (Intento 1/3). Reintento en 3s...
12:46:03 | WARNING | Falla API Google (Intento 1/3). Reintento en 3s...
12:47:05 | WARNING | Falla API Google (Intento 1/3). Reintento en 3s...
12:48:02 | WARNING | Falla API Google (Intento 1/3). Reintento en 3s...
12:49:04 | WARNING | Falla API Google (Intento 1/3). Reintento en 3s...
12:50:03 | WARNING | Falla API Google (Intento 1/3). Reintento en 3s...
12:52:04 | WARNING | Falla API Google (Intento 1/3). Reintento en 3s...
12:53:03 | WARNING | Falla API Google (Intento 1/3). Reintento en 3s...
12:54:03 | WARNING | Falla API Google (Intento 1/3). Reintento en 3s...
12:55:00 | WARNING | Falla API Google (Intento 1/3). Reintento en 3s...
12:56:02 | WARNING | Falla API Google (Intento 1/3). Reintento en 3s...
12:57:03 | WARNING | Falla API Google (Intento 1/3). Reintento en 3s...
12:58:01 | WARNING | Falla API Google (Intento 1/3). Reintento en 3s...
12:59:01 | WARNING | Falla API Google (Intento 1/3). Reintento en 3s...
13:00:03 | WARNING | Falla API Google (Intento 1/3). Reintento en 3s...
13:01:03 | WARNING | Falla API Google (Intento 1/3). Reintento en 3s...
13:02:01 | WARNING | Falla API Google (Intento 1/3). Reintento en 3s...
13:03:04 | WARNING | Falla API Google (Intento 1/3). Reintento en 3s...
13:04:04 | WARNING | Falla API Google (Intento 1/3). Reintento en 3s...
13:05:04 | WARNING | Falla API Google (Intento 1/3). Reintento en 3s...
13:07:01 | WARNING | Falla API Google (Intento 1/3). Reintento en 3s...
13:08:03 | WARNING | Falla API Google (Intento 1/3). Reintento en 3s...
13:09:03 | WARNING | Falla API Google (Intento 1/3). Reintento en 3s...
13:10:03 | WARNING | Falla API Google (Intento 1/3). Reintento en 3s...
13:11:03 | WARNING | Falla API Google (Intento 1/3). Reintento en 3s...
13:12:03 | WARNING | Falla API Google (Intento 1/3). Reintento en 3s...
13:13:03 | WARNING | Falla API Google (Intento 1/3). Reintento en 3s...
13:14:03 | WARNING | Falla API Google (Intento 1/3). Reintento en 3s...
13:15:03 | WARNING | Falla API Google (Intento 1/3). Reintento en 3s...
13:16:03 | WARNING | Falla API Google (Intento 1/3). Reintento en 3s...
13:18:02 | WARNING | Falla API Google (Intento 1/3). Reintento en 3s...
13:19:03 | WARNING | Falla API Google (Intento 1/3). Reintento en 3s...
13:21:04 | WARNING | Falla API Google (Intento 1/3). Reintento en 3s...
13:22:59 | WARNING | Falla API Google (Intento 1/3). Reintento en 3s...
13:24:04 | WARNING | Falla API Google (Intento 1/3). Reintento en 3s...
13:25:04 | WARNING | Falla API Google (Intento 1/3). Reintento en 3s...
13:26:03 | WARNING | Falla API Google (Intento 1/3). Reintento en 3s...
13:27:00 | WARNING | Falla API Google (Intento 1/3). Reintento en 3s...
13:28:00 | WARNING | Falla API Google (Intento 1/3). Reintento en 3s...
13:29:04 | WARNING | Falla API Google (Intento 1/3). Reintento en 3s...
13:31:02 | WARNING | Falla API Google (Intento 1/3). Reintento en 3s...
13:32:04 | WARNING | Falla API Google (Intento 1/3). Reintento en 3s...
13:33:04 | WARNING | Falla API Google (Intento 1/3). Reintento en 3s...
13:34:03 | WARNING | Falla API Google (Intento 1/3). Reintento en 3s...
13:35:04 | WARNING | Falla API Google (Intento 1/3). Reintento en 3s...
13:36:02 | WARNING | Falla API Google (Intento 1/3). Reintento en 3s...
13:37:04 | WARNING | Falla API Google (Intento 1/3). Reintento en 3s...
13:39:01 | WARNING | Falla API Google (Intento 1/3). Reintento en 3s...
13:41:01 | WARNING | Falla API Google (Intento 1/3). Reintento en 3s...
13:42:03 | WARNING | Falla API Google (Intento 1/3). Reintento en 3s...
13:43:02 | WARNING | Falla API Google (Intento 1/3). Reintento en 3s...
13:44:04 | WARNING | Falla API Google (Intento 1/3). Reintento en 3s...
13:46:00 | WARNING | Falla API Google (Intento 1/3). Reintento en 3s...
13:47:58 | WARNING | Falla API Google (Intento 1/3). Reintento en 3s...
13:49:03 | WARNING | Falla API Google (Intento 1/3). Reintento en 3s...
13:50:03 | WARNING | Falla API Google (Intento 1/3). Reintento en 3s...
13:51:02 | WARNING | Falla API Google (Intento 1/3). Reintento en 3s...
13:52:04 | WARNING | Falla API Google (Intento 1/3). Reintento en 3s...
13:53:03 | WARNING | Falla API Google (Intento 1/3). Reintento en 3s...
13:54:00 | WARNING | Falla API Google (Intento 1/3). Reintento en 3s...
13:55:02 | WARNING | Falla API Google (Intento 1/3). Reintento en 3s...
13:56:04 | WARNING | Falla API Google (Intento 1/3). Reintento en 3s...
13:57:01 | WARNING | Falla API Google (Intento 1/3). Reintento en 3s...
13:58:00 | WARNING | Falla API Google (Intento 1/3). Reintento en 3s...
13:59:04 | WARNING | Falla API Google (Intento 1/3). Reintento en 3s...
14:00:03 | WARNING | Falla API Google (Intento 1/3). Reintento en 3s...
14:01:03 | WARNING | Falla API Google (Intento 1/3). Reintento en 3s...
14:02:03 | WARNING | Falla API Google (Intento 1/3). Reintento en 3s...
14:03:02 | WARNING | Falla API Google (Intento 1/3). Reintento en 3s...
14:04:59 | WARNING | Falla API Google (Intento 1/3). Reintento en 3s...
14:06:59 | WARNING | Falla API Google (Intento 1/3). Reintento en 3s...
14:08:02 | WARNING | Falla API Google (Intento 1/3). Reintento en 3s...
14:09:03 | WARNING | Falla API Google (Intento 1/3). Reintento en 3s...
14:11:00 | WARNING | Falla API Google (Intento 1/3). Reintento en 3s...
14:12:02 | WARNING | Falla API Google (Intento 1/3). Reintento en 3s...
14:13:03 | WARNING | Falla API Google (Intento 1/3). Reintento en 3s...
14:14:03 | WARNING | Falla API Google (Intento 1/3). Reintento en 3s...
14:15:01 | WARNING | Falla API Google (Intento 1/3). Reintento en 3s...
14:16:03 | WARNING | Falla API Google (Intento 1/3). Reintento en 3s...
14:17:59 | WARNING | Falla API Google (Intento 1/3). Reintento en 3s...
14:19:04 | WARNING | Falla API Google (Intento 1/3). Reintento en 3s...
14:20:03 | WARNING | Falla API Google (Intento 1/3). Reintento en 3s...
14:21:05 | WARNING | Falla API Google (Intento 1/3). Reintento en 3s...
14:22:02 | WARNING | Falla API Google (Intento 1/3). Reintento en 3s...
14:23:03 | WARNING | Falla API Google (Intento 1/3). Reintento en 3s...
14:24:03 | WARNING | Falla API Google (Intento 1/3). Reintento en 3s...
14:25:02 | WARNING | Falla API Google (Intento 1/3). Reintento en 3s...
14:26:04 | WARNING | Falla API Google (Intento 1/3). Reintento en 3s...
14:27:03 | WARNING | Falla API Google (Intento 1/3). Reintento en 3s...
14:28:02 | WARNING | Falla API Google (Intento 1/3). Reintento en 3s...
14:29:04 | WARNING | Falla API Google (Intento 1/3). Reintento en 3s...
14:31:04 | WARNING | Falla API Google (Intento 1/3). Reintento en 3s...
14:32:03 | WARNING | Falla API Google (Intento 1/3). Reintento en 3s...
14:33:02 | WARNING | Falla API Google (Intento 1/3). Reintento en 3s...
14:34:04 | WARNING | Falla API Google (Intento 1/3). Reintento en 3s...
14:35:03 | WARNING | Falla API Google (Intento 1/3). Reintento en 3s...
14:36:02 | WARNING | Falla API Google (Intento 1/3). Reintento en 3s...
14:37:04 | WARNING | Falla API Google (Intento 1/3). Reintento en 3s...
14:38:03 | WARNING | Falla API Google (Intento 1/3). Reintento en 3s...
14:39:00 | WARNING | Falla API Google (Intento 1/3). Reintento en 3s...
14:40:02 | WARNING | Falla API Google (Intento 1/3). Reintento en 3s...
14:41:03 | WARNING | Falla API Google (Intento 1/3). Reintento en 3s...
14:43:00 | WARNING | Falla API Google (Intento 1/3). Reintento en 3s...
14:44:04 | WARNING | Falla API Google (Intento 1/3). Reintento en 3s...
14:45:03 | WARNING | Falla API Google (Intento 1/3). Reintento en 3s...
14:46:03 | WARNING | Falla API Google (Intento 1/3). Reintento en 3s...
14:47:01 | WARNING | Falla API Google (Intento 1/3). Reintento en 3s...
14:48:02 | WARNING | Falla API Google (Intento 1/3). Reintento en 3s...
14:49:04 | WARNING | Falla API Google (Intento 1/3). Reintento en 3s...
14:51:01 | WARNING | Falla API Google (Intento 1/3). Reintento en 3s...
14:52:02 | WARNING | Falla API Google (Intento 1/3). Reintento en 3s...
14:53:04 | WARNING | Falla API Google (Intento 1/3). Reintento en 3s...
14:54:03 | WARNING | Falla API Google (Intento 1/3). Reintento en 3s...
14:55:04 | WARNING | Falla API Google (Intento 1/3). Reintento en 3s...
14:56:03 | WARNING | Falla API Google (Intento 1/3). Reintento en 3s...
14:57:03 | WARNING | Falla API Google (Intento 1/3). Reintento en 3s...
14:58:02 | WARNING | Falla API Google (Intento 1/3). Reintento en 3s...
14:59:03 | WARNING | Falla API Google (Intento 1/3). Reintento en 3s...
15:00:02 | WARNING | Falla API Google (Intento 1/3). Reintento en 3s...
15:01:02 | WARNING | Falla API Google (Intento 1/3). Reintento en 3s...
15:02:01 | WARNING | Falla API Google (Intento 1/3). Reintento en 3s...
15:03:04 | WARNING | Falla API Google (Intento 1/3). Reintento en 3s...
15:04:01 | WARNING | Falla API Google (Intento 1/3). Reintento en 3s...
15:05:02 | WARNING | Falla API Google (Intento 1/3). Reintento en 3s...
15:06:02 | WARNING | Falla API Google (Intento 1/3). Reintento en 3s...
15:07:04 | WARNING | Falla API Google (Intento 1/3). Reintento en 3s...
15:08:03 | WARNING | Falla API Google (Intento 1/3). Reintento en 3s...
15:09:02 | WARNING | Falla API Google (Intento 1/3). Reintento en 3s...
15:10:04 | WARNING | Falla API Google (Intento 1/3). Reintento en 3s...
15:11:03 | WARNING | Falla API Google (Intento 1/3). Reintento en 3s...
15:12:03 | WARNING | Falla API Google (Intento 1/3). Reintento en 3s...
15:13:03 | WARNING | Falla API Google (Intento 1/3). Reintento en 3s...
15:14:02 | WARNING | Falla API Google (Intento 1/3). Reintento en 3s...
15:15:04 | WARNING | Falla API Google (Intento 1/3). Reintento en 3s...
15:16:03 | WARNING | Falla API Google (Intento 1/3). Reintento en 3s...
15:17:02 | WARNING | Falla API Google (Intento 1/3). Reintento en 3s...
15:18:04 | WARNING | Falla API Google (Intento 1/3). Reintento en 3s...
15:19:02 | WARNING | Falla API Google (Intento 1/3). Reintento en 3s...
15:20:58 | WARNING | Falla API Google (Intento 1/3). Reintento en 3s...
15:22:02 | WARNING | Falla API Google (Intento 1/3). Reintento en 3s...
15:23:03 | WARNING | Falla API Google (Intento 1/3). Reintento en 3s...
15:24:03 | WARNING | Falla API Google (Intento 1/3). Reintento en 3s...
15:25:01 | WARNING | Falla API Google (Intento 1/3). Reintento en 3s...
15:26:03 | WARNING | Falla API Google (Intento 1/3). Reintento en 3s...
15:27:02 | WARNING | Falla API Google (Intento 1/3). Reintento en 3s...
15:29:04 | WARNING | Falla API Google (Intento 1/3). Reintento en 3s...
15:30:03 | WARNING | Falla API Google (Intento 1/3). Reintento en 3s...
15:31:02 | WARNING | Falla API Google (Intento 1/3). Reintento en 3s...
15:32:03 | WARNING | Falla API Google (Intento 1/3). Reintento en 3s...
15:33:02 | WARNING | Falla API Google (Intento 1/3). Reintento en 3s...
15:34:03 | WARNING | Falla API Google (Intento 1/3). Reintento en 3s...
15:35:03 | WARNING | Falla API Google (Intento 1/3). Reintento en 3s...
15:36:03 | WARNING | Falla API Google (Intento 1/3). Reintento en 3s...
15:37:04 | WARNING | Falla API Google (Intento 1/3). Reintento en 3s...
15:38:01 | WARNING | Falla API Google (Intento 1/3). Reintento en 3s...
15:39:02 | WARNING | Falla API Google (Intento 1/3). Reintento en 3s...
15:40:04 | WARNING | Falla API Google (Intento 1/3). Reintento en 3s...
15:41:03 | WARNING | Falla API Google (Intento 1/3). Reintento en 3s...
15:42:04 | WARNING | Falla API Google (Intento 1/3). Reintento en 3s...
15:43:02 | WARNING | Falla API Google (Intento 1/3). Reintento en 3s...
15:44:02 | WARNING | Falla API Google (Intento 1/3). Reintento en 3s...
15:45:01 | WARNING | Falla API Google (Intento 1/3). Reintento en 3s...
15:46:00 | WARNING | Falla API Google (Intento 1/3). Reintento en 3s...
15:48:01 | WARNING | Falla API Google (Intento 1/3). Reintento en 3s...
15:49:02 | WARNING | Falla API Google (Intento 1/3). Reintento en 3s...
15:50:04 | WARNING | Falla API Google (Intento 1/3). Reintento en 3s...
15:51:03 | WARNING | Falla API Google (Intento 1/3). Reintento en 3s...
15:52:02 | WARNING | Falla API Google (Intento 1/3). Reintento en 3s...
15:53:03 | WARNING | Falla API Google (Intento 1/3). Reintento en 3s...
15:54:03 | WARNING | Falla API Google (Intento 1/3). Reintento en 3s...
15:55:04 | WARNING | Falla API Google (Intento 1/3). Reintento en 3s...
15:56:03 | WARNING | Falla API Google (Intento 1/3). Reintento en 3s...
15:57:02 | WARNING | Falla API Google (Intento 1/3). Reintento en 3s...
15:58:03 | WARNING | Falla API Google (Intento 1/3). Reintento en 3s...
15:59:01 | WARNING | Falla API Google (Intento 1/3). Reintento en 3s...
16:00:02 | WARNING | Falla API Google (Intento 1/3). Reintento en 3s...
16:01:03 | WARNING | Falla API Google (Intento 1/3). Reintento en 3s...
16:02:01 | WARNING | Falla API Google (Intento 1/3). Reintento en 3s...
16:03:02 | WARNING | Falla API Google (Intento 1/3). Reintento en 3s...
16:04:03 | WARNING | Falla API Google (Intento 1/3). Reintento en 3s...
16:05:02 | WARNING | Falla API Google (Intento 1/3). Reintento en 3s...
16:06:03 | WARNING | Falla API Google (Intento 1/3). Reintento en 3s...
16:06:52 | INFO | Detencion manual detectada. Cerrando procesos...
16:06:52 | INFO | WebSocket desconectado. Bot fuera de linea.
16:06:55 | INFO | MarketManager iniciado con 7 activos (MODO ESTÁTICO).
16:06:59 | INFO | Sistema Operativo - Monitoreando lista estatica
16:07:04 | WARNING | Falla API Google (Intento 1/3). Reintento en 3s...
16:08:00 | WARNING | Falla API Google (Intento 1/3). Reintento en 3s...
16:09:02 | WARNING | Falla API Google (Intento 1/3). Reintento en 3s...
16:10:01 | WARNING | Falla API Google (Intento 1/3). Reintento en 3s...
16:11:03 | WARNING | Falla API Google (Intento 1/3). Reintento en 3s...
16:12:02 | WARNING | Falla API Google (Intento 1/3). Reintento en 3s...
16:13:02 | WARNING | Falla API Google (Intento 1/3). Reintento en 3s...
16:14:03 | WARNING | Falla API Google (Intento 1/3). Reintento en 3s...
16:15:02 | WARNING | Falla API Google (Intento 1/3). Reintento en 3s...
16:16:03 | WARNING | Falla API Google (Intento 1/3). Reintento en 3s...
16:18:01 | WARNING | Falla API Google (Intento 1/3). Reintento en 3s...
16:19:02 | WARNING | Falla API Google (Intento 1/3). Reintento en 3s...
16:20:00 | WARNING | Falla API Google (Intento 1/3). Reintento en 3s...
16:21:01 | WARNING | Falla API Google (Intento 1/3). Reintento en 3s...
16:22:03 | WARNING | Falla API Google (Intento 1/3). Reintento en 3s...
16:23:04 | WARNING | Falla API Google (Intento 1/3). Reintento en 3s...
16:24:02 | WARNING | Falla API Google (Intento 1/3). Reintento en 3s...
16:24:21 | INFO | Detencion manual detectada. Cerrando procesos...
16:24:21 | INFO | WebSocket desconectado. Bot fuera de linea.
16:24:24 | INFO | MarketManager iniciado con 7 activos (MODO ESTÁTICO).
16:24:27 | INFO | Sistema Operativo - Monitoreando lista estatica
16:24:27 | CRITICAL | Error catastrofico en loop: 'MarketManager' object has no attribute 'get_market_data'. Reiniciando en 8s...
16:24:36 | INFO | MarketManager iniciado con 7 activos (MODO ESTÁTICO).
16:24:40 | INFO | Sistema Operativo - Monitoreando lista estatica
16:24:41 | CRITICAL | Error catastrofico en loop: 'MarketManager' object has no attribute 'get_market_data'. Reiniciando en 8s...
16:24:50 | INFO | MarketManager iniciado con 7 activos (MODO ESTÁTICO).
16:24:55 | INFO | Sistema Operativo - Monitoreando lista estatica
16:24:55 | CRITICAL | Error catastrofico en loop: 'MarketManager' object has no attribute 'get_market_data'. Reiniciando en 8s...
16:25:03 | INFO | MarketManager iniciado con 7 activos (MODO ESTÁTICO).
16:25:07 | INFO | Sistema Operativo - Monitoreando lista estatica
16:25:08 | CRITICAL | Error catastrofico en loop: 'MarketManager' object has no attribute 'get_market_data'. Reiniciando en 8s...
16:25:16 | INFO | MarketManager iniciado con 7 activos (MODO ESTÁTICO).
16:25:20 | INFO | Sistema Operativo - Monitoreando lista estatica
16:25:20 | CRITICAL | Error catastrofico en loop: 'MarketManager' object has no attribute 'get_market_data'. Reiniciando en 8s...
16:25:22 | INFO | Detencion manual detectada. Cerrando procesos...
16:25:22 | INFO | WebSocket desconectado. Bot fuera de linea.
16:26:38 | INFO | Detencion manual detectada...
16:26:39 | INFO | MarketManager iniciado con 7 activos (MODO ESTÁTICO).
16:26:43 | INFO | Sistema Operativo - Monitoreando lista estatica
16:26:43 | CRITICAL | Error catastrofico en loop: 'MarketManager' object has no attribute 'market_data'. Reiniciando en 8s...
16:26:53 | INFO | MarketManager iniciado con 7 activos (MODO ESTÁTICO).
16:26:57 | INFO | Sistema Operativo - Monitoreando lista estatica
16:26:57 | CRITICAL | Error catastrofico en loop: 'MarketManager' object has no attribute 'market_data'. Reiniciando en 8s...
16:27:07 | INFO | MarketManager iniciado con 7 activos (MODO ESTÁTICO).
16:27:11 | INFO | Sistema Operativo - Monitoreando lista estatica
16:27:11 | CRITICAL | Error catastrofico en loop: 'MarketManager' object has no attribute 'market_data'. Reiniciando en 8s...
16:27:12 | INFO | Detencion manual detectada...
16:28:10 | INFO | MarketManager iniciado con 7 activos (MODO ESTÁTICO).
16:28:14 | INFO | Sistema Operativo - Monitoreando lista estatica
16:29:03 | WARNING | Falla API Google (Intento 1/3). Reintento en 3s...
16:30:59 | WARNING | Falla API Google (Intento 1/3). Reintento en 3s...
16:32:01 | WARNING | Falla API Google (Intento 1/3). Reintento en 3s...
16:33:01 | WARNING | Falla API Google (Intento 1/3). Reintento en 3s...
16:33:30 | INFO | Detencion manual detectada. Cerrando procesos...
16:33:30 | INFO | WebSocket desconectado. Bot fuera de linea.
16:33:33 | INFO | MarketManager iniciado con 7 activos (MODO ESTÁTICO).
16:33:35 | INFO | MongoDB Activo -> DB: Opciones | Coll: ratio
16:33:37 | INFO | Sistema Operativo - Monitoreando lista estatica
16:35:02 | WARNING | Falla API Google (Intento 1/3). Reintento en 3s...
16:35:35 | INFO | Detencion manual detectada. Cerrando...
16:35:38 | INFO | MarketManager iniciado con 7 activos (MODO ESTÁTICO).
16:35:40 | INFO | MongoDB Conectado -> DB: Opciones | Coll: ratio
16:35:42 | INFO | Sistema Operativo - Monitoreando lista estatica
16:35:42 | CRITICAL | Error en loop: list index out of range. Reiniciando en 8s...
16:35:52 | INFO | MarketManager iniciado con 7 activos (MODO ESTÁTICO).
16:35:54 | INFO | MongoDB Conectado -> DB: Opciones | Coll: ratio
16:35:56 | INFO | Sistema Operativo - Monitoreando lista estatica
16:35:56 | CRITICAL | Error en loop: list index out of range. Reiniciando en 8s...
16:36:02 | INFO | Detencion manual...
16:36:04 | INFO | MarketManager iniciado con 7 activos (MODO ESTÁTICO).
16:36:04 | INFO | MarketManager iniciado con 7 activos (MODO ESTÁTICO).
16:36:06 | INFO | MongoDB Conectado -> DB: Opciones | Coll: ratio
16:36:07 | INFO | MongoDB Conectado -> DB: Opciones | Coll: ratio
16:36:08 | INFO | Sistema Operativo - Monitoreando lista estatica
16:36:09 | INFO | Sistema Operativo - Monitoreando lista estatica
16:36:47 | WARNING | Falla API Google (Intento 1/3). Reintento en 3s...
16:36:47 | WARNING | Falla API Google (Intento 1/3). Reintento en 3s...
16:36:52 | WARNING | Falla API Google (Intento 2/3). Reintento en 6s...
16:36:52 | WARNING | Falla API Google (Intento 2/3). Reintento en 6s...
16:37:01 | WARNING | Falla API Google (Intento 3/3). Reintento en 9s...
16:37:01 | WARNING | Falla API Google (Intento 3/3). Reintento en 9s...
16:37:05 | INFO | Detencion manual detectada. Cerrando...
16:37:05 | INFO | Detencion manual detectada. Cerrando...
16:37:09 | INFO | MarketManager iniciado con 7 activos (MODO ESTÁTICO).
16:37:12 | INFO | Sistema Operativo - Monitoreando lista estatica
16:38:04 | WARNING | Falla API Google (Intento 1/3). Reintento en 3s...
16:39:00 | WARNING | Falla API Google (Intento 1/3). Reintento en 3s...
16:40:02 | WARNING | Falla API Google (Intento 1/3). Reintento en 3s...
16:42:03 | WARNING | Falla API Google (Intento 1/3). Reintento en 3s...
16:43:02 | WARNING | Falla API Google (Intento 1/3). Reintento en 3s...
16:44:03 | WARNING | Falla API Google (Intento 1/3). Reintento en 3s...
16:45:03 | WARNING | Falla API Google (Intento 1/3). Reintento en 3s...
16:46:02 | WARNING | Falla API Google (Intento 1/3). Reintento en 3s...
16:47:03 | WARNING | Falla API Google (Intento 1/3). Reintento en 3s...
16:48:02 | WARNING | Falla API Google (Intento 1/3). Reintento en 3s...
16:49:02 | WARNING | Falla API Google (Intento 1/3). Reintento en 3s...
16:50:03 | WARNING | Falla API Google (Intento 1/3). Reintento en 3s...
16:51:04 | WARNING | Falla API Google (Intento 1/3). Reintento en 3s...
16:52:03 | WARNING | Falla API Google (Intento 1/3). Reintento en 3s...
16:53:01 | WARNING | Falla API Google (Intento 1/3). Reintento en 3s...
16:54:01 | WARNING | Falla API Google (Intento 1/3). Reintento en 3s...
16:55:02 | WARNING | Falla API Google (Intento 1/3). Reintento en 3s...
16:56:04 | WARNING | Falla API Google (Intento 1/3). Reintento en 3s...
16:57:02 | WARNING | Falla API Google (Intento 1/3). Reintento en 3s...
16:58:04 | WARNING | Falla API Google (Intento 1/3). Reintento en 3s...
17:00:01 | WARNING | Falla API Google (Intento 1/3). Reintento en 3s...
17:00:46 | WARNING | ¡ALERTA! Conexión caída o congelada. Reiniciando sistema YA...
17:00:49 | INFO | MarketManager iniciado con 7 activos (MODO ESTÁTICO).
17:00:54 | INFO | Sistema Operativo - Monitoreando lista estatica
17:01:26 | WARNING | ¡ALERTA! Conexión caída o congelada. Reiniciando sistema YA...
17:01:27 | INFO | MarketManager iniciado con 7 activos (MODO ESTÁTICO).
17:01:30 | INFO | Sistema Operativo - Monitoreando lista estatica
17:01:57 | WARNING | Falla API Google (Intento 1/3). Reintento en 3s...
17:02:02 | WARNING | Falla API Google (Intento 2/3). Reintento en 6s...
17:02:12 | WARNING | ¡ALERTA! Conexión caída o congelada. Reiniciando sistema YA...
17:02:14 | INFO | MarketManager iniciado con 7 activos (MODO ESTÁTICO).
17:02:18 | INFO | Sistema Operativo - Monitoreando lista estatica
17:02:50 | WARNING | ¡ALERTA! Conexión caída o congelada. Reiniciando sistema YA...
17:02:50 | INFO | MarketManager iniciado con 7 activos (MODO ESTÁTICO).
17:02:54 | INFO | Sistema Operativo - Monitoreando lista estatica
17:03:25 | WARNING | ¡ALERTA! Conexión caída o congelada. Reiniciando sistema YA...
17:03:26 | INFO | MarketManager iniciado con 7 activos (MODO ESTÁTICO).
17:03:30 | INFO | Sistema Operativo - Monitoreando lista estatica
17:04:01 | WARNING | ¡ALERTA! Conexión caída o congelada. Reiniciando sistema YA...
17:04:03 | INFO | MarketManager iniciado con 7 activos (MODO ESTÁTICO).
17:04:07 | INFO | Sistema Operativo - Monitoreando lista estatica
17:04:38 | WARNING | ¡ALERTA! Conexión caída o congelada. Reiniciando sistema YA...
17:04:40 | INFO | MarketManager iniciado con 7 activos (MODO ESTÁTICO).
17:04:44 | INFO | Sistema Operativo - Monitoreando lista estatica
17:05:15 | WARNING | ¡ALERTA! Conexión caída o congelada. Reiniciando sistema YA...
17:05:16 | INFO | MarketManager iniciado con 7 activos (MODO ESTÁTICO).
17:05:19 | INFO | Sistema Operativo - Monitoreando lista estatica
17:05:51 | WARNING | ¡ALERTA! Conexión caída o congelada. Reiniciando sistema YA...
17:05:52 | INFO | MarketManager iniciado con 7 activos (MODO ESTÁTICO).
17:05:56 | INFO | Sistema Operativo - Monitoreando lista estatica
17:06:03 | WARNING | Falla API Google (Intento 1/3). Reintento en 3s...
17:06:28 | WARNING | ¡ALERTA! Conexión caída o congelada. Reiniciando sistema YA...
17:06:29 | INFO | MarketManager iniciado con 7 activos (MODO ESTÁTICO).
17:06:33 | INFO | Sistema Operativo - Monitoreando lista estatica
17:07:04 | WARNING | ¡ALERTA! Conexión caída o congelada. Reiniciando sistema YA...
17:07:06 | INFO | MarketManager iniciado con 7 activos (MODO ESTÁTICO).
17:07:10 | INFO | Sistema Operativo - Monitoreando lista estatica
17:07:41 | WARNING | ¡ALERTA! Conexión caída o congelada. Reiniciando sistema YA...
17:07:43 | INFO | MarketManager iniciado con 7 activos (MODO ESTÁTICO).
17:07:47 | INFO | Sistema Operativo - Monitoreando lista estatica
17:08:19 | WARNING | ¡ALERTA! Conexión caída o congelada. Reiniciando sistema YA...
17:08:20 | INFO | MarketManager iniciado con 7 activos (MODO ESTÁTICO).
17:08:24 | INFO | Sistema Operativo - Monitoreando lista estatica
17:08:56 | WARNING | ¡ALERTA! Conexión caída o congelada. Reiniciando sistema YA...
17:08:58 | INFO | MarketManager iniciado con 7 activos (MODO ESTÁTICO).
17:09:01 | INFO | Sistema Operativo - Monitoreando lista estatica
17:09:33 | WARNING | ¡ALERTA! Conexión caída o congelada. Reiniciando sistema YA...
17:09:34 | INFO | MarketManager iniciado con 7 activos (MODO ESTÁTICO).
17:09:38 | INFO | Sistema Operativo - Monitoreando lista estatica
17:10:03 | WARNING | Falla API Google (Intento 1/3). Reintento en 3s...
17:10:10 | WARNING | ¡ALERTA! Conexión caída o congelada. Reiniciando sistema YA...
17:10:12 | INFO | MarketManager iniciado con 7 activos (MODO ESTÁTICO).
17:10:16 | INFO | Sistema Operativo - Monitoreando lista estatica
17:10:47 | WARNING | ¡ALERTA! Conexión caída o congelada. Reiniciando sistema YA...
17:10:49 | INFO | MarketManager iniciado con 7 activos (MODO ESTÁTICO).
17:10:52 | INFO | Sistema Operativo - Monitoreando lista estatica
17:11:23 | WARNING | ¡ALERTA! Conexión caída o congelada. Reiniciando sistema YA...
17:11:25 | INFO | MarketManager iniciado con 7 activos (MODO ESTÁTICO).
17:11:28 | INFO | Sistema Operativo - Monitoreando lista estatica
17:11:59 | WARNING | ¡ALERTA! Conexión caída o congelada. Reiniciando sistema YA...
17:12:01 | INFO | MarketManager iniciado con 7 activos (MODO ESTÁTICO).
17:12:05 | INFO | Sistema Operativo - Monitoreando lista estatica
17:12:36 | WARNING | ¡ALERTA! Conexión caída o congelada. Reiniciando sistema YA...
17:12:37 | INFO | MarketManager iniciado con 7 activos (MODO ESTÁTICO).
17:12:41 | INFO | Sistema Operativo - Monitoreando lista estatica
17:13:04 | WARNING | Falla API Google (Intento 1/3). Reintento en 3s...
17:13:11 | WARNING | ¡ALERTA! Conexión caída o congelada. Reiniciando sistema YA...
17:13:13 | INFO | MarketManager iniciado con 7 activos (MODO ESTÁTICO).
17:13:17 | INFO | Sistema Operativo - Monitoreando lista estatica
17:13:48 | WARNING | ¡ALERTA! Conexión caída o congelada. Reiniciando sistema YA...
17:13:50 | INFO | MarketManager iniciado con 7 activos (MODO ESTÁTICO).
17:13:54 | INFO | Sistema Operativo - Monitoreando lista estatica
17:14:25 | WARNING | ¡ALERTA! Conexión caída o congelada. Reiniciando sistema YA...
17:14:27 | INFO | MarketManager iniciado con 7 activos (MODO ESTÁTICO).
17:14:29 | INFO | Sistema Operativo - Monitoreando lista estatica
17:15:01 | WARNING | ¡ALERTA! Conexión caída o congelada. Reiniciando sistema YA...
17:15:02 | INFO | MarketManager iniciado con 7 activos (MODO ESTÁTICO).
17:15:06 | INFO | Sistema Operativo - Monitoreando lista estatica
17:15:38 | WARNING | ¡ALERTA! Conexión caída o congelada. Reiniciando sistema YA...
17:15:39 | INFO | MarketManager iniciado con 7 activos (MODO ESTÁTICO).
17:15:43 | INFO | Sistema Operativo - Monitoreando lista estatica
17:16:03 | WARNING | Falla API Google (Intento 1/3). Reintento en 3s...
17:16:15 | WARNING | ¡ALERTA! Conexión caída o congelada. Reiniciando sistema YA...
17:16:16 | INFO | MarketManager iniciado con 7 activos (MODO ESTÁTICO).
17:16:20 | INFO | Sistema Operativo - Monitoreando lista estatica
17:16:51 | WARNING | ¡ALERTA! Conexión caída o congelada. Reiniciando sistema YA...
17:16:53 | INFO | MarketManager iniciado con 7 activos (MODO ESTÁTICO).
17:16:57 | INFO | Sistema Operativo - Monitoreando lista estatica
17:17:29 | WARNING | ¡ALERTA! Conexión caída o congelada. Reiniciando sistema YA...
17:17:30 | INFO | MarketManager iniciado con 7 activos (MODO ESTÁTICO).
17:17:33 | INFO | Sistema Operativo - Monitoreando lista estatica
17:18:03 | WARNING | Falla API Google (Intento 1/3). Reintento en 3s...
17:18:10 | WARNING | ¡ALERTA! Conexión caída o congelada. Reiniciando sistema YA...
17:18:11 | INFO | MarketManager iniciado con 7 activos (MODO ESTÁTICO).
17:18:15 | INFO | Sistema Operativo - Monitoreando lista estatica
17:18:47 | WARNING | ¡ALERTA! Conexión caída o congelada. Reiniciando sistema YA...
17:18:47 | INFO | MarketManager iniciado con 7 activos (MODO ESTÁTICO).
17:18:51 | INFO | Sistema Operativo - Monitoreando lista estatica
17:19:05 | WARNING | Falla API Google (Intento 1/3). Reintento en 3s...
17:19:23 | WARNING | ¡ALERTA! Conexión caída o congelada. Reiniciando sistema YA...
17:19:24 | INFO | MarketManager iniciado con 7 activos (MODO ESTÁTICO).
17:19:27 | INFO | Sistema Operativo - Monitoreando lista estatica
17:19:58 | WARNING | ¡ALERTA! Conexión caída o congelada. Reiniciando sistema YA...
17:20:00 | INFO | MarketManager iniciado con 7 activos (MODO ESTÁTICO).
17:20:04 | INFO | Sistema Operativo - Monitoreando lista estatica
17:20:36 | WARNING | ¡ALERTA! Conexión caída o congelada. Reiniciando sistema YA...
17:20:37 | INFO | MarketManager iniciado con 7 activos (MODO ESTÁTICO).
17:20:40 | INFO | Sistema Operativo - Monitoreando lista estatica
17:21:02 | WARNING | Falla API Google (Intento 1/3). Reintento en 3s...
17:21:12 | WARNING | ¡ALERTA! Conexión caída o congelada. Reiniciando sistema YA...
17:21:14 | INFO | MarketManager iniciado con 7 activos (MODO ESTÁTICO).
17:21:17 | INFO | Sistema Operativo - Monitoreando lista estatica
17:21:49 | WARNING | ¡ALERTA! Conexión caída o congelada. Reiniciando sistema YA...
17:21:51 | INFO | MarketManager iniciado con 7 activos (MODO ESTÁTICO).
17:21:55 | INFO | Sistema Operativo - Monitoreando lista estatica
17:22:26 | WARNING | ¡ALERTA! Conexión caída o congelada. Reiniciando sistema YA...
17:22:27 | INFO | MarketManager iniciado con 7 activos (MODO ESTÁTICO).
17:22:31 | INFO | Sistema Operativo - Monitoreando lista estatica
17:23:03 | WARNING | ¡ALERTA! Conexión caída o congelada. Reiniciando sistema YA...
17:23:05 | INFO | MarketManager iniciado con 7 activos (MODO ESTÁTICO).
17:23:08 | INFO | Sistema Operativo - Monitoreando lista estatica
17:23:39 | WARNING | ¡ALERTA! Conexión caída o congelada. Reiniciando sistema YA...
17:23:41 | INFO | MarketManager iniciado con 7 activos (MODO ESTÁTICO).
17:23:45 | INFO | Sistema Operativo - Monitoreando lista estatica
17:24:16 | WARNING | ¡ALERTA! Conexión caída o congelada. Reiniciando sistema YA...
17:24:17 | INFO | MarketManager iniciado con 7 activos (MODO ESTÁTICO).
17:24:21 | INFO | Sistema Operativo - Monitoreando lista estatica
17:24:52 | WARNING | ¡ALERTA! Conexión caída o congelada. Reiniciando sistema YA...
17:24:54 | INFO | MarketManager iniciado con 7 activos (MODO ESTÁTICO).
17:24:56 | INFO | Sistema Operativo - Monitoreando lista estatica
17:25:03 | WARNING | Falla API Google (Intento 1/3). Reintento en 3s...
17:25:29 | WARNING | ¡ALERTA! Conexión caída o congelada. Reiniciando sistema YA...
17:25:29 | INFO | MarketManager iniciado con 7 activos (MODO ESTÁTICO).
17:25:32 | INFO | Sistema Operativo - Monitoreando lista estatica
17:26:03 | WARNING | ¡ALERTA! Conexión caída o congelada. Reiniciando sistema YA...
17:26:05 | INFO | MarketManager iniciado con 7 activos (MODO ESTÁTICO).
17:26:09 | INFO | Sistema Operativo - Monitoreando lista estatica
17:26:40 | WARNING | ¡ALERTA! Conexión caída o congelada. Reiniciando sistema YA...
17:26:42 | INFO | MarketManager iniciado con 7 activos (MODO ESTÁTICO).
17:26:45 | INFO | Sistema Operativo - Monitoreando lista estatica
17:27:16 | WARNING | ¡ALERTA! Conexión caída o congelada. Reiniciando sistema YA...
17:27:18 | INFO | MarketManager iniciado con 7 activos (MODO ESTÁTICO).
17:27:22 | INFO | Sistema Operativo - Monitoreando lista estatica
17:27:53 | WARNING | ¡ALERTA! Conexión caída o congelada. Reiniciando sistema YA...
17:27:55 | INFO | MarketManager iniciado con 7 activos (MODO ESTÁTICO).
17:27:59 | INFO | Sistema Operativo - Monitoreando lista estatica
17:28:04 | WARNING | Falla API Google (Intento 1/3). Reintento en 3s...
17:28:31 | WARNING | ¡ALERTA! Conexión caída o congelada. Reiniciando sistema YA...
17:28:32 | INFO | MarketManager iniciado con 7 activos (MODO ESTÁTICO).
17:28:35 | INFO | Sistema Operativo - Monitoreando lista estatica
17:29:06 | WARNING | ¡ALERTA! Conexión caída o congelada. Reiniciando sistema YA...
17:29:07 | INFO | MarketManager iniciado con 7 activos (MODO ESTÁTICO).
17:29:11 | INFO | Sistema Operativo - Monitoreando lista estatica
17:29:43 | WARNING | ¡ALERTA! Conexión caída o congelada. Reiniciando sistema YA...
17:29:45 | INFO | MarketManager iniciado con 7 activos (MODO ESTÁTICO).
17:29:48 | INFO | Sistema Operativo - Monitoreando lista estatica
17:30:04 | WARNING | Falla API Google (Intento 1/3). Reintento en 3s...
17:30:18 | WARNING | ¡ALERTA! Conexión caída o congelada. Reiniciando sistema YA...
17:30:19 | INFO | MarketManager iniciado con 7 activos (MODO ESTÁTICO).
17:30:23 | INFO | Sistema Operativo - Monitoreando lista estatica
17:30:54 | WARNING | ¡ALERTA! Conexión caída o congelada. Reiniciando sistema YA...
17:30:56 | INFO | MarketManager iniciado con 7 activos (MODO ESTÁTICO).
17:31:00 | INFO | Sistema Operativo - Monitoreando lista estatica
17:31:32 | WARNING | ¡ALERTA! Conexión caída o congelada. Reiniciando sistema YA...
17:31:34 | INFO | MarketManager iniciado con 7 activos (MODO ESTÁTICO).
17:31:37 | INFO | Sistema Operativo - Monitoreando lista estatica
17:32:09 | WARNING | ¡ALERTA! Conexión caída o congelada. Reiniciando sistema YA...
17:32:11 | INFO | MarketManager iniciado con 7 activos (MODO ESTÁTICO).
17:32:14 | INFO | Sistema Operativo - Monitoreando lista estatica
17:32:46 | WARNING | ¡ALERTA! Conexión caída o congelada. Reiniciando sistema YA...
17:32:47 | INFO | MarketManager iniciado con 7 activos (MODO ESTÁTICO).
17:32:51 | INFO | Sistema Operativo - Monitoreando lista estatica
17:33:03 | WARNING | Falla API Google (Intento 1/3). Reintento en 3s...
17:33:24 | WARNING | ¡ALERTA! Conexión caída o congelada. Reiniciando sistema YA...
17:33:25 | INFO | MarketManager iniciado con 7 activos (MODO ESTÁTICO).
17:33:28 | INFO | Sistema Operativo - Monitoreando lista estatica
17:34:00 | WARNING | ¡ALERTA! Conexión caída o congelada. Reiniciando sistema YA...
17:34:01 | INFO | MarketManager iniciado con 7 activos (MODO ESTÁTICO).
17:34:05 | INFO | Sistema Operativo - Monitoreando lista estatica
17:34:36 | WARNING | ¡ALERTA! Conexión caída o congelada. Reiniciando sistema YA...
17:34:37 | INFO | MarketManager iniciado con 7 activos (MODO ESTÁTICO).
17:34:40 | INFO | Sistema Operativo - Monitoreando lista estatica
17:35:04 | WARNING | Falla API Google (Intento 1/3). Reintento en 3s...
17:35:12 | WARNING | ¡ALERTA! Conexión caída o congelada. Reiniciando sistema YA...
17:35:13 | INFO | MarketManager iniciado con 7 activos (MODO ESTÁTICO).
17:35:16 | INFO | Sistema Operativo - Monitoreando lista estatica
17:35:47 | WARNING | ¡ALERTA! Conexión caída o congelada. Reiniciando sistema YA...
17:35:49 | INFO | MarketManager iniciado con 7 activos (MODO ESTÁTICO).
17:35:53 | INFO | Sistema Operativo - Monitoreando lista estatica
17:36:02 | WARNING | Falla API Google (Intento 1/3). Reintento en 3s...
17:36:25 | WARNING | ¡ALERTA! Conexión caída o congelada. Reiniciando sistema YA...
17:36:26 | INFO | MarketManager iniciado con 7 activos (MODO ESTÁTICO).
17:36:30 | INFO | Sistema Operativo - Monitoreando lista estatica
17:37:02 | WARNING | ¡ALERTA! Conexión caída o congelada. Reiniciando sistema YA...
17:37:02 | INFO | MarketManager iniciado con 7 activos (MODO ESTÁTICO).
17:37:06 | INFO | Sistema Operativo - Monitoreando lista estatica
17:37:37 | WARNING | ¡ALERTA! Conexión caída o congelada. Reiniciando sistema YA...
17:37:39 | INFO | MarketManager iniciado con 7 activos (MODO ESTÁTICO).
17:37:44 | INFO | Sistema Operativo - Monitoreando lista estatica
17:38:15 | WARNING | ¡ALERTA! Conexión caída o congelada. Reiniciando sistema YA...
17:38:17 | INFO | MarketManager iniciado con 7 activos (MODO ESTÁTICO).
17:38:21 | INFO | Sistema Operativo - Monitoreando lista estatica
17:38:52 | WARNING | ¡ALERTA! Conexión caída o congelada. Reiniciando sistema YA...
17:38:53 | INFO | MarketManager iniciado con 7 activos (MODO ESTÁTICO).
17:38:56 | INFO | Sistema Operativo - Monitoreando lista estatica
17:39:03 | WARNING | Falla API Google (Intento 1/3). Reintento en 3s...
17:39:28 | WARNING | ¡ALERTA! Conexión caída o congelada. Reiniciando sistema YA...
17:39:29 | INFO | MarketManager iniciado con 7 activos (MODO ESTÁTICO).
17:39:33 | INFO | Sistema Operativo - Monitoreando lista estatica
17:40:02 | WARNING | Falla API Google (Intento 1/3). Reintento en 3s...
17:40:10 | WARNING | ¡ALERTA! Conexión caída o congelada. Reiniciando sistema YA...
17:40:11 | INFO | MarketManager iniciado con 7 activos (MODO ESTÁTICO).
17:40:15 | INFO | Sistema Operativo - Monitoreando lista estatica
17:40:20 | INFO | Detencion manual detectada. Cerrando procesos...
17:40:20 | INFO | WebSocket desconectado. Bot fuera de linea.
10:00:29 | INFO | MarketManager iniciado con 7 activos (MODO ESTÁTICO).
10:00:34 | INFO | Sistema Operativo - Monitoreando lista estatica
10:01:06 | WARNING | ¡ALERTA! Conexión caída o congelada. Reiniciando sistema YA...
10:01:07 | INFO | MarketManager iniciado con 7 activos (MODO ESTÁTICO).
10:01:10 | INFO | Sistema Operativo - Monitoreando lista estatica
10:01:35 | WARNING | Falla API Google (Intento 1/3). Reintento en 3s...
10:01:43 | WARNING | ¡ALERTA! Conexión caída o congelada. Reiniciando sistema YA...
10:01:45 | INFO | MarketManager iniciado con 7 activos (MODO ESTÁTICO).
10:01:49 | INFO | Sistema Operativo - Monitoreando lista estatica
10:02:20 | WARNING | ¡ALERTA! Conexión caída o congelada. Reiniciando sistema YA...
10:02:22 | INFO | MarketManager iniciado con 7 activos (MODO ESTÁTICO).
10:02:26 | INFO | Sistema Operativo - Monitoreando lista estatica
10:02:58 | WARNING | ¡ALERTA! Conexión caída o congelada. Reiniciando sistema YA...
10:02:58 | INFO | MarketManager iniciado con 7 activos (MODO ESTÁTICO).
10:03:02 | INFO | Sistema Operativo - Monitoreando lista estatica
10:03:34 | WARNING | ¡ALERTA! Conexión caída o congelada. Reiniciando sistema YA...
10:03:36 | INFO | MarketManager iniciado con 7 activos (MODO ESTÁTICO).
10:03:40 | INFO | Sistema Operativo - Monitoreando lista estatica
10:04:11 | WARNING | ¡ALERTA! Conexión caída o congelada. Reiniciando sistema YA...
10:04:12 | INFO | MarketManager iniciado con 7 activos (MODO ESTÁTICO).
10:04:16 | INFO | Sistema Operativo - Monitoreando lista estatica
10:04:35 | WARNING | Falla API Google (Intento 1/3). Reintento en 3s...
10:04:49 | WARNING | ¡ALERTA! Conexión caída o congelada. Reiniciando sistema YA...
10:04:51 | INFO | MarketManager iniciado con 7 activos (MODO ESTÁTICO).
10:04:55 | INFO | Sistema Operativo - Monitoreando lista estatica
10:05:26 | WARNING | ¡ALERTA! Conexión caída o congelada. Reiniciando sistema YA...
10:05:28 | INFO | MarketManager iniciado con 7 activos (MODO ESTÁTICO).
10:05:32 | INFO | Sistema Operativo - Monitoreando lista estatica
10:06:03 | WARNING | ¡ALERTA! Conexión caída o congelada. Reiniciando sistema YA...
10:06:05 | INFO | MarketManager iniciado con 7 activos (MODO ESTÁTICO).
10:06:09 | INFO | Sistema Operativo - Monitoreando lista estatica
10:06:41 | WARNING | ¡ALERTA! Conexión caída o congelada. Reiniciando sistema YA...
10:06:43 | INFO | MarketManager iniciado con 7 activos (MODO ESTÁTICO).
10:06:47 | INFO | Sistema Operativo - Monitoreando lista estatica
10:07:19 | WARNING | ¡ALERTA! Conexión caída o congelada. Reiniciando sistema YA...
10:07:21 | INFO | MarketManager iniciado con 7 activos (MODO ESTÁTICO).
10:07:24 | INFO | Sistema Operativo - Monitoreando lista estatica
10:07:56 | WARNING | ¡ALERTA! Conexión caída o congelada. Reiniciando sistema YA...
10:07:58 | INFO | MarketManager iniciado con 7 activos (MODO ESTÁTICO).
10:08:02 | INFO | Sistema Operativo - Monitoreando lista estatica
10:08:33 | WARNING | ¡ALERTA! Conexión caída o congelada. Reiniciando sistema YA...
10:08:34 | INFO | MarketManager iniciado con 7 activos (MODO ESTÁTICO).
10:08:38 | INFO | Sistema Operativo - Monitoreando lista estatica
10:09:09 | WARNING | ¡ALERTA! Conexión caída o congelada. Reiniciando sistema YA...
10:09:11 | INFO | MarketManager iniciado con 7 activos (MODO ESTÁTICO).
10:09:15 | INFO | Sistema Operativo - Monitoreando lista estatica
10:09:36 | WARNING | Falla API Google (Intento 1/3). Reintento en 3s...
10:09:46 | WARNING | ¡ALERTA! Conexión caída o congelada. Reiniciando sistema YA...
10:09:47 | INFO | MarketManager iniciado con 7 activos (MODO ESTÁTICO).
10:09:50 | INFO | Sistema Operativo - Monitoreando lista estatica
10:10:22 | WARNING | ¡ALERTA! Conexión caída o congelada. Reiniciando sistema YA...
10:10:24 | INFO | MarketManager iniciado con 7 activos (MODO ESTÁTICO).
10:10:27 | INFO | Sistema Operativo - Monitoreando lista estatica
10:10:58 | WARNING | ¡ALERTA! Conexión caída o congelada. Reiniciando sistema YA...
10:11:00 | INFO | MarketManager iniciado con 7 activos (MODO ESTÁTICO).
10:11:04 | INFO | Sistema Operativo - Monitoreando lista estatica
10:11:34 | WARNING | Falla API Google (Intento 1/3). Reintento en 3s...
10:11:42 | WARNING | ¡ALERTA! Conexión caída o congelada. Reiniciando sistema YA...
10:11:43 | INFO | MarketManager iniciado con 7 activos (MODO ESTÁTICO).
10:11:46 | INFO | Sistema Operativo - Monitoreando lista estatica
10:12:18 | WARNING | ¡ALERTA! Conexión caída o congelada. Reiniciando sistema YA...
10:12:19 | INFO | MarketManager iniciado con 7 activos (MODO ESTÁTICO).
10:12:23 | INFO | Sistema Operativo - Monitoreando lista estatica
10:12:35 | WARNING | Falla API Google (Intento 1/3). Reintento en 3s...
10:12:53 | WARNING | ¡ALERTA! Conexión caída o congelada. Reiniciando sistema YA...
10:12:54 | INFO | MarketManager iniciado con 7 activos (MODO ESTÁTICO).
10:12:58 | INFO | Sistema Operativo - Monitoreando lista estatica
10:13:30 | WARNING | ¡ALERTA! Conexión caída o congelada. Reiniciando sistema YA...
10:13:32 | INFO | MarketManager iniciado con 7 activos (MODO ESTÁTICO).
10:13:35 | INFO | Sistema Operativo - Monitoreando lista estatica
10:14:06 | WARNING | ¡ALERTA! Conexión caída o congelada. Reiniciando sistema YA...
10:14:08 | INFO | MarketManager iniciado con 7 activos (MODO ESTÁTICO).
10:14:12 | INFO | Sistema Operativo - Monitoreando lista estatica
10:14:36 | WARNING | Falla API Google (Intento 1/3). Reintento en 3s...
10:14:43 | WARNING | ¡ALERTA! Conexión caída o congelada. Reiniciando sistema YA...
10:14:45 | INFO | MarketManager iniciado con 7 activos (MODO ESTÁTICO).
10:14:49 | INFO | Sistema Operativo - Monitoreando lista estatica
10:15:20 | WARNING | ¡ALERTA! Conexión caída o congelada. Reiniciando sistema YA...
10:15:22 | INFO | MarketManager iniciado con 7 activos (MODO ESTÁTICO).
10:15:26 | INFO | Sistema Operativo - Monitoreando lista estatica
10:15:58 | WARNING | ¡ALERTA! Conexión caída o congelada. Reiniciando sistema YA...
10:16:00 | INFO | MarketManager iniciado con 7 activos (MODO ESTÁTICO).
10:16:04 | INFO | Sistema Operativo - Monitoreando lista estatica
10:16:35 | WARNING | ¡ALERTA! Conexión caída o congelada. Reiniciando sistema YA...
10:16:36 | INFO | MarketManager iniciado con 7 activos (MODO ESTÁTICO).
10:16:40 | INFO | Sistema Operativo - Monitoreando lista estatica
10:17:11 | WARNING | ¡ALERTA! Conexión caída o congelada. Reiniciando sistema YA...
10:17:13 | INFO | MarketManager iniciado con 7 activos (MODO ESTÁTICO).
10:17:18 | INFO | Sistema Operativo - Monitoreando lista estatica
10:17:50 | WARNING | ¡ALERTA! Conexión caída o congelada. Reiniciando sistema YA...
10:17:52 | INFO | MarketManager iniciado con 7 activos (MODO ESTÁTICO).
10:17:56 | INFO | Sistema Operativo - Monitoreando lista estatica
10:18:27 | WARNING | ¡ALERTA! Conexión caída o congelada. Reiniciando sistema YA...
10:18:29 | INFO | MarketManager iniciado con 7 activos (MODO ESTÁTICO).
10:18:33 | INFO | Sistema Operativo - Monitoreando lista estatica
10:19:04 | WARNING | ¡ALERTA! Conexión caída o congelada. Reiniciando sistema YA...
10:19:05 | INFO | MarketManager iniciado con 7 activos (MODO ESTÁTICO).
10:19:08 | INFO | Sistema Operativo - Monitoreando lista estatica
10:19:33 | WARNING | Falla API Google (Intento 1/3). Reintento en 3s...
10:19:40 | WARNING | ¡ALERTA! Conexión caída o congelada. Reiniciando sistema YA...
10:19:42 | INFO | MarketManager iniciado con 7 activos (MODO ESTÁTICO).
10:19:46 | INFO | Sistema Operativo - Monitoreando lista estatica
10:20:17 | WARNING | ¡ALERTA! Conexión caída o congelada. Reiniciando sistema YA...
10:20:19 | INFO | MarketManager iniciado con 7 activos (MODO ESTÁTICO).
10:20:23 | INFO | Sistema Operativo - Monitoreando lista estatica
10:20:55 | WARNING | ¡ALERTA! Conexión caída o congelada. Reiniciando sistema YA...
10:20:56 | INFO | MarketManager iniciado con 7 activos (MODO ESTÁTICO).
10:21:00 | INFO | Sistema Operativo - Monitoreando lista estatica
10:21:31 | WARNING | ¡ALERTA! Conexión caída o congelada. Reiniciando sistema YA...
10:21:33 | INFO | MarketManager iniciado con 7 activos (MODO ESTÁTICO).
10:21:36 | INFO | Sistema Operativo - Monitoreando lista estatica
10:22:08 | WARNING | ¡ALERTA! Conexión caída o congelada. Reiniciando sistema YA...
10:22:09 | INFO | MarketManager iniciado con 7 activos (MODO ESTÁTICO).
10:22:13 | INFO | Sistema Operativo - Monitoreando lista estatica
10:22:33 | WARNING | Falla API Google (Intento 1/3). Reintento en 3s...
10:22:45 | WARNING | ¡ALERTA! Conexión caída o congelada. Reiniciando sistema YA...
10:22:47 | INFO | MarketManager iniciado con 7 activos (MODO ESTÁTICO).
10:22:51 | INFO | Sistema Operativo - Monitoreando lista estatica
10:23:22 | WARNING | ¡ALERTA! Conexión caída o congelada. Reiniciando sistema YA...
10:23:24 | INFO | MarketManager iniciado con 7 activos (MODO ESTÁTICO).
10:23:29 | INFO | Sistema Operativo - Monitoreando lista estatica
10:24:01 | WARNING | ¡ALERTA! Conexión caída o congelada. Reiniciando sistema YA...
10:24:03 | INFO | MarketManager iniciado con 7 activos (MODO ESTÁTICO).
10:24:07 | INFO | Sistema Operativo - Monitoreando lista estatica
10:24:39 | WARNING | ¡ALERTA! Conexión caída o congelada. Reiniciando sistema YA...
10:24:40 | INFO | MarketManager iniciado con 7 activos (MODO ESTÁTICO).
10:24:44 | INFO | Sistema Operativo - Monitoreando lista estatica
10:25:16 | WARNING | ¡ALERTA! Conexión caída o congelada. Reiniciando sistema YA...
10:25:18 | INFO | MarketManager iniciado con 7 activos (MODO ESTÁTICO).
10:25:22 | INFO | Sistema Operativo - Monitoreando lista estatica
10:26:02 | WARNING | ¡ALERTA! Conexión caída o congelada. Reiniciando sistema YA...
10:26:04 | INFO | MarketManager iniciado con 7 activos (MODO ESTÁTICO).
10:26:08 | INFO | Sistema Operativo - Monitoreando lista estatica
10:26:35 | WARNING | Falla API Google (Intento 1/3). Reintento en 3s...
10:27:06 | WARNING | ¡ALERTA! Conexión caída o congelada. Reiniciando sistema YA...
10:27:08 | INFO | MarketManager iniciado con 7 activos (MODO ESTÁTICO).
10:27:12 | INFO | Sistema Operativo - Monitoreando lista estatica
10:27:44 | WARNING | ¡ALERTA! Conexión caída o congelada. Reiniciando sistema YA...
10:27:46 | INFO | MarketManager iniciado con 7 activos (MODO ESTÁTICO).
10:27:50 | INFO | Sistema Operativo - Monitoreando lista estatica
10:28:33 | WARNING | Falla API Google (Intento 1/3). Reintento en 3s...
10:29:16 | WARNING | ¡ALERTA! Conexión caída o congelada. Reiniciando sistema YA...
10:29:19 | INFO | MarketManager iniciado con 7 activos (MODO ESTÁTICO).
10:29:23 | INFO | Sistema Operativo - Monitoreando lista estatica
10:36:34 | WARNING | Falla API Google (Intento 1/3). Reintento en 3s...
10:37:31 | WARNING | Falla API Google (Intento 1/3). Reintento en 3s...
10:38:33 | WARNING | Falla API Google (Intento 1/3). Reintento en 3s...
10:39:35 | WARNING | Falla API Google (Intento 1/3). Reintento en 3s...
10:40:31 | WARNING | Falla API Google (Intento 1/3). Reintento en 3s...
10:41:28 | WARNING | Falla API Google (Intento 1/3). Reintento en 3s...
10:43:31 | WARNING | Falla API Google (Intento 1/3). Reintento en 3s...
10:44:35 | WARNING | Falla API Google (Intento 1/3). Reintento en 3s...
10:45:32 | WARNING | Falla API Google (Intento 1/3). Reintento en 3s...
10:46:34 | WARNING | Falla API Google (Intento 1/3). Reintento en 3s...
10:47:30 | WARNING | Falla API Google (Intento 1/3). Reintento en 3s...
10:48:31 | WARNING | Falla API Google (Intento 1/3). Reintento en 3s...
10:49:31 | WARNING | Falla API Google (Intento 1/3). Reintento en 3s...
10:50:34 | WARNING | Falla API Google (Intento 1/3). Reintento en 3s...
10:53:32 | WARNING | Falla API Google (Intento 1/3). Reintento en 3s...
10:54:34 | WARNING | Falla API Google (Intento 1/3). Reintento en 3s...
10:56:28 | WARNING | Falla API Google (Intento 1/3). Reintento en 3s...
10:57:32 | WARNING | Falla API Google (Intento 1/3). Reintento en 3s...
10:58:34 | WARNING | Falla API Google (Intento 1/3). Reintento en 3s...
11:00:35 | WARNING | Falla API Google (Intento 1/3). Reintento en 3s...
11:01:33 | WARNING | Falla API Google (Intento 1/3). Reintento en 3s...
11:02:35 | WARNING | Falla API Google (Intento 1/3). Reintento en 3s...
11:03:33 | WARNING | Falla API Google (Intento 1/3). Reintento en 3s...
11:04:34 | WARNING | Falla API Google (Intento 1/3). Reintento en 3s...
11:05:34 | WARNING | Falla API Google (Intento 1/3). Reintento en 3s...
11:06:34 | WARNING | Falla API Google (Intento 1/3). Reintento en 3s...
11:07:32 | WARNING | Falla API Google (Intento 1/3). Reintento en 3s...
11:08:36 | WARNING | Falla API Google (Intento 1/3). Reintento en 3s...
11:10:35 | WARNING | Falla API Google (Intento 1/3). Reintento en 3s...
11:11:32 | WARNING | Falla API Google (Intento 1/3). Reintento en 3s...
11:12:34 | WARNING | Falla API Google (Intento 1/3). Reintento en 3s...
11:13:37 | WARNING | Falla API Google (Intento 1/3). Reintento en 3s...
11:14:34 | WARNING | Falla API Google (Intento 1/3). Reintento en 3s...
11:15:34 | WARNING | Falla API Google (Intento 1/3). Reintento en 3s...
11:16:36 | WARNING | Falla API Google (Intento 1/3). Reintento en 3s...
11:18:32 | WARNING | Falla API Google (Intento 1/3). Reintento en 3s...
11:19:18 | WARNING | Falla API Google (Intento 1/3). Reintento en 3s...
11:19:24 | WARNING | Falla API Google (Intento 2/3). Reintento en 6s...
11:19:33 | WARNING | Falla API Google (Intento 3/3). Reintento en 9s...
11:19:44 | ERROR | No se pudo actualizar el Excel tras varios intentos.
11:20:14 | WARNING | Falla API Google (Intento 1/3). Reintento en 3s...
11:20:19 | WARNING | Falla API Google (Intento 2/3). Reintento en 6s...
11:20:28 | WARNING | Falla API Google (Intento 3/3). Reintento en 9s...
11:20:39 | ERROR | No se pudo actualizar el Excel tras varios intentos.
11:21:26 | WARNING | Falla API Google (Intento 1/3). Reintento en 3s...
11:21:32 | WARNING | Falla API Google (Intento 2/3). Reintento en 6s...
11:23:29 | WARNING | Falla API Google (Intento 1/3). Reintento en 3s...
11:24:36 | WARNING | Falla API Google (Intento 1/3). Reintento en 3s...
11:26:23 | WARNING | Falla API Google (Intento 1/3). Reintento en 3s...
11:26:33 | WARNING | Falla API Google (Intento 1/3). Reintento en 3s...
11:27:36 | WARNING | Falla API Google (Intento 1/3). Reintento en 3s...
11:28:35 | WARNING | Falla API Google (Intento 1/3). Reintento en 3s...
11:29:31 | WARNING | Falla API Google (Intento 1/3). Reintento en 3s...
11:30:33 | WARNING | Falla API Google (Intento 1/3). Reintento en 3s...
11:31:32 | WARNING | Falla API Google (Intento 1/3). Reintento en 3s...
11:33:34 | WARNING | Falla API Google (Intento 1/3). Reintento en 3s...
11:34:32 | WARNING | Falla API Google (Intento 1/3). Reintento en 3s...
11:35:31 | WARNING | Falla API Google (Intento 1/3). Reintento en 3s...
11:37:33 | WARNING | Falla API Google (Intento 1/3). Reintento en 3s...
11:40:35 | WARNING | Falla API Google (Intento 1/3). Reintento en 3s...
11:42:32 | WARNING | Falla API Google (Intento 1/3). Reintento en 3s...
11:43:14 | WARNING | Falla API Google (Intento 1/3). Reintento en 3s...
11:43:20 | WARNING | Falla API Google (Intento 2/3). Reintento en 6s...
11:43:29 | WARNING | Falla API Google (Intento 3/3). Reintento en 9s...
11:43:40 | ERROR | No se pudo actualizar el Excel tras varios intentos.
11:44:14 | WARNING | Falla API Google (Intento 1/3). Reintento en 3s...
11:44:19 | WARNING | Falla API Google (Intento 2/3). Reintento en 6s...
11:44:28 | WARNING | Falla API Google (Intento 3/3). Reintento en 9s...
11:44:40 | ERROR | No se pudo actualizar el Excel tras varios intentos.
11:45:16 | WARNING | Falla API Google (Intento 1/3). Reintento en 3s...
11:45:21 | WARNING | Falla API Google (Intento 2/3). Reintento en 6s...
11:45:30 | WARNING | Falla API Google (Intento 3/3). Reintento en 9s...
11:45:41 | ERROR | No se pudo actualizar el Excel tras varios intentos.
11:46:15 | WARNING | Falla API Google (Intento 1/3). Reintento en 3s...
11:46:21 | WARNING | Falla API Google (Intento 2/3). Reintento en 6s...
11:46:30 | WARNING | Falla API Google (Intento 3/3). Reintento en 9s...
11:46:41 | ERROR | No se pudo actualizar el Excel tras varios intentos.
11:47:15 | WARNING | Falla API Google (Intento 1/3). Reintento en 3s...
11:47:21 | WARNING | Falla API Google (Intento 2/3). Reintento en 6s...
11:47:29 | WARNING | Falla API Google (Intento 3/3). Reintento en 9s...
11:47:41 | ERROR | No se pudo actualizar el Excel tras varios intentos.
11:48:14 | WARNING | Falla API Google (Intento 1/3). Reintento en 3s...
11:48:20 | WARNING | Falla API Google (Intento 2/3). Reintento en 6s...
11:48:28 | WARNING | Falla API Google (Intento 3/3). Reintento en 9s...
11:48:40 | ERROR | No se pudo actualizar el Excel tras varios intentos.
11:49:13 | WARNING | Falla API Google (Intento 1/3). Reintento en 3s...
11:49:19 | WARNING | Falla API Google (Intento 2/3). Reintento en 6s...
11:49:27 | WARNING | Falla API Google (Intento 3/3). Reintento en 9s...
11:49:39 | ERROR | No se pudo actualizar el Excel tras varios intentos.
11:50:13 | WARNING | Falla API Google (Intento 1/3). Reintento en 3s...
11:50:18 | WARNING | Falla API Google (Intento 2/3). Reintento en 6s...
11:50:27 | WARNING | Falla API Google (Intento 3/3). Reintento en 9s...
11:50:38 | ERROR | No se pudo actualizar el Excel tras varios intentos.
11:51:14 | WARNING | Falla API Google (Intento 1/3). Reintento en 3s...
11:51:20 | WARNING | Falla API Google (Intento 2/3). Reintento en 6s...
11:51:29 | WARNING | Falla API Google (Intento 3/3). Reintento en 9s...
11:51:40 | ERROR | No se pudo actualizar el Excel tras varios intentos.
11:52:34 | WARNING | Falla API Google (Intento 1/3). Reintento en 3s...
11:53:31 | WARNING | Falla API Google (Intento 1/3). Reintento en 3s...
11:54:33 | WARNING | Falla API Google (Intento 1/3). Reintento en 3s...
11:55:35 | WARNING | Falla API Google (Intento 1/3). Reintento en 3s...
11:57:30 | WARNING | Falla API Google (Intento 1/3). Reintento en 3s...
11:58:33 | WARNING | Falla API Google (Intento 1/3). Reintento en 3s...
11:59:35 | WARNING | Falla API Google (Intento 1/3). Reintento en 3s...
12:00:35 | WARNING | Falla API Google (Intento 1/3). Reintento en 3s...
12:02:30 | WARNING | Falla API Google (Intento 1/3). Reintento en 3s...
12:03:34 | WARNING | Falla API Google (Intento 1/3). Reintento en 3s...
12:04:34 | WARNING | Falla API Google (Intento 1/3). Reintento en 3s...
12:06:34 | WARNING | Falla API Google (Intento 1/3). Reintento en 3s...
12:07:34 | WARNING | Falla API Google (Intento 1/3). Reintento en 3s...
12:09:30 | WARNING | Falla API Google (Intento 1/3). Reintento en 3s...
12:10:32 | WARNING | Falla API Google (Intento 1/3). Reintento en 3s...
12:11:34 | WARNING | Falla API Google (Intento 1/3). Reintento en 3s...
12:12:34 | WARNING | Falla API Google (Intento 1/3). Reintento en 3s...
12:13:34 | WARNING | Falla API Google (Intento 1/3). Reintento en 3s...
12:14:32 | WARNING | Falla API Google (Intento 1/3). Reintento en 3s...
12:16:34 | WARNING | Falla API Google (Intento 1/3). Reintento en 3s...
12:17:33 | WARNING | Falla API Google (Intento 1/3). Reintento en 3s...
12:18:33 | WARNING | Falla API Google (Intento 1/3). Reintento en 3s...
12:19:35 | WARNING | Falla API Google (Intento 1/3). Reintento en 3s...
12:21:34 | WARNING | Falla API Google (Intento 1/3). Reintento en 3s...
12:24:31 | WARNING | Falla API Google (Intento 1/3). Reintento en 3s...
12:25:35 | WARNING | Falla API Google (Intento 1/3). Reintento en 3s...
12:26:35 | WARNING | Falla API Google (Intento 1/3). Reintento en 3s...
12:27:35 | WARNING | Falla API Google (Intento 1/3). Reintento en 3s...
12:28:32 | WARNING | Falla API Google (Intento 1/3). Reintento en 3s...
12:29:34 | WARNING | Falla API Google (Intento 1/3). Reintento en 3s...
12:32:33 | WARNING | Falla API Google (Intento 1/3). Reintento en 3s...
12:34:27 | WARNING | Falla API Google (Intento 1/3). Reintento en 3s...
12:34:33 | WARNING | Falla API Google (Intento 2/3). Reintento en 6s...
12:35:36 | WARNING | Falla API Google (Intento 1/3). Reintento en 3s...
12:36:33 | WARNING | Falla API Google (Intento 1/3). Reintento en 3s...
12:37:35 | WARNING | Falla API Google (Intento 1/3). Reintento en 3s...
12:39:32 | WARNING | Falla API Google (Intento 1/3). Reintento en 3s...
12:40:33 | WARNING | Falla API Google (Intento 1/3). Reintento en 3s...
12:41:33 | WARNING | Falla API Google (Intento 1/3). Reintento en 3s...
12:43:31 | WARNING | Falla API Google (Intento 1/3). Reintento en 3s...
12:45:32 | WARNING | Falla API Google (Intento 1/3). Reintento en 3s...
12:46:32 | WARNING | Falla API Google (Intento 1/3). Reintento en 3s...
12:47:31 | WARNING | Falla API Google (Intento 1/3). Reintento en 3s...
12:48:33 | WARNING | Falla API Google (Intento 1/3). Reintento en 3s...
12:49:32 | WARNING | Falla API Google (Intento 1/3). Reintento en 3s...
12:51:28 | WARNING | Falla API Google (Intento 1/3). Reintento en 3s...
12:52:33 | WARNING | Falla API Google (Intento 1/3). Reintento en 3s...
12:55:34 | WARNING | Falla API Google (Intento 1/3). Reintento en 3s...
12:56:34 | WARNING | Falla API Google (Intento 1/3). Reintento en 3s...
12:59:35 | WARNING | Falla API Google (Intento 1/3). Reintento en 3s...
13:01:32 | WARNING | Falla API Google (Intento 1/3). Reintento en 3s...
13:02:33 | WARNING | Falla API Google (Intento 1/3). Reintento en 3s...
13:09:30 | WARNING | Falla API Google (Intento 1/3). Reintento en 3s...
13:10:32 | WARNING | Falla API Google (Intento 1/3). Reintento en 3s...
13:11:34 | WARNING | Falla API Google (Intento 1/3). Reintento en 3s...
13:12:31 | WARNING | Falla API Google (Intento 1/3). Reintento en 3s...
13:18:46 | WARNING | Falla API Google (Intento 1/3). Reintento en 3s...
13:20:33 | WARNING | Falla API Google (Intento 1/3). Reintento en 3s...
13:21:35 | WARNING | Falla API Google (Intento 1/3). Reintento en 3s...
13:22:34 | WARNING | Falla API Google (Intento 1/3). Reintento en 3s...
13:23:34 | WARNING | Falla API Google (Intento 1/3). Reintento en 3s...
13:24:35 | WARNING | Falla API Google (Intento 1/3). Reintento en 3s...
13:25:34 | WARNING | Falla API Google (Intento 1/3). Reintento en 3s...
13:26:33 | WARNING | Falla API Google (Intento 1/3). Reintento en 3s...
13:27:32 | WARNING | Falla API Google (Intento 1/3). Reintento en 3s...
13:28:34 | WARNING | Falla API Google (Intento 1/3). Reintento en 3s...
13:29:34 | WARNING | Falla API Google (Intento 1/3). Reintento en 3s...
13:30:33 | WARNING | Falla API Google (Intento 1/3). Reintento en 3s...
13:32:36 | WARNING | Falla API Google (Intento 1/3). Reintento en 3s...
13:33:33 | WARNING | Falla API Google (Intento 1/3). Reintento en 3s...
13:34:35 | WARNING | Falla API Google (Intento 1/3). Reintento en 3s...
13:35:34 | WARNING | Falla API Google (Intento 1/3). Reintento en 3s...
13:36:34 | WARNING | Falla API Google (Intento 1/3). Reintento en 3s...
13:37:34 | WARNING | Falla API Google (Intento 1/3). Reintento en 3s...
13:38:33 | WARNING | Falla API Google (Intento 1/3). Reintento en 3s...
13:39:33 | WARNING | Falla API Google (Intento 1/3). Reintento en 3s...
13:40:39 | WARNING | Falla API Google (Intento 1/3). Reintento en 3s...
13:42:32 | WARNING | Falla API Google (Intento 1/3). Reintento en 3s...
13:43:33 | WARNING | Falla API Google (Intento 1/3). Reintento en 3s...
13:44:35 | WARNING | Falla API Google (Intento 1/3). Reintento en 3s...
13:45:33 | WARNING | Falla API Google (Intento 1/3). Reintento en 3s...
13:47:31 | WARNING | Falla API Google (Intento 1/3). Reintento en 3s...
13:48:33 | WARNING | Falla API Google (Intento 1/3). Reintento en 3s...
13:50:30 | WARNING | Falla API Google (Intento 1/3). Reintento en 3s...
13:51:30 | WARNING | Falla API Google (Intento 1/3). Reintento en 3s...
13:52:30 | WARNING | Falla API Google (Intento 1/3). Reintento en 3s...
13:53:34 | WARNING | Falla API Google (Intento 1/3). Reintento en 3s...
13:54:30 | WARNING | Falla API Google (Intento 1/3). Reintento en 3s...
13:55:32 | WARNING | Falla API Google (Intento 1/3). Reintento en 3s...
13:56:31 | WARNING | Falla API Google (Intento 1/3). Reintento en 3s...
13:57:33 | WARNING | Falla API Google (Intento 1/3). Reintento en 3s...
13:58:34 | WARNING | Falla API Google (Intento 1/3). Reintento en 3s...
13:59:34 | WARNING | Falla API Google (Intento 1/3). Reintento en 3s...
14:01:33 | WARNING | Falla API Google (Intento 1/3). Reintento en 3s...
14:02:33 | WARNING | Falla API Google (Intento 1/3). Reintento en 3s...
14:04:33 | WARNING | Falla API Google (Intento 1/3). Reintento en 3s...
14:06:33 | WARNING | Falla API Google (Intento 1/3). Reintento en 3s...
14:07:34 | WARNING | Falla API Google (Intento 1/3). Reintento en 3s...
14:08:33 | WARNING | Falla API Google (Intento 1/3). Reintento en 3s...
14:09:30 | WARNING | Falla API Google (Intento 1/3). Reintento en 3s...
14:11:28 | WARNING | Falla API Google (Intento 1/3). Reintento en 3s...
14:12:34 | WARNING | Falla API Google (Intento 1/3). Reintento en 3s...
14:13:36 | WARNING | Falla API Google (Intento 1/3). Reintento en 3s...
14:14:35 | WARNING | Falla API Google (Intento 1/3). Reintento en 3s...
14:15:35 | WARNING | Falla API Google (Intento 1/3). Reintento en 3s...
14:16:34 | WARNING | Falla API Google (Intento 1/3). Reintento en 3s...
14:17:35 | WARNING | Falla API Google (Intento 1/3). Reintento en 3s...
14:18:29 | WARNING | Falla API Google (Intento 1/3). Reintento en 3s...
14:19:33 | WARNING | Falla API Google (Intento 1/3). Reintento en 3s...
14:21:33 | WARNING | Falla API Google (Intento 1/3). Reintento en 3s...
14:23:34 | WARNING | Falla API Google (Intento 1/3). Reintento en 3s...
14:24:35 | WARNING | Falla API Google (Intento 1/3). Reintento en 3s...
14:26:33 | WARNING | Falla API Google (Intento 1/3). Reintento en 3s...
14:27:34 | WARNING | Falla API Google (Intento 1/3). Reintento en 3s...
14:28:32 | WARNING | Falla API Google (Intento 1/3). Reintento en 3s...
14:29:34 | WARNING | Falla API Google (Intento 1/3). Reintento en 3s...
14:30:31 | WARNING | Falla API Google (Intento 1/3). Reintento en 3s...
14:31:31 | WARNING | Falla API Google (Intento 1/3). Reintento en 3s...
14:32:33 | WARNING | Falla API Google (Intento 1/3). Reintento en 3s...
14:33:32 | WARNING | Falla API Google (Intento 1/3). Reintento en 3s...
14:34:30 | WARNING | Falla API Google (Intento 1/3). Reintento en 3s...
14:35:32 | WARNING | Falla API Google (Intento 1/3). Reintento en 3s...
14:36:33 | WARNING | Falla API Google (Intento 1/3). Reintento en 3s...
14:37:33 | WARNING | Falla API Google (Intento 1/3). Reintento en 3s...
14:38:32 | WARNING | Falla API Google (Intento 1/3). Reintento en 3s...
14:39:31 | WARNING | Falla API Google (Intento 1/3). Reintento en 3s...
14:40:33 | WARNING | Falla API Google (Intento 1/3). Reintento en 3s...
14:41:35 | WARNING | Falla API Google (Intento 1/3). Reintento en 3s...
14:42:32 | WARNING | Falla API Google (Intento 1/3). Reintento en 3s...
14:43:32 | WARNING | Falla API Google (Intento 1/3). Reintento en 3s...
14:45:31 | WARNING | Falla API Google (Intento 1/3). Reintento en 3s...
14:46:31 | WARNING | Falla API Google (Intento 1/3). Reintento en 3s...
14:47:32 | WARNING | Falla API Google (Intento 1/3). Reintento en 3s...
14:48:35 | WARNING | Falla API Google (Intento 1/3). Reintento en 3s...
14:49:35 | WARNING | Falla API Google (Intento 1/3). Reintento en 3s...
14:50:32 | WARNING | Falla API Google (Intento 1/3). Reintento en 3s...
14:51:35 | WARNING | Falla API Google (Intento 1/3). Reintento en 3s...
14:52:34 | WARNING | Falla API Google (Intento 1/3). Reintento en 3s...
14:53:33 | WARNING | Falla API Google (Intento 1/3). Reintento en 3s...
14:54:35 | WARNING | Falla API Google (Intento 1/3). Reintento en 3s...
14:55:34 | WARNING | Falla API Google (Intento 1/3). Reintento en 3s...
14:56:35 | WARNING | Falla API Google (Intento 1/3). Reintento en 3s...
14:58:30 | WARNING | Falla API Google (Intento 1/3). Reintento en 3s...
14:59:33 | WARNING | Falla API Google (Intento 1/3). Reintento en 3s...
15:00:35 | WARNING | Falla API Google (Intento 1/3). Reintento en 3s...
15:01:30 | WARNING | Falla API Google (Intento 1/3). Reintento en 3s...
15:02:34 | WARNING | Falla API Google (Intento 1/3). Reintento en 3s...
15:03:34 | WARNING | Falla API Google (Intento 1/3). Reintento en 3s...
15:04:31 | WARNING | Falla API Google (Intento 1/3). Reintento en 3s...
15:05:33 | WARNING | Falla API Google (Intento 1/3). Reintento en 3s...
15:06:32 | WARNING | Falla API Google (Intento 1/3). Reintento en 3s...
15:07:34 | WARNING | Falla API Google (Intento 1/3). Reintento en 3s...
15:08:34 | WARNING | Falla API Google (Intento 1/3). Reintento en 3s...
15:09:34 | WARNING | Falla API Google (Intento 1/3). Reintento en 3s...
15:10:32 | WARNING | Falla API Google (Intento 1/3). Reintento en 3s...
15:11:33 | WARNING | Falla API Google (Intento 1/3). Reintento en 3s...
15:12:35 | WARNING | Falla API Google (Intento 1/3). Reintento en 3s...
15:14:35 | WARNING | Falla API Google (Intento 1/3). Reintento en 3s...
15:15:35 | WARNING | Falla API Google (Intento 1/3). Reintento en 3s...
15:16:32 | WARNING | Falla API Google (Intento 1/3). Reintento en 3s...
15:17:31 | WARNING | Falla API Google (Intento 1/3). Reintento en 3s...
15:18:32 | WARNING | Falla API Google (Intento 1/3). Reintento en 3s...
15:20:32 | WARNING | Falla API Google (Intento 1/3). Reintento en 3s...
15:21:34 | WARNING | Falla API Google (Intento 1/3). Reintento en 3s...
15:22:33 | WARNING | Falla API Google (Intento 1/3). Reintento en 3s...
15:23:32 | WARNING | Falla API Google (Intento 1/3). Reintento en 3s...
15:24:34 | WARNING | Falla API Google (Intento 1/3). Reintento en 3s...
15:25:33 | WARNING | Falla API Google (Intento 1/3). Reintento en 3s...
15:26:34 | WARNING | Falla API Google (Intento 1/3). Reintento en 3s...
15:27:34 | WARNING | Falla API Google (Intento 1/3). Reintento en 3s...
15:28:30 | WARNING | Falla API Google (Intento 1/3). Reintento en 3s...
15:29:32 | WARNING | Falla API Google (Intento 1/3). Reintento en 3s...
15:31:34 | WARNING | Falla API Google (Intento 1/3). Reintento en 3s...
15:32:31 | WARNING | Falla API Google (Intento 1/3). Reintento en 3s...
15:33:33 | WARNING | Falla API Google (Intento 1/3). Reintento en 3s...
15:34:34 | WARNING | Falla API Google (Intento 1/3). Reintento en 3s...
15:35:35 | WARNING | Falla API Google (Intento 1/3). Reintento en 3s...
15:36:34 | WARNING | Falla API Google (Intento 1/3). Reintento en 3s...
15:37:34 | WARNING | Falla API Google (Intento 1/3). Reintento en 3s...
15:38:32 | WARNING | Falla API Google (Intento 1/3). Reintento en 3s...
15:39:31 | WARNING | Falla API Google (Intento 1/3). Reintento en 3s...
15:40:34 | WARNING | Falla API Google (Intento 1/3). Reintento en 3s...
15:41:34 | WARNING | Falla API Google (Intento 1/3). Reintento en 3s...
15:42:33 | WARNING | Falla API Google (Intento 1/3). Reintento en 3s...
15:43:36 | WARNING | Falla API Google (Intento 1/3). Reintento en 3s...
15:44:32 | WARNING | Falla API Google (Intento 1/3). Reintento en 3s...
15:45:32 | WARNING | Falla API Google (Intento 1/3). Reintento en 3s...
15:46:31 | WARNING | Falla API Google (Intento 1/3). Reintento en 3s...
15:47:32 | WARNING | Falla API Google (Intento 1/3). Reintento en 3s...
15:49:31 | WARNING | Falla API Google (Intento 1/3). Reintento en 3s...
15:50:33 | WARNING | Falla API Google (Intento 1/3). Reintento en 3s...
15:51:33 | WARNING | Falla API Google (Intento 1/3). Reintento en 3s...
15:52:34 | WARNING | Falla API Google (Intento 1/3). Reintento en 3s...
15:53:30 | WARNING | Falla API Google (Intento 1/3). Reintento en 3s...
15:54:34 | WARNING | Falla API Google (Intento 1/3). Reintento en 3s...
15:56:32 | WARNING | Falla API Google (Intento 1/3). Reintento en 3s...
15:57:31 | WARNING | Falla API Google (Intento 1/3). Reintento en 3s...
15:59:30 | WARNING | Falla API Google (Intento 1/3). Reintento en 3s...
16:00:32 | WARNING | Falla API Google (Intento 1/3). Reintento en 3s...
16:01:34 | WARNING | Falla API Google (Intento 1/3). Reintento en 3s...
16:02:36 | WARNING | Falla API Google (Intento 1/3). Reintento en 3s...
16:03:35 | WARNING | Falla API Google (Intento 1/3). Reintento en 3s...
16:05:35 | WARNING | Falla API Google (Intento 1/3). Reintento en 3s...
16:07:31 | WARNING | Falla API Google (Intento 1/3). Reintento en 3s...
16:08:32 | WARNING | Falla API Google (Intento 1/3). Reintento en 3s...
16:09:29 | WARNING | Falla API Google (Intento 1/3). Reintento en 3s...
16:10:30 | WARNING | Falla API Google (Intento 1/3). Reintento en 3s...
16:11:32 | WARNING | Falla API Google (Intento 1/3). Reintento en 3s...
16:12:36 | WARNING | Falla API Google (Intento 1/3). Reintento en 3s...
16:13:33 | WARNING | Falla API Google (Intento 1/3). Reintento en 3s...
16:14:34 | WARNING | Falla API Google (Intento 1/3). Reintento en 3s...
16:15:32 | WARNING | Falla API Google (Intento 1/3). Reintento en 3s...
16:16:34 | WARNING | Falla API Google (Intento 1/3). Reintento en 3s...
16:17:31 | WARNING | Falla API Google (Intento 1/3). Reintento en 3s...
16:18:32 | WARNING | Falla API Google (Intento 1/3). Reintento en 3s...
16:19:33 | WARNING | Falla API Google (Intento 1/3). Reintento en 3s...
16:20:33 | WARNING | Falla API Google (Intento 1/3). Reintento en 3s...
16:21:32 | WARNING | Falla API Google (Intento 1/3). Reintento en 3s...
16:22:33 | WARNING | Falla API Google (Intento 1/3). Reintento en 3s...
16:23:35 | WARNING | Falla API Google (Intento 1/3). Reintento en 3s...
16:24:32 | WARNING | Falla API Google (Intento 1/3). Reintento en 3s...
16:25:36 | WARNING | Falla API Google (Intento 1/3). Reintento en 3s...
16:26:30 | WARNING | Falla API Google (Intento 1/3). Reintento en 3s...
16:27:32 | WARNING | Falla API Google (Intento 1/3). Reintento en 3s...
16:28:33 | WARNING | Falla API Google (Intento 1/3). Reintento en 3s...
16:29:32 | WARNING | Falla API Google (Intento 1/3). Reintento en 3s...
16:31:33 | WARNING | Falla API Google (Intento 1/3). Reintento en 3s...
16:32:32 | WARNING | Falla API Google (Intento 1/3). Reintento en 3s...
16:33:32 | WARNING | Falla API Google (Intento 1/3). Reintento en 3s...
16:34:34 | WARNING | Falla API Google (Intento 1/3). Reintento en 3s...
16:35:31 | WARNING | Falla API Google (Intento 1/3). Reintento en 3s...
16:36:32 | WARNING | Falla API Google (Intento 1/3). Reintento en 3s...
16:37:34 | WARNING | Falla API Google (Intento 1/3). Reintento en 3s...
16:38:35 | WARNING | Falla API Google (Intento 1/3). Reintento en 3s...
16:39:34 | WARNING | Falla API Google (Intento 1/3). Reintento en 3s...
16:40:33 | WARNING | Falla API Google (Intento 1/3). Reintento en 3s...
16:41:34 | WARNING | Falla API Google (Intento 1/3). Reintento en 3s...
16:42:32 | WARNING | Falla API Google (Intento 1/3). Reintento en 3s...
16:43:32 | WARNING | Falla API Google (Intento 1/3). Reintento en 3s...
16:44:34 | WARNING | Falla API Google (Intento 1/3). Reintento en 3s...
16:45:30 | WARNING | Falla API Google (Intento 1/3). Reintento en 3s...
16:46:36 | WARNING | Falla API Google (Intento 1/3). Reintento en 3s...
16:47:31 | WARNING | Falla API Google (Intento 1/3). Reintento en 3s...
16:48:30 | WARNING | Falla API Google (Intento 1/3). Reintento en 3s...
16:49:32 | WARNING | Falla API Google (Intento 1/3). Reintento en 3s...
16:50:31 | WARNING | Falla API Google (Intento 1/3). Reintento en 3s...
16:52:30 | WARNING | Falla API Google (Intento 1/3). Reintento en 3s...
16:53:31 | WARNING | Falla API Google (Intento 1/3). Reintento en 3s...
16:54:32 | WARNING | Falla API Google (Intento 1/3). Reintento en 3s...
16:55:35 | WARNING | Falla API Google (Intento 1/3). Reintento en 3s...
16:56:34 | WARNING | Falla API Google (Intento 1/3). Reintento en 3s...
16:57:32 | WARNING | Falla API Google (Intento 1/3). Reintento en 3s...
16:58:29 | WARNING | Falla API Google (Intento 1/3). Reintento en 3s...
16:59:31 | WARNING | Falla API Google (Intento 1/3). Reintento en 3s...
17:00:57 | WARNING | ¡ALERTA! Conexión caída o congelada. Reiniciando sistema YA...
17:00:59 | INFO | MarketManager iniciado con 7 activos (MODO ESTÁTICO).
17:01:03 | INFO | Sistema Operativo - Monitoreando lista estatica
17:01:51 | WARNING | ¡ALERTA! Conexión caída o congelada. Reiniciando sistema YA...
17:01:51 | INFO | MarketManager iniciado con 7 activos (MODO ESTÁTICO).
17:01:55 | INFO | Sistema Operativo - Monitoreando lista estatica
17:02:27 | WARNING | ¡ALERTA! Conexión caída o congelada. Reiniciando sistema YA...
17:02:28 | INFO | MarketManager iniciado con 7 activos (MODO ESTÁTICO).
17:02:32 | INFO | Sistema Operativo - Monitoreando lista estatica
17:03:03 | WARNING | ¡ALERTA! Conexión caída o congelada. Reiniciando sistema YA...
17:03:05 | INFO | MarketManager iniciado con 7 activos (MODO ESTÁTICO).
17:03:08 | INFO | Sistema Operativo - Monitoreando lista estatica
17:03:39 | WARNING | ¡ALERTA! Conexión caída o congelada. Reiniciando sistema YA...
17:03:41 | INFO | MarketManager iniciado con 7 activos (MODO ESTÁTICO).
17:03:45 | INFO | Sistema Operativo - Monitoreando lista estatica
17:04:16 | WARNING | ¡ALERTA! Conexión caída o congelada. Reiniciando sistema YA...
17:04:17 | INFO | MarketManager iniciado con 7 activos (MODO ESTÁTICO).
17:04:21 | INFO | Sistema Operativo - Monitoreando lista estatica
17:05:02 | WARNING | ¡ALERTA! Conexión caída o congelada. Reiniciando sistema YA...
17:05:04 | INFO | MarketManager iniciado con 7 activos (MODO ESTÁTICO).
17:05:08 | INFO | Sistema Operativo - Monitoreando lista estatica
17:05:39 | WARNING | ¡ALERTA! Conexión caída o congelada. Reiniciando sistema YA...
17:05:40 | INFO | MarketManager iniciado con 7 activos (MODO ESTÁTICO).
17:05:44 | INFO | Sistema Operativo - Monitoreando lista estatica
17:06:15 | WARNING | ¡ALERTA! Conexión caída o congelada. Reiniciando sistema YA...
17:06:17 | INFO | MarketManager iniciado con 7 activos (MODO ESTÁTICO).
17:06:21 | INFO | Sistema Operativo - Monitoreando lista estatica
17:06:52 | WARNING | ¡ALERTA! Conexión caída o congelada. Reiniciando sistema YA...
17:06:54 | INFO | MarketManager iniciado con 7 activos (MODO ESTÁTICO).
17:06:58 | INFO | Sistema Operativo - Monitoreando lista estatica
17:07:30 | WARNING | ¡ALERTA! Conexión caída o congelada. Reiniciando sistema YA...
17:07:30 | INFO | MarketManager iniciado con 7 activos (MODO ESTÁTICO).
17:07:34 | INFO | Sistema Operativo - Monitoreando lista estatica
17:08:05 | WARNING | ¡ALERTA! Conexión caída o congelada. Reiniciando sistema YA...
17:08:07 | INFO | MarketManager iniciado con 7 activos (MODO ESTÁTICO).
17:08:11 | INFO | Sistema Operativo - Monitoreando lista estatica
17:08:43 | WARNING | ¡ALERTA! Conexión caída o congelada. Reiniciando sistema YA...
17:08:43 | INFO | MarketManager iniciado con 7 activos (MODO ESTÁTICO).
17:08:47 | INFO | Sistema Operativo - Monitoreando lista estatica
17:09:19 | WARNING | ¡ALERTA! Conexión caída o congelada. Reiniciando sistema YA...
17:09:20 | INFO | MarketManager iniciado con 7 activos (MODO ESTÁTICO).
17:09:25 | INFO | Sistema Operativo - Monitoreando lista estatica
17:09:56 | WARNING | ¡ALERTA! Conexión caída o congelada. Reiniciando sistema YA...
17:09:58 | INFO | MarketManager iniciado con 7 activos (MODO ESTÁTICO).
17:10:01 | INFO | Sistema Operativo - Monitoreando lista estatica
17:10:32 | WARNING | ¡ALERTA! Conexión caída o congelada. Reiniciando sistema YA...
17:10:34 | INFO | MarketManager iniciado con 7 activos (MODO ESTÁTICO).
17:10:38 | INFO | Sistema Operativo - Monitoreando lista estatica
17:11:10 | WARNING | ¡ALERTA! Conexión caída o congelada. Reiniciando sistema YA...
17:11:11 | INFO | MarketManager iniciado con 7 activos (MODO ESTÁTICO).
17:11:15 | INFO | Sistema Operativo - Monitoreando lista estatica
17:11:46 | WARNING | ¡ALERTA! Conexión caída o congelada. Reiniciando sistema YA...
17:11:48 | INFO | MarketManager iniciado con 7 activos (MODO ESTÁTICO).
17:11:52 | INFO | Sistema Operativo - Monitoreando lista estatica
17:11:54 | INFO | Detencion manual detectada. Cerrando procesos...
17:11:54 | INFO | WebSocket desconectado. Bot fuera de linea.
10:07:13 | INFO | MarketManager iniciado con 7 activos (MODO ESTÁTICO).
10:07:17 | INFO | Sistema Operativo - Monitoreando lista estatica
10:07:48 | WARNING | ¡ALERTA! Conexión caída o congelada. Reiniciando sistema YA...
10:07:50 | INFO | MarketManager iniciado con 7 activos (MODO ESTÁTICO).
10:07:55 | INFO | Sistema Operativo - Monitoreando lista estatica
10:08:26 | WARNING | ¡ALERTA! Conexión caída o congelada. Reiniciando sistema YA...
10:08:28 | INFO | MarketManager iniciado con 7 activos (MODO ESTÁTICO).
10:08:32 | INFO | Sistema Operativo - Monitoreando lista estatica
10:09:04 | WARNING | ¡ALERTA! Conexión caída o congelada. Reiniciando sistema YA...
10:09:06 | INFO | MarketManager iniciado con 7 activos (MODO ESTÁTICO).
10:09:09 | INFO | Sistema Operativo - Monitoreando lista estatica
10:09:18 | WARNING | Falla API Google (Intento 1/3). Reintento en 3s...
10:09:40 | WARNING | ¡ALERTA! Conexión caída o congelada. Reiniciando sistema YA...
10:09:40 | INFO | MarketManager iniciado con 7 activos (MODO ESTÁTICO).
10:09:45 | INFO | Sistema Operativo - Monitoreando lista estatica
10:10:17 | WARNING | ¡ALERTA! Conexión caída o congelada. Reiniciando sistema YA...
10:10:17 | INFO | MarketManager iniciado con 7 activos (MODO ESTÁTICO).
10:10:21 | INFO | Sistema Operativo - Monitoreando lista estatica
10:10:53 | WARNING | ¡ALERTA! Conexión caída o congelada. Reiniciando sistema YA...
10:10:55 | INFO | MarketManager iniciado con 7 activos (MODO ESTÁTICO).
10:10:59 | INFO | Sistema Operativo - Monitoreando lista estatica
10:11:31 | WARNING | ¡ALERTA! Conexión caída o congelada. Reiniciando sistema YA...
10:11:32 | INFO | MarketManager iniciado con 7 activos (MODO ESTÁTICO).
10:11:36 | INFO | Sistema Operativo - Monitoreando lista estatica
10:12:08 | WARNING | ¡ALERTA! Conexión caída o congelada. Reiniciando sistema YA...
10:12:09 | INFO | MarketManager iniciado con 7 activos (MODO ESTÁTICO).
10:12:13 | INFO | Sistema Operativo - Monitoreando lista estatica
10:12:18 | WARNING | Falla API Google (Intento 1/3). Reintento en 3s...
10:12:43 | WARNING | ¡ALERTA! Conexión caída o congelada. Reiniciando sistema YA...
10:12:45 | INFO | MarketManager iniciado con 7 activos (MODO ESTÁTICO).
10:12:49 | INFO | Sistema Operativo - Monitoreando lista estatica
10:13:20 | WARNING | ¡ALERTA! Conexión caída o congelada. Reiniciando sistema YA...
10:13:22 | INFO | MarketManager iniciado con 7 activos (MODO ESTÁTICO).
10:13:27 | INFO | Sistema Operativo - Monitoreando lista estatica
10:13:58 | WARNING | ¡ALERTA! Conexión caída o congelada. Reiniciando sistema YA...
10:14:00 | INFO | MarketManager iniciado con 7 activos (MODO ESTÁTICO).
10:14:05 | INFO | Sistema Operativo - Monitoreando lista estatica
10:14:37 | WARNING | ¡ALERTA! Conexión caída o congelada. Reiniciando sistema YA...
10:14:39 | INFO | MarketManager iniciado con 7 activos (MODO ESTÁTICO).
10:14:43 | INFO | Sistema Operativo - Monitoreando lista estatica
10:15:15 | WARNING | ¡ALERTA! Conexión caída o congelada. Reiniciando sistema YA...
10:15:16 | INFO | MarketManager iniciado con 7 activos (MODO ESTÁTICO).
10:15:20 | INFO | Sistema Operativo - Monitoreando lista estatica
10:15:52 | WARNING | ¡ALERTA! Conexión caída o congelada. Reiniciando sistema YA...
10:15:53 | INFO | MarketManager iniciado con 7 activos (MODO ESTÁTICO).
10:15:57 | INFO | Sistema Operativo - Monitoreando lista estatica
10:16:29 | WARNING | ¡ALERTA! Conexión caída o congelada. Reiniciando sistema YA...
10:16:30 | INFO | MarketManager iniciado con 7 activos (MODO ESTÁTICO).
10:16:35 | INFO | Sistema Operativo - Monitoreando lista estatica
10:17:06 | WARNING | ¡ALERTA! Conexión caída o congelada. Reiniciando sistema YA...
10:17:07 | INFO | MarketManager iniciado con 7 activos (MODO ESTÁTICO).
10:17:11 | INFO | Sistema Operativo - Monitoreando lista estatica
10:17:43 | WARNING | ¡ALERTA! Conexión caída o congelada. Reiniciando sistema YA...
10:17:45 | INFO | MarketManager iniciado con 7 activos (MODO ESTÁTICO).
10:17:49 | INFO | Sistema Operativo - Monitoreando lista estatica
10:18:17 | WARNING | Falla API Google (Intento 1/3). Reintento en 3s...
10:18:24 | WARNING | ¡ALERTA! Conexión caída o congelada. Reiniciando sistema YA...
10:18:26 | INFO | MarketManager iniciado con 7 activos (MODO ESTÁTICO).
10:18:30 | INFO | Sistema Operativo - Monitoreando lista estatica
10:19:02 | WARNING | ¡ALERTA! Conexión caída o congelada. Reiniciando sistema YA...
10:19:03 | INFO | MarketManager iniciado con 7 activos (MODO ESTÁTICO).
10:19:08 | INFO | Sistema Operativo - Monitoreando lista estatica
10:19:40 | WARNING | ¡ALERTA! Conexión caída o congelada. Reiniciando sistema YA...
10:19:42 | INFO | MarketManager iniciado con 7 activos (MODO ESTÁTICO).
10:19:46 | INFO | Sistema Operativo - Monitoreando lista estatica
10:20:16 | WARNING | Falla API Google (Intento 1/3). Reintento en 3s...
10:20:23 | WARNING | ¡ALERTA! Conexión caída o congelada. Reiniciando sistema YA...
10:20:25 | INFO | MarketManager iniciado con 7 activos (MODO ESTÁTICO).
10:20:30 | INFO | Sistema Operativo - Monitoreando lista estatica
10:21:01 | WARNING | ¡ALERTA! Conexión caída o congelada. Reiniciando sistema YA...
10:21:02 | INFO | MarketManager iniciado con 7 activos (MODO ESTÁTICO).
10:21:07 | INFO | Sistema Operativo - Monitoreando lista estatica
10:21:38 | WARNING | ¡ALERTA! Conexión caída o congelada. Reiniciando sistema YA...
10:21:39 | INFO | MarketManager iniciado con 7 activos (MODO ESTÁTICO).
10:21:43 | INFO | Sistema Operativo - Monitoreando lista estatica
10:22:14 | WARNING | ¡ALERTA! Conexión caída o congelada. Reiniciando sistema YA...
10:22:16 | INFO | MarketManager iniciado con 7 activos (MODO ESTÁTICO).
10:22:21 | INFO | Sistema Operativo - Monitoreando lista estatica
10:22:52 | WARNING | ¡ALERTA! Conexión caída o congelada. Reiniciando sistema YA...
10:22:53 | INFO | MarketManager iniciado con 7 activos (MODO ESTÁTICO).
10:22:57 | INFO | Sistema Operativo - Monitoreando lista estatica
10:23:29 | WARNING | ¡ALERTA! Conexión caída o congelada. Reiniciando sistema YA...
10:23:30 | INFO | MarketManager iniciado con 7 activos (MODO ESTÁTICO).
10:23:34 | INFO | Sistema Operativo - Monitoreando lista estatica
10:24:05 | WARNING | ¡ALERTA! Conexión caída o congelada. Reiniciando sistema YA...
10:24:07 | INFO | MarketManager iniciado con 7 activos (MODO ESTÁTICO).
10:24:11 | INFO | Sistema Operativo - Monitoreando lista estatica
10:24:43 | WARNING | ¡ALERTA! Conexión caída o congelada. Reiniciando sistema YA...
10:24:44 | INFO | MarketManager iniciado con 7 activos (MODO ESTÁTICO).
10:24:48 | INFO | Sistema Operativo - Monitoreando lista estatica
10:25:15 | WARNING | Falla API Google (Intento 1/3). Reintento en 3s...
10:25:22 | WARNING | ¡ALERTA! Conexión caída o congelada. Reiniciando sistema YA...
10:25:24 | INFO | MarketManager iniciado con 7 activos (MODO ESTÁTICO).
10:25:28 | INFO | Sistema Operativo - Monitoreando lista estatica
10:26:02 | WARNING | ¡ALERTA! Conexión caída o congelada. Reiniciando sistema YA...
10:26:03 | INFO | MarketManager iniciado con 7 activos (MODO ESTÁTICO).
10:26:08 | INFO | Sistema Operativo - Monitoreando lista estatica
10:26:46 | WARNING | ¡ALERTA! Conexión caída o congelada. Reiniciando sistema YA...
10:26:48 | INFO | MarketManager iniciado con 7 activos (MODO ESTÁTICO).
10:26:52 | INFO | Sistema Operativo - Monitoreando lista estatica
10:27:17 | WARNING | Falla API Google (Intento 1/3). Reintento en 3s...
10:27:47 | WARNING | ¡ALERTA! Conexión caída o congelada. Reiniciando sistema YA...
10:27:48 | INFO | MarketManager iniciado con 7 activos (MODO ESTÁTICO).
10:27:51 | INFO | Sistema Operativo - Monitoreando lista estatica
10:28:18 | WARNING | Falla API Google (Intento 1/3). Reintento en 3s...
10:28:25 | WARNING | ¡ALERTA! Conexión caída o congelada. Reiniciando sistema YA...
10:28:27 | INFO | MarketManager iniciado con 7 activos (MODO ESTÁTICO).
10:28:31 | INFO | Sistema Operativo - Monitoreando lista estatica
10:30:15 | WARNING | Falla API Google (Intento 1/3). Reintento en 3s...
10:31:16 | WARNING | Falla API Google (Intento 1/3). Reintento en 3s...
10:32:18 | WARNING | Falla API Google (Intento 1/3). Reintento en 3s...
10:33:15 | WARNING | Falla API Google (Intento 1/3). Reintento en 3s...
10:34:16 | WARNING | Falla API Google (Intento 1/3). Reintento en 3s...
10:35:18 | WARNING | Falla API Google (Intento 1/3). Reintento en 3s...
10:36:17 | WARNING | Falla API Google (Intento 1/3). Reintento en 3s...
10:37:14 | WARNING | Falla API Google (Intento 1/3). Reintento en 3s...
10:38:17 | WARNING | Falla API Google (Intento 1/3). Reintento en 3s...
10:39:16 | WARNING | Falla API Google (Intento 1/3). Reintento en 3s...
10:40:16 | WARNING | Falla API Google (Intento 1/3). Reintento en 3s...
10:44:13 | WARNING | Falla API Google (Intento 1/3). Reintento en 3s...
10:45:15 | WARNING | Falla API Google (Intento 1/3). Reintento en 3s...
10:46:17 | WARNING | Falla API Google (Intento 1/3). Reintento en 3s...
10:47:17 | WARNING | Falla API Google (Intento 1/3). Reintento en 3s...
10:48:16 | WARNING | Falla API Google (Intento 1/3). Reintento en 3s...
10:49:18 | WARNING | Falla API Google (Intento 1/3). Reintento en 3s...
10:50:18 | WARNING | Falla API Google (Intento 1/3). Reintento en 3s...
10:52:13 | WARNING | Falla API Google (Intento 1/3). Reintento en 3s...
10:54:14 | WARNING | Falla API Google (Intento 1/3). Reintento en 3s...
10:56:16 | WARNING | Falla API Google (Intento 1/3). Reintento en 3s...
10:58:17 | WARNING | Falla API Google (Intento 1/3). Reintento en 3s...
10:59:17 | WARNING | Falla API Google (Intento 1/3). Reintento en 3s...
11:01:15 | WARNING | Falla API Google (Intento 1/3). Reintento en 3s...
11:02:16 | WARNING | Falla API Google (Intento 1/3). Reintento en 3s...
11:03:17 | WARNING | Falla API Google (Intento 1/3). Reintento en 3s...
11:04:16 | WARNING | Falla API Google (Intento 1/3). Reintento en 3s...
11:05:17 | WARNING | Falla API Google (Intento 1/3). Reintento en 3s...
11:06:14 | WARNING | Falla API Google (Intento 1/3). Reintento en 3s...
11:07:16 | WARNING | Falla API Google (Intento 1/3). Reintento en 3s...
11:08:18 | WARNING | Falla API Google (Intento 1/3). Reintento en 3s...
11:09:15 | WARNING | Falla API Google (Intento 1/3). Reintento en 3s...
11:10:14 | WARNING | Falla API Google (Intento 1/3). Reintento en 3s...
11:11:14 | WARNING | Falla API Google (Intento 1/3). Reintento en 3s...
11:13:09 | WARNING | Falla API Google (Intento 1/3). Reintento en 3s...
11:13:15 | WARNING | Falla API Google (Intento 2/3). Reintento en 6s...
11:14:17 | WARNING | Falla API Google (Intento 1/3). Reintento en 3s...
11:15:14 | WARNING | Falla API Google (Intento 1/3). Reintento en 3s...
11:16:16 | WARNING | Falla API Google (Intento 1/3). Reintento en 3s...
11:17:18 | WARNING | Falla API Google (Intento 1/3). Reintento en 3s...
11:18:16 | WARNING | Falla API Google (Intento 1/3). Reintento en 3s...
11:19:17 | WARNING | Falla API Google (Intento 1/3). Reintento en 3s...
11:20:17 | WARNING | Falla API Google (Intento 1/3). Reintento en 3s...
11:21:16 | WARNING | Falla API Google (Intento 1/3). Reintento en 3s...
11:22:16 | WARNING | Falla API Google (Intento 1/3). Reintento en 3s...
11:23:18 | WARNING | Falla API Google (Intento 1/3). Reintento en 3s...
11:24:17 | WARNING | Falla API Google (Intento 1/3). Reintento en 3s...
11:25:14 | WARNING | Falla API Google (Intento 1/3). Reintento en 3s...
11:26:16 | WARNING | Falla API Google (Intento 1/3). Reintento en 3s...
11:28:14 | WARNING | Falla API Google (Intento 1/3). Reintento en 3s...
11:29:16 | WARNING | Falla API Google (Intento 1/3). Reintento en 3s...
11:30:18 | WARNING | Falla API Google (Intento 1/3). Reintento en 3s...
11:31:18 | WARNING | Falla API Google (Intento 1/3). Reintento en 3s...
11:32:18 | WARNING | Falla API Google (Intento 1/3). Reintento en 3s...
11:33:15 | WARNING | Falla API Google (Intento 1/3). Reintento en 3s...
11:34:17 | WARNING | Falla API Google (Intento 1/3). Reintento en 3s...
11:35:15 | WARNING | Falla API Google (Intento 1/3). Reintento en 3s...
11:36:17 | WARNING | Falla API Google (Intento 1/3). Reintento en 3s...
11:37:17 | WARNING | Falla API Google (Intento 1/3). Reintento en 3s...
11:38:18 | WARNING | Falla API Google (Intento 1/3). Reintento en 3s...
11:39:16 | WARNING | Falla API Google (Intento 1/3). Reintento en 3s...
11:40:18 | WARNING | Falla API Google (Intento 1/3). Reintento en 3s...
11:41:15 | WARNING | Falla API Google (Intento 1/3). Reintento en 3s...
11:42:17 | WARNING | Falla API Google (Intento 1/3). Reintento en 3s...
11:44:16 | WARNING | Falla API Google (Intento 1/3). Reintento en 3s...
11:46:16 | WARNING | Falla API Google (Intento 1/3). Reintento en 3s...
11:47:17 | WARNING | Falla API Google (Intento 1/3). Reintento en 3s...
11:48:19 | WARNING | Falla API Google (Intento 1/3). Reintento en 3s...
11:49:16 | WARNING | Falla API Google (Intento 1/3). Reintento en 3s...
11:50:17 | WARNING | Falla API Google (Intento 1/3). Reintento en 3s...
11:52:18 | WARNING | Falla API Google (Intento 1/3). Reintento en 3s...
11:53:17 | WARNING | Falla API Google (Intento 1/3). Reintento en 3s...
11:54:16 | WARNING | Falla API Google (Intento 1/3). Reintento en 3s...
11:55:17 | WARNING | Falla API Google (Intento 1/3). Reintento en 3s...
11:56:14 | WARNING | Falla API Google (Intento 1/3). Reintento en 3s...
11:58:14 | WARNING | Falla API Google (Intento 1/3). Reintento en 3s...
11:59:17 | WARNING | Falla API Google (Intento 1/3). Reintento en 3s...
12:00:19 | WARNING | Falla API Google (Intento 1/3). Reintento en 3s...
12:01:14 | WARNING | Falla API Google (Intento 1/3). Reintento en 3s...
12:02:18 | WARNING | Falla API Google (Intento 1/3). Reintento en 3s...
12:03:18 | WARNING | Falla API Google (Intento 1/3). Reintento en 3s...
12:04:17 | WARNING | Falla API Google (Intento 1/3). Reintento en 3s...
12:05:17 | WARNING | Falla API Google (Intento 1/3). Reintento en 3s...
12:06:16 | WARNING | Falla API Google (Intento 1/3). Reintento en 3s...
12:07:16 | WARNING | Falla API Google (Intento 1/3). Reintento en 3s...
12:10:11 | WARNING | Falla API Google (Intento 1/3). Reintento en 3s...
12:10:16 | WARNING | Falla API Google (Intento 2/3). Reintento en 6s...
12:11:19 | WARNING | Falla API Google (Intento 1/3). Reintento en 3s...
12:12:15 | WARNING | Falla API Google (Intento 1/3). Reintento en 3s...
12:13:16 | WARNING | Falla API Google (Intento 1/3). Reintento en 3s...
12:14:18 | WARNING | Falla API Google (Intento 1/3). Reintento en 3s...
12:15:17 | WARNING | Falla API Google (Intento 1/3). Reintento en 3s...
12:16:14 | WARNING | Falla API Google (Intento 1/3). Reintento en 3s...
12:17:19 | WARNING | Falla API Google (Intento 1/3). Reintento en 3s...
12:18:16 | WARNING | Falla API Google (Intento 1/3). Reintento en 3s...
12:19:16 | WARNING | Falla API Google (Intento 1/3). Reintento en 3s...
12:21:15 | WARNING | Falla API Google (Intento 1/3). Reintento en 3s...
12:22:14 | WARNING | Falla API Google (Intento 1/3). Reintento en 3s...
12:23:14 | WARNING | Falla API Google (Intento 1/3). Reintento en 3s...
12:24:16 | WARNING | Falla API Google (Intento 1/3). Reintento en 3s...
12:25:17 | WARNING | Falla API Google (Intento 1/3). Reintento en 3s...
12:26:18 | WARNING | Falla API Google (Intento 1/3). Reintento en 3s...
12:27:15 | WARNING | Falla API Google (Intento 1/3). Reintento en 3s...
12:29:13 | WARNING | Falla API Google (Intento 1/3). Reintento en 3s...
12:30:14 | WARNING | Falla API Google (Intento 1/3). Reintento en 3s...
12:31:16 | WARNING | Falla API Google (Intento 1/3). Reintento en 3s...
12:32:17 | WARNING | Falla API Google (Intento 1/3). Reintento en 3s...
12:33:14 | WARNING | Falla API Google (Intento 1/3). Reintento en 3s...
12:34:13 | WARNING | Falla API Google (Intento 1/3). Reintento en 3s...
12:35:17 | WARNING | Falla API Google (Intento 1/3). Reintento en 3s...
12:36:18 | WARNING | Falla API Google (Intento 1/3). Reintento en 3s...
12:37:15 | WARNING | Falla API Google (Intento 1/3). Reintento en 3s...
12:38:17 | WARNING | Falla API Google (Intento 1/3). Reintento en 3s...
12:39:16 | WARNING | Falla API Google (Intento 1/3). Reintento en 3s...
12:40:16 | WARNING | Falla API Google (Intento 1/3). Reintento en 3s...
12:41:15 | WARNING | Falla API Google (Intento 1/3). Reintento en 3s...
12:42:18 | WARNING | Falla API Google (Intento 1/3). Reintento en 3s...
12:43:17 | WARNING | Falla API Google (Intento 1/3). Reintento en 3s...
12:44:18 | WARNING | Falla API Google (Intento 1/3). Reintento en 3s...
12:45:15 | WARNING | Falla API Google (Intento 1/3). Reintento en 3s...
12:46:19 | WARNING | Falla API Google (Intento 1/3). Reintento en 3s...
12:47:18 | WARNING | Falla API Google (Intento 1/3). Reintento en 3s...
12:48:15 | WARNING | Falla API Google (Intento 1/3). Reintento en 3s...
12:49:16 | WARNING | Falla API Google (Intento 1/3). Reintento en 3s...
12:50:15 | WARNING | Falla API Google (Intento 1/3). Reintento en 3s...
12:51:14 | WARNING | Falla API Google (Intento 1/3). Reintento en 3s...
12:52:16 | WARNING | Falla API Google (Intento 1/3). Reintento en 3s...
12:53:15 | WARNING | Falla API Google (Intento 1/3). Reintento en 3s...
12:54:17 | WARNING | Falla API Google (Intento 1/3). Reintento en 3s...
12:55:16 | WARNING | Falla API Google (Intento 1/3). Reintento en 3s...
12:56:18 | WARNING | Falla API Google (Intento 1/3). Reintento en 3s...
12:57:13 | WARNING | Falla API Google (Intento 1/3). Reintento en 3s...
12:58:17 | WARNING | Falla API Google (Intento 1/3). Reintento en 3s...
12:59:14 | WARNING | Falla API Google (Intento 1/3). Reintento en 3s...
13:00:16 | WARNING | Falla API Google (Intento 1/3). Reintento en 3s...
13:01:13 | WARNING | Falla API Google (Intento 1/3). Reintento en 3s...
13:02:15 | WARNING | Falla API Google (Intento 1/3). Reintento en 3s...
13:03:17 | WARNING | Falla API Google (Intento 1/3). Reintento en 3s...
13:04:16 | WARNING | Falla API Google (Intento 1/3). Reintento en 3s...
13:05:18 | WARNING | Falla API Google (Intento 1/3). Reintento en 3s...
13:06:14 | WARNING | Falla API Google (Intento 1/3). Reintento en 3s...
13:07:14 | WARNING | Falla API Google (Intento 1/3). Reintento en 3s...
13:08:16 | WARNING | Falla API Google (Intento 1/3). Reintento en 3s...
13:09:17 | WARNING | Falla API Google (Intento 1/3). Reintento en 3s...
13:10:12 | WARNING | Falla API Google (Intento 1/3). Reintento en 3s...
13:11:16 | WARNING | Falla API Google (Intento 1/3). Reintento en 3s...
13:12:16 | WARNING | Falla API Google (Intento 1/3). Reintento en 3s...
13:13:18 | WARNING | Falla API Google (Intento 1/3). Reintento en 3s...
13:14:16 | WARNING | Falla API Google (Intento 1/3). Reintento en 3s...
13:15:17 | WARNING | Falla API Google (Intento 1/3). Reintento en 3s...
13:34:19 | WARNING | Falla API Google (Intento 1/3). Reintento en 3s...
13:34:32 | WARNING | ¡ALERTA! Conexión caída o congelada. Reiniciando sistema YA...
13:34:36 | INFO | MarketManager iniciado con 7 activos (MODO ESTÁTICO).
13:34:42 | INFO | Sistema Operativo - Monitoreando lista estatica
13:37:27 | WARNING | Falla API Google (Intento 1/3). Reintento en 3s...
13:38:28 | WARNING | Falla API Google (Intento 1/3). Reintento en 3s...
13:39:28 | WARNING | Falla API Google (Intento 1/3). Reintento en 3s...
13:41:26 | WARNING | Falla API Google (Intento 1/3). Reintento en 3s...
13:42:29 | WARNING | Falla API Google (Intento 1/3). Reintento en 3s...
13:43:29 | WARNING | Falla API Google (Intento 1/3). Reintento en 3s...
13:45:26 | WARNING | Falla API Google (Intento 1/3). Reintento en 3s...
13:46:25 | WARNING | Falla API Google (Intento 1/3). Reintento en 3s...
13:47:29 | WARNING | Falla API Google (Intento 1/3). Reintento en 3s...
13:49:27 | WARNING | Falla API Google (Intento 1/3). Reintento en 3s...
13:50:28 | WARNING | Falla API Google (Intento 1/3). Reintento en 3s...
13:51:30 | WARNING | Falla API Google (Intento 1/3). Reintento en 3s...
13:52:31 | WARNING | Falla API Google (Intento 1/3). Reintento en 3s...
13:53:30 | WARNING | Falla API Google (Intento 1/3). Reintento en 3s...
13:54:29 | WARNING | Falla API Google (Intento 1/3). Reintento en 3s...
13:55:28 | WARNING | Falla API Google (Intento 1/3). Reintento en 3s...
13:56:30 | WARNING | Falla API Google (Intento 1/3). Reintento en 3s...
13:57:25 | WARNING | Falla API Google (Intento 1/3). Reintento en 3s...
13:58:27 | WARNING | Falla API Google (Intento 1/3). Reintento en 3s...
13:59:29 | WARNING | Falla API Google (Intento 1/3). Reintento en 3s...
14:00:28 | WARNING | Falla API Google (Intento 1/3). Reintento en 3s...
14:01:28 | WARNING | Falla API Google (Intento 1/3). Reintento en 3s...
14:02:28 | WARNING | Falla API Google (Intento 1/3). Reintento en 3s...
14:03:29 | WARNING | Falla API Google (Intento 1/3). Reintento en 3s...
14:04:29 | WARNING | Falla API Google (Intento 1/3). Reintento en 3s...
14:05:31 | WARNING | Falla API Google (Intento 1/3). Reintento en 3s...
14:06:28 | WARNING | Falla API Google (Intento 1/3). Reintento en 3s...
14:07:28 | WARNING | Falla API Google (Intento 1/3). Reintento en 3s...
14:08:27 | WARNING | Falla API Google (Intento 1/3). Reintento en 3s...
14:09:29 | WARNING | Falla API Google (Intento 1/3). Reintento en 3s...
14:10:32 | WARNING | Falla API Google (Intento 1/3). Reintento en 3s...
14:11:32 | WARNING | Falla API Google (Intento 1/3). Reintento en 3s...
14:12:29 | WARNING | Falla API Google (Intento 1/3). Reintento en 3s...
14:13:30 | WARNING | Falla API Google (Intento 1/3). Reintento en 3s...
14:14:31 | WARNING | Falla API Google (Intento 1/3). Reintento en 3s...
14:15:28 | WARNING | Falla API Google (Intento 1/3). Reintento en 3s...
14:16:30 | WARNING | Falla API Google (Intento 1/3). Reintento en 3s...
14:17:31 | WARNING | Falla API Google (Intento 1/3). Reintento en 3s...
14:18:30 | WARNING | Falla API Google (Intento 1/3). Reintento en 3s...
14:20:28 | WARNING | Falla API Google (Intento 1/3). Reintento en 3s...
14:21:30 | WARNING | Falla API Google (Intento 1/3). Reintento en 3s...
14:22:29 | WARNING | Falla API Google (Intento 1/3). Reintento en 3s...
14:24:23 | WARNING | Falla API Google (Intento 1/3). Reintento en 3s...
14:24:28 | WARNING | Falla API Google (Intento 2/3). Reintento en 6s...
14:25:30 | WARNING | Falla API Google (Intento 1/3). Reintento en 3s...
14:26:31 | WARNING | Falla API Google (Intento 1/3). Reintento en 3s...
14:27:29 | WARNING | Falla API Google (Intento 1/3). Reintento en 3s...
14:28:28 | WARNING | Falla API Google (Intento 1/3). Reintento en 3s...
14:29:29 | WARNING | Falla API Google (Intento 1/3). Reintento en 3s...
14:30:31 | WARNING | Falla API Google (Intento 1/3). Reintento en 3s...
14:31:28 | WARNING | Falla API Google (Intento 1/3). Reintento en 3s...
14:32:27 | WARNING | Falla API Google (Intento 1/3). Reintento en 3s...
14:33:30 | WARNING | Falla API Google (Intento 1/3). Reintento en 3s...
14:35:27 | WARNING | Falla API Google (Intento 1/3). Reintento en 3s...
14:36:29 | WARNING | Falla API Google (Intento 1/3). Reintento en 3s...
14:37:30 | WARNING | Falla API Google (Intento 1/3). Reintento en 3s...
14:38:31 | WARNING | Falla API Google (Intento 1/3). Reintento en 3s...
14:39:31 | WARNING | Falla API Google (Intento 1/3). Reintento en 3s...
14:40:30 | WARNING | Falla API Google (Intento 1/3). Reintento en 3s...
14:41:29 | WARNING | Falla API Google (Intento 1/3). Reintento en 3s...
14:42:30 | WARNING | Falla API Google (Intento 1/3). Reintento en 3s...
14:43:27 | WARNING | Falla API Google (Intento 1/3). Reintento en 3s...
14:44:29 | WARNING | Falla API Google (Intento 1/3). Reintento en 3s...
14:45:29 | WARNING | Falla API Google (Intento 1/3). Reintento en 3s...
14:46:28 | WARNING | Falla API Google (Intento 1/3). Reintento en 3s...
14:47:29 | WARNING | Falla API Google (Intento 1/3). Reintento en 3s...
14:48:29 | WARNING | Falla API Google (Intento 1/3). Reintento en 3s...
14:49:30 | WARNING | Falla API Google (Intento 1/3). Reintento en 3s...
14:50:30 | WARNING | Falla API Google (Intento 1/3). Reintento en 3s...
14:51:29 | WARNING | Falla API Google (Intento 1/3). Reintento en 3s...
14:52:29 | WARNING | Falla API Google (Intento 1/3). Reintento en 3s...
14:53:31 | WARNING | Falla API Google (Intento 1/3). Reintento en 3s...
14:54:31 | WARNING | Falla API Google (Intento 1/3). Reintento en 3s...
14:55:32 | WARNING | Falla API Google (Intento 1/3). Reintento en 3s...
14:56:29 | WARNING | Falla API Google (Intento 1/3). Reintento en 3s...
14:58:28 | WARNING | Falla API Google (Intento 1/3). Reintento en 3s...
14:59:27 | WARNING | Falla API Google (Intento 1/3). Reintento en 3s...
15:01:27 | WARNING | Falla API Google (Intento 1/3). Reintento en 3s...
15:02:28 | WARNING | Falla API Google (Intento 1/3). Reintento en 3s...
15:03:30 | WARNING | Falla API Google (Intento 1/3). Reintento en 3s...
15:04:32 | WARNING | Falla API Google (Intento 1/3). Reintento en 3s...
15:05:29 | WARNING | Falla API Google (Intento 1/3). Reintento en 3s...
15:06:30 | WARNING | Falla API Google (Intento 1/3). Reintento en 3s...
15:07:30 | WARNING | Falla API Google (Intento 1/3). Reintento en 3s...
15:08:31 | WARNING | Falla API Google (Intento 1/3). Reintento en 3s...
15:09:29 | WARNING | Falla API Google (Intento 1/3). Reintento en 3s...
15:10:28 | WARNING | Falla API Google (Intento 1/3). Reintento en 3s...
15:11:27 | WARNING | Falla API Google (Intento 1/3). Reintento en 3s...
15:12:28 | WARNING | Falla API Google (Intento 1/3). Reintento en 3s...
15:13:30 | WARNING | Falla API Google (Intento 1/3). Reintento en 3s...
15:14:27 | WARNING | Falla API Google (Intento 1/3). Reintento en 3s...
15:15:28 | WARNING | Falla API Google (Intento 1/3). Reintento en 3s...
15:16:29 | WARNING | Falla API Google (Intento 1/3). Reintento en 3s...
15:17:30 | WARNING | Falla API Google (Intento 1/3). Reintento en 3s...
15:18:29 | WARNING | Falla API Google (Intento 1/3). Reintento en 3s...
15:20:29 | WARNING | Falla API Google (Intento 1/3). Reintento en 3s...
15:21:28 | WARNING | Falla API Google (Intento 1/3). Reintento en 3s...
15:22:30 | WARNING | Falla API Google (Intento 1/3). Reintento en 3s...
15:23:27 | WARNING | Falla API Google (Intento 1/3). Reintento en 3s...
15:24:27 | WARNING | Falla API Google (Intento 1/3). Reintento en 3s...
15:25:28 | WARNING | Falla API Google (Intento 1/3). Reintento en 3s...
15:26:31 | WARNING | Falla API Google (Intento 1/3). Reintento en 3s...
15:27:30 | WARNING | Falla API Google (Intento 1/3). Reintento en 3s...
15:28:29 | WARNING | Falla API Google (Intento 1/3). Reintento en 3s...
15:29:30 | WARNING | Falla API Google (Intento 1/3). Reintento en 3s...
15:30:29 | WARNING | Falla API Google (Intento 1/3). Reintento en 3s...
15:31:31 | WARNING | Falla API Google (Intento 1/3). Reintento en 3s...
15:33:28 | WARNING | Falla API Google (Intento 1/3). Reintento en 3s...
15:34:28 | WARNING | Falla API Google (Intento 1/3). Reintento en 3s...
15:35:31 | WARNING | Falla API Google (Intento 1/3). Reintento en 3s...
15:36:31 | WARNING | Falla API Google (Intento 1/3). Reintento en 3s...
15:37:27 | WARNING | Falla API Google (Intento 1/3). Reintento en 3s...
15:38:29 | WARNING | Falla API Google (Intento 1/3). Reintento en 3s...
15:39:30 | WARNING | Falla API Google (Intento 1/3). Reintento en 3s...
15:40:31 | WARNING | Falla API Google (Intento 1/3). Reintento en 3s...
15:41:28 | WARNING | Falla API Google (Intento 1/3). Reintento en 3s...
15:42:30 | WARNING | Falla API Google (Intento 1/3). Reintento en 3s...
15:43:29 | WARNING | Falla API Google (Intento 1/3). Reintento en 3s...
15:44:30 | WARNING | Falla API Google (Intento 1/3). Reintento en 3s...
15:45:28 | WARNING | Falla API Google (Intento 1/3). Reintento en 3s...
15:47:28 | WARNING | Falla API Google (Intento 1/3). Reintento en 3s...
15:48:30 | WARNING | Falla API Google (Intento 1/3). Reintento en 3s...
15:49:27 | WARNING | Falla API Google (Intento 1/3). Reintento en 3s...
15:50:29 | WARNING | Falla API Google (Intento 1/3). Reintento en 3s...
15:52:27 | WARNING | Falla API Google (Intento 1/3). Reintento en 3s...
15:53:28 | WARNING | Falla API Google (Intento 1/3). Reintento en 3s...
15:54:28 | WARNING | Falla API Google (Intento 1/3). Reintento en 3s...
15:55:32 | WARNING | Falla API Google (Intento 1/3). Reintento en 3s...
15:56:27 | WARNING | Falla API Google (Intento 1/3). Reintento en 3s...
15:57:28 | WARNING | Falla API Google (Intento 1/3). Reintento en 3s...
15:58:28 | WARNING | Falla API Google (Intento 1/3). Reintento en 3s...
15:59:30 | WARNING | Falla API Google (Intento 1/3). Reintento en 3s...
16:00:29 | WARNING | Falla API Google (Intento 1/3). Reintento en 3s...
16:01:31 | WARNING | Falla API Google (Intento 1/3). Reintento en 3s...
16:02:28 | WARNING | Falla API Google (Intento 1/3). Reintento en 3s...
16:03:29 | WARNING | Falla API Google (Intento 1/3). Reintento en 3s...
16:04:31 | WARNING | Falla API Google (Intento 1/3). Reintento en 3s...
16:05:30 | WARNING | Falla API Google (Intento 1/3). Reintento en 3s...
16:06:30 | WARNING | Falla API Google (Intento 1/3). Reintento en 3s...
16:07:29 | WARNING | Falla API Google (Intento 1/3). Reintento en 3s...
16:08:29 | WARNING | Falla API Google (Intento 1/3). Reintento en 3s...
16:09:31 | WARNING | Falla API Google (Intento 1/3). Reintento en 3s...
16:10:30 | WARNING | Falla API Google (Intento 1/3). Reintento en 3s...
16:11:28 | WARNING | Falla API Google (Intento 1/3). Reintento en 3s...
16:12:31 | WARNING | Falla API Google (Intento 1/3). Reintento en 3s...
16:13:31 | WARNING | Falla API Google (Intento 1/3). Reintento en 3s...
16:14:31 | WARNING | Falla API Google (Intento 1/3). Reintento en 3s...
16:16:31 | WARNING | Falla API Google (Intento 1/3). Reintento en 3s...
16:17:30 | WARNING | Falla API Google (Intento 1/3). Reintento en 3s...
16:18:28 | WARNING | Falla API Google (Intento 1/3). Reintento en 3s...
16:19:29 | WARNING | Falla API Google (Intento 1/3). Reintento en 3s...
16:20:31 | WARNING | Falla API Google (Intento 1/3). Reintento en 3s...
16:21:28 | WARNING | Falla API Google (Intento 1/3). Reintento en 3s...
16:22:31 | WARNING | Falla API Google (Intento 1/3). Reintento en 3s...
16:23:28 | WARNING | Falla API Google (Intento 1/3). Reintento en 3s...
16:24:30 | WARNING | Falla API Google (Intento 1/3). Reintento en 3s...
16:25:30 | WARNING | Falla API Google (Intento 1/3). Reintento en 3s...
16:26:30 | WARNING | Falla API Google (Intento 1/3). Reintento en 3s...
16:27:31 | WARNING | Falla API Google (Intento 1/3). Reintento en 3s...
16:28:24 | WARNING | Falla API Google (Intento 1/3). Reintento en 3s...
16:29:29 | WARNING | Falla API Google (Intento 1/3). Reintento en 3s...
16:31:29 | WARNING | Falla API Google (Intento 1/3). Reintento en 3s...
16:32:29 | WARNING | Falla API Google (Intento 1/3). Reintento en 3s...
16:33:29 | WARNING | Falla API Google (Intento 1/3). Reintento en 3s...
16:34:30 | WARNING | Falla API Google (Intento 1/3). Reintento en 3s...
16:35:30 | WARNING | Falla API Google (Intento 1/3). Reintento en 3s...
16:36:29 | WARNING | Falla API Google (Intento 1/3). Reintento en 3s...
16:37:28 | WARNING | Falla API Google (Intento 1/3). Reintento en 3s...
16:38:30 | WARNING | Falla API Google (Intento 1/3). Reintento en 3s...
16:39:27 | WARNING | Falla API Google (Intento 1/3). Reintento en 3s...
16:40:28 | WARNING | Falla API Google (Intento 1/3). Reintento en 3s...
16:41:29 | WARNING | Falla API Google (Intento 1/3). Reintento en 3s...
16:42:28 | WARNING | Falla API Google (Intento 1/3). Reintento en 3s...
16:43:28 | WARNING | Falla API Google (Intento 1/3). Reintento en 3s...
16:44:29 | WARNING | Falla API Google (Intento 1/3). Reintento en 3s...
16:45:32 | WARNING | Falla API Google (Intento 1/3). Reintento en 3s...
16:46:31 | WARNING | Falla API Google (Intento 1/3). Reintento en 3s...
16:47:29 | WARNING | Falla API Google (Intento 1/3). Reintento en 3s...
16:48:28 | WARNING | Falla API Google (Intento 1/3). Reintento en 3s...
16:49:27 | WARNING | Falla API Google (Intento 1/3). Reintento en 3s...
16:50:29 | WARNING | Falla API Google (Intento 1/3). Reintento en 3s...
16:51:31 | WARNING | Falla API Google (Intento 1/3). Reintento en 3s...
16:52:30 | WARNING | Falla API Google (Intento 1/3). Reintento en 3s...
16:53:28 | WARNING | Falla API Google (Intento 1/3). Reintento en 3s...
16:57:45 | WARNING | Falla API Google (Intento 1/3). Reintento en 3s...
16:57:53 | WARNING | ¡ALERTA! Conexión caída o congelada. Reiniciando sistema YA...
16:57:55 | INFO | MarketManager iniciado con 7 activos (MODO ESTÁTICO).
16:58:00 | INFO | Sistema Operativo - Monitoreando lista estatica
16:59:27 | WARNING | Falla API Google (Intento 1/3). Reintento en 3s...
17:01:33 | WARNING | ¡ALERTA! Conexión caída o congelada. Reiniciando sistema YA...
17:01:36 | INFO | MarketManager iniciado con 7 activos (MODO ESTÁTICO).
17:01:40 | INFO | Sistema Operativo - Monitoreando lista estatica
17:02:19 | WARNING | ¡ALERTA! Conexión caída o congelada. Reiniciando sistema YA...
17:02:20 | INFO | MarketManager iniciado con 7 activos (MODO ESTÁTICO).
17:02:24 | INFO | Sistema Operativo - Monitoreando lista estatica
17:02:56 | WARNING | ¡ALERTA! Conexión caída o congelada. Reiniciando sistema YA...
17:02:58 | INFO | MarketManager iniciado con 7 activos (MODO ESTÁTICO).
17:03:01 | INFO | Sistema Operativo - Monitoreando lista estatica
17:03:14 | INFO | Detencion manual detectada. Cerrando procesos...
17:03:14 | INFO | WebSocket desconectado. Bot fuera de linea.
10:05:03 | INFO | MarketManager iniciado con 7 activos (MODO ESTÁTICO).
10:05:08 | INFO | Sistema Operativo - Monitoreando lista estatica
10:05:34 | WARNING | ¡ALERTA! Conexión caída o congelada. Reiniciando sistema YA...
10:05:34 | INFO | MarketManager iniciado con 7 activos (MODO ESTÁTICO).
10:05:42 | INFO | Sistema Operativo - Monitoreando lista estatica
10:06:05 | WARNING | ¡ALERTA! Conexión caída o congelada. Reiniciando sistema YA...
10:06:07 | INFO | MarketManager iniciado con 7 activos (MODO ESTÁTICO).
10:06:11 | INFO | Sistema Operativo - Monitoreando lista estatica
10:06:39 | WARNING | ¡ALERTA! Conexión caída o congelada. Reiniciando sistema YA...
10:06:40 | INFO | MarketManager iniciado con 7 activos (MODO ESTÁTICO).
10:06:45 | INFO | Sistema Operativo - Monitoreando lista estatica
10:07:12 | WARNING | ¡ALERTA! Conexión caída o congelada. Reiniciando sistema YA...
10:07:14 | INFO | MarketManager iniciado con 7 activos (MODO ESTÁTICO).
10:07:19 | INFO | Sistema Operativo - Monitoreando lista estatica
10:07:46 | WARNING | ¡ALERTA! Conexión caída o congelada. Reiniciando sistema YA...
10:07:48 | INFO | MarketManager iniciado con 7 activos (MODO ESTÁTICO).
10:07:53 | INFO | Sistema Operativo - Monitoreando lista estatica
10:08:18 | WARNING | ¡ALERTA! Conexión caída o congelada. Reiniciando sistema YA...
10:08:20 | INFO | MarketManager iniciado con 7 activos (MODO ESTÁTICO).
10:08:23 | INFO | Sistema Operativo - Monitoreando lista estatica
10:08:51 | WARNING | ¡ALERTA! Conexión caída o congelada. Reiniciando sistema YA...
10:08:52 | INFO | MarketManager iniciado con 7 activos (MODO ESTÁTICO).
10:08:57 | INFO | Sistema Operativo - Monitoreando lista estatica
10:09:24 | WARNING | ¡ALERTA! Conexión caída o congelada. Reiniciando sistema YA...
10:09:26 | INFO | MarketManager iniciado con 7 activos (MODO ESTÁTICO).
10:09:30 | INFO | Sistema Operativo - Monitoreando lista estatica
10:09:58 | WARNING | ¡ALERTA! Conexión caída o congelada. Reiniciando sistema YA...
10:09:59 | INFO | MarketManager iniciado con 7 activos (MODO ESTÁTICO).
10:10:04 | INFO | Sistema Operativo - Monitoreando lista estatica
10:10:31 | WARNING | ¡ALERTA! Conexión caída o congelada. Reiniciando sistema YA...
10:10:33 | INFO | MarketManager iniciado con 7 activos (MODO ESTÁTICO).
10:10:37 | INFO | Sistema Operativo - Monitoreando lista estatica
10:11:05 | WARNING | ¡ALERTA! Conexión caída o congelada. Reiniciando sistema YA...
10:11:09 | INFO | MarketManager iniciado con 7 activos (MODO ESTÁTICO).
10:11:13 | INFO | Sistema Operativo - Monitoreando lista estatica
10:11:39 | WARNING | ¡ALERTA! Conexión caída o congelada. Reiniciando sistema YA...
10:11:41 | INFO | MarketManager iniciado con 7 activos (MODO ESTÁTICO).
10:11:44 | INFO | Sistema Operativo - Monitoreando lista estatica
10:12:12 | WARNING | ¡ALERTA! Conexión caída o congelada. Reiniciando sistema YA...
10:12:13 | INFO | MarketManager iniciado con 7 activos (MODO ESTÁTICO).
10:12:18 | INFO | Sistema Operativo - Monitoreando lista estatica
10:12:45 | WARNING | ¡ALERTA! Conexión caída o congelada. Reiniciando sistema YA...
10:12:46 | INFO | MarketManager iniciado con 7 activos (MODO ESTÁTICO).
10:12:49 | INFO | Sistema Operativo - Monitoreando lista estatica
10:13:16 | WARNING | ¡ALERTA! Conexión caída o congelada. Reiniciando sistema YA...
10:13:18 | INFO | MarketManager iniciado con 7 activos (MODO ESTÁTICO).
10:13:23 | INFO | Sistema Operativo - Monitoreando lista estatica
10:13:50 | WARNING | ¡ALERTA! Conexión caída o congelada. Reiniciando sistema YA...
10:13:51 | INFO | MarketManager iniciado con 7 activos (MODO ESTÁTICO).
10:13:54 | INFO | Sistema Operativo - Monitoreando lista estatica
10:14:21 | WARNING | ¡ALERTA! Conexión caída o congelada. Reiniciando sistema YA...
10:14:23 | INFO | MarketManager iniciado con 7 activos (MODO ESTÁTICO).
10:14:26 | INFO | Sistema Operativo - Monitoreando lista estatica
10:14:53 | WARNING | ¡ALERTA! Conexión caída o congelada. Reiniciando sistema YA...
10:14:55 | INFO | MarketManager iniciado con 7 activos (MODO ESTÁTICO).
10:14:59 | INFO | Sistema Operativo - Monitoreando lista estatica
10:15:25 | WARNING | ¡ALERTA! Conexión caída o congelada. Reiniciando sistema YA...
10:15:27 | INFO | MarketManager iniciado con 7 activos (MODO ESTÁTICO).
10:15:32 | INFO | Sistema Operativo - Monitoreando lista estatica
10:15:59 | WARNING | ¡ALERTA! Conexión caída o congelada. Reiniciando sistema YA...
10:16:01 | INFO | MarketManager iniciado con 7 activos (MODO ESTÁTICO).
10:16:06 | INFO | Sistema Operativo - Monitoreando lista estatica
10:16:31 | WARNING | ¡ALERTA! Conexión caída o congelada. Reiniciando sistema YA...
10:16:32 | INFO | MarketManager iniciado con 7 activos (MODO ESTÁTICO).
10:16:37 | INFO | Sistema Operativo - Monitoreando lista estatica
10:17:04 | WARNING | ¡ALERTA! Conexión caída o congelada. Reiniciando sistema YA...
10:17:06 | INFO | MarketManager iniciado con 7 activos (MODO ESTÁTICO).
10:17:10 | INFO | Sistema Operativo - Monitoreando lista estatica
10:17:38 | WARNING | ¡ALERTA! Conexión caída o congelada. Reiniciando sistema YA...
10:17:39 | INFO | MarketManager iniciado con 7 activos (MODO ESTÁTICO).
10:17:45 | INFO | Sistema Operativo - Monitoreando lista estatica
10:18:10 | WARNING | ¡ALERTA! Conexión caída o congelada. Reiniciando sistema YA...
10:18:10 | INFO | MarketManager iniciado con 7 activos (MODO ESTÁTICO).
10:18:14 | INFO | Sistema Operativo - Monitoreando lista estatica
10:18:41 | WARNING | ¡ALERTA! Conexión caída o congelada. Reiniciando sistema YA...
10:18:43 | INFO | MarketManager iniciado con 7 activos (MODO ESTÁTICO).
10:18:47 | INFO | Sistema Operativo - Monitoreando lista estatica
10:19:10 | WARNING | Falla API Google (Intento 1/3). Reintento en 3s...
10:19:17 | WARNING | ¡ALERTA! Conexión caída o congelada. Reiniciando sistema YA...
10:19:19 | INFO | MarketManager iniciado con 7 activos (MODO ESTÁTICO).
10:19:24 | INFO | Sistema Operativo - Monitoreando lista estatica
10:19:51 | WARNING | ¡ALERTA! Conexión caída o congelada. Reiniciando sistema YA...
10:19:52 | INFO | MarketManager iniciado con 7 activos (MODO ESTÁTICO).
10:19:57 | INFO | Sistema Operativo - Monitoreando lista estatica
10:20:24 | WARNING | ¡ALERTA! Conexión caída o congelada. Reiniciando sistema YA...
10:20:26 | INFO | MarketManager iniciado con 7 activos (MODO ESTÁTICO).
10:20:30 | INFO | Sistema Operativo - Monitoreando lista estatica
10:20:57 | WARNING | ¡ALERTA! Conexión caída o congelada. Reiniciando sistema YA...
10:20:59 | INFO | MarketManager iniciado con 7 activos (MODO ESTÁTICO).
10:21:02 | INFO | Sistema Operativo - Monitoreando lista estatica
10:21:30 | WARNING | ¡ALERTA! Conexión caída o congelada. Reiniciando sistema YA...
10:21:31 | INFO | MarketManager iniciado con 7 activos (MODO ESTÁTICO).
10:21:36 | INFO | Sistema Operativo - Monitoreando lista estatica
10:22:02 | WARNING | ¡ALERTA! Conexión caída o congelada. Reiniciando sistema YA...
10:22:03 | INFO | MarketManager iniciado con 7 activos (MODO ESTÁTICO).
10:22:07 | INFO | Sistema Operativo - Monitoreando lista estatica
10:22:37 | WARNING | ¡ALERTA! Conexión caída o congelada. Reiniciando sistema YA...
10:22:39 | INFO | MarketManager iniciado con 7 activos (MODO ESTÁTICO).
10:22:43 | INFO | Sistema Operativo - Monitoreando lista estatica
10:23:08 | WARNING | Falla API Google (Intento 1/3). Reintento en 3s...
10:23:16 | WARNING | ¡ALERTA! Conexión caída o congelada. Reiniciando sistema YA...
10:23:18 | INFO | MarketManager iniciado con 7 activos (MODO ESTÁTICO).
10:23:21 | INFO | Sistema Operativo - Monitoreando lista estatica
10:23:48 | WARNING | ¡ALERTA! Conexión caída o congelada. Reiniciando sistema YA...
10:23:50 | INFO | MarketManager iniciado con 7 activos (MODO ESTÁTICO).
10:23:55 | INFO | Sistema Operativo - Monitoreando lista estatica
10:24:22 | WARNING | ¡ALERTA! Conexión caída o congelada. Reiniciando sistema YA...
10:24:23 | INFO | MarketManager iniciado con 7 activos (MODO ESTÁTICO).
10:24:28 | INFO | Sistema Operativo - Monitoreando lista estatica
10:24:55 | WARNING | ¡ALERTA! Conexión caída o congelada. Reiniciando sistema YA...
10:24:57 | INFO | MarketManager iniciado con 7 activos (MODO ESTÁTICO).
10:25:01 | INFO | Sistema Operativo - Monitoreando lista estatica
10:25:28 | WARNING | ¡ALERTA! Conexión caída o congelada. Reiniciando sistema YA...
10:25:30 | INFO | MarketManager iniciado con 7 activos (MODO ESTÁTICO).
10:25:34 | INFO | Sistema Operativo - Monitoreando lista estatica
10:26:00 | WARNING | ¡ALERTA! Conexión caída o congelada. Reiniciando sistema YA...
10:26:02 | INFO | MarketManager iniciado con 7 activos (MODO ESTÁTICO).
10:26:06 | INFO | Sistema Operativo - Monitoreando lista estatica
10:26:32 | WARNING | ¡ALERTA! Conexión caída o congelada. Reiniciando sistema YA...
10:26:33 | INFO | MarketManager iniciado con 7 activos (MODO ESTÁTICO).
10:26:37 | INFO | Sistema Operativo - Monitoreando lista estatica
10:27:04 | WARNING | ¡ALERTA! Conexión caída o congelada. Reiniciando sistema YA...
10:27:06 | INFO | MarketManager iniciado con 7 activos (MODO ESTÁTICO).
10:27:10 | INFO | Sistema Operativo - Monitoreando lista estatica
10:27:37 | WARNING | ¡ALERTA! Conexión caída o congelada. Reiniciando sistema YA...
10:27:39 | INFO | MarketManager iniciado con 7 activos (MODO ESTÁTICO).
10:27:43 | INFO | Sistema Operativo - Monitoreando lista estatica
10:28:06 | WARNING | Falla API Google (Intento 1/3). Reintento en 3s...
10:28:14 | WARNING | ¡ALERTA! Conexión caída o congelada. Reiniciando sistema YA...
10:28:15 | INFO | MarketManager iniciado con 7 activos (MODO ESTÁTICO).
10:28:20 | INFO | Sistema Operativo - Monitoreando lista estatica
10:28:47 | WARNING | ¡ALERTA! Conexión caída o congelada. Reiniciando sistema YA...
10:28:48 | INFO | MarketManager iniciado con 7 activos (MODO ESTÁTICO).
10:28:52 | INFO | Sistema Operativo - Monitoreando lista estatica
10:29:20 | WARNING | ¡ALERTA! Conexión caída o congelada. Reiniciando sistema YA...
10:29:20 | INFO | MarketManager iniciado con 7 activos (MODO ESTÁTICO).
10:29:24 | INFO | Sistema Operativo - Monitoreando lista estatica
10:29:51 | WARNING | ¡ALERTA! Conexión caída o congelada. Reiniciando sistema YA...
10:29:53 | INFO | MarketManager iniciado con 7 activos (MODO ESTÁTICO).
10:29:57 | INFO | Sistema Operativo - Monitoreando lista estatica
10:30:09 | WARNING | Falla API Google (Intento 1/3). Reintento en 3s...
10:30:24 | WARNING | ¡ALERTA! Conexión caída o congelada. Reiniciando sistema YA...
10:30:25 | INFO | MarketManager iniciado con 7 activos (MODO ESTÁTICO).
10:30:30 | INFO | Sistema Operativo - Monitoreando lista estatica
10:30:57 | WARNING | ¡ALERTA! Conexión caída o congelada. Reiniciando sistema YA...
10:30:59 | INFO | MarketManager iniciado con 7 activos (MODO ESTÁTICO).
10:31:03 | INFO | Sistema Operativo - Monitoreando lista estatica
10:31:30 | WARNING | ¡ALERTA! Conexión caída o congelada. Reiniciando sistema YA...
10:31:31 | INFO | MarketManager iniciado con 7 activos (MODO ESTÁTICO).
10:31:35 | INFO | Sistema Operativo - Monitoreando lista estatica
10:32:02 | WARNING | ¡ALERTA! Conexión caída o congelada. Reiniciando sistema YA...
10:32:04 | INFO | MarketManager iniciado con 7 activos (MODO ESTÁTICO).
10:32:09 | INFO | Sistema Operativo - Monitoreando lista estatica
10:32:34 | WARNING | ¡ALERTA! Conexión caída o congelada. Reiniciando sistema YA...
10:32:36 | INFO | MarketManager iniciado con 7 activos (MODO ESTÁTICO).
10:32:41 | INFO | Sistema Operativo - Monitoreando lista estatica
10:33:08 | WARNING | ¡ALERTA! Conexión caída o congelada. Reiniciando sistema YA...
10:33:10 | INFO | MarketManager iniciado con 7 activos (MODO ESTÁTICO).
10:33:14 | INFO | Sistema Operativo - Monitoreando lista estatica
10:33:41 | WARNING | ¡ALERTA! Conexión caída o congelada. Reiniciando sistema YA...
10:33:43 | INFO | MarketManager iniciado con 7 activos (MODO ESTÁTICO).
10:33:48 | INFO | Sistema Operativo - Monitoreando lista estatica
10:34:15 | WARNING | ¡ALERTA! Conexión caída o congelada. Reiniciando sistema YA...
10:34:17 | INFO | MarketManager iniciado con 7 activos (MODO ESTÁTICO).
10:34:21 | INFO | Sistema Operativo - Monitoreando lista estatica
10:34:49 | WARNING | ¡ALERTA! Conexión caída o congelada. Reiniciando sistema YA...
10:34:49 | INFO | MarketManager iniciado con 7 activos (MODO ESTÁTICO).
10:34:53 | INFO | Sistema Operativo - Monitoreando lista estatica
10:35:20 | WARNING | ¡ALERTA! Conexión caída o congelada. Reiniciando sistema YA...
10:35:22 | INFO | MarketManager iniciado con 7 activos (MODO ESTÁTICO).
10:35:26 | INFO | Sistema Operativo - Monitoreando lista estatica
10:35:53 | WARNING | ¡ALERTA! Conexión caída o congelada. Reiniciando sistema YA...
10:35:55 | INFO | MarketManager iniciado con 7 activos (MODO ESTÁTICO).
10:35:59 | INFO | Sistema Operativo - Monitoreando lista estatica
10:36:26 | WARNING | ¡ALERTA! Conexión caída o congelada. Reiniciando sistema YA...
10:36:27 | INFO | MarketManager iniciado con 7 activos (MODO ESTÁTICO).
10:36:31 | INFO | Sistema Operativo - Monitoreando lista estatica
10:36:58 | WARNING | ¡ALERTA! Conexión caída o congelada. Reiniciando sistema YA...
10:37:00 | INFO | MarketManager iniciado con 7 activos (MODO ESTÁTICO).
10:37:03 | INFO | Sistema Operativo - Monitoreando lista estatica
10:37:08 | WARNING | Falla API Google (Intento 1/3). Reintento en 3s...
10:37:32 | WARNING | ¡ALERTA! Conexión caída o congelada. Reiniciando sistema YA...
10:37:34 | INFO | MarketManager iniciado con 7 activos (MODO ESTÁTICO).
10:37:37 | INFO | Sistema Operativo - Monitoreando lista estatica
10:38:04 | WARNING | ¡ALERTA! Conexión caída o congelada. Reiniciando sistema YA...
10:38:06 | INFO | MarketManager iniciado con 7 activos (MODO ESTÁTICO).
10:38:09 | INFO | Sistema Operativo - Monitoreando lista estatica
10:38:37 | WARNING | ¡ALERTA! Conexión caída o congelada. Reiniciando sistema YA...
10:38:38 | INFO | MarketManager iniciado con 7 activos (MODO ESTÁTICO).
10:38:43 | INFO | Sistema Operativo - Monitoreando lista estatica
10:39:06 | INFO | Detencion manual detectada. Cerrando procesos...
10:39:06 | INFO | WebSocket desconectado. Bot fuera de linea.
10:39:09 | INFO | MarketManager iniciado con 7 activos (MODO ESTÁTICO).
10:39:10 | INFO | Detencion manual detectada. Cerrando procesos...
10:39:12 | INFO | MarketManager iniciado con 7 activos (MODO ESTÁTICO).
10:39:16 | INFO | Sistema Operativo - Monitoreando lista estatica
10:41:09 | WARNING | Falla API Google (Intento 1/3). Reintento en 3s...
10:42:08 | WARNING | Falla API Google (Intento 1/3). Reintento en 3s...
10:44:08 | WARNING | Falla API Google (Intento 1/3). Reintento en 3s...
10:46:07 | WARNING | Falla API Google (Intento 1/3). Reintento en 3s...
10:47:10 | WARNING | Falla API Google (Intento 1/3). Reintento en 3s...
10:49:04 | WARNING | Falla API Google (Intento 1/3). Reintento en 3s...
10:50:09 | WARNING | Falla API Google (Intento 1/3). Reintento en 3s...
10:51:06 | WARNING | Falla API Google (Intento 1/3). Reintento en 3s...
10:53:03 | WARNING | Falla API Google (Intento 1/3). Reintento en 3s...
10:54:06 | WARNING | Falla API Google (Intento 1/3). Reintento en 3s...
10:55:08 | WARNING | Falla API Google (Intento 1/3). Reintento en 3s...
10:56:08 | WARNING | Falla API Google (Intento 1/3). Reintento en 3s...
10:57:09 | WARNING | Falla API Google (Intento 1/3). Reintento en 3s...
10:58:07 | WARNING | Falla API Google (Intento 1/3). Reintento en 3s...
10:59:09 | WARNING | Falla API Google (Intento 1/3). Reintento en 3s...
11:00:09 | WARNING | Falla API Google (Intento 1/3). Reintento en 3s...
11:01:09 | WARNING | Falla API Google (Intento 1/3). Reintento en 3s...
11:03:08 | WARNING | Falla API Google (Intento 1/3). Reintento en 3s...
11:05:07 | WARNING | Falla API Google (Intento 1/3). Reintento en 3s...
11:07:09 | WARNING | Falla API Google (Intento 1/3). Reintento en 3s...
11:08:06 | WARNING | Falla API Google (Intento 1/3). Reintento en 3s...
11:09:09 | WARNING | Falla API Google (Intento 1/3). Reintento en 3s...
11:10:06 | WARNING | Falla API Google (Intento 1/3). Reintento en 3s...
11:11:06 | WARNING | Falla API Google (Intento 1/3). Reintento en 3s...
11:12:08 | WARNING | Falla API Google (Intento 1/3). Reintento en 3s...
11:14:07 | WARNING | Falla API Google (Intento 1/3). Reintento en 3s...
11:15:08 | WARNING | Falla API Google (Intento 1/3). Reintento en 3s...
11:16:08 | WARNING | Falla API Google (Intento 1/3). Reintento en 3s...
11:17:09 | WARNING | Falla API Google (Intento 1/3). Reintento en 3s...
11:18:09 | WARNING | Falla API Google (Intento 1/3). Reintento en 3s...
11:19:09 | WARNING | Falla API Google (Intento 1/3). Reintento en 3s...
11:21:04 | WARNING | Falla API Google (Intento 1/3). Reintento en 3s...
11:22:07 | WARNING | Falla API Google (Intento 1/3). Reintento en 3s...
11:24:05 | WARNING | Falla API Google (Intento 1/3). Reintento en 3s...
11:25:06 | WARNING | Falla API Google (Intento 1/3). Reintento en 3s...
11:27:07 | WARNING | Falla API Google (Intento 1/3). Reintento en 3s...
11:29:07 | WARNING | Falla API Google (Intento 1/3). Reintento en 3s...
11:30:11 | WARNING | Falla API Google (Intento 1/3). Reintento en 3s...
11:32:08 | WARNING | Falla API Google (Intento 1/3). Reintento en 3s...
11:34:10 | WARNING | Falla API Google (Intento 1/3). Reintento en 3s...
11:36:07 | WARNING | Falla API Google (Intento 1/3). Reintento en 3s...
11:38:08 | WARNING | Falla API Google (Intento 1/3). Reintento en 3s...
11:39:08 | WARNING | Falla API Google (Intento 1/3). Reintento en 3s...
11:40:08 | WARNING | Falla API Google (Intento 1/3). Reintento en 3s...
11:42:05 | WARNING | Falla API Google (Intento 1/3). Reintento en 3s...
11:43:08 | WARNING | Falla API Google (Intento 1/3). Reintento en 3s...
11:44:06 | WARNING | Falla API Google (Intento 1/3). Reintento en 3s...
11:47:10 | WARNING | Falla API Google (Intento 1/3). Reintento en 3s...
11:49:10 | WARNING | Falla API Google (Intento 1/3). Reintento en 3s...
11:50:05 | WARNING | Falla API Google (Intento 1/3). Reintento en 3s...
11:51:09 | WARNING | Falla API Google (Intento 1/3). Reintento en 3s...
11:53:05 | WARNING | Falla API Google (Intento 1/3). Reintento en 3s...
11:54:07 | WARNING | Falla API Google (Intento 1/3). Reintento en 3s...
11:56:06 | WARNING | Falla API Google (Intento 1/3). Reintento en 3s...
11:57:06 | WARNING | Falla API Google (Intento 1/3). Reintento en 3s...
11:58:06 | WARNING | Falla API Google (Intento 1/3). Reintento en 3s...
11:59:08 | WARNING | Falla API Google (Intento 1/3). Reintento en 3s...
12:00:08 | WARNING | Falla API Google (Intento 1/3). Reintento en 3s...
12:02:09 | WARNING | Falla API Google (Intento 1/3). Reintento en 3s...
12:03:09 | WARNING | Falla API Google (Intento 1/3). Reintento en 3s...
12:04:09 | WARNING | Falla API Google (Intento 1/3). Reintento en 3s...
12:05:09 | WARNING | Falla API Google (Intento 1/3). Reintento en 3s...
12:07:05 | WARNING | Falla API Google (Intento 1/3). Reintento en 3s...
12:09:03 | WARNING | Falla API Google (Intento 1/3). Reintento en 3s...
12:10:09 | WARNING | Falla API Google (Intento 1/3). Reintento en 3s...
12:12:10 | WARNING | Falla API Google (Intento 1/3). Reintento en 3s...
12:14:08 | WARNING | Falla API Google (Intento 1/3). Reintento en 3s...
12:16:10 | WARNING | Falla API Google (Intento 1/3). Reintento en 3s...
12:18:08 | WARNING | Falla API Google (Intento 1/3). Reintento en 3s...
12:19:07 | WARNING | Falla API Google (Intento 1/3). Reintento en 3s...
12:20:10 | WARNING | Falla API Google (Intento 1/3). Reintento en 3s...
12:21:05 | WARNING | Falla API Google (Intento 1/3). Reintento en 3s...
12:22:10 | WARNING | Falla API Google (Intento 1/3). Reintento en 3s...
12:24:08 | WARNING | Falla API Google (Intento 1/3). Reintento en 3s...
12:25:08 | WARNING | Falla API Google (Intento 1/3). Reintento en 3s...
12:26:08 | WARNING | Falla API Google (Intento 1/3). Reintento en 3s...
12:28:07 | WARNING | Falla API Google (Intento 1/3). Reintento en 3s...
12:29:08 | WARNING | Falla API Google (Intento 1/3). Reintento en 3s...
12:30:08 | WARNING | Falla API Google (Intento 1/3). Reintento en 3s...
12:31:08 | WARNING | Falla API Google (Intento 1/3). Reintento en 3s...
12:32:05 | WARNING | Falla API Google (Intento 1/3). Reintento en 3s...
12:34:06 | WARNING | Falla API Google (Intento 1/3). Reintento en 3s...
12:36:08 | WARNING | Falla API Google (Intento 1/3). Reintento en 3s...
12:38:05 | WARNING | Falla API Google (Intento 1/3). Reintento en 3s...
12:39:07 | WARNING | Falla API Google (Intento 1/3). Reintento en 3s...
12:40:08 | WARNING | Falla API Google (Intento 1/3). Reintento en 3s...
12:43:05 | WARNING | Falla API Google (Intento 1/3). Reintento en 3s...
12:45:06 | WARNING | Falla API Google (Intento 1/3). Reintento en 3s...
12:47:05 | WARNING | Falla API Google (Intento 1/3). Reintento en 3s...
12:48:07 | WARNING | Falla API Google (Intento 1/3). Reintento en 3s...
12:50:07 | WARNING | Falla API Google (Intento 1/3). Reintento en 3s...
12:51:09 | WARNING | Falla API Google (Intento 1/3). Reintento en 3s...
12:53:10 | WARNING | Falla API Google (Intento 1/3). Reintento en 3s...
12:54:09 | WARNING | Falla API Google (Intento 1/3). Reintento en 3s...
12:56:08 | WARNING | Falla API Google (Intento 1/3). Reintento en 3s...
12:57:08 | WARNING | Falla API Google (Intento 1/3). Reintento en 3s...
12:59:10 | WARNING | Falla API Google (Intento 1/3). Reintento en 3s...
13:00:07 | WARNING | Falla API Google (Intento 1/3). Reintento en 3s...
13:01:09 | WARNING | Falla API Google (Intento 1/3). Reintento en 3s...
13:03:07 | WARNING | Falla API Google (Intento 1/3). Reintento en 3s...
13:05:08 | WARNING | Falla API Google (Intento 1/3). Reintento en 3s...
13:06:10 | WARNING | Falla API Google (Intento 1/3). Reintento en 3s...
13:07:08 | WARNING | Falla API Google (Intento 1/3). Reintento en 3s...
13:09:47 | WARNING | Falla API Google (Intento 1/3). Reintento en 3s...
13:10:27 | WARNING | Falla API Google (Intento 1/3). Reintento en 3s...
13:12:05 | WARNING | Falla API Google (Intento 1/3). Reintento en 3s...
13:13:06 | WARNING | Falla API Google (Intento 1/3). Reintento en 3s...
13:14:06 | WARNING | Falla API Google (Intento 1/3). Reintento en 3s...
13:15:08 | WARNING | Falla API Google (Intento 1/3). Reintento en 3s...
13:17:07 | WARNING | Falla API Google (Intento 1/3). Reintento en 3s...
13:18:09 | WARNING | Falla API Google (Intento 1/3). Reintento en 3s...
13:19:07 | WARNING | Falla API Google (Intento 1/3). Reintento en 3s...
13:20:08 | WARNING | Falla API Google (Intento 1/3). Reintento en 3s...
13:22:03 | WARNING | Falla API Google (Intento 1/3). Reintento en 3s...
13:23:05 | WARNING | Falla API Google (Intento 1/3). Reintento en 3s...
13:25:05 | WARNING | Falla API Google (Intento 1/3). Reintento en 3s...
13:26:09 | WARNING | Falla API Google (Intento 1/3). Reintento en 3s...
13:28:08 | WARNING | Falla API Google (Intento 1/3). Reintento en 3s...
13:29:06 | WARNING | Falla API Google (Intento 1/3). Reintento en 3s...
13:30:06 | WARNING | Falla API Google (Intento 1/3). Reintento en 3s...
13:31:10 | WARNING | Falla API Google (Intento 1/3). Reintento en 3s...
13:33:07 | WARNING | Falla API Google (Intento 1/3). Reintento en 3s...
13:34:08 | WARNING | Falla API Google (Intento 1/3). Reintento en 3s...
13:35:05 | WARNING | Falla API Google (Intento 1/3). Reintento en 3s...
13:36:09 | WARNING | Falla API Google (Intento 1/3). Reintento en 3s...
13:37:08 | WARNING | Falla API Google (Intento 1/3). Reintento en 3s...
13:38:07 | WARNING | Falla API Google (Intento 1/3). Reintento en 3s...
13:39:09 | WARNING | Falla API Google (Intento 1/3). Reintento en 3s...
13:40:09 | WARNING | Falla API Google (Intento 1/3). Reintento en 3s...
13:41:07 | WARNING | Falla API Google (Intento 1/3). Reintento en 3s...
13:42:09 | WARNING | Falla API Google (Intento 1/3). Reintento en 3s...
13:43:09 | WARNING | Falla API Google (Intento 1/3). Reintento en 3s...
13:44:08 | WARNING | Falla API Google (Intento 1/3). Reintento en 3s...
13:45:08 | WARNING | Falla API Google (Intento 1/3). Reintento en 3s...
13:46:05 | WARNING | Falla API Google (Intento 1/3). Reintento en 3s...
13:48:05 | WARNING | Falla API Google (Intento 1/3). Reintento en 3s...
13:49:07 | WARNING | Falla API Google (Intento 1/3). Reintento en 3s...
13:50:07 | WARNING | Falla API Google (Intento 1/3). Reintento en 3s...
13:51:08 | WARNING | Falla API Google (Intento 1/3). Reintento en 3s...
13:52:08 | WARNING | Falla API Google (Intento 1/3). Reintento en 3s...
13:53:07 | WARNING | Falla API Google (Intento 1/3). Reintento en 3s...
13:54:09 | WARNING | Falla API Google (Intento 1/3). Reintento en 3s...
13:55:09 | WARNING | Falla API Google (Intento 1/3). Reintento en 3s...
13:57:02 | WARNING | Falla API Google (Intento 1/3). Reintento en 3s...
13:57:07 | WARNING | Falla API Google (Intento 2/3). Reintento en 6s...
13:58:08 | WARNING | Falla API Google (Intento 1/3). Reintento en 3s...
13:59:07 | WARNING | Falla API Google (Intento 1/3). Reintento en 3s...
14:00:07 | WARNING | Falla API Google (Intento 1/3). Reintento en 3s...
14:02:04 | WARNING | Falla API Google (Intento 1/3). Reintento en 3s...
14:03:06 | WARNING | Falla API Google (Intento 1/3). Reintento en 3s...
14:04:09 | WARNING | Falla API Google (Intento 1/3). Reintento en 3s...
14:06:05 | WARNING | Falla API Google (Intento 1/3). Reintento en 3s...
14:08:04 | WARNING | Falla API Google (Intento 1/3). Reintento en 3s...
14:09:07 | WARNING | Falla API Google (Intento 1/3). Reintento en 3s...
14:10:09 | WARNING | Falla API Google (Intento 1/3). Reintento en 3s...
14:11:06 | WARNING | Falla API Google (Intento 1/3). Reintento en 3s...
14:12:07 | WARNING | Falla API Google (Intento 1/3). Reintento en 3s...
14:13:08 | WARNING | Falla API Google (Intento 1/3). Reintento en 3s...
14:15:05 | WARNING | Falla API Google (Intento 1/3). Reintento en 3s...
14:16:07 | WARNING | Falla API Google (Intento 1/3). Reintento en 3s...
14:17:06 | WARNING | Falla API Google (Intento 1/3). Reintento en 3s...
14:19:06 | WARNING | Falla API Google (Intento 1/3). Reintento en 3s...
14:21:04 | WARNING | Falla API Google (Intento 1/3). Reintento en 3s...
14:22:07 | WARNING | Falla API Google (Intento 1/3). Reintento en 3s...
14:24:04 | WARNING | Falla API Google (Intento 1/3). Reintento en 3s...
14:25:06 | WARNING | Falla API Google (Intento 1/3). Reintento en 3s...
14:26:07 | WARNING | Falla API Google (Intento 1/3). Reintento en 3s...
14:27:09 | WARNING | Falla API Google (Intento 1/3). Reintento en 3s...
14:28:06 | WARNING | Falla API Google (Intento 1/3). Reintento en 3s...
14:29:09 | WARNING | Falla API Google (Intento 1/3). Reintento en 3s...
14:30:08 | WARNING | Falla API Google (Intento 1/3). Reintento en 3s...
14:31:07 | WARNING | Falla API Google (Intento 1/3). Reintento en 3s...
14:32:05 | WARNING | Falla API Google (Intento 1/3). Reintento en 3s...
14:33:08 | WARNING | Falla API Google (Intento 1/3). Reintento en 3s...
14:35:09 | WARNING | Falla API Google (Intento 1/3). Reintento en 3s...
14:36:08 | WARNING | Falla API Google (Intento 1/3). Reintento en 3s...
14:38:04 | WARNING | Falla API Google (Intento 1/3). Reintento en 3s...
14:39:08 | WARNING | Falla API Google (Intento 1/3). Reintento en 3s...
14:40:06 | WARNING | Falla API Google (Intento 1/3). Reintento en 3s...
14:41:07 | WARNING | Falla API Google (Intento 1/3). Reintento en 3s...
14:43:05 | WARNING | Falla API Google (Intento 1/3). Reintento en 3s...
14:44:08 | WARNING | Falla API Google (Intento 1/3). Reintento en 3s...
14:45:07 | WARNING | Falla API Google (Intento 1/3). Reintento en 3s...
14:46:08 | WARNING | Falla API Google (Intento 1/3). Reintento en 3s...
14:47:10 | WARNING | Falla API Google (Intento 1/3). Reintento en 3s...
14:49:05 | WARNING | Falla API Google (Intento 1/3). Reintento en 3s...
14:50:06 | WARNING | Falla API Google (Intento 1/3). Reintento en 3s...
14:51:06 | WARNING | Falla API Google (Intento 1/3). Reintento en 3s...
14:52:09 | WARNING | Falla API Google (Intento 1/3). Reintento en 3s...
14:53:06 | WARNING | Falla API Google (Intento 1/3). Reintento en 3s...
14:54:10 | WARNING | Falla API Google (Intento 1/3). Reintento en 3s...
14:56:05 | WARNING | Falla API Google (Intento 1/3). Reintento en 3s...
14:57:06 | WARNING | Falla API Google (Intento 1/3). Reintento en 3s...
14:58:07 | WARNING | Falla API Google (Intento 1/3). Reintento en 3s...
14:59:06 | WARNING | Falla API Google (Intento 1/3). Reintento en 3s...
15:01:06 | WARNING | Falla API Google (Intento 1/3). Reintento en 3s...
15:02:08 | WARNING | Falla API Google (Intento 1/3). Reintento en 3s...
15:03:05 | WARNING | Falla API Google (Intento 1/3). Reintento en 3s...
15:04:08 | WARNING | Falla API Google (Intento 1/3). Reintento en 3s...
15:05:10 | WARNING | Falla API Google (Intento 1/3). Reintento en 3s...
15:06:10 | WARNING | Falla API Google (Intento 1/3). Reintento en 3s...
15:07:08 | WARNING | Falla API Google (Intento 1/3). Reintento en 3s...
15:08:08 | WARNING | Falla API Google (Intento 1/3). Reintento en 3s...
15:09:07 | WARNING | Falla API Google (Intento 1/3). Reintento en 3s...
15:10:06 | WARNING | Falla API Google (Intento 1/3). Reintento en 3s...
15:11:10 | WARNING | Falla API Google (Intento 1/3). Reintento en 3s...
15:12:09 | WARNING | Falla API Google (Intento 1/3). Reintento en 3s...
15:13:06 | WARNING | Falla API Google (Intento 1/3). Reintento en 3s...
15:14:09 | WARNING | Falla API Google (Intento 1/3). Reintento en 3s...
15:15:08 | WARNING | Falla API Google (Intento 1/3). Reintento en 3s...
15:16:10 | WARNING | Falla API Google (Intento 1/3). Reintento en 3s...
15:17:09 | WARNING | Falla API Google (Intento 1/3). Reintento en 3s...
15:18:08 | WARNING | Falla API Google (Intento 1/3). Reintento en 3s...
15:19:07 | WARNING | Falla API Google (Intento 1/3). Reintento en 3s...
15:20:10 | WARNING | Falla API Google (Intento 1/3). Reintento en 3s...
15:21:09 | WARNING | Falla API Google (Intento 1/3). Reintento en 3s...
15:22:04 | WARNING | Falla API Google (Intento 1/3). Reintento en 3s...
15:23:05 | WARNING | Falla API Google (Intento 1/3). Reintento en 3s...
15:25:10 | WARNING | Falla API Google (Intento 1/3). Reintento en 3s...
15:26:07 | WARNING | Falla API Google (Intento 1/3). Reintento en 3s...
15:27:08 | WARNING | Falla API Google (Intento 1/3). Reintento en 3s...
15:28:05 | WARNING | Falla API Google (Intento 1/3). Reintento en 3s...
15:29:09 | WARNING | Falla API Google (Intento 1/3). Reintento en 3s...
15:31:09 | WARNING | Falla API Google (Intento 1/3). Reintento en 3s...
15:33:04 | WARNING | Falla API Google (Intento 1/3). Reintento en 3s...
15:34:09 | WARNING | Falla API Google (Intento 1/3). Reintento en 3s...
15:36:04 | WARNING | Falla API Google (Intento 1/3). Reintento en 3s...
15:37:08 | WARNING | Falla API Google (Intento 1/3). Reintento en 3s...
15:38:07 | WARNING | Falla API Google (Intento 1/3). Reintento en 3s...
15:39:06 | WARNING | Falla API Google (Intento 1/3). Reintento en 3s...
15:40:08 | WARNING | Falla API Google (Intento 1/3). Reintento en 3s...
15:41:10 | WARNING | Falla API Google (Intento 1/3). Reintento en 3s...
15:42:05 | WARNING | Falla API Google (Intento 1/3). Reintento en 3s...
15:43:08 | WARNING | Falla API Google (Intento 1/3). Reintento en 3s...
15:44:05 | WARNING | Falla API Google (Intento 1/3). Reintento en 3s...
15:45:07 | WARNING | Falla API Google (Intento 1/3). Reintento en 3s...
15:46:06 | WARNING | Falla API Google (Intento 1/3). Reintento en 3s...
15:47:03 | WARNING | Falla API Google (Intento 1/3). Reintento en 3s...
15:48:07 | WARNING | Falla API Google (Intento 1/3). Reintento en 3s...
15:49:06 | WARNING | Falla API Google (Intento 1/3). Reintento en 3s...
15:50:07 | WARNING | Falla API Google (Intento 1/3). Reintento en 3s...
15:51:06 | WARNING | Falla API Google (Intento 1/3). Reintento en 3s...
15:52:08 | WARNING | Falla API Google (Intento 1/3). Reintento en 3s...
15:54:08 | WARNING | Falla API Google (Intento 1/3). Reintento en 3s...
15:55:10 | WARNING | Falla API Google (Intento 1/3). Reintento en 3s...
15:57:02 | WARNING | Falla API Google (Intento 1/3). Reintento en 3s...
15:57:07 | WARNING | Falla API Google (Intento 2/3). Reintento en 6s...
15:59:06 | WARNING | Falla API Google (Intento 1/3). Reintento en 3s...
16:00:09 | WARNING | Falla API Google (Intento 1/3). Reintento en 3s...
16:01:07 | WARNING | Falla API Google (Intento 1/3). Reintento en 3s...
16:02:09 | WARNING | Falla API Google (Intento 1/3). Reintento en 3s...
16:03:06 | WARNING | Falla API Google (Intento 1/3). Reintento en 3s...
16:04:08 | WARNING | Falla API Google (Intento 1/3). Reintento en 3s...
16:05:05 | WARNING | Falla API Google (Intento 1/3). Reintento en 3s...
16:06:07 | WARNING | Falla API Google (Intento 1/3). Reintento en 3s...
16:07:07 | WARNING | Falla API Google (Intento 1/3). Reintento en 3s...
16:08:06 | WARNING | Falla API Google (Intento 1/3). Reintento en 3s...
16:09:08 | WARNING | Falla API Google (Intento 1/3). Reintento en 3s...
16:11:06 | WARNING | Falla API Google (Intento 1/3). Reintento en 3s...
16:12:08 | WARNING | Falla API Google (Intento 1/3). Reintento en 3s...
16:13:07 | WARNING | Falla API Google (Intento 1/3). Reintento en 3s...
16:14:10 | WARNING | Falla API Google (Intento 1/3). Reintento en 3s...
16:16:08 | WARNING | Falla API Google (Intento 1/3). Reintento en 3s...
16:17:08 | WARNING | Falla API Google (Intento 1/3). Reintento en 3s...
16:19:06 | WARNING | Falla API Google (Intento 1/3). Reintento en 3s...
16:21:05 | WARNING | Falla API Google (Intento 1/3). Reintento en 3s...
16:23:05 | WARNING | Falla API Google (Intento 1/3). Reintento en 3s...
16:24:07 | WARNING | Falla API Google (Intento 1/3). Reintento en 3s...
16:25:09 | WARNING | Falla API Google (Intento 1/3). Reintento en 3s...
16:28:09 | WARNING | Falla API Google (Intento 1/3). Reintento en 3s...
16:29:10 | WARNING | Falla API Google (Intento 1/3). Reintento en 3s...
16:30:10 | WARNING | Falla API Google (Intento 1/3). Reintento en 3s...
16:31:09 | WARNING | Falla API Google (Intento 1/3). Reintento en 3s...
16:32:09 | WARNING | Falla API Google (Intento 1/3). Reintento en 3s...
16:33:06 | WARNING | Falla API Google (Intento 1/3). Reintento en 3s...
16:34:08 | WARNING | Falla API Google (Intento 1/3). Reintento en 3s...
16:35:07 | WARNING | Falla API Google (Intento 1/3). Reintento en 3s...
16:36:07 | WARNING | Falla API Google (Intento 1/3). Reintento en 3s...
16:37:09 | WARNING | Falla API Google (Intento 1/3). Reintento en 3s...
16:39:04 | WARNING | Falla API Google (Intento 1/3). Reintento en 3s...
16:40:06 | WARNING | Falla API Google (Intento 1/3). Reintento en 3s...
16:41:09 | WARNING | Falla API Google (Intento 1/3). Reintento en 3s...
16:42:08 | WARNING | Falla API Google (Intento 1/3). Reintento en 3s...
16:43:06 | WARNING | Falla API Google (Intento 1/3). Reintento en 3s...
16:45:09 | WARNING | Falla API Google (Intento 1/3). Reintento en 3s...
16:46:09 | WARNING | Falla API Google (Intento 1/3). Reintento en 3s...
16:47:06 | WARNING | Falla API Google (Intento 1/3). Reintento en 3s...
16:48:08 | WARNING | Falla API Google (Intento 1/3). Reintento en 3s...
16:49:08 | WARNING | Falla API Google (Intento 1/3). Reintento en 3s...
16:50:07 | WARNING | Falla API Google (Intento 1/3). Reintento en 3s...
16:51:07 | WARNING | Falla API Google (Intento 1/3). Reintento en 3s...
16:52:09 | WARNING | Falla API Google (Intento 1/3). Reintento en 3s...
16:54:09 | WARNING | Falla API Google (Intento 1/3). Reintento en 3s...
16:55:08 | WARNING | Falla API Google (Intento 1/3). Reintento en 3s...
16:57:06 | WARNING | Falla API Google (Intento 1/3). Reintento en 3s...
16:58:08 | WARNING | Falla API Google (Intento 1/3). Reintento en 3s...
16:59:08 | WARNING | Falla API Google (Intento 1/3). Reintento en 3s...
17:00:59 | WARNING | ¡ALERTA! Conexión caída o congelada. Reiniciando sistema YA...
17:01:01 | INFO | MarketManager iniciado con 7 activos (MODO ESTÁTICO).
17:01:06 | INFO | Sistema Operativo - Monitoreando lista estatica
17:01:38 | WARNING | ¡ALERTA! Conexión caída o congelada. Reiniciando sistema YA...
17:01:39 | INFO | MarketManager iniciado con 7 activos (MODO ESTÁTICO).
17:01:44 | INFO | Sistema Operativo - Monitoreando lista estatica
17:02:16 | WARNING | ¡ALERTA! Conexión caída o congelada. Reiniciando sistema YA...
17:02:17 | INFO | MarketManager iniciado con 7 activos (MODO ESTÁTICO).
17:02:22 | INFO | Sistema Operativo - Monitoreando lista estatica
17:02:54 | WARNING | ¡ALERTA! Conexión caída o congelada. Reiniciando sistema YA...
17:02:56 | INFO | MarketManager iniciado con 7 activos (MODO ESTÁTICO).
17:03:00 | INFO | Sistema Operativo - Monitoreando lista estatica
17:03:32 | WARNING | ¡ALERTA! Conexión caída o congelada. Reiniciando sistema YA...
17:03:34 | INFO | MarketManager iniciado con 7 activos (MODO ESTÁTICO).
17:03:38 | INFO | Sistema Operativo - Monitoreando lista estatica
17:04:09 | WARNING | ¡ALERTA! Conexión caída o congelada. Reiniciando sistema YA...
17:04:11 | INFO | MarketManager iniciado con 7 activos (MODO ESTÁTICO).
17:04:16 | INFO | Sistema Operativo - Monitoreando lista estatica
17:04:48 | WARNING | ¡ALERTA! Conexión caída o congelada. Reiniciando sistema YA...
17:04:50 | INFO | MarketManager iniciado con 7 activos (MODO ESTÁTICO).
17:04:54 | INFO | Sistema Operativo - Monitoreando lista estatica
17:05:26 | WARNING | ¡ALERTA! Conexión caída o congelada. Reiniciando sistema YA...
17:05:28 | INFO | MarketManager iniciado con 7 activos (MODO ESTÁTICO).
17:05:32 | INFO | Sistema Operativo - Monitoreando lista estatica
17:06:04 | WARNING | ¡ALERTA! Conexión caída o congelada. Reiniciando sistema YA...
17:06:05 | INFO | MarketManager iniciado con 7 activos (MODO ESTÁTICO).
17:06:10 | INFO | Sistema Operativo - Monitoreando lista estatica
17:06:41 | WARNING | ¡ALERTA! Conexión caída o congelada. Reiniciando sistema YA...
17:06:43 | INFO | MarketManager iniciado con 7 activos (MODO ESTÁTICO).
17:06:47 | INFO | Sistema Operativo - Monitoreando lista estatica
17:07:19 | WARNING | ¡ALERTA! Conexión caída o congelada. Reiniciando sistema YA...
17:07:21 | INFO | MarketManager iniciado con 7 activos (MODO ESTÁTICO).
17:07:24 | INFO | Sistema Operativo - Monitoreando lista estatica
17:07:56 | WARNING | ¡ALERTA! Conexión caída o congelada. Reiniciando sistema YA...
17:07:58 | INFO | MarketManager iniciado con 7 activos (MODO ESTÁTICO).
17:08:03 | INFO | Sistema Operativo - Monitoreando lista estatica
17:08:35 | WARNING | ¡ALERTA! Conexión caída o congelada. Reiniciando sistema YA...
17:08:36 | INFO | MarketManager iniciado con 7 activos (MODO ESTÁTICO).
17:08:41 | INFO | Sistema Operativo - Monitoreando lista estatica
17:09:13 | WARNING | ¡ALERTA! Conexión caída o congelada. Reiniciando sistema YA...
17:09:15 | INFO | MarketManager iniciado con 7 activos (MODO ESTÁTICO).
17:09:19 | INFO | Sistema Operativo - Monitoreando lista estatica
17:09:51 | WARNING | ¡ALERTA! Conexión caída o congelada. Reiniciando sistema YA...
17:09:53 | INFO | MarketManager iniciado con 7 activos (MODO ESTÁTICO).
17:09:57 | INFO | Sistema Operativo - Monitoreando lista estatica
17:10:29 | WARNING | ¡ALERTA! Conexión caída o congelada. Reiniciando sistema YA...
17:10:30 | INFO | MarketManager iniciado con 7 activos (MODO ESTÁTICO).
17:10:34 | INFO | Sistema Operativo - Monitoreando lista estatica
17:11:06 | WARNING | ¡ALERTA! Conexión caída o congelada. Reiniciando sistema YA...
17:11:07 | INFO | MarketManager iniciado con 7 activos (MODO ESTÁTICO).
17:11:12 | INFO | Sistema Operativo - Monitoreando lista estatica
17:11:44 | WARNING | ¡ALERTA! Conexión caída o congelada. Reiniciando sistema YA...
17:11:45 | INFO | MarketManager iniciado con 7 activos (MODO ESTÁTICO).
17:11:50 | INFO | Sistema Operativo - Monitoreando lista estatica
17:12:22 | WARNING | ¡ALERTA! Conexión caída o congelada. Reiniciando sistema YA...
17:12:23 | INFO | MarketManager iniciado con 7 activos (MODO ESTÁTICO).
17:12:27 | INFO | Sistema Operativo - Monitoreando lista estatica
17:12:59 | WARNING | ¡ALERTA! Conexión caída o congelada. Reiniciando sistema YA...
17:13:01 | INFO | MarketManager iniciado con 7 activos (MODO ESTÁTICO).
17:13:04 | INFO | Sistema Operativo - Monitoreando lista estatica
17:13:36 | WARNING | ¡ALERTA! Conexión caída o congelada. Reiniciando sistema YA...
17:13:39 | INFO | MarketManager iniciado con 7 activos (MODO ESTÁTICO).
17:13:42 | INFO | Sistema Operativo - Monitoreando lista estatica
17:14:14 | WARNING | ¡ALERTA! Conexión caída o congelada. Reiniciando sistema YA...
17:14:16 | INFO | MarketManager iniciado con 7 activos (MODO ESTÁTICO).
17:14:19 | INFO | Sistema Operativo - Monitoreando lista estatica
17:14:51 | WARNING | ¡ALERTA! Conexión caída o congelada. Reiniciando sistema YA...
17:14:53 | INFO | MarketManager iniciado con 7 activos (MODO ESTÁTICO).
17:14:56 | INFO | Sistema Operativo - Monitoreando lista estatica
17:15:28 | WARNING | ¡ALERTA! Conexión caída o congelada. Reiniciando sistema YA...
17:15:30 | INFO | MarketManager iniciado con 7 activos (MODO ESTÁTICO).
17:15:34 | INFO | Sistema Operativo - Monitoreando lista estatica
17:16:05 | WARNING | ¡ALERTA! Conexión caída o congelada. Reiniciando sistema YA...
17:16:06 | INFO | MarketManager iniciado con 7 activos (MODO ESTÁTICO).
17:16:10 | INFO | Sistema Operativo - Monitoreando lista estatica
17:16:41 | WARNING | ¡ALERTA! Conexión caída o congelada. Reiniciando sistema YA...
17:16:43 | INFO | MarketManager iniciado con 7 activos (MODO ESTÁTICO).
17:16:47 | INFO | Sistema Operativo - Monitoreando lista estatica
17:17:19 | WARNING | ¡ALERTA! Conexión caída o congelada. Reiniciando sistema YA...
17:17:20 | INFO | MarketManager iniciado con 7 activos (MODO ESTÁTICO).
17:17:24 | INFO | Sistema Operativo - Monitoreando lista estatica
17:17:56 | WARNING | ¡ALERTA! Conexión caída o congelada. Reiniciando sistema YA...
17:17:58 | INFO | MarketManager iniciado con 7 activos (MODO ESTÁTICO).
17:18:02 | INFO | Sistema Operativo - Monitoreando lista estatica
17:18:34 | WARNING | ¡ALERTA! Conexión caída o congelada. Reiniciando sistema YA...
17:18:36 | INFO | MarketManager iniciado con 7 activos (MODO ESTÁTICO).
17:18:40 | INFO | Sistema Operativo - Monitoreando lista estatica
17:19:12 | WARNING | ¡ALERTA! Conexión caída o congelada. Reiniciando sistema YA...
17:19:14 | INFO | MarketManager iniciado con 7 activos (MODO ESTÁTICO).
17:19:17 | INFO | Sistema Operativo - Monitoreando lista estatica
17:19:49 | WARNING | ¡ALERTA! Conexión caída o congelada. Reiniciando sistema YA...
17:19:50 | INFO | MarketManager iniciado con 7 activos (MODO ESTÁTICO).
17:19:55 | INFO | Sistema Operativo - Monitoreando lista estatica
17:20:27 | WARNING | ¡ALERTA! Conexión caída o congelada. Reiniciando sistema YA...
17:20:28 | INFO | MarketManager iniciado con 7 activos (MODO ESTÁTICO).
17:20:32 | INFO | Sistema Operativo - Monitoreando lista estatica
17:21:04 | WARNING | ¡ALERTA! Conexión caída o congelada. Reiniciando sistema YA...
17:21:06 | INFO | MarketManager iniciado con 7 activos (MODO ESTÁTICO).
17:21:09 | INFO | Sistema Operativo - Monitoreando lista estatica
17:21:41 | WARNING | ¡ALERTA! Conexión caída o congelada. Reiniciando sistema YA...
17:21:43 | INFO | MarketManager iniciado con 7 activos (MODO ESTÁTICO).
17:21:47 | INFO | Sistema Operativo - Monitoreando lista estatica
17:22:19 | WARNING | ¡ALERTA! Conexión caída o congelada. Reiniciando sistema YA...
17:22:20 | INFO | MarketManager iniciado con 7 activos (MODO ESTÁTICO).
17:22:24 | INFO | Sistema Operativo - Monitoreando lista estatica
17:22:56 | WARNING | ¡ALERTA! Conexión caída o congelada. Reiniciando sistema YA...
17:22:57 | INFO | MarketManager iniciado con 7 activos (MODO ESTÁTICO).
17:23:02 | INFO | Sistema Operativo - Monitoreando lista estatica
17:23:32 | WARNING | ¡ALERTA! Conexión caída o congelada. Reiniciando sistema YA...
17:23:34 | INFO | MarketManager iniciado con 7 activos (MODO ESTÁTICO).
17:23:39 | INFO | Sistema Operativo - Monitoreando lista estatica
17:24:11 | WARNING | ¡ALERTA! Conexión caída o congelada. Reiniciando sistema YA...
17:24:13 | INFO | MarketManager iniciado con 7 activos (MODO ESTÁTICO).
17:24:16 | INFO | Sistema Operativo - Monitoreando lista estatica
17:24:48 | WARNING | ¡ALERTA! Conexión caída o congelada. Reiniciando sistema YA...
17:24:49 | INFO | MarketManager iniciado con 7 activos (MODO ESTÁTICO).
17:24:54 | INFO | Sistema Operativo - Monitoreando lista estatica
17:25:26 | WARNING | ¡ALERTA! Conexión caída o congelada. Reiniciando sistema YA...
17:25:26 | INFO | MarketManager iniciado con 7 activos (MODO ESTÁTICO).
17:25:30 | INFO | Sistema Operativo - Monitoreando lista estatica
17:26:02 | WARNING | ¡ALERTA! Conexión caída o congelada. Reiniciando sistema YA...
17:26:04 | INFO | MarketManager iniciado con 7 activos (MODO ESTÁTICO).
17:26:08 | INFO | Sistema Operativo - Monitoreando lista estatica
17:26:40 | WARNING | ¡ALERTA! Conexión caída o congelada. Reiniciando sistema YA...
17:26:42 | INFO | MarketManager iniciado con 7 activos (MODO ESTÁTICO).
17:26:45 | INFO | Sistema Operativo - Monitoreando lista estatica
17:27:17 | WARNING | ¡ALERTA! Conexión caída o congelada. Reiniciando sistema YA...
17:27:18 | INFO | MarketManager iniciado con 7 activos (MODO ESTÁTICO).
17:27:22 | INFO | Sistema Operativo - Monitoreando lista estatica
17:27:54 | WARNING | ¡ALERTA! Conexión caída o congelada. Reiniciando sistema YA...
17:27:56 | INFO | MarketManager iniciado con 7 activos (MODO ESTÁTICO).
17:28:00 | INFO | Sistema Operativo - Monitoreando lista estatica
17:28:32 | WARNING | ¡ALERTA! Conexión caída o congelada. Reiniciando sistema YA...
17:28:34 | INFO | MarketManager iniciado con 7 activos (MODO ESTÁTICO).
17:28:39 | INFO | Sistema Operativo - Monitoreando lista estatica
17:29:11 | WARNING | ¡ALERTA! Conexión caída o congelada. Reiniciando sistema YA...
17:29:12 | INFO | MarketManager iniciado con 7 activos (MODO ESTÁTICO).
17:29:16 | INFO | Sistema Operativo - Monitoreando lista estatica
17:29:48 | WARNING | ¡ALERTA! Conexión caída o congelada. Reiniciando sistema YA...
17:29:50 | INFO | MarketManager iniciado con 7 activos (MODO ESTÁTICO).
17:29:54 | INFO | Sistema Operativo - Monitoreando lista estatica
17:30:26 | WARNING | ¡ALERTA! Conexión caída o congelada. Reiniciando sistema YA...
17:30:26 | INFO | MarketManager iniciado con 7 activos (MODO ESTÁTICO).
17:30:29 | INFO | Sistema Operativo - Monitoreando lista estatica
17:31:01 | WARNING | ¡ALERTA! Conexión caída o congelada. Reiniciando sistema YA...
17:31:03 | INFO | MarketManager iniciado con 7 activos (MODO ESTÁTICO).
17:31:07 | INFO | Sistema Operativo - Monitoreando lista estatica
17:31:38 | WARNING | ¡ALERTA! Conexión caída o congelada. Reiniciando sistema YA...
17:31:40 | INFO | MarketManager iniciado con 7 activos (MODO ESTÁTICO).
17:31:44 | INFO | Sistema Operativo - Monitoreando lista estatica
17:32:15 | WARNING | ¡ALERTA! Conexión caída o congelada. Reiniciando sistema YA...
17:32:17 | INFO | MarketManager iniciado con 7 activos (MODO ESTÁTICO).
17:32:21 | INFO | Sistema Operativo - Monitoreando lista estatica
17:32:53 | WARNING | ¡ALERTA! Conexión caída o congelada. Reiniciando sistema YA...
17:32:55 | INFO | MarketManager iniciado con 7 activos (MODO ESTÁTICO).
17:32:59 | INFO | Sistema Operativo - Monitoreando lista estatica
17:33:31 | WARNING | ¡ALERTA! Conexión caída o congelada. Reiniciando sistema YA...
17:33:33 | INFO | MarketManager iniciado con 7 activos (MODO ESTÁTICO).
17:33:36 | INFO | Sistema Operativo - Monitoreando lista estatica
17:34:08 | WARNING | ¡ALERTA! Conexión caída o congelada. Reiniciando sistema YA...
17:34:10 | INFO | MarketManager iniciado con 7 activos (MODO ESTÁTICO).
17:34:14 | INFO | Sistema Operativo - Monitoreando lista estatica
17:34:45 | WARNING | ¡ALERTA! Conexión caída o congelada. Reiniciando sistema YA...
17:34:46 | INFO | MarketManager iniciado con 7 activos (MODO ESTÁTICO).
17:34:49 | INFO | Sistema Operativo - Monitoreando lista estatica
17:35:19 | WARNING | ¡ALERTA! Conexión caída o congelada. Reiniciando sistema YA...
17:35:21 | INFO | MarketManager iniciado con 7 activos (MODO ESTÁTICO).
17:35:25 | INFO | Sistema Operativo - Monitoreando lista estatica
17:35:57 | WARNING | ¡ALERTA! Conexión caída o congelada. Reiniciando sistema YA...
17:35:58 | INFO | MarketManager iniciado con 7 activos (MODO ESTÁTICO).
17:36:02 | INFO | Sistema Operativo - Monitoreando lista estatica
17:36:34 | WARNING | ¡ALERTA! Conexión caída o congelada. Reiniciando sistema YA...
17:36:35 | INFO | MarketManager iniciado con 7 activos (MODO ESTÁTICO).
17:36:39 | INFO | Sistema Operativo - Monitoreando lista estatica
17:37:11 | WARNING | ¡ALERTA! Conexión caída o congelada. Reiniciando sistema YA...
17:37:12 | INFO | MarketManager iniciado con 7 activos (MODO ESTÁTICO).
17:37:17 | INFO | Sistema Operativo - Monitoreando lista estatica
17:37:48 | WARNING | ¡ALERTA! Conexión caída o congelada. Reiniciando sistema YA...
17:37:50 | INFO | MarketManager iniciado con 7 activos (MODO ESTÁTICO).
17:37:54 | INFO | Sistema Operativo - Monitoreando lista estatica
17:38:26 | WARNING | ¡ALERTA! Conexión caída o congelada. Reiniciando sistema YA...
17:38:27 | INFO | MarketManager iniciado con 7 activos (MODO ESTÁTICO).
17:38:30 | INFO | Sistema Operativo - Monitoreando lista estatica
17:39:02 | WARNING | ¡ALERTA! Conexión caída o congelada. Reiniciando sistema YA...
17:39:04 | INFO | MarketManager iniciado con 7 activos (MODO ESTÁTICO).
17:39:07 | INFO | Sistema Operativo - Monitoreando lista estatica
17:39:38 | WARNING | ¡ALERTA! Conexión caída o congelada. Reiniciando sistema YA...
17:39:40 | INFO | MarketManager iniciado con 7 activos (MODO ESTÁTICO).
17:39:43 | INFO | Sistema Operativo - Monitoreando lista estatica
17:40:14 | WARNING | ¡ALERTA! Conexión caída o congelada. Reiniciando sistema YA...
17:40:16 | INFO | MarketManager iniciado con 7 activos (MODO ESTÁTICO).
17:40:19 | INFO | Sistema Operativo - Monitoreando lista estatica
17:40:51 | WARNING | ¡ALERTA! Conexión caída o congelada. Reiniciando sistema YA...
17:40:52 | INFO | MarketManager iniciado con 7 activos (MODO ESTÁTICO).
17:40:55 | INFO | Sistema Operativo - Monitoreando lista estatica
17:41:27 | WARNING | ¡ALERTA! Conexión caída o congelada. Reiniciando sistema YA...
17:41:29 | INFO | MarketManager iniciado con 7 activos (MODO ESTÁTICO).
17:41:32 | INFO | Sistema Operativo - Monitoreando lista estatica
17:42:03 | WARNING | ¡ALERTA! Conexión caída o congelada. Reiniciando sistema YA...
17:42:05 | INFO | MarketManager iniciado con 7 activos (MODO ESTÁTICO).
17:42:09 | INFO | Sistema Operativo - Monitoreando lista estatica
17:42:41 | WARNING | ¡ALERTA! Conexión caída o congelada. Reiniciando sistema YA...
17:42:42 | INFO | MarketManager iniciado con 7 activos (MODO ESTÁTICO).
17:42:45 | INFO | Sistema Operativo - Monitoreando lista estatica
17:43:17 | WARNING | ¡ALERTA! Conexión caída o congelada. Reiniciando sistema YA...
17:43:19 | INFO | MarketManager iniciado con 7 activos (MODO ESTÁTICO).
17:43:23 | INFO | Sistema Operativo - Monitoreando lista estatica
17:43:55 | WARNING | ¡ALERTA! Conexión caída o congelada. Reiniciando sistema YA...
17:43:56 | INFO | MarketManager iniciado con 7 activos (MODO ESTÁTICO).
17:43:59 | INFO | Sistema Operativo - Monitoreando lista estatica
17:44:31 | WARNING | ¡ALERTA! Conexión caída o congelada. Reiniciando sistema YA...
17:44:33 | INFO | MarketManager iniciado con 7 activos (MODO ESTÁTICO).
17:44:37 | INFO | Sistema Operativo - Monitoreando lista estatica
17:45:09 | WARNING | ¡ALERTA! Conexión caída o congelada. Reiniciando sistema YA...
17:45:11 | INFO | MarketManager iniciado con 7 activos (MODO ESTÁTICO).
17:45:13 | INFO | Sistema Operativo - Monitoreando lista estatica
17:45:45 | WARNING | ¡ALERTA! Conexión caída o congelada. Reiniciando sistema YA...
17:45:47 | INFO | MarketManager iniciado con 7 activos (MODO ESTÁTICO).
17:45:50 | INFO | Sistema Operativo - Monitoreando lista estatica
17:46:21 | WARNING | ¡ALERTA! Conexión caída o congelada. Reiniciando sistema YA...
17:46:22 | INFO | MarketManager iniciado con 7 activos (MODO ESTÁTICO).
17:46:26 | INFO | Sistema Operativo - Monitoreando lista estatica
17:46:58 | WARNING | ¡ALERTA! Conexión caída o congelada. Reiniciando sistema YA...
17:47:00 | INFO | MarketManager iniciado con 7 activos (MODO ESTÁTICO).
17:47:03 | INFO | Sistema Operativo - Monitoreando lista estatica
17:47:34 | WARNING | ¡ALERTA! Conexión caída o congelada. Reiniciando sistema YA...
17:47:36 | INFO | MarketManager iniciado con 7 activos (MODO ESTÁTICO).
17:47:40 | INFO | Sistema Operativo - Monitoreando lista estatica
17:48:12 | WARNING | ¡ALERTA! Conexión caída o congelada. Reiniciando sistema YA...
17:48:14 | INFO | MarketManager iniciado con 7 activos (MODO ESTÁTICO).
17:48:18 | INFO | Sistema Operativo - Monitoreando lista estatica
17:48:50 | WARNING | ¡ALERTA! Conexión caída o congelada. Reiniciando sistema YA...
17:48:52 | INFO | MarketManager iniciado con 7 activos (MODO ESTÁTICO).
17:48:56 | INFO | Sistema Operativo - Monitoreando lista estatica
17:49:27 | WARNING | ¡ALERTA! Conexión caída o congelada. Reiniciando sistema YA...
17:49:29 | INFO | MarketManager iniciado con 7 activos (MODO ESTÁTICO).
17:49:33 | INFO | Sistema Operativo - Monitoreando lista estatica
17:50:05 | WARNING | ¡ALERTA! Conexión caída o congelada. Reiniciando sistema YA...
17:50:06 | INFO | MarketManager iniciado con 7 activos (MODO ESTÁTICO).
17:50:10 | INFO | Sistema Operativo - Monitoreando lista estatica
17:50:42 | WARNING | ¡ALERTA! Conexión caída o congelada. Reiniciando sistema YA...
17:50:43 | INFO | MarketManager iniciado con 7 activos (MODO ESTÁTICO).
17:50:47 | INFO | Sistema Operativo - Monitoreando lista estatica
17:51:17 | WARNING | ¡ALERTA! Conexión caída o congelada. Reiniciando sistema YA...
17:51:19 | INFO | MarketManager iniciado con 7 activos (MODO ESTÁTICO).
17:51:22 | INFO | Sistema Operativo - Monitoreando lista estatica
17:51:54 | WARNING | ¡ALERTA! Conexión caída o congelada. Reiniciando sistema YA...
17:51:55 | INFO | MarketManager iniciado con 7 activos (MODO ESTÁTICO).
17:51:59 | INFO | Sistema Operativo - Monitoreando lista estatica
17:52:31 | WARNING | ¡ALERTA! Conexión caída o congelada. Reiniciando sistema YA...
17:52:32 | INFO | MarketManager iniciado con 7 activos (MODO ESTÁTICO).
17:52:36 | INFO | Sistema Operativo - Monitoreando lista estatica
17:53:08 | WARNING | ¡ALERTA! Conexión caída o congelada. Reiniciando sistema YA...
17:53:10 | INFO | MarketManager iniciado con 7 activos (MODO ESTÁTICO).
17:53:15 | INFO | Sistema Operativo - Monitoreando lista estatica
17:53:24 | INFO | Detencion manual detectada. Cerrando procesos...
17:53:24 | INFO | WebSocket desconectado. Bot fuera de linea.
10:09:15 | INFO | MarketManager iniciado con 7 activos (MODO ESTÁTICO).
10:09:21 | INFO | Sistema Operativo - Monitoreando lista estatica
10:09:53 | WARNING | ¡ALERTA! Conexión caída o congelada. Reiniciando sistema YA...
10:09:54 | INFO | MarketManager iniciado con 7 activos (MODO ESTÁTICO).
10:09:58 | INFO | Sistema Operativo - Monitoreando lista estatica
10:10:28 | WARNING | ¡ALERTA! Conexión caída o congelada. Reiniciando sistema YA...
10:10:30 | INFO | MarketManager iniciado con 7 activos (MODO ESTÁTICO).
10:10:34 | INFO | Sistema Operativo - Monitoreando lista estatica
10:11:06 | WARNING | ¡ALERTA! Conexión caída o congelada. Reiniciando sistema YA...
10:11:08 | INFO | MarketManager iniciado con 7 activos (MODO ESTÁTICO).
10:11:12 | INFO | Sistema Operativo - Monitoreando lista estatica
10:11:44 | WARNING | ¡ALERTA! Conexión caída o congelada. Reiniciando sistema YA...
10:11:49 | INFO | MarketManager iniciado con 7 activos (MODO ESTÁTICO).
10:11:53 | INFO | Sistema Operativo - Monitoreando lista estatica
10:12:25 | WARNING | ¡ALERTA! Conexión caída o congelada. Reiniciando sistema YA...
10:12:26 | INFO | MarketManager iniciado con 7 activos (MODO ESTÁTICO).
10:12:30 | INFO | Sistema Operativo - Monitoreando lista estatica
10:13:02 | WARNING | ¡ALERTA! Conexión caída o congelada. Reiniciando sistema YA...
10:13:04 | INFO | MarketManager iniciado con 7 activos (MODO ESTÁTICO).
10:13:07 | INFO | Sistema Operativo - Monitoreando lista estatica
10:13:21 | WARNING | Falla API Google (Intento 1/3). Reintento en 3s...
10:13:38 | WARNING | ¡ALERTA! Conexión caída o congelada. Reiniciando sistema YA...
10:13:39 | INFO | MarketManager iniciado con 7 activos (MODO ESTÁTICO).
10:13:43 | INFO | Sistema Operativo - Monitoreando lista estatica
10:14:15 | WARNING | ¡ALERTA! Conexión caída o congelada. Reiniciando sistema YA...
10:14:16 | INFO | MarketManager iniciado con 7 activos (MODO ESTÁTICO).
10:14:21 | INFO | Sistema Operativo - Monitoreando lista estatica
10:14:53 | WARNING | ¡ALERTA! Conexión caída o congelada. Reiniciando sistema YA...
10:14:54 | INFO | MarketManager iniciado con 7 activos (MODO ESTÁTICO).
10:14:57 | INFO | Sistema Operativo - Monitoreando lista estatica
10:15:20 | WARNING | Falla API Google (Intento 1/3). Reintento en 3s...
10:15:28 | WARNING | ¡ALERTA! Conexión caída o congelada. Reiniciando sistema YA...
10:15:30 | INFO | MarketManager iniciado con 7 activos (MODO ESTÁTICO).
10:15:33 | INFO | Sistema Operativo - Monitoreando lista estatica
10:16:05 | WARNING | ¡ALERTA! Conexión caída o congelada. Reiniciando sistema YA...
10:16:06 | INFO | MarketManager iniciado con 7 activos (MODO ESTÁTICO).
10:16:09 | INFO | Sistema Operativo - Monitoreando lista estatica
10:16:41 | WARNING | ¡ALERTA! Conexión caída o congelada. Reiniciando sistema YA...
10:16:43 | INFO | MarketManager iniciado con 7 activos (MODO ESTÁTICO).
10:16:47 | INFO | Sistema Operativo - Monitoreando lista estatica
10:17:19 | WARNING | ¡ALERTA! Conexión caída o congelada. Reiniciando sistema YA...
10:17:20 | INFO | MarketManager iniciado con 7 activos (MODO ESTÁTICO).
10:17:24 | INFO | Sistema Operativo - Monitoreando lista estatica
10:17:56 | WARNING | ¡ALERTA! Conexión caída o congelada. Reiniciando sistema YA...
10:17:58 | INFO | MarketManager iniciado con 7 activos (MODO ESTÁTICO).
10:18:02 | INFO | Sistema Operativo - Monitoreando lista estatica
10:18:22 | WARNING | Falla API Google (Intento 1/3). Reintento en 3s...
10:18:34 | WARNING | ¡ALERTA! Conexión caída o congelada. Reiniciando sistema YA...
10:18:36 | INFO | MarketManager iniciado con 7 activos (MODO ESTÁTICO).
10:18:40 | INFO | Sistema Operativo - Monitoreando lista estatica
10:19:12 | WARNING | ¡ALERTA! Conexión caída o congelada. Reiniciando sistema YA...
10:19:13 | INFO | MarketManager iniciado con 7 activos (MODO ESTÁTICO).
10:19:17 | INFO | Sistema Operativo - Monitoreando lista estatica
10:19:49 | WARNING | ¡ALERTA! Conexión caída o congelada. Reiniciando sistema YA...
10:19:50 | INFO | MarketManager iniciado con 7 activos (MODO ESTÁTICO).
10:19:57 | INFO | Sistema Operativo - Monitoreando lista estatica
10:20:19 | WARNING | Falla API Google (Intento 1/3). Reintento en 3s...
10:20:27 | WARNING | ¡ALERTA! Conexión caída o congelada. Reiniciando sistema YA...
10:20:29 | INFO | MarketManager iniciado con 7 activos (MODO ESTÁTICO).
10:20:32 | INFO | Sistema Operativo - Monitoreando lista estatica
10:21:04 | WARNING | ¡ALERTA! Conexión caída o congelada. Reiniciando sistema YA...
10:21:05 | INFO | MarketManager iniciado con 7 activos (MODO ESTÁTICO).
10:21:09 | INFO | Sistema Operativo - Monitoreando lista estatica
10:21:23 | WARNING | Falla API Google (Intento 1/3). Reintento en 3s...
10:21:41 | WARNING | ¡ALERTA! Conexión caída o congelada. Reiniciando sistema YA...
10:21:43 | INFO | MarketManager iniciado con 7 activos (MODO ESTÁTICO).
10:21:48 | INFO | Sistema Operativo - Monitoreando lista estatica
10:22:20 | WARNING | ¡ALERTA! Conexión caída o congelada. Reiniciando sistema YA...
10:22:22 | INFO | MarketManager iniciado con 7 activos (MODO ESTÁTICO).
10:22:25 | INFO | Sistema Operativo - Monitoreando lista estatica
10:22:57 | WARNING | ¡ALERTA! Conexión caída o congelada. Reiniciando sistema YA...
10:22:58 | INFO | MarketManager iniciado con 7 activos (MODO ESTÁTICO).
10:23:02 | INFO | Sistema Operativo - Monitoreando lista estatica
10:23:23 | WARNING | Falla API Google (Intento 1/3). Reintento en 3s...
10:23:33 | WARNING | ¡ALERTA! Conexión caída o congelada. Reiniciando sistema YA...
10:23:35 | INFO | MarketManager iniciado con 7 activos (MODO ESTÁTICO).
10:23:39 | INFO | Sistema Operativo - Monitoreando lista estatica
10:24:11 | WARNING | ¡ALERTA! Conexión caída o congelada. Reiniciando sistema YA...
10:24:13 | INFO | MarketManager iniciado con 7 activos (MODO ESTÁTICO).
10:24:17 | INFO | Sistema Operativo - Monitoreando lista estatica
10:24:49 | WARNING | ¡ALERTA! Conexión caída o congelada. Reiniciando sistema YA...
10:24:50 | INFO | MarketManager iniciado con 7 activos (MODO ESTÁTICO).
10:24:55 | INFO | Sistema Operativo - Monitoreando lista estatica
10:25:23 | WARNING | Falla API Google (Intento 1/3). Reintento en 3s...
10:25:42 | WARNING | ¡ALERTA! Conexión caída o congelada. Reiniciando sistema YA...
10:25:45 | INFO | MarketManager iniciado con 7 activos (MODO ESTÁTICO).
10:25:48 | INFO | Sistema Operativo - Monitoreando lista estatica
10:26:21 | WARNING | ¡ALERTA! Conexión caída o congelada. Reiniciando sistema YA...
10:26:23 | INFO | MarketManager iniciado con 7 activos (MODO ESTÁTICO).
10:26:27 | INFO | Sistema Operativo - Monitoreando lista estatica
10:26:59 | WARNING | ¡ALERTA! Conexión caída o congelada. Reiniciando sistema YA...
10:27:01 | INFO | MarketManager iniciado con 7 activos (MODO ESTÁTICO).
10:27:05 | INFO | Sistema Operativo - Monitoreando lista estatica
10:27:36 | WARNING | ¡ALERTA! Conexión caída o congelada. Reiniciando sistema YA...
10:27:38 | INFO | MarketManager iniciado con 7 activos (MODO ESTÁTICO).
10:27:42 | INFO | Sistema Operativo - Monitoreando lista estatica
10:28:14 | WARNING | ¡ALERTA! Conexión caída o congelada. Reiniciando sistema YA...
10:28:14 | INFO | MarketManager iniciado con 7 activos (MODO ESTÁTICO).
10:28:18 | INFO | Sistema Operativo - Monitoreando lista estatica
10:28:23 | WARNING | Falla API Google (Intento 1/3). Reintento en 3s...
10:28:50 | WARNING | ¡ALERTA! Conexión caída o congelada. Reiniciando sistema YA...
10:28:52 | INFO | MarketManager iniciado con 7 activos (MODO ESTÁTICO).
10:29:00 | INFO | Sistema Operativo - Monitoreando lista estatica
10:29:31 | WARNING | ¡ALERTA! Conexión caída o congelada. Reiniciando sistema YA...
10:29:34 | INFO | MarketManager iniciado con 7 activos (MODO ESTÁTICO).
10:29:39 | INFO | Sistema Operativo - Monitoreando lista estatica
10:30:22 | WARNING | Falla API Google (Intento 1/3). Reintento en 3s...
10:31:17 | WARNING | Falla API Google (Intento 1/3). Reintento en 3s...
10:32:21 | WARNING | Falla API Google (Intento 1/3). Reintento en 3s...
10:34:19 | WARNING | Falla API Google (Intento 1/3). Reintento en 3s...
10:35:18 | WARNING | Falla API Google (Intento 1/3). Reintento en 3s...
10:36:20 | WARNING | Falla API Google (Intento 1/3). Reintento en 3s...
10:37:22 | WARNING | Falla API Google (Intento 1/3). Reintento en 3s...
10:38:19 | WARNING | Falla API Google (Intento 1/3). Reintento en 3s...
10:39:21 | WARNING | Falla API Google (Intento 1/3). Reintento en 3s...
10:40:20 | WARNING | Falla API Google (Intento 1/3). Reintento en 3s...
10:41:19 | WARNING | Falla API Google (Intento 1/3). Reintento en 3s...
10:43:19 | WARNING | Falla API Google (Intento 1/3). Reintento en 3s...
10:44:21 | WARNING | Falla API Google (Intento 1/3). Reintento en 3s...
10:45:21 | WARNING | Falla API Google (Intento 1/3). Reintento en 3s...
10:46:23 | WARNING | Falla API Google (Intento 1/3). Reintento en 3s...
10:47:20 | WARNING | Falla API Google (Intento 1/3). Reintento en 3s...
10:48:20 | WARNING | Falla API Google (Intento 1/3). Reintento en 3s...
10:50:18 | WARNING | Falla API Google (Intento 1/3). Reintento en 3s...
10:51:18 | WARNING | Falla API Google (Intento 1/3). Reintento en 3s...
10:52:20 | WARNING | Falla API Google (Intento 1/3). Reintento en 3s...
10:53:20 | WARNING | Falla API Google (Intento 1/3). Reintento en 3s...
10:54:22 | WARNING | Falla API Google (Intento 1/3). Reintento en 3s...
10:55:22 | WARNING | Falla API Google (Intento 1/3). Reintento en 3s...
10:56:17 | WARNING | Falla API Google (Intento 1/3). Reintento en 3s...
10:57:19 | WARNING | Falla API Google (Intento 1/3). Reintento en 3s...
10:58:18 | WARNING | Falla API Google (Intento 1/3). Reintento en 3s...
10:59:21 | WARNING | Falla API Google (Intento 1/3). Reintento en 3s...
11:00:22 | WARNING | Falla API Google (Intento 1/3). Reintento en 3s...
11:01:20 | WARNING | Falla API Google (Intento 1/3). Reintento en 3s...
11:02:21 | WARNING | Falla API Google (Intento 1/3). Reintento en 3s...
11:03:22 | WARNING | Falla API Google (Intento 1/3). Reintento en 3s...
11:05:19 | WARNING | Falla API Google (Intento 1/3). Reintento en 3s...
11:06:19 | WARNING | Falla API Google (Intento 1/3). Reintento en 3s...
11:08:20 | WARNING | Falla API Google (Intento 1/3). Reintento en 3s...
11:09:22 | WARNING | Falla API Google (Intento 1/3). Reintento en 3s...
11:10:22 | WARNING | Falla API Google (Intento 1/3). Reintento en 3s...
11:11:17 | WARNING | Falla API Google (Intento 1/3). Reintento en 3s...
11:12:18 | WARNING | Falla API Google (Intento 1/3). Reintento en 3s...
11:13:18 | WARNING | Falla API Google (Intento 1/3). Reintento en 3s...
11:14:17 | WARNING | Falla API Google (Intento 1/3). Reintento en 3s...
11:15:21 | WARNING | Falla API Google (Intento 1/3). Reintento en 3s...
11:16:21 | WARNING | Falla API Google (Intento 1/3). Reintento en 3s...
11:17:19 | WARNING | Falla API Google (Intento 1/3). Reintento en 3s...
11:18:20 | WARNING | Falla API Google (Intento 1/3). Reintento en 3s...
11:20:19 | WARNING | Falla API Google (Intento 1/3). Reintento en 3s...
11:22:19 | WARNING | Falla API Google (Intento 1/3). Reintento en 3s...
11:23:19 | WARNING | Falla API Google (Intento 1/3). Reintento en 3s...
11:25:20 | WARNING | Falla API Google (Intento 1/3). Reintento en 3s...
11:26:20 | WARNING | Falla API Google (Intento 1/3). Reintento en 3s...
11:27:20 | WARNING | Falla API Google (Intento 1/3). Reintento en 3s...
11:28:22 | WARNING | Falla API Google (Intento 1/3). Reintento en 3s...
11:29:21 | WARNING | Falla API Google (Intento 1/3). Reintento en 3s...
11:30:21 | WARNING | Falla API Google (Intento 1/3). Reintento en 3s...
11:31:17 | WARNING | Falla API Google (Intento 1/3). Reintento en 3s...
11:32:23 | WARNING | Falla API Google (Intento 1/3). Reintento en 3s...
11:34:17 | WARNING | Falla API Google (Intento 1/3). Reintento en 3s...
11:35:21 | WARNING | Falla API Google (Intento 1/3). Reintento en 3s...
11:36:22 | WARNING | Falla API Google (Intento 1/3). Reintento en 3s...
11:37:22 | WARNING | Falla API Google (Intento 1/3). Reintento en 3s...
11:38:20 | WARNING | Falla API Google (Intento 1/3). Reintento en 3s...
11:40:22 | WARNING | Falla API Google (Intento 1/3). Reintento en 3s...
11:42:18 | WARNING | Falla API Google (Intento 1/3). Reintento en 3s...
11:43:22 | WARNING | Falla API Google (Intento 1/3). Reintento en 3s...
11:44:20 | WARNING | Falla API Google (Intento 1/3). Reintento en 3s...
11:45:22 | WARNING | Falla API Google (Intento 1/3). Reintento en 3s...
11:46:17 | WARNING | Falla API Google (Intento 1/3). Reintento en 3s...
11:47:19 | WARNING | Falla API Google (Intento 1/3). Reintento en 3s...
11:48:22 | WARNING | Falla API Google (Intento 1/3). Reintento en 3s...
11:49:22 | WARNING | Falla API Google (Intento 1/3). Reintento en 3s...
11:50:22 | WARNING | Falla API Google (Intento 1/3). Reintento en 3s...
11:51:22 | WARNING | Falla API Google (Intento 1/3). Reintento en 3s...
11:52:22 | WARNING | Falla API Google (Intento 1/3). Reintento en 3s...
11:53:19 | WARNING | Falla API Google (Intento 1/3). Reintento en 3s...
11:54:19 | WARNING | Falla API Google (Intento 1/3). Reintento en 3s...
11:55:21 | WARNING | Falla API Google (Intento 1/3). Reintento en 3s...
11:56:22 | WARNING | Falla API Google (Intento 1/3). Reintento en 3s...
11:57:22 | WARNING | Falla API Google (Intento 1/3). Reintento en 3s...
11:58:21 | WARNING | Falla API Google (Intento 1/3). Reintento en 3s...
11:59:19 | WARNING | Falla API Google (Intento 1/3). Reintento en 3s...
12:00:19 | WARNING | Falla API Google (Intento 1/3). Reintento en 3s...
12:01:21 | WARNING | Falla API Google (Intento 1/3). Reintento en 3s...
12:02:21 | WARNING | Falla API Google (Intento 1/3). Reintento en 3s...
12:03:22 | WARNING | Falla API Google (Intento 1/3). Reintento en 3s...
12:04:22 | WARNING | Falla API Google (Intento 1/3). Reintento en 3s...
12:05:17 | WARNING | Falla API Google (Intento 1/3). Reintento en 3s...
12:06:20 | WARNING | Falla API Google (Intento 1/3). Reintento en 3s...
12:07:22 | WARNING | Falla API Google (Intento 1/3). Reintento en 3s...
12:08:20 | WARNING | Falla API Google (Intento 1/3). Reintento en 3s...
12:09:22 | WARNING | Falla API Google (Intento 1/3). Reintento en 3s...
12:10:17 | WARNING | Falla API Google (Intento 1/3). Reintento en 3s...
12:11:20 | WARNING | Falla API Google (Intento 1/3). Reintento en 3s...
12:12:22 | WARNING | Falla API Google (Intento 1/3). Reintento en 3s...
12:13:19 | WARNING | Falla API Google (Intento 1/3). Reintento en 3s...
12:14:19 | WARNING | Falla API Google (Intento 1/3). Reintento en 3s...
12:15:20 | WARNING | Falla API Google (Intento 1/3). Reintento en 3s...
12:17:21 | WARNING | Falla API Google (Intento 1/3). Reintento en 3s...
12:18:21 | WARNING | Falla API Google (Intento 1/3). Reintento en 3s...
12:19:19 | WARNING | Falla API Google (Intento 1/3). Reintento en 3s...
12:20:21 | WARNING | Falla API Google (Intento 1/3). Reintento en 3s...
12:21:21 | WARNING | Falla API Google (Intento 1/3). Reintento en 3s...
12:22:21 | WARNING | Falla API Google (Intento 1/3). Reintento en 3s...
12:24:20 | WARNING | Falla API Google (Intento 1/3). Reintento en 3s...
12:25:22 | WARNING | Falla API Google (Intento 1/3). Reintento en 3s...
12:27:19 | WARNING | Falla API Google (Intento 1/3). Reintento en 3s...
12:28:19 | WARNING | Falla API Google (Intento 1/3). Reintento en 3s...
12:29:23 | WARNING | Falla API Google (Intento 1/3). Reintento en 3s...
12:30:22 | WARNING | Falla API Google (Intento 1/3). Reintento en 3s...
12:31:19 | WARNING | Falla API Google (Intento 1/3). Reintento en 3s...
12:32:21 | WARNING | Falla API Google (Intento 1/3). Reintento en 3s...
12:33:20 | WARNING | Falla API Google (Intento 1/3). Reintento en 3s...
12:34:16 | WARNING | Falla API Google (Intento 1/3). Reintento en 3s...
12:35:18 | WARNING | Falla API Google (Intento 1/3). Reintento en 3s...
12:36:21 | WARNING | Falla API Google (Intento 1/3). Reintento en 3s...
12:37:22 | WARNING | Falla API Google (Intento 1/3). Reintento en 3s...
12:38:19 | WARNING | Falla API Google (Intento 1/3). Reintento en 3s...
12:39:20 | WARNING | Falla API Google (Intento 1/3). Reintento en 3s...
12:40:20 | WARNING | Falla API Google (Intento 1/3). Reintento en 3s...
12:42:20 | WARNING | Falla API Google (Intento 1/3). Reintento en 3s...
12:43:22 | WARNING | Falla API Google (Intento 1/3). Reintento en 3s...
12:45:18 | WARNING | Falla API Google (Intento 1/3). Reintento en 3s...
12:46:23 | WARNING | Falla API Google (Intento 1/3). Reintento en 3s...
12:47:18 | WARNING | Falla API Google (Intento 1/3). Reintento en 3s...
12:48:18 | WARNING | Falla API Google (Intento 1/3). Reintento en 3s...
12:49:19 | WARNING | Falla API Google (Intento 1/3). Reintento en 3s...
12:50:23 | WARNING | Falla API Google (Intento 1/3). Reintento en 3s...
12:51:20 | WARNING | Falla API Google (Intento 1/3). Reintento en 3s...
12:52:20 | WARNING | Falla API Google (Intento 1/3). Reintento en 3s...
12:53:20 | WARNING | Falla API Google (Intento 1/3). Reintento en 3s...
12:54:20 | WARNING | Falla API Google (Intento 1/3). Reintento en 3s...
12:55:22 | WARNING | Falla API Google (Intento 1/3). Reintento en 3s...
12:56:21 | WARNING | Falla API Google (Intento 1/3). Reintento en 3s...
12:58:20 | WARNING | Falla API Google (Intento 1/3). Reintento en 3s...
12:59:23 | WARNING | Falla API Google (Intento 1/3). Reintento en 3s...
13:00:21 | WARNING | Falla API Google (Intento 1/3). Reintento en 3s...
13:01:19 | WARNING | Falla API Google (Intento 1/3). Reintento en 3s...
13:03:18 | WARNING | Falla API Google (Intento 1/3). Reintento en 3s...
13:04:21 | WARNING | Falla API Google (Intento 1/3). Reintento en 3s...
13:05:17 | WARNING | Falla API Google (Intento 1/3). Reintento en 3s...
13:06:20 | WARNING | Falla API Google (Intento 1/3). Reintento en 3s...
13:08:17 | WARNING | Falla API Google (Intento 1/3). Reintento en 3s...
13:10:17 | WARNING | Falla API Google (Intento 1/3). Reintento en 3s...
13:11:20 | WARNING | Falla API Google (Intento 1/3). Reintento en 3s...
13:13:17 | WARNING | Falla API Google (Intento 1/3). Reintento en 3s...
13:14:19 | WARNING | Falla API Google (Intento 1/3). Reintento en 3s...
13:15:21 | WARNING | Falla API Google (Intento 1/3). Reintento en 3s...
13:16:20 | WARNING | Falla API Google (Intento 1/3). Reintento en 3s...
13:19:20 | WARNING | Falla API Google (Intento 1/3). Reintento en 3s...
13:20:23 | WARNING | Falla API Google (Intento 1/3). Reintento en 3s...
13:21:20 | WARNING | Falla API Google (Intento 1/3). Reintento en 3s...
13:22:21 | WARNING | Falla API Google (Intento 1/3). Reintento en 3s...
13:23:22 | WARNING | Falla API Google (Intento 1/3). Reintento en 3s...
13:24:20 | WARNING | Falla API Google (Intento 1/3). Reintento en 3s...
13:25:23 | WARNING | Falla API Google (Intento 1/3). Reintento en 3s...
13:27:21 | WARNING | Falla API Google (Intento 1/3). Reintento en 3s...
13:29:19 | WARNING | Falla API Google (Intento 1/3). Reintento en 3s...
13:30:22 | WARNING | Falla API Google (Intento 1/3). Reintento en 3s...
13:31:21 | WARNING | Falla API Google (Intento 1/3). Reintento en 3s...
13:33:21 | WARNING | Falla API Google (Intento 1/3). Reintento en 3s...
13:34:22 | WARNING | Falla API Google (Intento 1/3). Reintento en 3s...
13:34:27 | ERROR | Error de conexion a Google Sheets: HTTPSConnectionPool(host='sheets.googleapis.com', port=443): Max retries exceeded with url: /v4/spreadsheets/1Z2fhlM1PmtRiP3VWxQFvr6JPCco6IVouVzCrpPdSF1U?includeGridData=false (Caused by SSLError(SSLError(1, '[SSL: SSLV3_ALERT_BAD_RECORD_MAC] sslv3 alert bad record mac (_ssl.c:2559)')))
13:35:20 | WARNING | Falla API Google (Intento 1/3). Reintento en 3s...
13:36:22 | WARNING | Falla API Google (Intento 1/3). Reintento en 3s...
13:38:18 | WARNING | Falla API Google (Intento 1/3). Reintento en 3s...
13:39:22 | WARNING | Falla API Google (Intento 1/3). Reintento en 3s...
13:40:22 | WARNING | Falla API Google (Intento 1/3). Reintento en 3s...
13:41:20 | WARNING | Falla API Google (Intento 1/3). Reintento en 3s...
13:43:19 | WARNING | Falla API Google (Intento 1/3). Reintento en 3s...
13:44:21 | WARNING | Falla API Google (Intento 1/3). Reintento en 3s...
13:45:22 | WARNING | Falla API Google (Intento 1/3). Reintento en 3s...
13:47:22 | WARNING | Falla API Google (Intento 1/3). Reintento en 3s...
13:48:22 | WARNING | Falla API Google (Intento 1/3). Reintento en 3s...
13:49:20 | WARNING | Falla API Google (Intento 1/3). Reintento en 3s...
13:50:16 | WARNING | Falla API Google (Intento 1/3). Reintento en 3s...
13:51:18 | WARNING | Falla API Google (Intento 1/3). Reintento en 3s...
13:54:20 | WARNING | Falla API Google (Intento 1/3). Reintento en 3s...
13:55:22 | WARNING | Falla API Google (Intento 1/3). Reintento en 3s...
13:57:20 | WARNING | Falla API Google (Intento 1/3). Reintento en 3s...
13:58:17 | WARNING | Falla API Google (Intento 1/3). Reintento en 3s...
13:59:20 | WARNING | Falla API Google (Intento 1/3). Reintento en 3s...
14:00:22 | WARNING | Falla API Google (Intento 1/3). Reintento en 3s...
14:01:22 | WARNING | Falla API Google (Intento 1/3). Reintento en 3s...
14:02:22 | WARNING | Falla API Google (Intento 1/3). Reintento en 3s...
14:03:20 | WARNING | Falla API Google (Intento 1/3). Reintento en 3s...
14:04:22 | WARNING | Falla API Google (Intento 1/3). Reintento en 3s...
14:05:16 | WARNING | Falla API Google (Intento 1/3). Reintento en 3s...
14:06:18 | WARNING | Falla API Google (Intento 1/3). Reintento en 3s...
14:07:23 | WARNING | Falla API Google (Intento 1/3). Reintento en 3s...
14:08:23 | WARNING | Falla API Google (Intento 1/3). Reintento en 3s...
14:09:18 | WARNING | Falla API Google (Intento 1/3). Reintento en 3s...
14:12:15 | WARNING | Falla API Google (Intento 1/3). Reintento en 3s...
14:13:22 | WARNING | Falla API Google (Intento 1/3). Reintento en 3s...
14:14:22 | WARNING | Falla API Google (Intento 1/3). Reintento en 3s...
14:15:21 | WARNING | Falla API Google (Intento 1/3). Reintento en 3s...
14:16:22 | WARNING | Falla API Google (Intento 1/3). Reintento en 3s...
14:17:23 | WARNING | Falla API Google (Intento 1/3). Reintento en 3s...
14:18:23 | WARNING | Falla API Google (Intento 1/3). Reintento en 3s...
14:19:22 | WARNING | Falla API Google (Intento 1/3). Reintento en 3s...
14:20:22 | WARNING | Falla API Google (Intento 1/3). Reintento en 3s...
14:22:21 | WARNING | Falla API Google (Intento 1/3). Reintento en 3s...
14:24:22 | WARNING | Falla API Google (Intento 1/3). Reintento en 3s...
14:26:21 | WARNING | Falla API Google (Intento 1/3). Reintento en 3s...
14:27:20 | WARNING | Falla API Google (Intento 1/3). Reintento en 3s...
14:28:21 | WARNING | Falla API Google (Intento 1/3). Reintento en 3s...
14:30:17 | WARNING | Falla API Google (Intento 1/3). Reintento en 3s...
14:31:19 | WARNING | Falla API Google (Intento 1/3). Reintento en 3s...
14:32:19 | WARNING | Falla API Google (Intento 1/3). Reintento en 3s...
14:33:20 | WARNING | Falla API Google (Intento 1/3). Reintento en 3s...
14:34:20 | WARNING | Falla API Google (Intento 1/3). Reintento en 3s...
14:36:23 | WARNING | Falla API Google (Intento 1/3). Reintento en 3s...
14:38:18 | WARNING | Falla API Google (Intento 1/3). Reintento en 3s...
14:39:20 | WARNING | Falla API Google (Intento 1/3). Reintento en 3s...
14:41:19 | WARNING | Falla API Google (Intento 1/3). Reintento en 3s...
14:43:21 | WARNING | Falla API Google (Intento 1/3). Reintento en 3s...
14:45:21 | WARNING | Falla API Google (Intento 1/3). Reintento en 3s...
14:47:14 | WARNING | Falla API Google (Intento 1/3). Reintento en 3s...
14:48:21 | WARNING | Falla API Google (Intento 1/3). Reintento en 3s...
14:49:22 | WARNING | Falla API Google (Intento 1/3). Reintento en 3s...
14:51:21 | WARNING | Falla API Google (Intento 1/3). Reintento en 3s...
14:52:20 | WARNING | Falla API Google (Intento 1/3). Reintento en 3s...
14:54:23 | WARNING | Falla API Google (Intento 1/3). Reintento en 3s...
14:55:23 | WARNING | Falla API Google (Intento 1/3). Reintento en 3s...
14:57:19 | WARNING | Falla API Google (Intento 1/3). Reintento en 3s...
14:58:22 | WARNING | Falla API Google (Intento 1/3). Reintento en 3s...
15:00:21 | WARNING | Falla API Google (Intento 1/3). Reintento en 3s...
15:02:17 | WARNING | Falla API Google (Intento 1/3). Reintento en 3s...
15:03:20 | WARNING | Falla API Google (Intento 1/3). Reintento en 3s...
15:04:22 | WARNING | Falla API Google (Intento 1/3). Reintento en 3s...
15:06:18 | WARNING | Falla API Google (Intento 1/3). Reintento en 3s...
15:08:18 | WARNING | Falla API Google (Intento 1/3). Reintento en 3s...
15:09:20 | WARNING | Falla API Google (Intento 1/3). Reintento en 3s...
15:10:19 | WARNING | Falla API Google (Intento 1/3). Reintento en 3s...
15:11:19 | WARNING | Falla API Google (Intento 1/3). Reintento en 3s...
15:12:22 | WARNING | Falla API Google (Intento 1/3). Reintento en 3s...
15:13:20 | WARNING | Falla API Google (Intento 1/3). Reintento en 3s...
15:14:22 | WARNING | Falla API Google (Intento 1/3). Reintento en 3s...
15:15:22 | WARNING | Falla API Google (Intento 1/3). Reintento en 3s...
15:16:22 | WARNING | Falla API Google (Intento 1/3). Reintento en 3s...
15:17:22 | WARNING | Falla API Google (Intento 1/3). Reintento en 3s...
15:18:20 | WARNING | Falla API Google (Intento 1/3). Reintento en 3s...
15:20:19 | WARNING | Falla API Google (Intento 1/3). Reintento en 3s...
15:22:21 | WARNING | Falla API Google (Intento 1/3). Reintento en 3s...
15:23:20 | WARNING | Falla API Google (Intento 1/3). Reintento en 3s...
15:24:21 | WARNING | Falla API Google (Intento 1/3). Reintento en 3s...
15:25:22 | WARNING | Falla API Google (Intento 1/3). Reintento en 3s...
15:26:22 | WARNING | Falla API Google (Intento 1/3). Reintento en 3s...
15:27:22 | WARNING | Falla API Google (Intento 1/3). Reintento en 3s...
15:28:20 | WARNING | Falla API Google (Intento 1/3). Reintento en 3s...
15:30:15 | WARNING | Falla API Google (Intento 1/3). Reintento en 3s...
15:31:21 | WARNING | Falla API Google (Intento 1/3). Reintento en 3s...
15:32:21 | WARNING | Falla API Google (Intento 1/3). Reintento en 3s...
15:33:18 | WARNING | Falla API Google (Intento 1/3). Reintento en 3s...
15:35:21 | WARNING | Falla API Google (Intento 1/3). Reintento en 3s...
15:36:20 | WARNING | Falla API Google (Intento 1/3). Reintento en 3s...
15:38:20 | WARNING | Falla API Google (Intento 1/3). Reintento en 3s...
15:39:20 | WARNING | Falla API Google (Intento 1/3). Reintento en 3s...
15:40:22 | WARNING | Falla API Google (Intento 1/3). Reintento en 3s...
15:41:19 | WARNING | Falla API Google (Intento 1/3). Reintento en 3s...
15:42:21 | WARNING | Falla API Google (Intento 1/3). Reintento en 3s...
15:43:19 | WARNING | Falla API Google (Intento 1/3). Reintento en 3s...
15:44:21 | WARNING | Falla API Google (Intento 1/3). Reintento en 3s...
15:45:20 | WARNING | Falla API Google (Intento 1/3). Reintento en 3s...
15:46:22 | WARNING | Falla API Google (Intento 1/3). Reintento en 3s...
15:47:21 | WARNING | Falla API Google (Intento 1/3). Reintento en 3s...
15:48:17 | WARNING | Falla API Google (Intento 1/3). Reintento en 3s...
15:49:19 | WARNING | Falla API Google (Intento 1/3). Reintento en 3s...
15:51:22 | WARNING | Falla API Google (Intento 1/3). Reintento en 3s...
15:52:22 | WARNING | Falla API Google (Intento 1/3). Reintento en 3s...
15:53:19 | WARNING | Falla API Google (Intento 1/3). Reintento en 3s...
15:54:20 | WARNING | Falla API Google (Intento 1/3). Reintento en 3s...
15:55:22 | WARNING | Falla API Google (Intento 1/3). Reintento en 3s...
15:56:20 | WARNING | Falla API Google (Intento 1/3). Reintento en 3s...
15:57:22 | WARNING | Falla API Google (Intento 1/3). Reintento en 3s...
15:58:21 | WARNING | Falla API Google (Intento 1/3). Reintento en 3s...
15:59:20 | WARNING | Falla API Google (Intento 1/3). Reintento en 3s...
16:00:20 | WARNING | Falla API Google (Intento 1/3). Reintento en 3s...
16:02:20 | WARNING | Falla API Google (Intento 1/3). Reintento en 3s...
16:03:20 | WARNING | Falla API Google (Intento 1/3). Reintento en 3s...
16:04:23 | WARNING | Falla API Google (Intento 1/3). Reintento en 3s...
16:05:18 | WARNING | Falla API Google (Intento 1/3). Reintento en 3s...
16:06:21 | WARNING | Falla API Google (Intento 1/3). Reintento en 3s...
16:08:19 | WARNING | Falla API Google (Intento 1/3). Reintento en 3s...
16:10:20 | WARNING | Falla API Google (Intento 1/3). Reintento en 3s...
16:11:22 | WARNING | Falla API Google (Intento 1/3). Reintento en 3s...
16:12:21 | WARNING | Falla API Google (Intento 1/3). Reintento en 3s...
16:13:20 | WARNING | Falla API Google (Intento 1/3). Reintento en 3s...
16:14:18 | WARNING | Falla API Google (Intento 1/3). Reintento en 3s...
16:15:23 | WARNING | Falla API Google (Intento 1/3). Reintento en 3s...
16:16:20 | WARNING | Falla API Google (Intento 1/3). Reintento en 3s...
16:17:20 | WARNING | Falla API Google (Intento 1/3). Reintento en 3s...
16:18:23 | WARNING | Falla API Google (Intento 1/3). Reintento en 3s...
16:19:18 | WARNING | Falla API Google (Intento 1/3). Reintento en 3s...
16:20:20 | WARNING | Falla API Google (Intento 1/3). Reintento en 3s...
16:22:21 | WARNING | Falla API Google (Intento 1/3). Reintento en 3s...
16:24:20 | WARNING | Falla API Google (Intento 1/3). Reintento en 3s...
16:25:22 | WARNING | Falla API Google (Intento 1/3). Reintento en 3s...
16:27:22 | WARNING | Falla API Google (Intento 1/3). Reintento en 3s...
16:28:22 | WARNING | Falla API Google (Intento 1/3). Reintento en 3s...
16:30:21 | WARNING | Falla API Google (Intento 1/3). Reintento en 3s...
16:32:20 | WARNING | Falla API Google (Intento 1/3). Reintento en 3s...
16:34:18 | WARNING | Falla API Google (Intento 1/3). Reintento en 3s...
16:35:19 | WARNING | Falla API Google (Intento 1/3). Reintento en 3s...
16:36:19 | WARNING | Falla API Google (Intento 1/3). Reintento en 3s...
16:37:22 | WARNING | Falla API Google (Intento 1/3). Reintento en 3s...
16:39:18 | WARNING | Falla API Google (Intento 1/3). Reintento en 3s...
16:40:20 | WARNING | Falla API Google (Intento 1/3). Reintento en 3s...
16:41:19 | WARNING | Falla API Google (Intento 1/3). Reintento en 3s...
16:43:19 | WARNING | Falla API Google (Intento 1/3). Reintento en 3s...
16:44:19 | WARNING | Falla API Google (Intento 1/3). Reintento en 3s...
16:45:21 | WARNING | Falla API Google (Intento 1/3). Reintento en 3s...
16:47:22 | WARNING | Falla API Google (Intento 1/3). Reintento en 3s...
16:48:22 | WARNING | Falla API Google (Intento 1/3). Reintento en 3s...
16:50:19 | WARNING | Falla API Google (Intento 1/3). Reintento en 3s...
16:51:19 | WARNING | Falla API Google (Intento 1/3). Reintento en 3s...
16:52:21 | WARNING | Falla API Google (Intento 1/3). Reintento en 3s...
16:53:23 | WARNING | Falla API Google (Intento 1/3). Reintento en 3s...
16:54:18 | WARNING | Falla API Google (Intento 1/3). Reintento en 3s...
16:56:20 | WARNING | Falla API Google (Intento 1/3). Reintento en 3s...
16:57:18 | WARNING | Falla API Google (Intento 1/3). Reintento en 3s...
16:58:18 | WARNING | Falla API Google (Intento 1/3). Reintento en 3s...
17:00:59 | WARNING | ¡ALERTA! Conexión caída o congelada. Reiniciando sistema YA...
17:01:01 | INFO | MarketManager iniciado con 7 activos (MODO ESTÁTICO).
17:01:07 | INFO | Sistema Operativo - Monitoreando lista estatica
17:01:40 | WARNING | ¡ALERTA! Conexión caída o congelada. Reiniciando sistema YA...
17:01:42 | INFO | MarketManager iniciado con 7 activos (MODO ESTÁTICO).
17:01:48 | INFO | Sistema Operativo - Monitoreando lista estatica
17:02:37 | WARNING | ¡ALERTA! Conexión caída o congelada. Reiniciando sistema YA...
17:02:39 | INFO | MarketManager iniciado con 7 activos (MODO ESTÁTICO).
17:02:43 | INFO | Sistema Operativo - Monitoreando lista estatica
17:03:13 | WARNING | ¡ALERTA! Conexión caída o congelada. Reiniciando sistema YA...
17:03:15 | INFO | MarketManager iniciado con 7 activos (MODO ESTÁTICO).
17:03:20 | INFO | Sistema Operativo - Monitoreando lista estatica
17:04:14 | WARNING | ¡ALERTA! Conexión caída o congelada. Reiniciando sistema YA...
17:04:16 | INFO | MarketManager iniciado con 7 activos (MODO ESTÁTICO).
17:04:19 | INFO | Sistema Operativo - Monitoreando lista estatica
17:04:51 | WARNING | ¡ALERTA! Conexión caída o congelada. Reiniciando sistema YA...
17:04:53 | INFO | MarketManager iniciado con 7 activos (MODO ESTÁTICO).
17:04:58 | INFO | Sistema Operativo - Monitoreando lista estatica
17:05:30 | WARNING | ¡ALERTA! Conexión caída o congelada. Reiniciando sistema YA...
17:05:32 | INFO | MarketManager iniciado con 7 activos (MODO ESTÁTICO).
17:05:36 | INFO | Sistema Operativo - Monitoreando lista estatica
17:06:08 | WARNING | ¡ALERTA! Conexión caída o congelada. Reiniciando sistema YA...
17:06:10 | INFO | MarketManager iniciado con 7 activos (MODO ESTÁTICO).
17:06:15 | INFO | Sistema Operativo - Monitoreando lista estatica
17:06:46 | WARNING | ¡ALERTA! Conexión caída o congelada. Reiniciando sistema YA...
17:06:48 | INFO | MarketManager iniciado con 7 activos (MODO ESTÁTICO).
17:06:51 | INFO | Sistema Operativo - Monitoreando lista estatica
17:07:22 | WARNING | ¡ALERTA! Conexión caída o congelada. Reiniciando sistema YA...
17:07:24 | INFO | MarketManager iniciado con 7 activos (MODO ESTÁTICO).
17:07:28 | INFO | Sistema Operativo - Monitoreando lista estatica
17:08:00 | WARNING | ¡ALERTA! Conexión caída o congelada. Reiniciando sistema YA...
17:08:02 | INFO | MarketManager iniciado con 7 activos (MODO ESTÁTICO).
17:08:06 | INFO | Sistema Operativo - Monitoreando lista estatica
17:08:38 | WARNING | ¡ALERTA! Conexión caída o congelada. Reiniciando sistema YA...
17:08:39 | INFO | MarketManager iniciado con 7 activos (MODO ESTÁTICO).
17:08:44 | INFO | Sistema Operativo - Monitoreando lista estatica
17:09:16 | WARNING | ¡ALERTA! Conexión caída o congelada. Reiniciando sistema YA...
17:09:17 | INFO | MarketManager iniciado con 7 activos (MODO ESTÁTICO).
17:09:22 | INFO | Sistema Operativo - Monitoreando lista estatica
17:09:54 | WARNING | ¡ALERTA! Conexión caída o congelada. Reiniciando sistema YA...
17:09:55 | INFO | MarketManager iniciado con 7 activos (MODO ESTÁTICO).
17:09:59 | INFO | Sistema Operativo - Monitoreando lista estatica
17:10:31 | WARNING | ¡ALERTA! Conexión caída o congelada. Reiniciando sistema YA...
17:10:33 | INFO | MarketManager iniciado con 7 activos (MODO ESTÁTICO).
17:10:38 | INFO | Sistema Operativo - Monitoreando lista estatica
17:11:09 | WARNING | ¡ALERTA! Conexión caída o congelada. Reiniciando sistema YA...
17:11:11 | INFO | MarketManager iniciado con 7 activos (MODO ESTÁTICO).
17:11:15 | INFO | Sistema Operativo - Monitoreando lista estatica
17:11:47 | WARNING | ¡ALERTA! Conexión caída o congelada. Reiniciando sistema YA...
17:11:49 | INFO | MarketManager iniciado con 7 activos (MODO ESTÁTICO).
17:11:53 | INFO | Sistema Operativo - Monitoreando lista estatica
17:12:25 | WARNING | ¡ALERTA! Conexión caída o congelada. Reiniciando sistema YA...
17:12:26 | INFO | MarketManager iniciado con 7 activos (MODO ESTÁTICO).
17:12:31 | INFO | Sistema Operativo - Monitoreando lista estatica
17:13:03 | WARNING | ¡ALERTA! Conexión caída o congelada. Reiniciando sistema YA...
17:13:05 | INFO | MarketManager iniciado con 7 activos (MODO ESTÁTICO).
17:13:09 | INFO | Sistema Operativo - Monitoreando lista estatica
17:13:41 | WARNING | ¡ALERTA! Conexión caída o congelada. Reiniciando sistema YA...
17:13:42 | INFO | MarketManager iniciado con 7 activos (MODO ESTÁTICO).
17:13:46 | INFO | Sistema Operativo - Monitoreando lista estatica
17:14:18 | WARNING | ¡ALERTA! Conexión caída o congelada. Reiniciando sistema YA...
17:14:20 | INFO | MarketManager iniciado con 7 activos (MODO ESTÁTICO).
17:14:24 | INFO | Sistema Operativo - Monitoreando lista estatica
17:14:56 | WARNING | ¡ALERTA! Conexión caída o congelada. Reiniciando sistema YA...
17:14:58 | INFO | MarketManager iniciado con 7 activos (MODO ESTÁTICO).
17:15:03 | INFO | Sistema Operativo - Monitoreando lista estatica
17:15:35 | WARNING | ¡ALERTA! Conexión caída o congelada. Reiniciando sistema YA...
17:15:37 | INFO | MarketManager iniciado con 7 activos (MODO ESTÁTICO).
17:15:42 | INFO | Sistema Operativo - Monitoreando lista estatica
17:16:14 | WARNING | ¡ALERTA! Conexión caída o congelada. Reiniciando sistema YA...
17:16:15 | INFO | MarketManager iniciado con 7 activos (MODO ESTÁTICO).
17:16:20 | INFO | Sistema Operativo - Monitoreando lista estatica
17:16:51 | WARNING | ¡ALERTA! Conexión caída o congelada. Reiniciando sistema YA...
17:16:53 | INFO | MarketManager iniciado con 7 activos (MODO ESTÁTICO).
17:16:58 | INFO | Sistema Operativo - Monitoreando lista estatica
17:17:30 | WARNING | ¡ALERTA! Conexión caída o congelada. Reiniciando sistema YA...
17:17:32 | INFO | MarketManager iniciado con 7 activos (MODO ESTÁTICO).
17:17:36 | INFO | Sistema Operativo - Monitoreando lista estatica
17:18:08 | WARNING | ¡ALERTA! Conexión caída o congelada. Reiniciando sistema YA...
17:18:10 | INFO | MarketManager iniciado con 7 activos (MODO ESTÁTICO).
17:18:14 | INFO | Sistema Operativo - Monitoreando lista estatica
17:18:46 | WARNING | ¡ALERTA! Conexión caída o congelada. Reiniciando sistema YA...
17:18:48 | INFO | MarketManager iniciado con 7 activos (MODO ESTÁTICO).
17:18:52 | INFO | Sistema Operativo - Monitoreando lista estatica
17:19:24 | WARNING | ¡ALERTA! Conexión caída o congelada. Reiniciando sistema YA...
17:19:25 | INFO | MarketManager iniciado con 7 activos (MODO ESTÁTICO).
17:19:29 | INFO | Sistema Operativo - Monitoreando lista estatica
17:20:01 | WARNING | ¡ALERTA! Conexión caída o congelada. Reiniciando sistema YA...
17:20:02 | INFO | MarketManager iniciado con 7 activos (MODO ESTÁTICO).
17:20:07 | INFO | Sistema Operativo - Monitoreando lista estatica
17:20:38 | WARNING | ¡ALERTA! Conexión caída o congelada. Reiniciando sistema YA...
17:20:40 | INFO | MarketManager iniciado con 7 activos (MODO ESTÁTICO).
17:20:44 | INFO | Sistema Operativo - Monitoreando lista estatica
17:21:16 | WARNING | ¡ALERTA! Conexión caída o congelada. Reiniciando sistema YA...
17:21:18 | INFO | MarketManager iniciado con 7 activos (MODO ESTÁTICO).
17:21:22 | INFO | Sistema Operativo - Monitoreando lista estatica
17:21:54 | WARNING | ¡ALERTA! Conexión caída o congelada. Reiniciando sistema YA...
17:21:56 | INFO | MarketManager iniciado con 7 activos (MODO ESTÁTICO).
17:22:00 | INFO | Sistema Operativo - Monitoreando lista estatica
17:22:32 | WARNING | ¡ALERTA! Conexión caída o congelada. Reiniciando sistema YA...
17:22:34 | INFO | MarketManager iniciado con 7 activos (MODO ESTÁTICO).
17:22:39 | INFO | Sistema Operativo - Monitoreando lista estatica
17:23:10 | WARNING | ¡ALERTA! Conexión caída o congelada. Reiniciando sistema YA...
17:23:12 | INFO | MarketManager iniciado con 7 activos (MODO ESTÁTICO).
17:23:16 | INFO | Sistema Operativo - Monitoreando lista estatica
17:23:48 | WARNING | ¡ALERTA! Conexión caída o congelada. Reiniciando sistema YA...
17:23:49 | INFO | MarketManager iniciado con 7 activos (MODO ESTÁTICO).
17:23:54 | INFO | Sistema Operativo - Monitoreando lista estatica
17:24:25 | WARNING | ¡ALERTA! Conexión caída o congelada. Reiniciando sistema YA...
17:24:27 | INFO | MarketManager iniciado con 7 activos (MODO ESTÁTICO).
17:24:32 | INFO | Sistema Operativo - Monitoreando lista estatica
17:25:04 | WARNING | ¡ALERTA! Conexión caída o congelada. Reiniciando sistema YA...
17:25:05 | INFO | MarketManager iniciado con 7 activos (MODO ESTÁTICO).
17:25:10 | INFO | Sistema Operativo - Monitoreando lista estatica
17:25:42 | WARNING | ¡ALERTA! Conexión caída o congelada. Reiniciando sistema YA...
17:25:43 | INFO | MarketManager iniciado con 7 activos (MODO ESTÁTICO).
17:25:48 | INFO | Sistema Operativo - Monitoreando lista estatica
17:26:19 | WARNING | ¡ALERTA! Conexión caída o congelada. Reiniciando sistema YA...
17:26:21 | INFO | MarketManager iniciado con 7 activos (MODO ESTÁTICO).
17:26:25 | INFO | Sistema Operativo - Monitoreando lista estatica
17:26:57 | WARNING | ¡ALERTA! Conexión caída o congelada. Reiniciando sistema YA...
17:26:58 | INFO | MarketManager iniciado con 7 activos (MODO ESTÁTICO).
17:27:02 | INFO | Sistema Operativo - Monitoreando lista estatica
17:27:34 | WARNING | ¡ALERTA! Conexión caída o congelada. Reiniciando sistema YA...
17:27:36 | INFO | MarketManager iniciado con 7 activos (MODO ESTÁTICO).
17:27:40 | INFO | Sistema Operativo - Monitoreando lista estatica
17:28:12 | WARNING | ¡ALERTA! Conexión caída o congelada. Reiniciando sistema YA...
17:28:13 | INFO | MarketManager iniciado con 7 activos (MODO ESTÁTICO).
17:28:18 | INFO | Sistema Operativo - Monitoreando lista estatica
17:28:50 | WARNING | ¡ALERTA! Conexión caída o congelada. Reiniciando sistema YA...
17:28:51 | INFO | MarketManager iniciado con 7 activos (MODO ESTÁTICO).
17:28:55 | INFO | Sistema Operativo - Monitoreando lista estatica
17:29:27 | WARNING | ¡ALERTA! Conexión caída o congelada. Reiniciando sistema YA...
17:29:29 | INFO | MarketManager iniciado con 7 activos (MODO ESTÁTICO).
17:29:32 | INFO | Sistema Operativo - Monitoreando lista estatica
17:30:04 | WARNING | ¡ALERTA! Conexión caída o congelada. Reiniciando sistema YA...
17:30:06 | INFO | MarketManager iniciado con 7 activos (MODO ESTÁTICO).
17:30:09 | INFO | Sistema Operativo - Monitoreando lista estatica
17:30:14 | INFO | Detencion manual detectada. Cerrando procesos...
17:30:14 | INFO | WebSocket desconectado. Bot fuera de linea.
09:54:19 | INFO | MarketManager iniciado con 7 activos (MODO ESTÁTICO).
09:54:23 | INFO | Sistema Operativo - Monitoreando lista estatica
09:54:54 | WARNING | ¡ALERTA! Conexión caída o congelada. Reiniciando sistema YA...
09:54:55 | INFO | MarketManager iniciado con 7 activos (MODO ESTÁTICO).
09:54:59 | INFO | Sistema Operativo - Monitoreando lista estatica
09:55:31 | WARNING | ¡ALERTA! Conexión caída o congelada. Reiniciando sistema YA...
09:55:35 | INFO | MarketManager iniciado con 7 activos (MODO ESTÁTICO).
09:55:40 | INFO | Sistema Operativo - Monitoreando lista estatica
09:56:11 | WARNING | ¡ALERTA! Conexión caída o congelada. Reiniciando sistema YA...
09:56:11 | INFO | MarketManager iniciado con 7 activos (MODO ESTÁTICO).
09:56:15 | INFO | Sistema Operativo - Monitoreando lista estatica
09:56:47 | WARNING | ¡ALERTA! Conexión caída o congelada. Reiniciando sistema YA...
09:56:48 | INFO | MarketManager iniciado con 7 activos (MODO ESTÁTICO).
09:56:52 | INFO | Sistema Operativo - Monitoreando lista estatica
09:57:17 | WARNING | Falla API Google (Intento 1/3). Reintento en 3s...
09:57:24 | WARNING | ¡ALERTA! Conexión caída o congelada. Reiniciando sistema YA...
09:57:25 | INFO | MarketManager iniciado con 7 activos (MODO ESTÁTICO).
09:57:29 | INFO | Sistema Operativo - Monitoreando lista estatica
09:58:00 | WARNING | ¡ALERTA! Conexión caída o congelada. Reiniciando sistema YA...
09:58:01 | INFO | MarketManager iniciado con 7 activos (MODO ESTÁTICO).
09:58:07 | INFO | Sistema Operativo - Monitoreando lista estatica
09:58:23 | WARNING | Falla API Google (Intento 1/3). Reintento en 3s...
09:58:37 | WARNING | ¡ALERTA! Conexión caída o congelada. Reiniciando sistema YA...
09:58:39 | INFO | MarketManager iniciado con 7 activos (MODO ESTÁTICO).
09:58:43 | INFO | Sistema Operativo - Monitoreando lista estatica
09:59:15 | WARNING | ¡ALERTA! Conexión caída o congelada. Reiniciando sistema YA...
09:59:17 | INFO | MarketManager iniciado con 7 activos (MODO ESTÁTICO).
09:59:20 | INFO | Sistema Operativo - Monitoreando lista estatica
09:59:51 | WARNING | ¡ALERTA! Conexión caída o congelada. Reiniciando sistema YA...
09:59:53 | INFO | MarketManager iniciado con 7 activos (MODO ESTÁTICO).
09:59:59 | INFO | Sistema Operativo - Monitoreando lista estatica
10:00:24 | WARNING | Falla API Google (Intento 1/3). Reintento en 3s...
10:00:38 | WARNING | ¡ALERTA! Conexión caída o congelada. Reiniciando sistema YA...
10:00:39 | INFO | MarketManager iniciado con 7 activos (MODO ESTÁTICO).
10:00:43 | INFO | Sistema Operativo - Monitoreando lista estatica
10:01:15 | WARNING | ¡ALERTA! Conexión caída o congelada. Reiniciando sistema YA...
10:01:17 | INFO | MarketManager iniciado con 7 activos (MODO ESTÁTICO).
10:01:20 | INFO | Sistema Operativo - Monitoreando lista estatica
10:01:51 | WARNING | ¡ALERTA! Conexión caída o congelada. Reiniciando sistema YA...
10:01:53 | INFO | MarketManager iniciado con 7 activos (MODO ESTÁTICO).
10:01:57 | INFO | Sistema Operativo - Monitoreando lista estatica
10:02:22 | WARNING | Falla API Google (Intento 1/3). Reintento en 3s...
10:02:29 | WARNING | ¡ALERTA! Conexión caída o congelada. Reiniciando sistema YA...
10:02:31 | INFO | MarketManager iniciado con 7 activos (MODO ESTÁTICO).
10:02:35 | INFO | Sistema Operativo - Monitoreando lista estatica
10:03:06 | WARNING | ¡ALERTA! Conexión caída o congelada. Reiniciando sistema YA...
10:03:10 | INFO | MarketManager iniciado con 7 activos (MODO ESTÁTICO).
10:03:16 | INFO | Sistema Operativo - Monitoreando lista estatica
10:03:48 | WARNING | ¡ALERTA! Conexión caída o congelada. Reiniciando sistema YA...
10:03:49 | INFO | MarketManager iniciado con 7 activos (MODO ESTÁTICO).
10:03:53 | INFO | Sistema Operativo - Monitoreando lista estatica
10:04:20 | WARNING | Falla API Google (Intento 1/3). Reintento en 3s...
10:04:27 | WARNING | ¡ALERTA! Conexión caída o congelada. Reiniciando sistema YA...
10:04:29 | INFO | MarketManager iniciado con 7 activos (MODO ESTÁTICO).
10:04:32 | INFO | Sistema Operativo - Monitoreando lista estatica
10:05:03 | WARNING | ¡ALERTA! Conexión caída o congelada. Reiniciando sistema YA...
10:05:04 | INFO | MarketManager iniciado con 7 activos (MODO ESTÁTICO).
10:05:07 | INFO | Sistema Operativo - Monitoreando lista estatica
10:05:23 | WARNING | Falla API Google (Intento 1/3). Reintento en 3s...
10:05:39 | WARNING | ¡ALERTA! Conexión caída o congelada. Reiniciando sistema YA...
10:05:41 | INFO | MarketManager iniciado con 7 activos (MODO ESTÁTICO).
10:05:45 | INFO | Sistema Operativo - Monitoreando lista estatica
10:06:16 | WARNING | ¡ALERTA! Conexión caída o congelada. Reiniciando sistema YA...
10:06:18 | INFO | MarketManager iniciado con 7 activos (MODO ESTÁTICO).
10:06:22 | INFO | Sistema Operativo - Monitoreando lista estatica
10:06:53 | WARNING | ¡ALERTA! Conexión caída o congelada. Reiniciando sistema YA...
10:06:55 | INFO | MarketManager iniciado con 7 activos (MODO ESTÁTICO).
10:06:59 | INFO | Sistema Operativo - Monitoreando lista estatica
10:07:19 | WARNING | Falla API Google (Intento 1/3). Reintento en 3s...
10:07:31 | WARNING | ¡ALERTA! Conexión caída o congelada. Reiniciando sistema YA...
10:07:32 | INFO | MarketManager iniciado con 7 activos (MODO ESTÁTICO).
10:07:36 | INFO | Sistema Operativo - Monitoreando lista estatica
10:08:07 | WARNING | ¡ALERTA! Conexión caída o congelada. Reiniciando sistema YA...
10:08:09 | INFO | MarketManager iniciado con 7 activos (MODO ESTÁTICO).
10:08:13 | INFO | Sistema Operativo - Monitoreando lista estatica
10:08:22 | WARNING | Falla API Google (Intento 1/3). Reintento en 3s...
10:08:45 | WARNING | ¡ALERTA! Conexión caída o congelada. Reiniciando sistema YA...
10:08:47 | INFO | MarketManager iniciado con 7 activos (MODO ESTÁTICO).
10:08:51 | INFO | Sistema Operativo - Monitoreando lista estatica
10:09:20 | WARNING | Falla API Google (Intento 1/3). Reintento en 3s...
10:09:27 | WARNING | ¡ALERTA! Conexión caída o congelada. Reiniciando sistema YA...
10:09:29 | INFO | MarketManager iniciado con 7 activos (MODO ESTÁTICO).
10:09:33 | INFO | Sistema Operativo - Monitoreando lista estatica
10:10:04 | WARNING | ¡ALERTA! Conexión caída o congelada. Reiniciando sistema YA...
10:10:06 | INFO | MarketManager iniciado con 7 activos (MODO ESTÁTICO).
10:10:10 | INFO | Sistema Operativo - Monitoreando lista estatica
10:10:22 | WARNING | Falla API Google (Intento 1/3). Reintento en 3s...
10:10:40 | WARNING | ¡ALERTA! Conexión caída o congelada. Reiniciando sistema YA...
10:10:42 | INFO | MarketManager iniciado con 7 activos (MODO ESTÁTICO).
10:10:46 | INFO | Sistema Operativo - Monitoreando lista estatica
10:11:18 | WARNING | ¡ALERTA! Conexión caída o congelada. Reiniciando sistema YA...
10:11:20 | INFO | MarketManager iniciado con 7 activos (MODO ESTÁTICO).
10:11:24 | INFO | Sistema Operativo - Monitoreando lista estatica
10:11:55 | WARNING | ¡ALERTA! Conexión caída o congelada. Reiniciando sistema YA...
10:11:57 | INFO | MarketManager iniciado con 7 activos (MODO ESTÁTICO).
10:12:01 | INFO | Sistema Operativo - Monitoreando lista estatica
10:12:21 | WARNING | Falla API Google (Intento 1/3). Reintento en 3s...
10:12:33 | WARNING | ¡ALERTA! Conexión caída o congelada. Reiniciando sistema YA...
10:12:35 | INFO | MarketManager iniciado con 7 activos (MODO ESTÁTICO).
10:12:39 | INFO | Sistema Operativo - Monitoreando lista estatica
10:13:10 | WARNING | ¡ALERTA! Conexión caída o congelada. Reiniciando sistema YA...
10:13:12 | INFO | MarketManager iniciado con 7 activos (MODO ESTÁTICO).
10:13:16 | INFO | Sistema Operativo - Monitoreando lista estatica
10:13:47 | WARNING | ¡ALERTA! Conexión caída o congelada. Reiniciando sistema YA...
10:13:48 | INFO | MarketManager iniciado con 7 activos (MODO ESTÁTICO).
10:13:52 | INFO | Sistema Operativo - Monitoreando lista estatica
10:14:22 | WARNING | Falla API Google (Intento 1/3). Reintento en 3s...
10:14:30 | WARNING | ¡ALERTA! Conexión caída o congelada. Reiniciando sistema YA...
10:14:31 | INFO | MarketManager iniciado con 7 activos (MODO ESTÁTICO).
10:14:35 | INFO | Sistema Operativo - Monitoreando lista estatica
10:15:07 | WARNING | ¡ALERTA! Conexión caída o congelada. Reiniciando sistema YA...
10:15:08 | INFO | MarketManager iniciado con 7 activos (MODO ESTÁTICO).
10:15:13 | INFO | Sistema Operativo - Monitoreando lista estatica
10:15:45 | WARNING | ¡ALERTA! Conexión caída o congelada. Reiniciando sistema YA...
10:15:47 | INFO | MarketManager iniciado con 7 activos (MODO ESTÁTICO).
10:15:52 | INFO | Sistema Operativo - Monitoreando lista estatica
10:16:19 | WARNING | Falla API Google (Intento 1/3). Reintento en 3s...
10:16:26 | WARNING | ¡ALERTA! Conexión caída o congelada. Reiniciando sistema YA...
10:16:28 | INFO | MarketManager iniciado con 7 activos (MODO ESTÁTICO).
10:16:32 | INFO | Sistema Operativo - Monitoreando lista estatica
10:17:03 | WARNING | ¡ALERTA! Conexión caída o congelada. Reiniciando sistema YA...
10:17:05 | INFO | MarketManager iniciado con 7 activos (MODO ESTÁTICO).
10:17:09 | INFO | Sistema Operativo - Monitoreando lista estatica
10:17:23 | WARNING | Falla API Google (Intento 1/3). Reintento en 3s...
10:17:39 | WARNING | ¡ALERTA! Conexión caída o congelada. Reiniciando sistema YA...
10:17:41 | INFO | MarketManager iniciado con 7 activos (MODO ESTÁTICO).
10:17:45 | INFO | Sistema Operativo - Monitoreando lista estatica
10:18:17 | WARNING | ¡ALERTA! Conexión caída o congelada. Reiniciando sistema YA...
10:18:18 | INFO | MarketManager iniciado con 7 activos (MODO ESTÁTICO).
10:18:21 | INFO | Sistema Operativo - Monitoreando lista estatica
10:18:21 | WARNING | Falla API Google (Intento 1/3). Reintento en 3s...
10:18:53 | WARNING | ¡ALERTA! Conexión caída o congelada. Reiniciando sistema YA...
10:18:54 | INFO | MarketManager iniciado con 7 activos (MODO ESTÁTICO).
10:18:58 | INFO | Sistema Operativo - Monitoreando lista estatica
10:19:23 | WARNING | Falla API Google (Intento 1/3). Reintento en 3s...
10:19:31 | WARNING | ¡ALERTA! Conexión caída o congelada. Reiniciando sistema YA...
10:19:33 | INFO | MarketManager iniciado con 7 activos (MODO ESTÁTICO).
10:19:37 | INFO | Sistema Operativo - Monitoreando lista estatica
10:20:09 | WARNING | ¡ALERTA! Conexión caída o congelada. Reiniciando sistema YA...
10:20:10 | INFO | MarketManager iniciado con 7 activos (MODO ESTÁTICO).
10:20:15 | INFO | Sistema Operativo - Monitoreando lista estatica
10:20:46 | WARNING | ¡ALERTA! Conexión caída o congelada. Reiniciando sistema YA...
10:20:47 | INFO | MarketManager iniciado con 7 activos (MODO ESTÁTICO).
10:20:51 | INFO | Sistema Operativo - Monitoreando lista estatica
10:21:20 | WARNING | Falla API Google (Intento 1/3). Reintento en 3s...
10:21:28 | WARNING | ¡ALERTA! Conexión caída o congelada. Reiniciando sistema YA...
10:21:30 | INFO | MarketManager iniciado con 7 activos (MODO ESTÁTICO).
10:21:34 | INFO | Sistema Operativo - Monitoreando lista estatica
10:22:05 | WARNING | ¡ALERTA! Conexión caída o congelada. Reiniciando sistema YA...
10:22:06 | INFO | MarketManager iniciado con 7 activos (MODO ESTÁTICO).
10:22:11 | INFO | Sistema Operativo - Monitoreando lista estatica
10:22:42 | WARNING | ¡ALERTA! Conexión caída o congelada. Reiniciando sistema YA...
10:22:44 | INFO | MarketManager iniciado con 7 activos (MODO ESTÁTICO).
10:22:48 | INFO | Sistema Operativo - Monitoreando lista estatica
10:23:20 | WARNING | ¡ALERTA! Conexión caída o congelada. Reiniciando sistema YA...
10:23:22 | INFO | MarketManager iniciado con 7 activos (MODO ESTÁTICO).
10:23:26 | INFO | Sistema Operativo - Monitoreando lista estatica
10:23:57 | WARNING | ¡ALERTA! Conexión caída o congelada. Reiniciando sistema YA...
10:23:59 | INFO | MarketManager iniciado con 7 activos (MODO ESTÁTICO).
10:24:03 | INFO | Sistema Operativo - Monitoreando lista estatica
10:24:22 | WARNING | Falla API Google (Intento 1/3). Reintento en 3s...
10:24:34 | WARNING | ¡ALERTA! Conexión caída o congelada. Reiniciando sistema YA...
10:24:35 | INFO | MarketManager iniciado con 7 activos (MODO ESTÁTICO).
10:24:39 | INFO | Sistema Operativo - Monitoreando lista estatica
10:25:23 | WARNING | Falla API Google (Intento 1/3). Reintento en 3s...
10:25:38 | WARNING | ¡ALERTA! Conexión caída o congelada. Reiniciando sistema YA...
10:25:39 | INFO | MarketManager iniciado con 7 activos (MODO ESTÁTICO).
10:25:43 | INFO | Sistema Operativo - Monitoreando lista estatica
10:26:24 | WARNING | Falla API Google (Intento 1/3). Reintento en 3s...
10:26:36 | WARNING | ¡ALERTA! Conexión caída o congelada. Reiniciando sistema YA...
10:26:37 | INFO | MarketManager iniciado con 7 activos (MODO ESTÁTICO).
10:26:42 | INFO | Sistema Operativo - Monitoreando lista estatica
10:27:44 | WARNING | ¡ALERTA! Conexión caída o congelada. Reiniciando sistema YA...
10:27:46 | INFO | MarketManager iniciado con 7 activos (MODO ESTÁTICO).
10:27:50 | INFO | Sistema Operativo - Monitoreando lista estatica
10:28:21 | WARNING | ¡ALERTA! Conexión caída o congelada. Reiniciando sistema YA...
10:28:22 | INFO | MarketManager iniciado con 7 activos (MODO ESTÁTICO).
10:28:26 | INFO | Sistema Operativo - Monitoreando lista estatica
10:28:57 | WARNING | ¡ALERTA! Conexión caída o congelada. Reiniciando sistema YA...
10:28:58 | INFO | MarketManager iniciado con 7 activos (MODO ESTÁTICO).
10:29:04 | INFO | Sistema Operativo - Monitoreando lista estatica
10:30:16 | WARNING | Falla API Google (Intento 1/3). Reintento en 3s...
10:30:22 | WARNING | Falla API Google (Intento 2/3). Reintento en 6s...
10:31:24 | WARNING | Falla API Google (Intento 1/3). Reintento en 3s...
10:32:23 | WARNING | Falla API Google (Intento 1/3). Reintento en 3s...
10:33:19 | WARNING | Falla API Google (Intento 1/3). Reintento en 3s...
10:34:20 | WARNING | Falla API Google (Intento 1/3). Reintento en 3s...
10:35:22 | WARNING | Falla API Google (Intento 1/3). Reintento en 3s...
10:36:21 | WARNING | Falla API Google (Intento 1/3). Reintento en 3s...
10:37:22 | WARNING | Falla API Google (Intento 1/3). Reintento en 3s...
10:38:19 | WARNING | Falla API Google (Intento 1/3). Reintento en 3s...
10:39:20 | WARNING | Falla API Google (Intento 1/3). Reintento en 3s...
10:40:21 | WARNING | Falla API Google (Intento 1/3). Reintento en 3s...
10:41:22 | WARNING | Falla API Google (Intento 1/3). Reintento en 3s...
10:42:19 | WARNING | Falla API Google (Intento 1/3). Reintento en 3s...
10:43:20 | WARNING | Falla API Google (Intento 1/3). Reintento en 3s...
10:44:18 | WARNING | Falla API Google (Intento 1/3). Reintento en 3s...
10:45:17 | WARNING | Falla API Google (Intento 1/3). Reintento en 3s...
10:46:21 | WARNING | Falla API Google (Intento 1/3). Reintento en 3s...
10:47:22 | WARNING | Falla API Google (Intento 1/3). Reintento en 3s...
10:48:21 | WARNING | Falla API Google (Intento 1/3). Reintento en 3s...
10:49:22 | WARNING | Falla API Google (Intento 1/3). Reintento en 3s...
10:50:21 | WARNING | Falla API Google (Intento 1/3). Reintento en 3s...
10:52:22 | WARNING | Falla API Google (Intento 1/3). Reintento en 3s...
10:53:22 | WARNING | Falla API Google (Intento 1/3). Reintento en 3s...
10:54:20 | WARNING | Falla API Google (Intento 1/3). Reintento en 3s...
10:55:21 | WARNING | Falla API Google (Intento 1/3). Reintento en 3s...
10:56:22 | WARNING | Falla API Google (Intento 1/3). Reintento en 3s...
10:57:22 | WARNING | Falla API Google (Intento 1/3). Reintento en 3s...
10:58:19 | WARNING | Falla API Google (Intento 1/3). Reintento en 3s...
10:59:20 | WARNING | Falla API Google (Intento 1/3). Reintento en 3s...
11:00:21 | WARNING | Falla API Google (Intento 1/3). Reintento en 3s...
11:01:22 | WARNING | Falla API Google (Intento 1/3). Reintento en 3s...
11:03:18 | WARNING | Falla API Google (Intento 1/3). Reintento en 3s...
11:05:20 | WARNING | Falla API Google (Intento 1/3). Reintento en 3s...
11:06:21 | WARNING | Falla API Google (Intento 1/3). Reintento en 3s...
11:07:22 | WARNING | Falla API Google (Intento 1/3). Reintento en 3s...
11:08:19 | WARNING | Falla API Google (Intento 1/3). Reintento en 3s...
11:09:20 | WARNING | Falla API Google (Intento 1/3). Reintento en 3s...
11:10:22 | WARNING | Falla API Google (Intento 1/3). Reintento en 3s...
11:11:21 | WARNING | Falla API Google (Intento 1/3). Reintento en 3s...
11:12:23 | WARNING | Falla API Google (Intento 1/3). Reintento en 3s...
11:14:18 | WARNING | Falla API Google (Intento 1/3). Reintento en 3s...
11:15:20 | WARNING | Falla API Google (Intento 1/3). Reintento en 3s...
11:16:21 | WARNING | Falla API Google (Intento 1/3). Reintento en 3s...
11:17:21 | WARNING | Falla API Google (Intento 1/3). Reintento en 3s...
11:18:22 | WARNING | Falla API Google (Intento 1/3). Reintento en 3s...
11:19:24 | WARNING | Falla API Google (Intento 1/3). Reintento en 3s...
11:20:23 | WARNING | Falla API Google (Intento 1/3). Reintento en 3s...
11:21:22 | WARNING | Falla API Google (Intento 1/3). Reintento en 3s...
11:22:21 | WARNING | Falla API Google (Intento 1/3). Reintento en 3s...
11:23:22 | WARNING | Falla API Google (Intento 1/3). Reintento en 3s...
11:24:21 | WARNING | Falla API Google (Intento 1/3). Reintento en 3s...
11:25:20 | WARNING | Falla API Google (Intento 1/3). Reintento en 3s...
11:27:17 | WARNING | Falla API Google (Intento 1/3). Reintento en 3s...
11:28:16 | WARNING | Falla API Google (Intento 1/3). Reintento en 3s...
11:28:21 | WARNING | Falla API Google (Intento 2/3). Reintento en 6s...
11:30:22 | WARNING | Falla API Google (Intento 1/3). Reintento en 3s...
11:31:23 | WARNING | Falla API Google (Intento 1/3). Reintento en 3s...
11:32:23 | WARNING | Falla API Google (Intento 1/3). Reintento en 3s...
11:33:20 | WARNING | Falla API Google (Intento 1/3). Reintento en 3s...
11:34:22 | WARNING | Falla API Google (Intento 1/3). Reintento en 3s...
11:35:21 | WARNING | Falla API Google (Intento 1/3). Reintento en 3s...
11:36:20 | WARNING | Falla API Google (Intento 1/3). Reintento en 3s...
11:37:21 | WARNING | Falla API Google (Intento 1/3). Reintento en 3s...
11:38:22 | WARNING | Falla API Google (Intento 1/3). Reintento en 3s...
11:39:19 | WARNING | Falla API Google (Intento 1/3). Reintento en 3s...
11:40:21 | WARNING | Falla API Google (Intento 1/3). Reintento en 3s...
11:41:20 | WARNING | Falla API Google (Intento 1/3). Reintento en 3s...
11:42:20 | WARNING | Falla API Google (Intento 1/3). Reintento en 3s...
11:44:22 | WARNING | Falla API Google (Intento 1/3). Reintento en 3s...
11:45:21 | WARNING | Falla API Google (Intento 1/3). Reintento en 3s...
11:46:22 | WARNING | Falla API Google (Intento 1/3). Reintento en 3s...
11:47:21 | WARNING | Falla API Google (Intento 1/3). Reintento en 3s...
11:48:20 | WARNING | Falla API Google (Intento 1/3). Reintento en 3s...
11:50:22 | WARNING | Falla API Google (Intento 1/3). Reintento en 3s...
11:51:19 | WARNING | Falla API Google (Intento 1/3). Reintento en 3s...
11:53:19 | WARNING | Falla API Google (Intento 1/3). Reintento en 3s...
11:54:18 | WARNING | Falla API Google (Intento 1/3). Reintento en 3s...
11:55:21 | WARNING | Falla API Google (Intento 1/3). Reintento en 3s...
11:56:20 | WARNING | Falla API Google (Intento 1/3). Reintento en 3s...
11:58:20 | WARNING | Falla API Google (Intento 1/3). Reintento en 3s...
11:59:22 | WARNING | Falla API Google (Intento 1/3). Reintento en 3s...
12:00:23 | WARNING | Falla API Google (Intento 1/3). Reintento en 3s...
12:01:23 | WARNING | Falla API Google (Intento 1/3). Reintento en 3s...
12:02:20 | WARNING | Falla API Google (Intento 1/3). Reintento en 3s...
12:03:20 | WARNING | Falla API Google (Intento 1/3). Reintento en 3s...
12:04:20 | WARNING | Falla API Google (Intento 1/3). Reintento en 3s...
12:05:19 | WARNING | Falla API Google (Intento 1/3). Reintento en 3s...
12:06:21 | WARNING | Falla API Google (Intento 1/3). Reintento en 3s...
12:07:19 | WARNING | Falla API Google (Intento 1/3). Reintento en 3s...
12:08:20 | WARNING | Falla API Google (Intento 1/3). Reintento en 3s...
12:09:23 | WARNING | Falla API Google (Intento 1/3). Reintento en 3s...
12:10:22 | WARNING | Falla API Google (Intento 1/3). Reintento en 3s...
12:11:21 | WARNING | Falla API Google (Intento 1/3). Reintento en 3s...
12:13:19 | WARNING | Falla API Google (Intento 1/3). Reintento en 3s...
12:15:19 | WARNING | Falla API Google (Intento 1/3). Reintento en 3s...
12:16:23 | WARNING | Falla API Google (Intento 1/3). Reintento en 3s...
12:17:19 | WARNING | Falla API Google (Intento 1/3). Reintento en 3s...
12:18:20 | WARNING | Falla API Google (Intento 1/3). Reintento en 3s...
12:19:19 | WARNING | Falla API Google (Intento 1/3). Reintento en 3s...
12:20:20 | WARNING | Falla API Google (Intento 1/3). Reintento en 3s...
12:21:19 | WARNING | Falla API Google (Intento 1/3). Reintento en 3s...
12:22:22 | WARNING | Falla API Google (Intento 1/3). Reintento en 3s...
12:23:19 | WARNING | Falla API Google (Intento 1/3). Reintento en 3s...
12:24:23 | WARNING | Falla API Google (Intento 1/3). Reintento en 3s...
12:25:20 | WARNING | Falla API Google (Intento 1/3). Reintento en 3s...
12:26:22 | WARNING | Falla API Google (Intento 1/3). Reintento en 3s...
12:27:23 | WARNING | Falla API Google (Intento 1/3). Reintento en 3s...
12:28:22 | WARNING | Falla API Google (Intento 1/3). Reintento en 3s...
12:29:22 | WARNING | Falla API Google (Intento 1/3). Reintento en 3s...
12:30:19 | WARNING | Falla API Google (Intento 1/3). Reintento en 3s...
12:31:23 | WARNING | Falla API Google (Intento 1/3). Reintento en 3s...
12:32:23 | WARNING | Falla API Google (Intento 1/3). Reintento en 3s...
12:33:22 | WARNING | Falla API Google (Intento 1/3). Reintento en 3s...
12:34:19 | WARNING | Falla API Google (Intento 1/3). Reintento en 3s...
12:35:23 | WARNING | Falla API Google (Intento 1/3). Reintento en 3s...
12:36:22 | WARNING | Falla API Google (Intento 1/3). Reintento en 3s...
12:37:19 | WARNING | Falla API Google (Intento 1/3). Reintento en 3s...
12:38:21 | WARNING | Falla API Google (Intento 1/3). Reintento en 3s...
12:39:20 | WARNING | Falla API Google (Intento 1/3). Reintento en 3s...
12:41:20 | WARNING | Falla API Google (Intento 1/3). Reintento en 3s...
12:42:19 | WARNING | Falla API Google (Intento 1/3). Reintento en 3s...
12:43:21 | WARNING | Falla API Google (Intento 1/3). Reintento en 3s...
12:44:22 | WARNING | Falla API Google (Intento 1/3). Reintento en 3s...
12:45:24 | WARNING | Falla API Google (Intento 1/3). Reintento en 3s...
12:46:21 | WARNING | Falla API Google (Intento 1/3). Reintento en 3s...
12:47:19 | WARNING | Falla API Google (Intento 1/3). Reintento en 3s...
12:48:19 | WARNING | Falla API Google (Intento 1/3). Reintento en 3s...
12:49:19 | WARNING | Falla API Google (Intento 1/3). Reintento en 3s...
12:50:23 | WARNING | Falla API Google (Intento 1/3). Reintento en 3s...
12:51:22 | WARNING | Falla API Google (Intento 1/3). Reintento en 3s...
12:52:22 | WARNING | Falla API Google (Intento 1/3). Reintento en 3s...
12:53:22 | WARNING | Falla API Google (Intento 1/3). Reintento en 3s...
12:54:20 | WARNING | Falla API Google (Intento 1/3). Reintento en 3s...
12:55:21 | WARNING | Falla API Google (Intento 1/3). Reintento en 3s...
12:56:22 | WARNING | Falla API Google (Intento 1/3). Reintento en 3s...
12:57:21 | WARNING | Falla API Google (Intento 1/3). Reintento en 3s...
12:58:23 | WARNING | Falla API Google (Intento 1/3). Reintento en 3s...
12:59:23 | WARNING | Falla API Google (Intento 1/3). Reintento en 3s...
13:01:21 | WARNING | Falla API Google (Intento 1/3). Reintento en 3s...
13:02:21 | WARNING | Falla API Google (Intento 1/3). Reintento en 3s...
13:03:22 | WARNING | Falla API Google (Intento 1/3). Reintento en 3s...
13:04:21 | WARNING | Falla API Google (Intento 1/3). Reintento en 3s...
13:05:23 | WARNING | Falla API Google (Intento 1/3). Reintento en 3s...
13:06:19 | WARNING | Falla API Google (Intento 1/3). Reintento en 3s...
13:07:23 | WARNING | Falla API Google (Intento 1/3). Reintento en 3s...
13:08:23 | WARNING | Falla API Google (Intento 1/3). Reintento en 3s...
13:09:22 | WARNING | Falla API Google (Intento 1/3). Reintento en 3s...
13:10:21 | WARNING | Falla API Google (Intento 1/3). Reintento en 3s...
13:11:23 | WARNING | Falla API Google (Intento 1/3). Reintento en 3s...
13:13:23 | WARNING | Falla API Google (Intento 1/3). Reintento en 3s...
13:14:21 | WARNING | Falla API Google (Intento 1/3). Reintento en 3s...
13:15:23 | WARNING | Falla API Google (Intento 1/3). Reintento en 3s...
13:16:20 | WARNING | Falla API Google (Intento 1/3). Reintento en 3s...
13:17:21 | WARNING | Falla API Google (Intento 1/3). Reintento en 3s...
13:18:21 | WARNING | Falla API Google (Intento 1/3). Reintento en 3s...
13:19:23 | WARNING | Falla API Google (Intento 1/3). Reintento en 3s...
13:21:20 | WARNING | Falla API Google (Intento 1/3). Reintento en 3s...
13:22:21 | WARNING | Falla API Google (Intento 1/3). Reintento en 3s...
13:23:22 | WARNING | Falla API Google (Intento 1/3). Reintento en 3s...
13:25:19 | WARNING | Falla API Google (Intento 1/3). Reintento en 3s...
13:26:23 | WARNING | Falla API Google (Intento 1/3). Reintento en 3s...
13:27:22 | WARNING | Falla API Google (Intento 1/3). Reintento en 3s...
13:28:21 | WARNING | Falla API Google (Intento 1/3). Reintento en 3s...
13:29:20 | WARNING | Falla API Google (Intento 1/3). Reintento en 3s...
13:30:22 | WARNING | Falla API Google (Intento 1/3). Reintento en 3s...
13:31:23 | WARNING | Falla API Google (Intento 1/3). Reintento en 3s...
13:32:22 | WARNING | Falla API Google (Intento 1/3). Reintento en 3s...
13:33:19 | WARNING | Falla API Google (Intento 1/3). Reintento en 3s...
13:34:19 | WARNING | Falla API Google (Intento 1/3). Reintento en 3s...
13:35:18 | WARNING | Falla API Google (Intento 1/3). Reintento en 3s...
13:36:19 | WARNING | Falla API Google (Intento 1/3). Reintento en 3s...
13:37:20 | WARNING | Falla API Google (Intento 1/3). Reintento en 3s...
13:38:22 | WARNING | Falla API Google (Intento 1/3). Reintento en 3s...
13:39:20 | WARNING | Falla API Google (Intento 1/3). Reintento en 3s...
13:40:21 | WARNING | Falla API Google (Intento 1/3). Reintento en 3s...
13:41:21 | WARNING | Falla API Google (Intento 1/3). Reintento en 3s...
13:42:22 | WARNING | Falla API Google (Intento 1/3). Reintento en 3s...
13:43:20 | WARNING | Falla API Google (Intento 1/3). Reintento en 3s...
13:44:19 | WARNING | Falla API Google (Intento 1/3). Reintento en 3s...
13:45:20 | WARNING | Falla API Google (Intento 1/3). Reintento en 3s...
13:46:19 | WARNING | Falla API Google (Intento 1/3). Reintento en 3s...
13:47:19 | WARNING | Falla API Google (Intento 1/3). Reintento en 3s...
13:48:20 | WARNING | Falla API Google (Intento 1/3). Reintento en 3s...
13:49:22 | WARNING | Falla API Google (Intento 1/3). Reintento en 3s...
13:50:22 | WARNING | Falla API Google (Intento 1/3). Reintento en 3s...
13:51:23 | WARNING | Falla API Google (Intento 1/3). Reintento en 3s...
13:52:22 | WARNING | Falla API Google (Intento 1/3). Reintento en 3s...
13:54:19 | WARNING | Falla API Google (Intento 1/3). Reintento en 3s...
13:56:19 | WARNING | Falla API Google (Intento 1/3). Reintento en 3s...
13:57:21 | WARNING | Falla API Google (Intento 1/3). Reintento en 3s...
13:58:20 | WARNING | Falla API Google (Intento 1/3). Reintento en 3s...
13:59:19 | WARNING | Falla API Google (Intento 1/3). Reintento en 3s...
14:00:23 | WARNING | Falla API Google (Intento 1/3). Reintento en 3s...
14:02:18 | WARNING | Falla API Google (Intento 1/3). Reintento en 3s...
14:03:19 | WARNING | Falla API Google (Intento 1/3). Reintento en 3s...
14:04:21 | WARNING | Falla API Google (Intento 1/3). Reintento en 3s...
14:05:23 | WARNING | Falla API Google (Intento 1/3). Reintento en 3s...
14:06:22 | WARNING | Falla API Google (Intento 1/3). Reintento en 3s...
14:07:22 | WARNING | Falla API Google (Intento 1/3). Reintento en 3s...
14:09:17 | WARNING | Falla API Google (Intento 1/3). Reintento en 3s...
14:10:21 | WARNING | Falla API Google (Intento 1/3). Reintento en 3s...
14:11:18 | WARNING | Falla API Google (Intento 1/3). Reintento en 3s...
14:12:23 | WARNING | Falla API Google (Intento 1/3). Reintento en 3s...
14:14:19 | WARNING | Falla API Google (Intento 1/3). Reintento en 3s...
14:15:21 | WARNING | Falla API Google (Intento 1/3). Reintento en 3s...
14:17:15 | WARNING | Falla API Google (Intento 1/3). Reintento en 3s...
14:18:20 | WARNING | Falla API Google (Intento 1/3). Reintento en 3s...
14:19:20 | WARNING | Falla API Google (Intento 1/3). Reintento en 3s...
14:20:23 | WARNING | Falla API Google (Intento 1/3). Reintento en 3s...
14:21:21 | WARNING | Falla API Google (Intento 1/3). Reintento en 3s...
14:22:18 | WARNING | Falla API Google (Intento 1/3). Reintento en 3s...
14:23:19 | WARNING | Falla API Google (Intento 1/3). Reintento en 3s...
14:24:21 | WARNING | Falla API Google (Intento 1/3). Reintento en 3s...
14:25:20 | WARNING | Falla API Google (Intento 1/3). Reintento en 3s...
14:26:20 | WARNING | Falla API Google (Intento 1/3). Reintento en 3s...
14:27:22 | WARNING | Falla API Google (Intento 1/3). Reintento en 3s...
14:28:19 | WARNING | Falla API Google (Intento 1/3). Reintento en 3s...
14:29:21 | WARNING | Falla API Google (Intento 1/3). Reintento en 3s...
14:30:22 | WARNING | Falla API Google (Intento 1/3). Reintento en 3s...
14:31:22 | WARNING | Falla API Google (Intento 1/3). Reintento en 3s...
14:32:20 | WARNING | Falla API Google (Intento 1/3). Reintento en 3s...
14:33:23 | WARNING | Falla API Google (Intento 1/3). Reintento en 3s...
14:34:23 | WARNING | Falla API Google (Intento 1/3). Reintento en 3s...
14:35:21 | WARNING | Falla API Google (Intento 1/3). Reintento en 3s...
14:37:20 | WARNING | Falla API Google (Intento 1/3). Reintento en 3s...
14:38:23 | WARNING | Falla API Google (Intento 1/3). Reintento en 3s...
14:39:20 | WARNING | Falla API Google (Intento 1/3). Reintento en 3s...
14:40:22 | WARNING | Falla API Google (Intento 1/3). Reintento en 3s...
14:41:23 | WARNING | Falla API Google (Intento 1/3). Reintento en 3s...
14:42:23 | WARNING | Falla API Google (Intento 1/3). Reintento en 3s...
14:43:23 | WARNING | Falla API Google (Intento 1/3). Reintento en 3s...
14:44:21 | WARNING | Falla API Google (Intento 1/3). Reintento en 3s...
14:45:23 | WARNING | Falla API Google (Intento 1/3). Reintento en 3s...
14:46:21 | WARNING | Falla API Google (Intento 1/3). Reintento en 3s...
14:47:23 | WARNING | Falla API Google (Intento 1/3). Reintento en 3s...
14:48:23 | WARNING | Falla API Google (Intento 1/3). Reintento en 3s...
14:49:18 | WARNING | Falla API Google (Intento 1/3). Reintento en 3s...
14:50:21 | WARNING | Falla API Google (Intento 1/3). Reintento en 3s...
14:51:23 | WARNING | Falla API Google (Intento 1/3). Reintento en 3s...
14:52:23 | WARNING | Falla API Google (Intento 1/3). Reintento en 3s...
14:53:23 | WARNING | Falla API Google (Intento 1/3). Reintento en 3s...
14:54:22 | WARNING | Falla API Google (Intento 1/3). Reintento en 3s...
14:55:21 | WARNING | Falla API Google (Intento 1/3). Reintento en 3s...
14:56:23 | WARNING | Falla API Google (Intento 1/3). Reintento en 3s...
14:57:20 | WARNING | Falla API Google (Intento 1/3). Reintento en 3s...
14:58:21 | WARNING | Falla API Google (Intento 1/3). Reintento en 3s...
14:59:21 | WARNING | Falla API Google (Intento 1/3). Reintento en 3s...
15:00:24 | WARNING | Falla API Google (Intento 1/3). Reintento en 3s...
15:01:23 | WARNING | Falla API Google (Intento 1/3). Reintento en 3s...
15:02:22 | WARNING | Falla API Google (Intento 1/3). Reintento en 3s...
15:03:21 | WARNING | Falla API Google (Intento 1/3). Reintento en 3s...
15:04:21 | WARNING | Falla API Google (Intento 1/3). Reintento en 3s...
15:05:21 | WARNING | Falla API Google (Intento 1/3). Reintento en 3s...
15:06:18 | WARNING | Falla API Google (Intento 1/3). Reintento en 3s...
15:07:21 | WARNING | Falla API Google (Intento 1/3). Reintento en 3s...
15:08:21 | WARNING | Falla API Google (Intento 1/3). Reintento en 3s...
15:09:23 | WARNING | Falla API Google (Intento 1/3). Reintento en 3s...
15:11:20 | WARNING | Falla API Google (Intento 1/3). Reintento en 3s...
15:12:22 | WARNING | Falla API Google (Intento 1/3). Reintento en 3s...
15:13:21 | WARNING | Falla API Google (Intento 1/3). Reintento en 3s...
15:14:20 | WARNING | Falla API Google (Intento 1/3). Reintento en 3s...
15:15:20 | WARNING | Falla API Google (Intento 1/3). Reintento en 3s...
15:16:21 | WARNING | Falla API Google (Intento 1/3). Reintento en 3s...
15:17:22 | WARNING | Falla API Google (Intento 1/3). Reintento en 3s...
15:18:19 | WARNING | Falla API Google (Intento 1/3). Reintento en 3s...
15:19:23 | WARNING | Falla API Google (Intento 1/3). Reintento en 3s...
15:20:23 | WARNING | Falla API Google (Intento 1/3). Reintento en 3s...
15:21:20 | WARNING | Falla API Google (Intento 1/3). Reintento en 3s...
15:23:17 | WARNING | Falla API Google (Intento 1/3). Reintento en 3s...
15:24:19 | WARNING | Falla API Google (Intento 1/3). Reintento en 3s...
15:25:18 | WARNING | Falla API Google (Intento 1/3). Reintento en 3s...
15:26:22 | WARNING | Falla API Google (Intento 1/3). Reintento en 3s...
15:27:19 | WARNING | Falla API Google (Intento 1/3). Reintento en 3s...
15:28:20 | WARNING | Falla API Google (Intento 1/3). Reintento en 3s...
15:29:22 | WARNING | Falla API Google (Intento 1/3). Reintento en 3s...
15:30:19 | WARNING | Falla API Google (Intento 1/3). Reintento en 3s...
15:31:22 | WARNING | Falla API Google (Intento 1/3). Reintento en 3s...
15:33:19 | WARNING | Falla API Google (Intento 1/3). Reintento en 3s...
15:34:20 | WARNING | Falla API Google (Intento 1/3). Reintento en 3s...
15:35:21 | WARNING | Falla API Google (Intento 1/3). Reintento en 3s...
15:36:23 | WARNING | Falla API Google (Intento 1/3). Reintento en 3s...
15:37:20 | WARNING | Falla API Google (Intento 1/3). Reintento en 3s...
15:38:21 | WARNING | Falla API Google (Intento 1/3). Reintento en 3s...
15:39:22 | WARNING | Falla API Google (Intento 1/3). Reintento en 3s...
15:40:20 | WARNING | Falla API Google (Intento 1/3). Reintento en 3s...
15:41:19 | WARNING | Falla API Google (Intento 1/3). Reintento en 3s...
15:42:20 | WARNING | Falla API Google (Intento 1/3). Reintento en 3s...
15:43:19 | WARNING | Falla API Google (Intento 1/3). Reintento en 3s...
15:44:18 | WARNING | Falla API Google (Intento 1/3). Reintento en 3s...
15:45:22 | WARNING | Falla API Google (Intento 1/3). Reintento en 3s...
15:46:21 | WARNING | Falla API Google (Intento 1/3). Reintento en 3s...
15:47:18 | WARNING | Falla API Google (Intento 1/3). Reintento en 3s...
15:48:20 | WARNING | Falla API Google (Intento 1/3). Reintento en 3s...
15:49:21 | WARNING | Falla API Google (Intento 1/3). Reintento en 3s...
15:50:23 | WARNING | Falla API Google (Intento 1/3). Reintento en 3s...
15:52:18 | WARNING | Falla API Google (Intento 1/3). Reintento en 3s...
15:53:19 | WARNING | Falla API Google (Intento 1/3). Reintento en 3s...
15:54:21 | WARNING | Falla API Google (Intento 1/3). Reintento en 3s...
15:55:23 | WARNING | Falla API Google (Intento 1/3). Reintento en 3s...
15:56:19 | WARNING | Falla API Google (Intento 1/3). Reintento en 3s...
15:57:20 | WARNING | Falla API Google (Intento 1/3). Reintento en 3s...
15:58:21 | WARNING | Falla API Google (Intento 1/3). Reintento en 3s...
15:59:21 | WARNING | Falla API Google (Intento 1/3). Reintento en 3s...
16:00:22 | WARNING | Falla API Google (Intento 1/3). Reintento en 3s...
16:02:18 | WARNING | Falla API Google (Intento 1/3). Reintento en 3s...
16:03:19 | WARNING | Falla API Google (Intento 1/3). Reintento en 3s...
16:05:19 | WARNING | Falla API Google (Intento 1/3). Reintento en 3s...
16:06:18 | WARNING | Falla API Google (Intento 1/3). Reintento en 3s...
16:07:19 | WARNING | Falla API Google (Intento 1/3). Reintento en 3s...
16:08:20 | WARNING | Falla API Google (Intento 1/3). Reintento en 3s...
16:09:22 | WARNING | Falla API Google (Intento 1/3). Reintento en 3s...
16:10:21 | WARNING | Falla API Google (Intento 1/3). Reintento en 3s...
16:11:21 | WARNING | Falla API Google (Intento 1/3). Reintento en 3s...
16:12:22 | WARNING | Falla API Google (Intento 1/3). Reintento en 3s...
16:13:21 | WARNING | Falla API Google (Intento 1/3). Reintento en 3s...
16:14:21 | WARNING | Falla API Google (Intento 1/3). Reintento en 3s...
16:15:19 | WARNING | Falla API Google (Intento 1/3). Reintento en 3s...
16:16:21 | WARNING | Falla API Google (Intento 1/3). Reintento en 3s...
16:17:23 | WARNING | Falla API Google (Intento 1/3). Reintento en 3s...
16:19:18 | WARNING | Falla API Google (Intento 1/3). Reintento en 3s...
16:20:22 | WARNING | Falla API Google (Intento 1/3). Reintento en 3s...
16:21:22 | WARNING | Falla API Google (Intento 1/3). Reintento en 3s...
16:22:21 | WARNING | Falla API Google (Intento 1/3). Reintento en 3s...
16:23:17 | WARNING | Falla API Google (Intento 1/3). Reintento en 3s...
16:24:19 | WARNING | Falla API Google (Intento 1/3). Reintento en 3s...
16:25:20 | WARNING | Falla API Google (Intento 1/3). Reintento en 3s...
16:26:23 | WARNING | Falla API Google (Intento 1/3). Reintento en 3s...
16:27:23 | WARNING | Falla API Google (Intento 1/3). Reintento en 3s...
16:29:20 | WARNING | Falla API Google (Intento 1/3). Reintento en 3s...
16:30:21 | WARNING | Falla API Google (Intento 1/3). Reintento en 3s...
16:31:20 | WARNING | Falla API Google (Intento 1/3). Reintento en 3s...
16:32:25 | WARNING | Falla API Google (Intento 1/3). Reintento en 3s...
16:33:23 | WARNING | Falla API Google (Intento 1/3). Reintento en 3s...
16:34:22 | WARNING | Falla API Google (Intento 1/3). Reintento en 3s...
16:35:21 | WARNING | Falla API Google (Intento 1/3). Reintento en 3s...
16:36:20 | WARNING | Falla API Google (Intento 1/3). Reintento en 3s...
16:37:20 | WARNING | Falla API Google (Intento 1/3). Reintento en 3s...
16:38:22 | WARNING | Falla API Google (Intento 1/3). Reintento en 3s...
16:39:21 | WARNING | Falla API Google (Intento 1/3). Reintento en 3s...
16:40:23 | WARNING | Falla API Google (Intento 1/3). Reintento en 3s...
16:42:19 | WARNING | Falla API Google (Intento 1/3). Reintento en 3s...
16:44:18 | WARNING | Falla API Google (Intento 1/3). Reintento en 3s...
16:45:22 | WARNING | Falla API Google (Intento 1/3). Reintento en 3s...
16:46:22 | WARNING | Falla API Google (Intento 1/3). Reintento en 3s...
16:48:19 | WARNING | Falla API Google (Intento 1/3). Reintento en 3s...
16:49:21 | WARNING | Falla API Google (Intento 1/3). Reintento en 3s...
16:50:22 | WARNING | Falla API Google (Intento 1/3). Reintento en 3s...
16:51:19 | WARNING | Falla API Google (Intento 1/3). Reintento en 3s...
16:52:20 | WARNING | Falla API Google (Intento 1/3). Reintento en 3s...
16:53:22 | WARNING | Falla API Google (Intento 1/3). Reintento en 3s...
16:54:17 | WARNING | Falla API Google (Intento 1/3). Reintento en 3s...
16:55:20 | WARNING | Falla API Google (Intento 1/3). Reintento en 3s...
16:56:20 | WARNING | Falla API Google (Intento 1/3). Reintento en 3s...
16:57:20 | WARNING | Falla API Google (Intento 1/3). Reintento en 3s...
16:58:22 | WARNING | Falla API Google (Intento 1/3). Reintento en 3s...
16:59:19 | WARNING | Falla API Google (Intento 1/3). Reintento en 3s...
17:01:31 | WARNING | ¡ALERTA! Conexión caída o congelada. Reiniciando sistema YA...
17:01:33 | INFO | MarketManager iniciado con 7 activos (MODO ESTÁTICO).
17:01:36 | INFO | Sistema Operativo - Monitoreando lista estatica
17:02:08 | WARNING | ¡ALERTA! Conexión caída o congelada. Reiniciando sistema YA...
17:02:09 | INFO | MarketManager iniciado con 7 activos (MODO ESTÁTICO).
17:02:14 | INFO | Sistema Operativo - Monitoreando lista estatica
17:02:45 | WARNING | ¡ALERTA! Conexión caída o congelada. Reiniciando sistema YA...
17:02:47 | INFO | MarketManager iniciado con 7 activos (MODO ESTÁTICO).
17:02:51 | INFO | Sistema Operativo - Monitoreando lista estatica
17:03:42 | WARNING | ¡ALERTA! Conexión caída o congelada. Reiniciando sistema YA...
17:03:43 | INFO | MarketManager iniciado con 7 activos (MODO ESTÁTICO).
17:03:48 | INFO | Sistema Operativo - Monitoreando lista estatica
17:04:19 | WARNING | ¡ALERTA! Conexión caída o congelada. Reiniciando sistema YA...
17:04:21 | INFO | MarketManager iniciado con 7 activos (MODO ESTÁTICO).
17:04:25 | INFO | Sistema Operativo - Monitoreando lista estatica
17:04:56 | WARNING | ¡ALERTA! Conexión caída o congelada. Reiniciando sistema YA...
17:04:57 | INFO | MarketManager iniciado con 7 activos (MODO ESTÁTICO).
17:05:01 | INFO | Sistema Operativo - Monitoreando lista estatica
17:05:53 | WARNING | ¡ALERTA! Conexión caída o congelada. Reiniciando sistema YA...
17:05:54 | INFO | MarketManager iniciado con 7 activos (MODO ESTÁTICO).
17:05:59 | INFO | Sistema Operativo - Monitoreando lista estatica
17:06:30 | WARNING | ¡ALERTA! Conexión caída o congelada. Reiniciando sistema YA...
17:06:32 | INFO | MarketManager iniciado con 7 activos (MODO ESTÁTICO).
17:06:35 | INFO | Sistema Operativo - Monitoreando lista estatica
17:07:06 | WARNING | ¡ALERTA! Conexión caída o congelada. Reiniciando sistema YA...
17:07:08 | INFO | MarketManager iniciado con 7 activos (MODO ESTÁTICO).
17:07:12 | INFO | Sistema Operativo - Monitoreando lista estatica
17:07:44 | WARNING | ¡ALERTA! Conexión caída o congelada. Reiniciando sistema YA...
17:07:45 | INFO | MarketManager iniciado con 7 activos (MODO ESTÁTICO).
17:07:49 | INFO | Sistema Operativo - Monitoreando lista estatica
17:08:20 | WARNING | ¡ALERTA! Conexión caída o congelada. Reiniciando sistema YA...
17:08:21 | INFO | MarketManager iniciado con 7 activos (MODO ESTÁTICO).
17:08:26 | INFO | Sistema Operativo - Monitoreando lista estatica
17:08:57 | WARNING | ¡ALERTA! Conexión caída o congelada. Reiniciando sistema YA...
17:08:58 | INFO | MarketManager iniciado con 7 activos (MODO ESTÁTICO).
17:09:01 | INFO | Sistema Operativo - Monitoreando lista estatica
17:09:10 | INFO | Detencion manual detectada. Cerrando procesos...
17:09:10 | INFO | WebSocket desconectado. Bot fuera de linea.
09:56:48 | INFO | MarketManager iniciado con 7 activos (MODO ESTÁTICO).
09:56:52 | INFO | Sistema Operativo - Monitoreando lista estatica
09:57:23 | WARNING | ¡ALERTA! Conexión caída o congelada. Reiniciando sistema YA...
09:57:25 | INFO | MarketManager iniciado con 7 activos (MODO ESTÁTICO).
09:57:29 | INFO | Sistema Operativo - Monitoreando lista estatica
09:58:00 | WARNING | ¡ALERTA! Conexión caída o congelada. Reiniciando sistema YA...
09:58:01 | INFO | MarketManager iniciado con 7 activos (MODO ESTÁTICO).
09:58:05 | INFO | Sistema Operativo - Monitoreando lista estatica
09:58:36 | WARNING | ¡ALERTA! Conexión caída o congelada. Reiniciando sistema YA...
09:58:37 | INFO | MarketManager iniciado con 7 activos (MODO ESTÁTICO).
09:58:40 | INFO | Sistema Operativo - Monitoreando lista estatica
09:59:11 | WARNING | ¡ALERTA! Conexión caída o congelada. Reiniciando sistema YA...
09:59:13 | INFO | MarketManager iniciado con 7 activos (MODO ESTÁTICO).
09:59:17 | INFO | Sistema Operativo - Monitoreando lista estatica
09:59:48 | WARNING | ¡ALERTA! Conexión caída o congelada. Reiniciando sistema YA...
09:59:48 | INFO | MarketManager iniciado con 7 activos (MODO ESTÁTICO).
09:59:52 | INFO | Sistema Operativo - Monitoreando lista estatica
10:00:37 | WARNING | ¡ALERTA! Conexión caída o congelada. Reiniciando sistema YA...
10:00:39 | INFO | MarketManager iniciado con 7 activos (MODO ESTÁTICO).
10:00:44 | INFO | Sistema Operativo - Monitoreando lista estatica
10:01:15 | WARNING | ¡ALERTA! Conexión caída o congelada. Reiniciando sistema YA...
10:01:16 | INFO | MarketManager iniciado con 7 activos (MODO ESTÁTICO).
10:01:20 | INFO | Sistema Operativo - Monitoreando lista estatica
10:01:51 | WARNING | ¡ALERTA! Conexión caída o congelada. Reiniciando sistema YA...
10:01:52 | INFO | MarketManager iniciado con 7 activos (MODO ESTÁTICO).
10:01:56 | INFO | Sistema Operativo - Monitoreando lista estatica
10:02:27 | WARNING | ¡ALERTA! Conexión caída o congelada. Reiniciando sistema YA...
10:02:28 | INFO | MarketManager iniciado con 7 activos (MODO ESTÁTICO).
10:02:33 | INFO | Sistema Operativo - Monitoreando lista estatica
10:02:54 | WARNING | Falla API Google (Intento 1/3). Reintento en 3s...
10:03:05 | WARNING | ¡ALERTA! Conexión caída o congelada. Reiniciando sistema YA...
10:03:07 | INFO | MarketManager iniciado con 7 activos (MODO ESTÁTICO).
10:03:10 | INFO | Sistema Operativo - Monitoreando lista estatica
10:03:41 | WARNING | ¡ALERTA! Conexión caída o congelada. Reiniciando sistema YA...
10:03:43 | INFO | MarketManager iniciado con 7 activos (MODO ESTÁTICO).
10:03:46 | INFO | Sistema Operativo - Monitoreando lista estatica
10:03:57 | WARNING | Falla API Google (Intento 1/3). Reintento en 3s...
10:04:18 | WARNING | ¡ALERTA! Conexión caída o congelada. Reiniciando sistema YA...
10:04:19 | INFO | MarketManager iniciado con 7 activos (MODO ESTÁTICO).
10:04:23 | INFO | Sistema Operativo - Monitoreando lista estatica
10:04:55 | WARNING | ¡ALERTA! Conexión caída o congelada. Reiniciando sistema YA...
10:04:55 | INFO | MarketManager iniciado con 7 activos (MODO ESTÁTICO).
10:04:59 | INFO | Sistema Operativo - Monitoreando lista estatica
10:05:31 | WARNING | ¡ALERTA! Conexión caída o congelada. Reiniciando sistema YA...
10:05:32 | INFO | MarketManager iniciado con 7 activos (MODO ESTÁTICO).
10:05:36 | INFO | Sistema Operativo - Monitoreando lista estatica
10:05:52 | WARNING | Falla API Google (Intento 1/3). Reintento en 3s...
10:06:08 | WARNING | ¡ALERTA! Conexión caída o congelada. Reiniciando sistema YA...
10:06:10 | INFO | MarketManager iniciado con 7 activos (MODO ESTÁTICO).
10:06:13 | INFO | Sistema Operativo - Monitoreando lista estatica
10:06:44 | WARNING | ¡ALERTA! Conexión caída o congelada. Reiniciando sistema YA...
10:06:45 | INFO | MarketManager iniciado con 7 activos (MODO ESTÁTICO).
10:06:49 | INFO | Sistema Operativo - Monitoreando lista estatica
10:06:58 | WARNING | Falla API Google (Intento 1/3). Reintento en 3s...
10:07:21 | WARNING | ¡ALERTA! Conexión caída o congelada. Reiniciando sistema YA...
10:07:23 | INFO | MarketManager iniciado con 7 activos (MODO ESTÁTICO).
10:07:27 | INFO | Sistema Operativo - Monitoreando lista estatica
10:07:58 | WARNING | ¡ALERTA! Conexión caída o congelada. Reiniciando sistema YA...
10:08:00 | INFO | MarketManager iniciado con 7 activos (MODO ESTÁTICO).
10:08:04 | INFO | Sistema Operativo - Monitoreando lista estatica
10:08:36 | WARNING | ¡ALERTA! Conexión caída o congelada. Reiniciando sistema YA...
10:08:37 | INFO | MarketManager iniciado con 7 activos (MODO ESTÁTICO).
10:08:41 | INFO | Sistema Operativo - Monitoreando lista estatica
10:09:12 | WARNING | ¡ALERTA! Conexión caída o congelada. Reiniciando sistema YA...
10:09:14 | INFO | MarketManager iniciado con 7 activos (MODO ESTÁTICO).
10:09:18 | INFO | Sistema Operativo - Monitoreando lista estatica
10:09:50 | WARNING | ¡ALERTA! Conexión caída o congelada. Reiniciando sistema YA...
10:09:51 | INFO | MarketManager iniciado con 7 activos (MODO ESTÁTICO).
10:09:54 | INFO | Sistema Operativo - Monitoreando lista estatica
10:10:26 | WARNING | ¡ALERTA! Conexión caída o congelada. Reiniciando sistema YA...
10:10:26 | INFO | MarketManager iniciado con 7 activos (MODO ESTÁTICO).
10:10:30 | INFO | Sistema Operativo - Monitoreando lista estatica
10:10:57 | WARNING | Falla API Google (Intento 1/3). Reintento en 3s...
10:11:04 | WARNING | ¡ALERTA! Conexión caída o congelada. Reiniciando sistema YA...
10:11:06 | INFO | MarketManager iniciado con 7 activos (MODO ESTÁTICO).
10:11:10 | INFO | Sistema Operativo - Monitoreando lista estatica
10:11:41 | WARNING | ¡ALERTA! Conexión caída o congelada. Reiniciando sistema YA...
10:11:43 | INFO | MarketManager iniciado con 7 activos (MODO ESTÁTICO).
10:11:48 | INFO | Sistema Operativo - Monitoreando lista estatica
10:11:59 | WARNING | Falla API Google (Intento 1/3). Reintento en 3s...
10:12:19 | WARNING | ¡ALERTA! Conexión caída o congelada. Reiniciando sistema YA...
10:12:21 | INFO | MarketManager iniciado con 7 activos (MODO ESTÁTICO).
10:12:25 | INFO | Sistema Operativo - Monitoreando lista estatica
10:12:56 | WARNING | ¡ALERTA! Conexión caída o congelada. Reiniciando sistema YA...
10:12:58 | INFO | MarketManager iniciado con 7 activos (MODO ESTÁTICO).
10:13:02 | INFO | Sistema Operativo - Monitoreando lista estatica
10:13:33 | WARNING | ¡ALERTA! Conexión caída o congelada. Reiniciando sistema YA...
10:13:34 | INFO | MarketManager iniciado con 7 activos (MODO ESTÁTICO).
10:13:38 | INFO | Sistema Operativo - Monitoreando lista estatica
10:13:58 | WARNING | Falla API Google (Intento 1/3). Reintento en 3s...
10:14:10 | WARNING | ¡ALERTA! Conexión caída o congelada. Reiniciando sistema YA...
10:14:11 | INFO | MarketManager iniciado con 7 activos (MODO ESTÁTICO).
10:14:15 | INFO | Sistema Operativo - Monitoreando lista estatica
10:14:47 | WARNING | ¡ALERTA! Conexión caída o congelada. Reiniciando sistema YA...
10:14:48 | INFO | MarketManager iniciado con 7 activos (MODO ESTÁTICO).
10:14:51 | INFO | Sistema Operativo - Monitoreando lista estatica
10:15:23 | WARNING | ¡ALERTA! Conexión caída o congelada. Reiniciando sistema YA...
10:15:24 | INFO | MarketManager iniciado con 7 activos (MODO ESTÁTICO).
10:15:28 | INFO | Sistema Operativo - Monitoreando lista estatica
10:15:55 | WARNING | Falla API Google (Intento 1/3). Reintento en 3s...
10:16:02 | WARNING | ¡ALERTA! Conexión caída o congelada. Reiniciando sistema YA...
10:16:04 | INFO | MarketManager iniciado con 7 activos (MODO ESTÁTICO).
10:16:07 | INFO | Sistema Operativo - Monitoreando lista estatica
10:16:38 | WARNING | ¡ALERTA! Conexión caída o congelada. Reiniciando sistema YA...
10:16:39 | INFO | MarketManager iniciado con 7 activos (MODO ESTÁTICO).
10:16:43 | INFO | Sistema Operativo - Monitoreando lista estatica
10:17:13 | WARNING | ¡ALERTA! Conexión caída o congelada. Reiniciando sistema YA...
10:17:15 | INFO | MarketManager iniciado con 7 activos (MODO ESTÁTICO).
10:17:20 | INFO | Sistema Operativo - Monitoreando lista estatica
10:17:51 | WARNING | ¡ALERTA! Conexión caída o congelada. Reiniciando sistema YA...
10:17:52 | INFO | MarketManager iniciado con 7 activos (MODO ESTÁTICO).
10:17:56 | INFO | Sistema Operativo - Monitoreando lista estatica
10:17:56 | WARNING | Falla API Google (Intento 1/3). Reintento en 3s...
10:18:28 | WARNING | ¡ALERTA! Conexión caída o congelada. Reiniciando sistema YA...
10:18:29 | INFO | MarketManager iniciado con 7 activos (MODO ESTÁTICO).
10:18:32 | INFO | Sistema Operativo - Monitoreando lista estatica
10:18:57 | WARNING | Falla API Google (Intento 1/3). Reintento en 3s...
10:19:05 | WARNING | ¡ALERTA! Conexión caída o congelada. Reiniciando sistema YA...
10:19:06 | INFO | MarketManager iniciado con 7 activos (MODO ESTÁTICO).
10:19:11 | INFO | Sistema Operativo - Monitoreando lista estatica
10:19:42 | WARNING | ¡ALERTA! Conexión caída o congelada. Reiniciando sistema YA...
10:19:44 | INFO | MarketManager iniciado con 7 activos (MODO ESTÁTICO).
10:19:48 | INFO | Sistema Operativo - Monitoreando lista estatica
10:20:19 | WARNING | ¡ALERTA! Conexión caída o congelada. Reiniciando sistema YA...
10:20:20 | INFO | MarketManager iniciado con 7 activos (MODO ESTÁTICO).
10:20:23 | INFO | Sistema Operativo - Monitoreando lista estatica
10:20:54 | WARNING | ¡ALERTA! Conexión caída o congelada. Reiniciando sistema YA...
10:20:54 | INFO | MarketManager iniciado con 7 activos (MODO ESTÁTICO).
10:20:59 | INFO | Sistema Operativo - Monitoreando lista estatica
10:21:30 | WARNING | ¡ALERTA! Conexión caída o congelada. Reiniciando sistema YA...
10:21:32 | INFO | MarketManager iniciado con 7 activos (MODO ESTÁTICO).
10:21:36 | INFO | Sistema Operativo - Monitoreando lista estatica
10:21:57 | WARNING | Falla API Google (Intento 1/3). Reintento en 3s...
10:22:06 | WARNING | ¡ALERTA! Conexión caída o congelada. Reiniciando sistema YA...
10:22:08 | INFO | MarketManager iniciado con 7 activos (MODO ESTÁTICO).
10:22:12 | INFO | Sistema Operativo - Monitoreando lista estatica
10:22:43 | WARNING | ¡ALERTA! Conexión caída o congelada. Reiniciando sistema YA...
10:22:44 | INFO | MarketManager iniciado con 7 activos (MODO ESTÁTICO).
10:22:48 | INFO | Sistema Operativo - Monitoreando lista estatica
10:23:19 | WARNING | ¡ALERTA! Conexión caída o congelada. Reiniciando sistema YA...
10:23:21 | INFO | MarketManager iniciado con 7 activos (MODO ESTÁTICO).
10:23:25 | INFO | Sistema Operativo - Monitoreando lista estatica
10:23:54 | WARNING | Falla API Google (Intento 1/3). Reintento en 3s...
10:24:02 | WARNING | ¡ALERTA! Conexión caída o congelada. Reiniciando sistema YA...
10:24:03 | INFO | MarketManager iniciado con 7 activos (MODO ESTÁTICO).
10:24:07 | INFO | Sistema Operativo - Monitoreando lista estatica
10:24:38 | WARNING | ¡ALERTA! Conexión caída o congelada. Reiniciando sistema YA...
10:24:39 | INFO | MarketManager iniciado con 7 activos (MODO ESTÁTICO).
10:24:44 | INFO | Sistema Operativo - Monitoreando lista estatica
10:25:53 | WARNING | Falla API Google (Intento 1/3). Reintento en 3s...
10:26:56 | WARNING | Falla API Google (Intento 1/3). Reintento en 3s...
10:27:54 | WARNING | Falla API Google (Intento 1/3). Reintento en 3s...
10:28:55 | WARNING | Falla API Google (Intento 1/3). Reintento en 3s...
10:29:59 | WARNING | Falla API Google (Intento 1/3). Reintento en 3s...
10:31:55 | WARNING | Falla API Google (Intento 1/3). Reintento en 3s...
10:32:57 | WARNING | Falla API Google (Intento 1/3). Reintento en 3s...
10:33:56 | WARNING | Falla API Google (Intento 1/3). Reintento en 3s...
10:34:54 | WARNING | Falla API Google (Intento 1/3). Reintento en 3s...
10:35:56 | WARNING | Falla API Google (Intento 1/3). Reintento en 3s...
10:37:53 | WARNING | Falla API Google (Intento 1/3). Reintento en 3s...
10:38:52 | WARNING | Falla API Google (Intento 1/3). Reintento en 3s...
10:39:53 | WARNING | Falla API Google (Intento 1/3). Reintento en 3s...
10:40:53 | WARNING | Falla API Google (Intento 1/3). Reintento en 3s...
10:41:54 | WARNING | Falla API Google (Intento 1/3). Reintento en 3s...
10:42:58 | WARNING | Falla API Google (Intento 1/3). Reintento en 3s...
10:43:58 | WARNING | Falla API Google (Intento 1/3). Reintento en 3s...
10:44:57 | WARNING | Falla API Google (Intento 1/3). Reintento en 3s...
10:45:58 | WARNING | Falla API Google (Intento 1/3). Reintento en 3s...
10:46:53 | WARNING | Falla API Google (Intento 1/3). Reintento en 3s...
10:47:54 | WARNING | Falla API Google (Intento 1/3). Reintento en 3s...
10:48:56 | WARNING | Falla API Google (Intento 1/3). Reintento en 3s...
10:49:57 | WARNING | Falla API Google (Intento 1/3). Reintento en 3s...
10:50:57 | WARNING | Falla API Google (Intento 1/3). Reintento en 3s...
10:51:58 | WARNING | Falla API Google (Intento 1/3). Reintento en 3s...
10:52:58 | WARNING | Falla API Google (Intento 1/3). Reintento en 3s...
10:53:57 | WARNING | Falla API Google (Intento 1/3). Reintento en 3s...
10:54:57 | WARNING | Falla API Google (Intento 1/3). Reintento en 3s...
10:55:56 | WARNING | Falla API Google (Intento 1/3). Reintento en 3s...
10:56:54 | WARNING | Falla API Google (Intento 1/3). Reintento en 3s...
10:57:56 | WARNING | Falla API Google (Intento 1/3). Reintento en 3s...
10:58:57 | WARNING | Falla API Google (Intento 1/3). Reintento en 3s...
10:59:54 | WARNING | Falla API Google (Intento 1/3). Reintento en 3s...
11:01:52 | WARNING | Falla API Google (Intento 1/3). Reintento en 3s...
11:02:55 | WARNING | Falla API Google (Intento 1/3). Reintento en 3s...
11:03:57 | WARNING | Falla API Google (Intento 1/3). Reintento en 3s...
11:04:56 | WARNING | Falla API Google (Intento 1/3). Reintento en 3s...
11:05:53 | WARNING | Falla API Google (Intento 1/3). Reintento en 3s...
11:07:51 | WARNING | Falla API Google (Intento 1/3). Reintento en 3s...
11:07:56 | WARNING | Falla API Google (Intento 2/3). Reintento en 6s...
11:08:56 | WARNING | Falla API Google (Intento 1/3). Reintento en 3s...
11:09:55 | WARNING | Falla API Google (Intento 1/3). Reintento en 3s...
11:10:58 | WARNING | Falla API Google (Intento 1/3). Reintento en 3s...
11:11:57 | WARNING | Falla API Google (Intento 1/3). Reintento en 3s...
11:12:54 | WARNING | Falla API Google (Intento 1/3). Reintento en 3s...
11:13:56 | WARNING | Falla API Google (Intento 1/3). Reintento en 3s...
11:14:57 | WARNING | Falla API Google (Intento 1/3). Reintento en 3s...
11:15:56 | WARNING | Falla API Google (Intento 1/3). Reintento en 3s...
11:16:57 | WARNING | Falla API Google (Intento 1/3). Reintento en 3s...
11:17:57 | WARNING | Falla API Google (Intento 1/3). Reintento en 3s...
11:18:56 | WARNING | Falla API Google (Intento 1/3). Reintento en 3s...
11:19:53 | WARNING | Falla API Google (Intento 1/3). Reintento en 3s...
11:20:55 | WARNING | Falla API Google (Intento 1/3). Reintento en 3s...
11:21:54 | WARNING | Falla API Google (Intento 1/3). Reintento en 3s...
11:22:57 | WARNING | Falla API Google (Intento 1/3). Reintento en 3s...
11:23:56 | WARNING | Falla API Google (Intento 1/3). Reintento en 3s...
11:25:56 | WARNING | Falla API Google (Intento 1/3). Reintento en 3s...
11:26:57 | WARNING | Falla API Google (Intento 1/3). Reintento en 3s...
11:27:56 | WARNING | Falla API Google (Intento 1/3). Reintento en 3s...
11:28:55 | WARNING | Falla API Google (Intento 1/3). Reintento en 3s...
11:29:57 | WARNING | Falla API Google (Intento 1/3). Reintento en 3s...
11:30:57 | WARNING | Falla API Google (Intento 1/3). Reintento en 3s...
11:31:56 | WARNING | Falla API Google (Intento 1/3). Reintento en 3s...
11:32:57 | WARNING | Falla API Google (Intento 1/3). Reintento en 3s...
11:33:58 | WARNING | Falla API Google (Intento 1/3). Reintento en 3s...
11:34:57 | WARNING | Falla API Google (Intento 1/3). Reintento en 3s...
11:35:57 | WARNING | Falla API Google (Intento 1/3). Reintento en 3s...
11:36:54 | WARNING | Falla API Google (Intento 1/3). Reintento en 3s...
11:38:51 | WARNING | Falla API Google (Intento 1/3). Reintento en 3s...
11:39:57 | WARNING | Falla API Google (Intento 1/3). Reintento en 3s...
11:41:52 | WARNING | Falla API Google (Intento 1/3). Reintento en 3s...
11:42:56 | WARNING | Falla API Google (Intento 1/3). Reintento en 3s...
11:44:51 | WARNING | Falla API Google (Intento 1/3). Reintento en 3s...
11:45:55 | WARNING | Falla API Google (Intento 1/3). Reintento en 3s...
11:46:55 | WARNING | Falla API Google (Intento 1/3). Reintento en 3s...
11:47:55 | WARNING | Falla API Google (Intento 1/3). Reintento en 3s...
11:48:58 | WARNING | Falla API Google (Intento 1/3). Reintento en 3s...
11:49:58 | WARNING | Falla API Google (Intento 1/3). Reintento en 3s...
11:50:57 | WARNING | Falla API Google (Intento 1/3). Reintento en 3s...
11:52:54 | WARNING | Falla API Google (Intento 1/3). Reintento en 3s...
11:53:55 | WARNING | Falla API Google (Intento 1/3). Reintento en 3s...
11:54:58 | WARNING | Falla API Google (Intento 1/3). Reintento en 3s...
11:56:57 | WARNING | Falla API Google (Intento 1/3). Reintento en 3s...
11:57:57 | WARNING | Falla API Google (Intento 1/3). Reintento en 3s...
11:58:57 | WARNING | Falla API Google (Intento 1/3). Reintento en 3s...
11:59:53 | WARNING | Falla API Google (Intento 1/3). Reintento en 3s...
12:00:58 | WARNING | Falla API Google (Intento 1/3). Reintento en 3s...
12:01:57 | WARNING | Falla API Google (Intento 1/3). Reintento en 3s...
12:02:59 | WARNING | Falla API Google (Intento 1/3). Reintento en 3s...
12:03:58 | WARNING | Falla API Google (Intento 1/3). Reintento en 3s...
12:05:59 | WARNING | Falla API Google (Intento 1/3). Reintento en 3s...
12:06:57 | WARNING | Falla API Google (Intento 1/3). Reintento en 3s...
12:08:00 | WARNING | Falla API Google (Intento 1/3). Reintento en 3s...
12:08:58 | WARNING | Falla API Google (Intento 1/3). Reintento en 3s...
12:10:54 | WARNING | Falla API Google (Intento 1/3). Reintento en 3s...
12:11:55 | WARNING | Falla API Google (Intento 1/3). Reintento en 3s...
12:12:56 | WARNING | Falla API Google (Intento 1/3). Reintento en 3s...
12:13:58 | WARNING | Falla API Google (Intento 1/3). Reintento en 3s...
12:14:55 | WARNING | Falla API Google (Intento 1/3). Reintento en 3s...
12:15:56 | WARNING | Falla API Google (Intento 1/3). Reintento en 3s...
12:16:57 | WARNING | Falla API Google (Intento 1/3). Reintento en 3s...
12:17:57 | WARNING | Falla API Google (Intento 1/3). Reintento en 3s...
12:18:56 | WARNING | Falla API Google (Intento 1/3). Reintento en 3s...
12:19:58 | WARNING | Falla API Google (Intento 1/3). Reintento en 3s...
12:20:55 | WARNING | Falla API Google (Intento 1/3). Reintento en 3s...
12:21:56 | WARNING | Falla API Google (Intento 1/3). Reintento en 3s...
12:23:54 | WARNING | Falla API Google (Intento 1/3). Reintento en 3s...
12:24:58 | WARNING | Falla API Google (Intento 1/3). Reintento en 3s...
12:26:57 | WARNING | Falla API Google (Intento 1/3). Reintento en 3s...
12:27:56 | WARNING | Falla API Google (Intento 1/3). Reintento en 3s...
12:29:53 | WARNING | Falla API Google (Intento 1/3). Reintento en 3s...
12:30:55 | WARNING | Falla API Google (Intento 1/3). Reintento en 3s...
12:32:55 | WARNING | Falla API Google (Intento 1/3). Reintento en 3s...
12:34:54 | WARNING | Falla API Google (Intento 1/3). Reintento en 3s...
12:35:58 | WARNING | Falla API Google (Intento 1/3). Reintento en 3s...
12:36:58 | WARNING | Falla API Google (Intento 1/3). Reintento en 3s...
12:38:57 | WARNING | Falla API Google (Intento 1/3). Reintento en 3s...
12:39:55 | WARNING | Falla API Google (Intento 1/3). Reintento en 3s...
12:40:58 | WARNING | Falla API Google (Intento 1/3). Reintento en 3s...
12:41:58 | WARNING | Falla API Google (Intento 1/3). Reintento en 3s...
12:42:58 | WARNING | Falla API Google (Intento 1/3). Reintento en 3s...
12:43:57 | WARNING | Falla API Google (Intento 1/3). Reintento en 3s...
12:44:54 | WARNING | Falla API Google (Intento 1/3). Reintento en 3s...
12:45:58 | WARNING | Falla API Google (Intento 1/3). Reintento en 3s...
12:47:53 | WARNING | Falla API Google (Intento 1/3). Reintento en 3s...
12:48:58 | WARNING | Falla API Google (Intento 1/3). Reintento en 3s...
12:49:55 | WARNING | Falla API Google (Intento 1/3). Reintento en 3s...
12:50:54 | WARNING | Falla API Google (Intento 1/3). Reintento en 3s...
12:51:57 | WARNING | Falla API Google (Intento 1/3). Reintento en 3s...
12:52:55 | WARNING | Falla API Google (Intento 1/3). Reintento en 3s...
12:53:54 | WARNING | Falla API Google (Intento 1/3). Reintento en 3s...
12:54:53 | WARNING | Falla API Google (Intento 1/3). Reintento en 3s...
12:55:55 | WARNING | Falla API Google (Intento 1/3). Reintento en 3s...
12:56:56 | WARNING | Falla API Google (Intento 1/3). Reintento en 3s...
12:57:56 | WARNING | Falla API Google (Intento 1/3). Reintento en 3s...
12:58:55 | WARNING | Falla API Google (Intento 1/3). Reintento en 3s...
12:59:56 | WARNING | Falla API Google (Intento 1/3). Reintento en 3s...
13:00:58 | WARNING | Falla API Google (Intento 1/3). Reintento en 3s...
13:01:52 | WARNING | Falla API Google (Intento 1/3). Reintento en 3s...
13:02:55 | WARNING | Falla API Google (Intento 1/3). Reintento en 3s...
13:03:56 | WARNING | Falla API Google (Intento 1/3). Reintento en 3s...
13:05:54 | WARNING | Falla API Google (Intento 1/3). Reintento en 3s...
13:06:55 | WARNING | Falla API Google (Intento 1/3). Reintento en 3s...
13:07:54 | WARNING | Falla API Google (Intento 1/3). Reintento en 3s...
13:08:56 | WARNING | Falla API Google (Intento 1/3). Reintento en 3s...
13:09:57 | WARNING | Falla API Google (Intento 1/3). Reintento en 3s...
13:10:56 | WARNING | Falla API Google (Intento 1/3). Reintento en 3s...
13:11:58 | WARNING | Falla API Google (Intento 1/3). Reintento en 3s...
13:12:55 | WARNING | Falla API Google (Intento 1/3). Reintento en 3s...
13:13:56 | WARNING | Falla API Google (Intento 1/3). Reintento en 3s...
13:14:54 | WARNING | Falla API Google (Intento 1/3). Reintento en 3s...
13:15:53 | WARNING | Falla API Google (Intento 1/3). Reintento en 3s...
13:16:54 | WARNING | Falla API Google (Intento 1/3). Reintento en 3s...
13:17:55 | WARNING | Falla API Google (Intento 1/3). Reintento en 3s...
13:18:58 | WARNING | Falla API Google (Intento 1/3). Reintento en 3s...
13:20:55 | WARNING | Falla API Google (Intento 1/3). Reintento en 3s...
13:21:58 | WARNING | Falla API Google (Intento 1/3). Reintento en 3s...
13:22:55 | WARNING | Falla API Google (Intento 1/3). Reintento en 3s...
13:23:58 | WARNING | Falla API Google (Intento 1/3). Reintento en 3s...
13:24:56 | WARNING | Falla API Google (Intento 1/3). Reintento en 3s...
13:25:55 | WARNING | Falla API Google (Intento 1/3). Reintento en 3s...
13:26:57 | WARNING | Falla API Google (Intento 1/3). Reintento en 3s...
13:27:53 | WARNING | Falla API Google (Intento 1/3). Reintento en 3s...
13:29:52 | WARNING | Falla API Google (Intento 1/3). Reintento en 3s...
13:30:53 | WARNING | Falla API Google (Intento 1/3). Reintento en 3s...
13:33:51 | WARNING | Falla API Google (Intento 1/3). Reintento en 3s...
13:34:58 | WARNING | Falla API Google (Intento 1/3). Reintento en 3s...
13:35:58 | WARNING | Falla API Google (Intento 1/3). Reintento en 3s...
13:36:55 | WARNING | Falla API Google (Intento 1/3). Reintento en 3s...
13:37:55 | WARNING | Falla API Google (Intento 1/3). Reintento en 3s...
13:38:58 | WARNING | Falla API Google (Intento 1/3). Reintento en 3s...
13:39:55 | WARNING | Falla API Google (Intento 1/3). Reintento en 3s...
13:40:57 | WARNING | Falla API Google (Intento 1/3). Reintento en 3s...
13:41:58 | WARNING | Falla API Google (Intento 1/3). Reintento en 3s...
13:42:57 | WARNING | Falla API Google (Intento 1/3). Reintento en 3s...
13:43:58 | WARNING | Falla API Google (Intento 1/3). Reintento en 3s...
13:44:58 | WARNING | Falla API Google (Intento 1/3). Reintento en 3s...
13:45:54 | WARNING | Falla API Google (Intento 1/3). Reintento en 3s...
13:47:54 | WARNING | Falla API Google (Intento 1/3). Reintento en 3s...
13:48:56 | WARNING | Falla API Google (Intento 1/3). Reintento en 3s...
13:49:57 | WARNING | Falla API Google (Intento 1/3). Reintento en 3s...
13:50:54 | WARNING | Falla API Google (Intento 1/3). Reintento en 3s...
13:52:52 | WARNING | Falla API Google (Intento 1/3). Reintento en 3s...
13:53:56 | WARNING | Falla API Google (Intento 1/3). Reintento en 3s...
13:54:58 | WARNING | Falla API Google (Intento 1/3). Reintento en 3s...
13:55:55 | WARNING | Falla API Google (Intento 1/3). Reintento en 3s...
13:56:59 | WARNING | Falla API Google (Intento 1/3). Reintento en 3s...
13:57:55 | WARNING | Falla API Google (Intento 1/3). Reintento en 3s...
13:58:56 | WARNING | Falla API Google (Intento 1/3). Reintento en 3s...
13:59:58 | WARNING | Falla API Google (Intento 1/3). Reintento en 3s...
14:00:58 | WARNING | Falla API Google (Intento 1/3). Reintento en 3s...
14:01:53 | WARNING | Falla API Google (Intento 1/3). Reintento en 3s...
14:03:51 | WARNING | Falla API Google (Intento 1/3). Reintento en 3s...
14:04:55 | WARNING | Falla API Google (Intento 1/3). Reintento en 3s...
14:05:55 | WARNING | Falla API Google (Intento 1/3). Reintento en 3s...
14:06:56 | WARNING | Falla API Google (Intento 1/3). Reintento en 3s...
14:07:58 | WARNING | Falla API Google (Intento 1/3). Reintento en 3s...
14:08:55 | WARNING | Falla API Google (Intento 1/3). Reintento en 3s...
14:09:57 | WARNING | Falla API Google (Intento 1/3). Reintento en 3s...
14:10:56 | WARNING | Falla API Google (Intento 1/3). Reintento en 3s...
14:11:55 | WARNING | Falla API Google (Intento 1/3). Reintento en 3s...
14:12:54 | WARNING | Falla API Google (Intento 1/3). Reintento en 3s...
14:14:53 | WARNING | Falla API Google (Intento 1/3). Reintento en 3s...
14:15:51 | WARNING | Falla API Google (Intento 1/3). Reintento en 3s...
14:16:56 | WARNING | Falla API Google (Intento 1/3). Reintento en 3s...
14:17:56 | WARNING | Falla API Google (Intento 1/3). Reintento en 3s...
14:18:57 | WARNING | Falla API Google (Intento 1/3). Reintento en 3s...
14:19:54 | WARNING | Falla API Google (Intento 1/3). Reintento en 3s...
14:20:55 | WARNING | Falla API Google (Intento 1/3). Reintento en 3s...
14:21:55 | WARNING | Falla API Google (Intento 1/3). Reintento en 3s...
14:22:51 | WARNING | Falla API Google (Intento 1/3). Reintento en 3s...
14:23:53 | WARNING | Falla API Google (Intento 1/3). Reintento en 3s...
14:25:50 | WARNING | Falla API Google (Intento 1/3). Reintento en 3s...
14:25:56 | WARNING | Falla API Google (Intento 2/3). Reintento en 6s...
14:26:57 | WARNING | Falla API Google (Intento 1/3). Reintento en 3s...
14:27:53 | WARNING | Falla API Google (Intento 1/3). Reintento en 3s...
14:28:47 | WARNING | Falla API Google (Intento 1/3). Reintento en 3s...
14:28:53 | WARNING | Falla API Google (Intento 2/3). Reintento en 6s...
14:29:55 | WARNING | Falla API Google (Intento 1/3). Reintento en 3s...
14:30:56 | WARNING | Falla API Google (Intento 1/3). Reintento en 3s...
14:31:58 | WARNING | Falla API Google (Intento 1/3). Reintento en 3s...
14:32:57 | WARNING | Falla API Google (Intento 1/3). Reintento en 3s...
14:33:54 | WARNING | Falla API Google (Intento 1/3). Reintento en 3s...
14:34:55 | WARNING | Falla API Google (Intento 1/3). Reintento en 3s...
14:35:57 | WARNING | Falla API Google (Intento 1/3). Reintento en 3s...
14:36:54 | WARNING | Falla API Google (Intento 1/3). Reintento en 3s...
14:38:51 | WARNING | Falla API Google (Intento 1/3). Reintento en 3s...
14:39:53 | WARNING | Falla API Google (Intento 1/3). Reintento en 3s...
14:40:52 | WARNING | Falla API Google (Intento 1/3). Reintento en 3s...
14:41:54 | WARNING | Falla API Google (Intento 1/3). Reintento en 3s...
14:42:53 | WARNING | Falla API Google (Intento 1/3). Reintento en 3s...
14:43:58 | WARNING | Falla API Google (Intento 1/3). Reintento en 3s...
14:44:57 | WARNING | Falla API Google (Intento 1/3). Reintento en 3s...
14:45:57 | WARNING | Falla API Google (Intento 1/3). Reintento en 3s...
14:46:58 | WARNING | Falla API Google (Intento 1/3). Reintento en 3s...
14:47:55 | WARNING | Falla API Google (Intento 1/3). Reintento en 3s...
14:48:54 | WARNING | Falla API Google (Intento 1/3). Reintento en 3s...
14:49:54 | WARNING | Falla API Google (Intento 1/3). Reintento en 3s...
14:50:52 | WARNING | Falla API Google (Intento 1/3). Reintento en 3s...
14:51:55 | WARNING | Falla API Google (Intento 1/3). Reintento en 3s...
14:52:57 | WARNING | Falla API Google (Intento 1/3). Reintento en 3s...
14:53:58 | WARNING | Falla API Google (Intento 1/3). Reintento en 3s...
14:54:52 | WARNING | Falla API Google (Intento 1/3). Reintento en 3s...
14:55:58 | WARNING | Falla API Google (Intento 1/3). Reintento en 3s...
14:56:57 | WARNING | Falla API Google (Intento 1/3). Reintento en 3s...
14:57:57 | WARNING | Falla API Google (Intento 1/3). Reintento en 3s...
14:58:57 | WARNING | Falla API Google (Intento 1/3). Reintento en 3s...
14:59:53 | WARNING | Falla API Google (Intento 1/3). Reintento en 3s...
15:00:57 | WARNING | Falla API Google (Intento 1/3). Reintento en 3s...
15:01:53 | WARNING | Falla API Google (Intento 1/3). Reintento en 3s...
15:02:58 | WARNING | Falla API Google (Intento 1/3). Reintento en 3s...
15:05:52 | WARNING | Falla API Google (Intento 1/3). Reintento en 3s...
15:06:55 | WARNING | Falla API Google (Intento 1/3). Reintento en 3s...
15:07:56 | WARNING | Falla API Google (Intento 1/3). Reintento en 3s...
15:12:52 | WARNING | Falla API Google (Intento 1/3). Reintento en 3s...
15:13:54 | WARNING | Falla API Google (Intento 1/3). Reintento en 3s...
15:14:53 | WARNING | Falla API Google (Intento 1/3). Reintento en 3s...
15:15:55 | WARNING | Falla API Google (Intento 1/3). Reintento en 3s...
15:16:57 | WARNING | Falla API Google (Intento 1/3). Reintento en 3s...
15:17:52 | WARNING | Falla API Google (Intento 1/3). Reintento en 3s...
15:18:54 | WARNING | Falla API Google (Intento 1/3). Reintento en 3s...
15:19:54 | WARNING | Falla API Google (Intento 1/3). Reintento en 3s...
15:20:52 | WARNING | Falla API Google (Intento 1/3). Reintento en 3s...
15:21:54 | WARNING | Falla API Google (Intento 1/3). Reintento en 3s...
15:22:54 | WARNING | Falla API Google (Intento 1/3). Reintento en 3s...
15:23:54 | WARNING | Falla API Google (Intento 1/3). Reintento en 3s...
15:24:54 | WARNING | Falla API Google (Intento 1/3). Reintento en 3s...
15:25:56 | WARNING | Falla API Google (Intento 1/3). Reintento en 3s...
15:26:56 | WARNING | Falla API Google (Intento 1/3). Reintento en 3s...
15:27:58 | WARNING | Falla API Google (Intento 1/3). Reintento en 3s...
15:28:55 | WARNING | Falla API Google (Intento 1/3). Reintento en 3s...
15:29:57 | WARNING | Falla API Google (Intento 1/3). Reintento en 3s...
15:31:55 | WARNING | Falla API Google (Intento 1/3). Reintento en 3s...
15:32:55 | WARNING | Falla API Google (Intento 1/3). Reintento en 3s...
15:34:56 | WARNING | Falla API Google (Intento 1/3). Reintento en 3s...
15:35:58 | WARNING | Falla API Google (Intento 1/3). Reintento en 3s...
15:36:53 | WARNING | Falla API Google (Intento 1/3). Reintento en 3s...
15:37:55 | WARNING | Falla API Google (Intento 1/3). Reintento en 3s...
15:39:54 | WARNING | Falla API Google (Intento 1/3). Reintento en 3s...
15:40:56 | WARNING | Falla API Google (Intento 1/3). Reintento en 3s...
15:41:55 | WARNING | Falla API Google (Intento 1/3). Reintento en 3s...
15:42:57 | WARNING | Falla API Google (Intento 1/3). Reintento en 3s...
15:43:56 | WARNING | Falla API Google (Intento 1/3). Reintento en 3s...
15:44:57 | WARNING | Falla API Google (Intento 1/3). Reintento en 3s...
15:45:54 | WARNING | Falla API Google (Intento 1/3). Reintento en 3s...
15:46:58 | WARNING | Falla API Google (Intento 1/3). Reintento en 3s...
15:48:57 | WARNING | Falla API Google (Intento 1/3). Reintento en 3s...
15:49:56 | WARNING | Falla API Google (Intento 1/3). Reintento en 3s...
15:50:56 | WARNING | Falla API Google (Intento 1/3). Reintento en 3s...
15:51:54 | WARNING | Falla API Google (Intento 1/3). Reintento en 3s...
15:52:58 | WARNING | Falla API Google (Intento 1/3). Reintento en 3s...
15:53:55 | WARNING | Falla API Google (Intento 1/3). Reintento en 3s...
15:54:56 | WARNING | Falla API Google (Intento 1/3). Reintento en 3s...
15:56:52 | WARNING | Falla API Google (Intento 1/3). Reintento en 3s...
15:57:53 | WARNING | Falla API Google (Intento 1/3). Reintento en 3s...
15:58:55 | WARNING | Falla API Google (Intento 1/3). Reintento en 3s...
15:59:54 | WARNING | Falla API Google (Intento 1/3). Reintento en 3s...
16:00:55 | WARNING | Falla API Google (Intento 1/3). Reintento en 3s...
16:01:52 | WARNING | Falla API Google (Intento 1/3). Reintento en 3s...
16:02:54 | WARNING | Falla API Google (Intento 1/3). Reintento en 3s...
16:04:54 | WARNING | Falla API Google (Intento 1/3). Reintento en 3s...
16:05:54 | WARNING | Falla API Google (Intento 1/3). Reintento en 3s...
16:06:55 | WARNING | Falla API Google (Intento 1/3). Reintento en 3s...
16:07:57 | WARNING | Falla API Google (Intento 1/3). Reintento en 3s...
16:08:54 | WARNING | Falla API Google (Intento 1/3). Reintento en 3s...
16:10:56 | WARNING | Falla API Google (Intento 1/3). Reintento en 3s...
16:11:57 | WARNING | Falla API Google (Intento 1/3). Reintento en 3s...
16:12:55 | WARNING | Falla API Google (Intento 1/3). Reintento en 3s...
16:13:58 | WARNING | Falla API Google (Intento 1/3). Reintento en 3s...
16:14:52 | WARNING | Falla API Google (Intento 1/3). Reintento en 3s...
16:15:54 | WARNING | Falla API Google (Intento 1/3). Reintento en 3s...
16:16:53 | WARNING | Falla API Google (Intento 1/3). Reintento en 3s...
16:17:52 | WARNING | Falla API Google (Intento 1/3). Reintento en 3s...
16:18:57 | WARNING | Falla API Google (Intento 1/3). Reintento en 3s...
16:20:52 | WARNING | Falla API Google (Intento 1/3). Reintento en 3s...
16:21:58 | WARNING | Falla API Google (Intento 1/3). Reintento en 3s...
16:22:55 | WARNING | Falla API Google (Intento 1/3). Reintento en 3s...
16:23:54 | WARNING | Falla API Google (Intento 1/3). Reintento en 3s...
16:24:58 | WARNING | Falla API Google (Intento 1/3). Reintento en 3s...
16:26:51 | WARNING | Falla API Google (Intento 1/3). Reintento en 3s...
16:27:54 | WARNING | Falla API Google (Intento 1/3). Reintento en 3s...
16:28:53 | WARNING | Falla API Google (Intento 1/3). Reintento en 3s...
16:29:56 | WARNING | Falla API Google (Intento 1/3). Reintento en 3s...
16:30:55 | WARNING | Falla API Google (Intento 1/3). Reintento en 3s...
16:31:54 | WARNING | Falla API Google (Intento 1/3). Reintento en 3s...
16:32:55 | WARNING | Falla API Google (Intento 1/3). Reintento en 3s...
16:33:53 | WARNING | Falla API Google (Intento 1/3). Reintento en 3s...
16:34:54 | WARNING | Falla API Google (Intento 1/3). Reintento en 3s...
16:35:55 | WARNING | Falla API Google (Intento 1/3). Reintento en 3s...
16:36:54 | WARNING | Falla API Google (Intento 1/3). Reintento en 3s...
16:37:55 | WARNING | Falla API Google (Intento 1/3). Reintento en 3s...
16:38:54 | WARNING | Falla API Google (Intento 1/3). Reintento en 3s...
16:39:53 | WARNING | Falla API Google (Intento 1/3). Reintento en 3s...
16:40:56 | WARNING | Falla API Google (Intento 1/3). Reintento en 3s...
16:41:55 | WARNING | Falla API Google (Intento 1/3). Reintento en 3s...
16:42:58 | WARNING | Falla API Google (Intento 1/3). Reintento en 3s...
16:43:55 | WARNING | Falla API Google (Intento 1/3). Reintento en 3s...
16:45:55 | WARNING | Falla API Google (Intento 1/3). Reintento en 3s...
16:46:55 | WARNING | Falla API Google (Intento 1/3). Reintento en 3s...
16:47:52 | WARNING | Falla API Google (Intento 1/3). Reintento en 3s...
16:48:51 | WARNING | Falla API Google (Intento 1/3). Reintento en 3s...
16:49:53 | WARNING | Falla API Google (Intento 1/3). Reintento en 3s...
16:50:58 | WARNING | Falla API Google (Intento 1/3). Reintento en 3s...
16:51:55 | WARNING | Falla API Google (Intento 1/3). Reintento en 3s...
16:52:54 | WARNING | Falla API Google (Intento 1/3). Reintento en 3s...
16:53:55 | WARNING | Falla API Google (Intento 1/3). Reintento en 3s...
16:54:54 | WARNING | Falla API Google (Intento 1/3). Reintento en 3s...
16:55:56 | WARNING | Falla API Google (Intento 1/3). Reintento en 3s...
16:56:57 | WARNING | Falla API Google (Intento 1/3). Reintento en 3s...
16:57:55 | WARNING | Falla API Google (Intento 1/3). Reintento en 3s...
16:59:55 | WARNING | Falla API Google (Intento 1/3). Reintento en 3s...
17:00:54 | WARNING | ¡ALERTA! Conexión caída o congelada. Reiniciando sistema YA...
17:00:56 | INFO | MarketManager iniciado con 7 activos (MODO ESTÁTICO).
17:01:00 | INFO | Sistema Operativo - Monitoreando lista estatica
17:01:58 | WARNING | ¡ALERTA! Conexión caída o congelada. Reiniciando sistema YA...
17:02:00 | INFO | MarketManager iniciado con 7 activos (MODO ESTÁTICO).
17:02:05 | INFO | Sistema Operativo - Monitoreando lista estatica
17:02:36 | WARNING | ¡ALERTA! Conexión caída o congelada. Reiniciando sistema YA...
17:02:37 | INFO | MarketManager iniciado con 7 activos (MODO ESTÁTICO).
17:02:41 | INFO | Sistema Operativo - Monitoreando lista estatica
17:03:13 | WARNING | ¡ALERTA! Conexión caída o congelada. Reiniciando sistema YA...
17:03:15 | INFO | MarketManager iniciado con 7 activos (MODO ESTÁTICO).
17:03:20 | INFO | Sistema Operativo - Monitoreando lista estatica
17:03:51 | WARNING | ¡ALERTA! Conexión caída o congelada. Reiniciando sistema YA...
17:03:53 | INFO | MarketManager iniciado con 7 activos (MODO ESTÁTICO).
17:03:58 | INFO | Sistema Operativo - Monitoreando lista estatica
17:04:29 | WARNING | ¡ALERTA! Conexión caída o congelada. Reiniciando sistema YA...
17:04:31 | INFO | MarketManager iniciado con 7 activos (MODO ESTÁTICO).
17:04:36 | INFO | Sistema Operativo - Monitoreando lista estatica
17:05:06 | WARNING | ¡ALERTA! Conexión caída o congelada. Reiniciando sistema YA...
17:05:07 | INFO | MarketManager iniciado con 7 activos (MODO ESTÁTICO).
17:05:12 | INFO | Sistema Operativo - Monitoreando lista estatica
17:05:50 | WARNING | ¡ALERTA! Conexión caída o congelada. Reiniciando sistema YA...
17:05:52 | INFO | MarketManager iniciado con 7 activos (MODO ESTÁTICO).
17:05:56 | INFO | Sistema Operativo - Monitoreando lista estatica
17:06:27 | WARNING | ¡ALERTA! Conexión caída o congelada. Reiniciando sistema YA...
17:06:29 | INFO | MarketManager iniciado con 7 activos (MODO ESTÁTICO).
17:06:33 | INFO | Sistema Operativo - Monitoreando lista estatica
17:07:05 | WARNING | ¡ALERTA! Conexión caída o congelada. Reiniciando sistema YA...
17:07:06 | INFO | MarketManager iniciado con 7 activos (MODO ESTÁTICO).
17:07:11 | INFO | Sistema Operativo - Monitoreando lista estatica
17:07:42 | WARNING | ¡ALERTA! Conexión caída o congelada. Reiniciando sistema YA...
17:07:44 | INFO | MarketManager iniciado con 7 activos (MODO ESTÁTICO).
17:07:48 | INFO | Sistema Operativo - Monitoreando lista estatica
17:08:19 | WARNING | ¡ALERTA! Conexión caída o congelada. Reiniciando sistema YA...
17:08:21 | INFO | MarketManager iniciado con 7 activos (MODO ESTÁTICO).
17:08:25 | INFO | Sistema Operativo - Monitoreando lista estatica
17:08:56 | WARNING | ¡ALERTA! Conexión caída o congelada. Reiniciando sistema YA...
17:08:58 | INFO | MarketManager iniciado con 7 activos (MODO ESTÁTICO).
17:09:02 | INFO | Sistema Operativo - Monitoreando lista estatica
17:09:33 | WARNING | ¡ALERTA! Conexión caída o congelada. Reiniciando sistema YA...
17:09:34 | INFO | MarketManager iniciado con 7 activos (MODO ESTÁTICO).
17:09:39 | INFO | Sistema Operativo - Monitoreando lista estatica
17:10:10 | WARNING | ¡ALERTA! Conexión caída o congelada. Reiniciando sistema YA...
17:10:12 | INFO | MarketManager iniciado con 7 activos (MODO ESTÁTICO).
17:10:16 | INFO | Sistema Operativo - Monitoreando lista estatica
17:10:48 | WARNING | ¡ALERTA! Conexión caída o congelada. Reiniciando sistema YA...
17:10:50 | INFO | MarketManager iniciado con 7 activos (MODO ESTÁTICO).
17:10:54 | INFO | Sistema Operativo - Monitoreando lista estatica
17:11:25 | WARNING | ¡ALERTA! Conexión caída o congelada. Reiniciando sistema YA...
17:11:27 | INFO | MarketManager iniciado con 7 activos (MODO ESTÁTICO).
17:11:38 | INFO | Sistema Operativo - Monitoreando lista estatica
17:12:09 | WARNING | ¡ALERTA! Conexión caída o congelada. Reiniciando sistema YA...
17:12:11 | INFO | MarketManager iniciado con 7 activos (MODO ESTÁTICO).
17:12:15 | INFO | Sistema Operativo - Monitoreando lista estatica
17:12:46 | WARNING | ¡ALERTA! Conexión caída o congelada. Reiniciando sistema YA...
17:12:47 | INFO | MarketManager iniciado con 7 activos (MODO ESTÁTICO).
17:12:51 | INFO | Sistema Operativo - Monitoreando lista estatica
17:13:23 | WARNING | ¡ALERTA! Conexión caída o congelada. Reiniciando sistema YA...
17:13:25 | INFO | MarketManager iniciado con 7 activos (MODO ESTÁTICO).
17:13:29 | INFO | Sistema Operativo - Monitoreando lista estatica
17:14:01 | WARNING | ¡ALERTA! Conexión caída o congelada. Reiniciando sistema YA...
17:14:03 | INFO | MarketManager iniciado con 7 activos (MODO ESTÁTICO).
17:14:07 | INFO | Sistema Operativo - Monitoreando lista estatica
17:14:38 | WARNING | ¡ALERTA! Conexión caída o congelada. Reiniciando sistema YA...
17:14:40 | INFO | MarketManager iniciado con 7 activos (MODO ESTÁTICO).
17:14:43 | INFO | Sistema Operativo - Monitoreando lista estatica
17:15:14 | WARNING | ¡ALERTA! Conexión caída o congelada. Reiniciando sistema YA...
17:15:15 | INFO | MarketManager iniciado con 7 activos (MODO ESTÁTICO).
17:15:18 | INFO | Sistema Operativo - Monitoreando lista estatica
17:15:50 | WARNING | ¡ALERTA! Conexión caída o congelada. Reiniciando sistema YA...
17:15:52 | INFO | MarketManager iniciado con 7 activos (MODO ESTÁTICO).
17:15:57 | INFO | Sistema Operativo - Monitoreando lista estatica
17:16:28 | WARNING | ¡ALERTA! Conexión caída o congelada. Reiniciando sistema YA...
17:16:29 | INFO | MarketManager iniciado con 7 activos (MODO ESTÁTICO).
17:16:34 | INFO | Sistema Operativo - Monitoreando lista estatica
17:17:05 | WARNING | ¡ALERTA! Conexión caída o congelada. Reiniciando sistema YA...
17:17:07 | INFO | MarketManager iniciado con 7 activos (MODO ESTÁTICO).
17:17:11 | INFO | Sistema Operativo - Monitoreando lista estatica
17:17:43 | WARNING | ¡ALERTA! Conexión caída o congelada. Reiniciando sistema YA...
17:17:45 | INFO | MarketManager iniciado con 7 activos (MODO ESTÁTICO).
17:17:49 | INFO | Sistema Operativo - Monitoreando lista estatica
17:18:21 | WARNING | ¡ALERTA! Conexión caída o congelada. Reiniciando sistema YA...
17:18:22 | INFO | MarketManager iniciado con 7 activos (MODO ESTÁTICO).
17:18:27 | INFO | Sistema Operativo - Monitoreando lista estatica
17:18:58 | WARNING | ¡ALERTA! Conexión caída o congelada. Reiniciando sistema YA...
17:19:00 | INFO | MarketManager iniciado con 7 activos (MODO ESTÁTICO).
17:19:04 | INFO | Sistema Operativo - Monitoreando lista estatica
17:19:35 | WARNING | ¡ALERTA! Conexión caída o congelada. Reiniciando sistema YA...
17:19:37 | INFO | MarketManager iniciado con 7 activos (MODO ESTÁTICO).
17:19:41 | INFO | Sistema Operativo - Monitoreando lista estatica
17:20:12 | WARNING | ¡ALERTA! Conexión caída o congelada. Reiniciando sistema YA...
17:20:14 | INFO | MarketManager iniciado con 7 activos (MODO ESTÁTICO).
17:20:19 | INFO | Sistema Operativo - Monitoreando lista estatica
17:20:50 | WARNING | ¡ALERTA! Conexión caída o congelada. Reiniciando sistema YA...
17:20:50 | INFO | MarketManager iniciado con 7 activos (MODO ESTÁTICO).
17:20:54 | INFO | Sistema Operativo - Monitoreando lista estatica
17:21:25 | WARNING | ¡ALERTA! Conexión caída o congelada. Reiniciando sistema YA...
17:21:27 | INFO | MarketManager iniciado con 7 activos (MODO ESTÁTICO).
17:21:31 | INFO | Sistema Operativo - Monitoreando lista estatica
17:22:03 | WARNING | ¡ALERTA! Conexión caída o congelada. Reiniciando sistema YA...
17:22:04 | INFO | MarketManager iniciado con 7 activos (MODO ESTÁTICO).
17:22:12 | INFO | Sistema Operativo - Monitoreando lista estatica
17:22:43 | WARNING | ¡ALERTA! Conexión caída o congelada. Reiniciando sistema YA...
17:22:44 | INFO | MarketManager iniciado con 7 activos (MODO ESTÁTICO).
17:22:49 | INFO | Sistema Operativo - Monitoreando lista estatica
17:23:21 | WARNING | ¡ALERTA! Conexión caída o congelada. Reiniciando sistema YA...
17:23:22 | INFO | MarketManager iniciado con 7 activos (MODO ESTÁTICO).
17:23:27 | INFO | Sistema Operativo - Monitoreando lista estatica
17:23:58 | WARNING | ¡ALERTA! Conexión caída o congelada. Reiniciando sistema YA...
17:24:00 | INFO | MarketManager iniciado con 7 activos (MODO ESTÁTICO).
17:24:05 | INFO | Sistema Operativo - Monitoreando lista estatica
17:24:36 | WARNING | ¡ALERTA! Conexión caída o congelada. Reiniciando sistema YA...
17:24:38 | INFO | MarketManager iniciado con 7 activos (MODO ESTÁTICO).
17:24:42 | INFO | Sistema Operativo - Monitoreando lista estatica
17:25:14 | WARNING | ¡ALERTA! Conexión caída o congelada. Reiniciando sistema YA...
17:25:15 | INFO | MarketManager iniciado con 7 activos (MODO ESTÁTICO).
17:25:20 | INFO | Sistema Operativo - Monitoreando lista estatica
17:25:51 | WARNING | ¡ALERTA! Conexión caída o congelada. Reiniciando sistema YA...
17:25:53 | INFO | MarketManager iniciado con 7 activos (MODO ESTÁTICO).
17:25:57 | INFO | Sistema Operativo - Monitoreando lista estatica
17:26:29 | WARNING | ¡ALERTA! Conexión caída o congelada. Reiniciando sistema YA...
17:26:30 | INFO | MarketManager iniciado con 7 activos (MODO ESTÁTICO).
17:26:35 | INFO | Sistema Operativo - Monitoreando lista estatica
17:27:07 | WARNING | ¡ALERTA! Conexión caída o congelada. Reiniciando sistema YA...
17:27:09 | INFO | MarketManager iniciado con 7 activos (MODO ESTÁTICO).
17:27:13 | INFO | Sistema Operativo - Monitoreando lista estatica
17:27:45 | WARNING | ¡ALERTA! Conexión caída o congelada. Reiniciando sistema YA...
17:27:47 | INFO | MarketManager iniciado con 7 activos (MODO ESTÁTICO).
17:27:51 | INFO | Sistema Operativo - Monitoreando lista estatica
17:28:23 | WARNING | ¡ALERTA! Conexión caída o congelada. Reiniciando sistema YA...
17:28:25 | INFO | MarketManager iniciado con 7 activos (MODO ESTÁTICO).
17:28:30 | INFO | Sistema Operativo - Monitoreando lista estatica
17:29:01 | WARNING | ¡ALERTA! Conexión caída o congelada. Reiniciando sistema YA...
17:29:03 | INFO | MarketManager iniciado con 7 activos (MODO ESTÁTICO).
17:29:07 | INFO | Sistema Operativo - Monitoreando lista estatica
17:29:39 | WARNING | ¡ALERTA! Conexión caída o congelada. Reiniciando sistema YA...
17:29:41 | INFO | MarketManager iniciado con 7 activos (MODO ESTÁTICO).
17:29:44 | INFO | Sistema Operativo - Monitoreando lista estatica
17:30:15 | WARNING | ¡ALERTA! Conexión caída o congelada. Reiniciando sistema YA...
17:30:17 | INFO | MarketManager iniciado con 7 activos (MODO ESTÁTICO).
17:30:21 | INFO | Sistema Operativo - Monitoreando lista estatica
17:30:53 | WARNING | ¡ALERTA! Conexión caída o congelada. Reiniciando sistema YA...
17:30:55 | INFO | MarketManager iniciado con 7 activos (MODO ESTÁTICO).
17:30:59 | INFO | Sistema Operativo - Monitoreando lista estatica
17:31:31 | WARNING | ¡ALERTA! Conexión caída o congelada. Reiniciando sistema YA...
17:31:32 | INFO | MarketManager iniciado con 7 activos (MODO ESTÁTICO).
17:31:36 | INFO | Sistema Operativo - Monitoreando lista estatica
17:32:07 | WARNING | ¡ALERTA! Conexión caída o congelada. Reiniciando sistema YA...
17:32:09 | INFO | MarketManager iniciado con 7 activos (MODO ESTÁTICO).
17:32:13 | INFO | Sistema Operativo - Monitoreando lista estatica
17:32:44 | WARNING | ¡ALERTA! Conexión caída o congelada. Reiniciando sistema YA...
17:32:45 | INFO | MarketManager iniciado con 7 activos (MODO ESTÁTICO).
17:32:49 | INFO | Sistema Operativo - Monitoreando lista estatica
17:33:21 | WARNING | ¡ALERTA! Conexión caída o congelada. Reiniciando sistema YA...
17:33:23 | INFO | MarketManager iniciado con 7 activos (MODO ESTÁTICO).
17:33:27 | INFO | Sistema Operativo - Monitoreando lista estatica
17:33:59 | WARNING | ¡ALERTA! Conexión caída o congelada. Reiniciando sistema YA...
17:34:00 | INFO | MarketManager iniciado con 7 activos (MODO ESTÁTICO).
17:34:04 | INFO | Sistema Operativo - Monitoreando lista estatica
17:34:36 | WARNING | ¡ALERTA! Conexión caída o congelada. Reiniciando sistema YA...
17:34:37 | INFO | MarketManager iniciado con 7 activos (MODO ESTÁTICO).
17:34:41 | INFO | Sistema Operativo - Monitoreando lista estatica
17:35:12 | WARNING | ¡ALERTA! Conexión caída o congelada. Reiniciando sistema YA...
17:35:13 | INFO | MarketManager iniciado con 7 activos (MODO ESTÁTICO).
17:35:18 | INFO | Sistema Operativo - Monitoreando lista estatica
17:35:49 | WARNING | ¡ALERTA! Conexión caída o congelada. Reiniciando sistema YA...
17:35:51 | INFO | MarketManager iniciado con 7 activos (MODO ESTÁTICO).
17:35:55 | INFO | Sistema Operativo - Monitoreando lista estatica
17:36:27 | WARNING | ¡ALERTA! Conexión caída o congelada. Reiniciando sistema YA...
17:36:29 | INFO | MarketManager iniciado con 7 activos (MODO ESTÁTICO).
17:36:33 | INFO | Sistema Operativo - Monitoreando lista estatica
17:37:05 | WARNING | ¡ALERTA! Conexión caída o congelada. Reiniciando sistema YA...
17:37:06 | INFO | MarketManager iniciado con 7 activos (MODO ESTÁTICO).
17:37:11 | INFO | Sistema Operativo - Monitoreando lista estatica
17:37:43 | WARNING | ¡ALERTA! Conexión caída o congelada. Reiniciando sistema YA...
17:37:44 | INFO | MarketManager iniciado con 7 activos (MODO ESTÁTICO).
17:37:49 | INFO | Sistema Operativo - Monitoreando lista estatica
17:38:20 | WARNING | ¡ALERTA! Conexión caída o congelada. Reiniciando sistema YA...
17:38:22 | INFO | MarketManager iniciado con 7 activos (MODO ESTÁTICO).
17:38:26 | INFO | Sistema Operativo - Monitoreando lista estatica
17:38:58 | WARNING | ¡ALERTA! Conexión caída o congelada. Reiniciando sistema YA...
17:39:00 | INFO | MarketManager iniciado con 7 activos (MODO ESTÁTICO).
17:39:03 | INFO | Sistema Operativo - Monitoreando lista estatica
17:39:35 | WARNING | ¡ALERTA! Conexión caída o congelada. Reiniciando sistema YA...
17:39:35 | INFO | MarketManager iniciado con 7 activos (MODO ESTÁTICO).
17:39:40 | INFO | Sistema Operativo - Monitoreando lista estatica
17:40:11 | WARNING | ¡ALERTA! Conexión caída o congelada. Reiniciando sistema YA...
17:40:13 | INFO | MarketManager iniciado con 7 activos (MODO ESTÁTICO).
17:40:17 | INFO | Sistema Operativo - Monitoreando lista estatica
17:40:50 | WARNING | ¡ALERTA! Conexión caída o congelada. Reiniciando sistema YA...
17:40:51 | INFO | MarketManager iniciado con 7 activos (MODO ESTÁTICO).
17:40:57 | INFO | Sistema Operativo - Monitoreando lista estatica
17:41:28 | WARNING | ¡ALERTA! Conexión caída o congelada. Reiniciando sistema YA...
17:41:30 | INFO | MarketManager iniciado con 7 activos (MODO ESTÁTICO).
17:41:34 | INFO | Sistema Operativo - Monitoreando lista estatica
17:42:05 | WARNING | ¡ALERTA! Conexión caída o congelada. Reiniciando sistema YA...
17:42:07 | INFO | MarketManager iniciado con 7 activos (MODO ESTÁTICO).
17:42:11 | INFO | Sistema Operativo - Monitoreando lista estatica
17:42:41 | WARNING | ¡ALERTA! Conexión caída o congelada. Reiniciando sistema YA...
17:42:43 | INFO | MarketManager iniciado con 7 activos (MODO ESTÁTICO).
17:42:48 | INFO | Sistema Operativo - Monitoreando lista estatica
17:43:20 | WARNING | ¡ALERTA! Conexión caída o congelada. Reiniciando sistema YA...
17:43:20 | INFO | MarketManager iniciado con 7 activos (MODO ESTÁTICO).
17:43:24 | INFO | Sistema Operativo - Monitoreando lista estatica
17:43:55 | WARNING | ¡ALERTA! Conexión caída o congelada. Reiniciando sistema YA...
17:43:57 | INFO | MarketManager iniciado con 7 activos (MODO ESTÁTICO).
17:44:01 | INFO | Sistema Operativo - Monitoreando lista estatica
17:44:32 | WARNING | ¡ALERTA! Conexión caída o congelada. Reiniciando sistema YA...
17:44:33 | INFO | MarketManager iniciado con 7 activos (MODO ESTÁTICO).
17:44:38 | INFO | Sistema Operativo - Monitoreando lista estatica
17:45:09 | WARNING | ¡ALERTA! Conexión caída o congelada. Reiniciando sistema YA...
17:45:11 | INFO | MarketManager iniciado con 7 activos (MODO ESTÁTICO).
17:45:16 | INFO | Sistema Operativo - Monitoreando lista estatica
17:45:47 | WARNING | ¡ALERTA! Conexión caída o congelada. Reiniciando sistema YA...
17:45:48 | INFO | MarketManager iniciado con 7 activos (MODO ESTÁTICO).
17:45:52 | INFO | Sistema Operativo - Monitoreando lista estatica
17:46:24 | WARNING | ¡ALERTA! Conexión caída o congelada. Reiniciando sistema YA...
17:46:25 | INFO | MarketManager iniciado con 7 activos (MODO ESTÁTICO).
17:46:30 | INFO | Sistema Operativo - Monitoreando lista estatica
17:47:01 | WARNING | ¡ALERTA! Conexión caída o congelada. Reiniciando sistema YA...
17:47:03 | INFO | MarketManager iniciado con 7 activos (MODO ESTÁTICO).
17:47:07 | INFO | Sistema Operativo - Monitoreando lista estatica
17:47:39 | WARNING | ¡ALERTA! Conexión caída o congelada. Reiniciando sistema YA...
17:47:41 | INFO | MarketManager iniciado con 7 activos (MODO ESTÁTICO).
17:47:46 | INFO | Sistema Operativo - Monitoreando lista estatica
17:48:17 | WARNING | ¡ALERTA! Conexión caída o congelada. Reiniciando sistema YA...
17:48:19 | INFO | MarketManager iniciado con 7 activos (MODO ESTÁTICO).
17:48:24 | INFO | Sistema Operativo - Monitoreando lista estatica
17:48:55 | WARNING | ¡ALERTA! Conexión caída o congelada. Reiniciando sistema YA...
17:48:57 | INFO | MarketManager iniciado con 7 activos (MODO ESTÁTICO).
17:49:01 | INFO | Sistema Operativo - Monitoreando lista estatica
17:49:33 | WARNING | ¡ALERTA! Conexión caída o congelada. Reiniciando sistema YA...
17:49:35 | INFO | MarketManager iniciado con 7 activos (MODO ESTÁTICO).
17:49:38 | INFO | Sistema Operativo - Monitoreando lista estatica
17:50:10 | WARNING | ¡ALERTA! Conexión caída o congelada. Reiniciando sistema YA...
17:50:12 | INFO | MarketManager iniciado con 7 activos (MODO ESTÁTICO).
17:50:42 | ERROR | Error de conexion a Google Sheets: APIError: [500]: Internal Error
17:50:44 | INFO | Sistema Operativo - Monitoreando lista estatica
17:50:44 | WARNING | ¡ALERTA! Conexión caída o congelada. Reiniciando sistema YA...
17:50:46 | INFO | MarketManager iniciado con 7 activos (MODO ESTÁTICO).
17:50:50 | INFO | Sistema Operativo - Monitoreando lista estatica
17:51:22 | WARNING | ¡ALERTA! Conexión caída o congelada. Reiniciando sistema YA...
17:51:24 | INFO | MarketManager iniciado con 7 activos (MODO ESTÁTICO).
17:51:28 | INFO | Sistema Operativo - Monitoreando lista estatica
17:52:00 | WARNING | ¡ALERTA! Conexión caída o congelada. Reiniciando sistema YA...
17:52:02 | INFO | MarketManager iniciado con 7 activos (MODO ESTÁTICO).
17:52:06 | INFO | Sistema Operativo - Monitoreando lista estatica
17:52:38 | WARNING | ¡ALERTA! Conexión caída o congelada. Reiniciando sistema YA...
17:52:40 | INFO | MarketManager iniciado con 7 activos (MODO ESTÁTICO).
17:52:45 | INFO | Sistema Operativo - Monitoreando lista estatica
17:53:16 | WARNING | ¡ALERTA! Conexión caída o congelada. Reiniciando sistema YA...
17:53:19 | INFO | MarketManager iniciado con 7 activos (MODO ESTÁTICO).
17:53:22 | INFO | Sistema Operativo - Monitoreando lista estatica
17:53:54 | WARNING | ¡ALERTA! Conexión caída o congelada. Reiniciando sistema YA...
17:53:54 | INFO | MarketManager iniciado con 7 activos (MODO ESTÁTICO).
17:53:59 | INFO | Sistema Operativo - Monitoreando lista estatica
17:54:31 | WARNING | ¡ALERTA! Conexión caída o congelada. Reiniciando sistema YA...
17:54:32 | INFO | MarketManager iniciado con 7 activos (MODO ESTÁTICO).
17:54:37 | INFO | Sistema Operativo - Monitoreando lista estatica
17:55:08 | WARNING | ¡ALERTA! Conexión caída o congelada. Reiniciando sistema YA...
17:55:10 | INFO | MarketManager iniciado con 7 activos (MODO ESTÁTICO).
17:55:15 | INFO | Sistema Operativo - Monitoreando lista estatica
17:55:47 | WARNING | ¡ALERTA! Conexión caída o congelada. Reiniciando sistema YA...
17:55:49 | INFO | MarketManager iniciado con 7 activos (MODO ESTÁTICO).
17:55:53 | INFO | Sistema Operativo - Monitoreando lista estatica
17:56:25 | WARNING | ¡ALERTA! Conexión caída o congelada. Reiniciando sistema YA...
17:56:27 | INFO | MarketManager iniciado con 7 activos (MODO ESTÁTICO).
17:56:30 | INFO | Sistema Operativo - Monitoreando lista estatica
17:57:02 | WARNING | ¡ALERTA! Conexión caída o congelada. Reiniciando sistema YA...
17:57:03 | INFO | MarketManager iniciado con 7 activos (MODO ESTÁTICO).
17:57:07 | INFO | Sistema Operativo - Monitoreando lista estatica
17:57:39 | WARNING | ¡ALERTA! Conexión caída o congelada. Reiniciando sistema YA...
17:57:40 | INFO | MarketManager iniciado con 7 activos (MODO ESTÁTICO).
17:57:44 | INFO | Sistema Operativo - Monitoreando lista estatica
17:58:16 | WARNING | ¡ALERTA! Conexión caída o congelada. Reiniciando sistema YA...
17:58:17 | INFO | MarketManager iniciado con 7 activos (MODO ESTÁTICO).
17:58:22 | INFO | Sistema Operativo - Monitoreando lista estatica
17:58:53 | WARNING | ¡ALERTA! Conexión caída o congelada. Reiniciando sistema YA...
17:58:54 | INFO | MarketManager iniciado con 7 activos (MODO ESTÁTICO).
17:58:58 | INFO | Sistema Operativo - Monitoreando lista estatica
17:59:29 | WARNING | ¡ALERTA! Conexión caída o congelada. Reiniciando sistema YA...
17:59:30 | INFO | MarketManager iniciado con 7 activos (MODO ESTÁTICO).
17:59:35 | INFO | Sistema Operativo - Monitoreando lista estatica
18:00:07 | WARNING | ¡ALERTA! Conexión caída o congelada. Reiniciando sistema YA...
18:00:08 | INFO | MarketManager iniciado con 7 activos (MODO ESTÁTICO).
18:00:13 | INFO | Sistema Operativo - Monitoreando lista estatica
18:00:44 | WARNING | ¡ALERTA! Conexión caída o congelada. Reiniciando sistema YA...
18:00:45 | INFO | MarketManager iniciado con 7 activos (MODO ESTÁTICO).
18:00:49 | INFO | Sistema Operativo - Monitoreando lista estatica
18:01:20 | WARNING | ¡ALERTA! Conexión caída o congelada. Reiniciando sistema YA...
18:01:22 | INFO | MarketManager iniciado con 7 activos (MODO ESTÁTICO).
18:01:26 | INFO | Sistema Operativo - Monitoreando lista estatica
18:01:58 | WARNING | ¡ALERTA! Conexión caída o congelada. Reiniciando sistema YA...
18:02:00 | INFO | MarketManager iniciado con 7 activos (MODO ESTÁTICO).
18:02:06 | INFO | Sistema Operativo - Monitoreando lista estatica
18:02:38 | WARNING | ¡ALERTA! Conexión caída o congelada. Reiniciando sistema YA...
18:02:40 | INFO | MarketManager iniciado con 7 activos (MODO ESTÁTICO).
18:02:45 | INFO | Sistema Operativo - Monitoreando lista estatica
18:03:16 | WARNING | ¡ALERTA! Conexión caída o congelada. Reiniciando sistema YA...
18:03:18 | INFO | MarketManager iniciado con 7 activos (MODO ESTÁTICO).
18:03:23 | INFO | Sistema Operativo - Monitoreando lista estatica
18:03:54 | WARNING | ¡ALERTA! Conexión caída o congelada. Reiniciando sistema YA...
18:03:55 | INFO | MarketManager iniciado con 7 activos (MODO ESTÁTICO).
18:04:00 | INFO | Sistema Operativo - Monitoreando lista estatica
18:04:36 | WARNING | ¡ALERTA! Conexión caída o congelada. Reiniciando sistema YA...
18:04:37 | INFO | MarketManager iniciado con 7 activos (MODO ESTÁTICO).
18:04:40 | INFO | Sistema Operativo - Monitoreando lista estatica
18:05:12 | WARNING | ¡ALERTA! Conexión caída o congelada. Reiniciando sistema YA...
18:05:14 | INFO | MarketManager iniciado con 7 activos (MODO ESTÁTICO).
18:05:17 | INFO | Sistema Operativo - Monitoreando lista estatica
18:05:49 | WARNING | ¡ALERTA! Conexión caída o congelada. Reiniciando sistema YA...
18:05:50 | INFO | MarketManager iniciado con 7 activos (MODO ESTÁTICO).
18:05:55 | INFO | Sistema Operativo - Monitoreando lista estatica
18:06:27 | WARNING | ¡ALERTA! Conexión caída o congelada. Reiniciando sistema YA...
18:06:29 | INFO | MarketManager iniciado con 7 activos (MODO ESTÁTICO).
18:06:34 | INFO | Sistema Operativo - Monitoreando lista estatica
18:07:05 | WARNING | ¡ALERTA! Conexión caída o congelada. Reiniciando sistema YA...
18:07:07 | INFO | MarketManager iniciado con 7 activos (MODO ESTÁTICO).
18:07:12 | INFO | Sistema Operativo - Monitoreando lista estatica
18:07:43 | WARNING | ¡ALERTA! Conexión caída o congelada. Reiniciando sistema YA...
18:07:44 | INFO | MarketManager iniciado con 7 activos (MODO ESTÁTICO).
18:07:49 | INFO | Sistema Operativo - Monitoreando lista estatica
18:08:20 | WARNING | ¡ALERTA! Conexión caída o congelada. Reiniciando sistema YA...
18:08:21 | INFO | MarketManager iniciado con 7 activos (MODO ESTÁTICO).
18:08:26 | INFO | Sistema Operativo - Monitoreando lista estatica
18:08:57 | WARNING | ¡ALERTA! Conexión caída o congelada. Reiniciando sistema YA...
18:08:58 | INFO | MarketManager iniciado con 7 activos (MODO ESTÁTICO).
18:09:02 | INFO | Sistema Operativo - Monitoreando lista estatica
18:09:34 | WARNING | ¡ALERTA! Conexión caída o congelada. Reiniciando sistema YA...
18:09:36 | INFO | MarketManager iniciado con 7 activos (MODO ESTÁTICO).
18:09:41 | INFO | Sistema Operativo - Monitoreando lista estatica
18:10:12 | WARNING | ¡ALERTA! Conexión caída o congelada. Reiniciando sistema YA...
18:10:14 | INFO | MarketManager iniciado con 7 activos (MODO ESTÁTICO).
18:10:19 | INFO | Sistema Operativo - Monitoreando lista estatica
18:10:51 | WARNING | ¡ALERTA! Conexión caída o congelada. Reiniciando sistema YA...
18:10:52 | INFO | MarketManager iniciado con 7 activos (MODO ESTÁTICO).
18:10:56 | INFO | Sistema Operativo - Monitoreando lista estatica
18:11:29 | WARNING | ¡ALERTA! Conexión caída o congelada. Reiniciando sistema YA...
18:11:29 | INFO | MarketManager iniciado con 7 activos (MODO ESTÁTICO).
18:11:33 | INFO | Sistema Operativo - Monitoreando lista estatica
18:12:05 | WARNING | ¡ALERTA! Conexión caída o congelada. Reiniciando sistema YA...
18:12:07 | INFO | MarketManager iniciado con 7 activos (MODO ESTÁTICO).
18:12:10 | INFO | Sistema Operativo - Monitoreando lista estatica
18:12:42 | WARNING | ¡ALERTA! Conexión caída o congelada. Reiniciando sistema YA...
18:12:44 | INFO | MarketManager iniciado con 7 activos (MODO ESTÁTICO).
18:12:49 | INFO | Sistema Operativo - Monitoreando lista estatica
18:13:21 | WARNING | ¡ALERTA! Conexión caída o congelada. Reiniciando sistema YA...
18:13:22 | INFO | MarketManager iniciado con 7 activos (MODO ESTÁTICO).
18:13:26 | INFO | Sistema Operativo - Monitoreando lista estatica
18:13:58 | WARNING | ¡ALERTA! Conexión caída o congelada. Reiniciando sistema YA...
18:14:00 | INFO | MarketManager iniciado con 7 activos (MODO ESTÁTICO).
18:14:04 | INFO | Sistema Operativo - Monitoreando lista estatica
18:14:36 | WARNING | ¡ALERTA! Conexión caída o congelada. Reiniciando sistema YA...
18:14:38 | INFO | MarketManager iniciado con 7 activos (MODO ESTÁTICO).
18:14:43 | INFO | Sistema Operativo - Monitoreando lista estatica
18:15:15 | WARNING | ¡ALERTA! Conexión caída o congelada. Reiniciando sistema YA...
18:15:17 | INFO | MarketManager iniciado con 7 activos (MODO ESTÁTICO).
18:15:20 | INFO | Sistema Operativo - Monitoreando lista estatica
18:15:52 | WARNING | ¡ALERTA! Conexión caída o congelada. Reiniciando sistema YA...
18:15:54 | INFO | MarketManager iniciado con 7 activos (MODO ESTÁTICO).
18:15:58 | INFO | Sistema Operativo - Monitoreando lista estatica
18:16:30 | WARNING | ¡ALERTA! Conexión caída o congelada. Reiniciando sistema YA...
18:16:32 | INFO | MarketManager iniciado con 7 activos (MODO ESTÁTICO).
18:16:36 | INFO | Sistema Operativo - Monitoreando lista estatica
18:17:08 | WARNING | ¡ALERTA! Conexión caída o congelada. Reiniciando sistema YA...
18:17:10 | INFO | MarketManager iniciado con 7 activos (MODO ESTÁTICO).
18:17:14 | INFO | Sistema Operativo - Monitoreando lista estatica
18:17:46 | WARNING | ¡ALERTA! Conexión caída o congelada. Reiniciando sistema YA...
18:17:48 | INFO | MarketManager iniciado con 7 activos (MODO ESTÁTICO).
18:17:54 | INFO | Sistema Operativo - Monitoreando lista estatica
18:18:25 | WARNING | ¡ALERTA! Conexión caída o congelada. Reiniciando sistema YA...
18:18:27 | INFO | MarketManager iniciado con 7 activos (MODO ESTÁTICO).
18:18:31 | INFO | Sistema Operativo - Monitoreando lista estatica
18:19:03 | WARNING | ¡ALERTA! Conexión caída o congelada. Reiniciando sistema YA...
18:19:05 | INFO | MarketManager iniciado con 7 activos (MODO ESTÁTICO).
18:19:09 | INFO | Sistema Operativo - Monitoreando lista estatica
18:19:41 | WARNING | ¡ALERTA! Conexión caída o congelada. Reiniciando sistema YA...
18:19:42 | INFO | MarketManager iniciado con 7 activos (MODO ESTÁTICO).
18:19:47 | INFO | Sistema Operativo - Monitoreando lista estatica
18:20:18 | WARNING | ¡ALERTA! Conexión caída o congelada. Reiniciando sistema YA...
18:20:20 | INFO | MarketManager iniciado con 7 activos (MODO ESTÁTICO).
18:20:25 | INFO | Sistema Operativo - Monitoreando lista estatica
18:20:56 | WARNING | ¡ALERTA! Conexión caída o congelada. Reiniciando sistema YA...
18:20:58 | INFO | MarketManager iniciado con 7 activos (MODO ESTÁTICO).
18:21:01 | INFO | Sistema Operativo - Monitoreando lista estatica
18:21:33 | WARNING | ¡ALERTA! Conexión caída o congelada. Reiniciando sistema YA...
18:21:35 | INFO | MarketManager iniciado con 7 activos (MODO ESTÁTICO).
18:21:40 | INFO | Sistema Operativo - Monitoreando lista estatica
18:22:11 | WARNING | ¡ALERTA! Conexión caída o congelada. Reiniciando sistema YA...
18:22:13 | INFO | MarketManager iniciado con 7 activos (MODO ESTÁTICO).
18:22:17 | INFO | Sistema Operativo - Monitoreando lista estatica
18:22:49 | WARNING | ¡ALERTA! Conexión caída o congelada. Reiniciando sistema YA...
18:22:51 | INFO | MarketManager iniciado con 7 activos (MODO ESTÁTICO).
18:22:56 | INFO | Sistema Operativo - Monitoreando lista estatica
18:23:26 | WARNING | ¡ALERTA! Conexión caída o congelada. Reiniciando sistema YA...
18:23:28 | INFO | MarketManager iniciado con 7 activos (MODO ESTÁTICO).
18:23:32 | INFO | Sistema Operativo - Monitoreando lista estatica
18:24:04 | WARNING | ¡ALERTA! Conexión caída o congelada. Reiniciando sistema YA...
18:24:06 | INFO | MarketManager iniciado con 7 activos (MODO ESTÁTICO).
18:24:11 | INFO | Sistema Operativo - Monitoreando lista estatica
18:24:43 | WARNING | ¡ALERTA! Conexión caída o congelada. Reiniciando sistema YA...
18:24:44 | INFO | MarketManager iniciado con 7 activos (MODO ESTÁTICO).
18:24:50 | INFO | Sistema Operativo - Monitoreando lista estatica
18:25:21 | WARNING | ¡ALERTA! Conexión caída o congelada. Reiniciando sistema YA...
18:25:23 | INFO | MarketManager iniciado con 7 activos (MODO ESTÁTICO).
18:25:26 | INFO | Sistema Operativo - Monitoreando lista estatica
18:25:58 | WARNING | ¡ALERTA! Conexión caída o congelada. Reiniciando sistema YA...
18:26:00 | INFO | MarketManager iniciado con 7 activos (MODO ESTÁTICO).
18:26:05 | INFO | Sistema Operativo - Monitoreando lista estatica
18:26:37 | WARNING | ¡ALERTA! Conexión caída o congelada. Reiniciando sistema YA...
18:26:38 | INFO | MarketManager iniciado con 7 activos (MODO ESTÁTICO).
18:26:42 | INFO | Sistema Operativo - Monitoreando lista estatica
18:27:13 | WARNING | ¡ALERTA! Conexión caída o congelada. Reiniciando sistema YA...
18:27:15 | INFO | MarketManager iniciado con 7 activos (MODO ESTÁTICO).
18:27:19 | INFO | Sistema Operativo - Monitoreando lista estatica
18:27:50 | WARNING | ¡ALERTA! Conexión caída o congelada. Reiniciando sistema YA...
18:27:52 | INFO | MarketManager iniciado con 7 activos (MODO ESTÁTICO).
18:27:57 | INFO | Sistema Operativo - Monitoreando lista estatica
18:28:28 | WARNING | ¡ALERTA! Conexión caída o congelada. Reiniciando sistema YA...
18:28:29 | INFO | MarketManager iniciado con 7 activos (MODO ESTÁTICO).
18:28:34 | INFO | Sistema Operativo - Monitoreando lista estatica
18:29:05 | WARNING | ¡ALERTA! Conexión caída o congelada. Reiniciando sistema YA...
18:29:06 | INFO | MarketManager iniciado con 7 activos (MODO ESTÁTICO).
18:29:11 | INFO | Sistema Operativo - Monitoreando lista estatica
18:29:43 | WARNING | ¡ALERTA! Conexión caída o congelada. Reiniciando sistema YA...
18:29:44 | INFO | MarketManager iniciado con 7 activos (MODO ESTÁTICO).
18:29:49 | INFO | Sistema Operativo - Monitoreando lista estatica
18:30:21 | WARNING | ¡ALERTA! Conexión caída o congelada. Reiniciando sistema YA...
18:30:22 | INFO | MarketManager iniciado con 7 activos (MODO ESTÁTICO).
18:30:26 | INFO | Sistema Operativo - Monitoreando lista estatica
18:30:58 | WARNING | ¡ALERTA! Conexión caída o congelada. Reiniciando sistema YA...
18:30:58 | INFO | MarketManager iniciado con 7 activos (MODO ESTÁTICO).
18:31:03 | INFO | Sistema Operativo - Monitoreando lista estatica
18:31:35 | WARNING | ¡ALERTA! Conexión caída o congelada. Reiniciando sistema YA...
18:31:36 | INFO | MarketManager iniciado con 7 activos (MODO ESTÁTICO).
18:31:41 | INFO | Sistema Operativo - Monitoreando lista estatica
18:32:12 | WARNING | ¡ALERTA! Conexión caída o congelada. Reiniciando sistema YA...
18:32:14 | INFO | MarketManager iniciado con 7 activos (MODO ESTÁTICO).
18:32:17 | INFO | Sistema Operativo - Monitoreando lista estatica
18:32:49 | WARNING | ¡ALERTA! Conexión caída o congelada. Reiniciando sistema YA...
18:32:51 | INFO | MarketManager iniciado con 7 activos (MODO ESTÁTICO).
18:32:54 | INFO | Sistema Operativo - Monitoreando lista estatica
18:33:25 | WARNING | ¡ALERTA! Conexión caída o congelada. Reiniciando sistema YA...
18:33:27 | INFO | MarketManager iniciado con 7 activos (MODO ESTÁTICO).
18:33:32 | INFO | Sistema Operativo - Monitoreando lista estatica
18:34:03 | WARNING | ¡ALERTA! Conexión caída o congelada. Reiniciando sistema YA...
18:34:04 | INFO | MarketManager iniciado con 7 activos (MODO ESTÁTICO).
18:34:08 | INFO | Sistema Operativo - Monitoreando lista estatica
18:34:40 | WARNING | ¡ALERTA! Conexión caída o congelada. Reiniciando sistema YA...
18:34:42 | INFO | MarketManager iniciado con 7 activos (MODO ESTÁTICO).
18:34:46 | INFO | Sistema Operativo - Monitoreando lista estatica
18:35:18 | WARNING | ¡ALERTA! Conexión caída o congelada. Reiniciando sistema YA...
18:35:19 | INFO | MarketManager iniciado con 7 activos (MODO ESTÁTICO).
18:35:22 | INFO | Sistema Operativo - Monitoreando lista estatica
18:35:54 | WARNING | ¡ALERTA! Conexión caída o congelada. Reiniciando sistema YA...
18:35:56 | INFO | MarketManager iniciado con 7 activos (MODO ESTÁTICO).
18:36:01 | INFO | Sistema Operativo - Monitoreando lista estatica
18:36:32 | WARNING | ¡ALERTA! Conexión caída o congelada. Reiniciando sistema YA...
18:36:34 | INFO | MarketManager iniciado con 7 activos (MODO ESTÁTICO).
18:36:39 | INFO | Sistema Operativo - Monitoreando lista estatica
18:37:10 | WARNING | ¡ALERTA! Conexión caída o congelada. Reiniciando sistema YA...
18:37:11 | INFO | MarketManager iniciado con 7 activos (MODO ESTÁTICO).
18:37:16 | INFO | Sistema Operativo - Monitoreando lista estatica
18:37:47 | WARNING | ¡ALERTA! Conexión caída o congelada. Reiniciando sistema YA...
18:37:49 | INFO | MarketManager iniciado con 7 activos (MODO ESTÁTICO).
18:37:53 | INFO | Sistema Operativo - Monitoreando lista estatica
18:38:25 | WARNING | ¡ALERTA! Conexión caída o congelada. Reiniciando sistema YA...
18:38:27 | INFO | MarketManager iniciado con 7 activos (MODO ESTÁTICO).
18:38:31 | INFO | Sistema Operativo - Monitoreando lista estatica
18:39:03 | WARNING | ¡ALERTA! Conexión caída o congelada. Reiniciando sistema YA...
18:39:05 | INFO | MarketManager iniciado con 7 activos (MODO ESTÁTICO).
18:39:09 | INFO | Sistema Operativo - Monitoreando lista estatica
18:39:40 | WARNING | ¡ALERTA! Conexión caída o congelada. Reiniciando sistema YA...
18:39:42 | INFO | MarketManager iniciado con 7 activos (MODO ESTÁTICO).
18:39:47 | INFO | Sistema Operativo - Monitoreando lista estatica
18:40:18 | WARNING | ¡ALERTA! Conexión caída o congelada. Reiniciando sistema YA...
18:40:20 | INFO | MarketManager iniciado con 7 activos (MODO ESTÁTICO).
18:40:25 | INFO | Sistema Operativo - Monitoreando lista estatica
18:40:56 | WARNING | ¡ALERTA! Conexión caída o congelada. Reiniciando sistema YA...
18:40:58 | INFO | MarketManager iniciado con 7 activos (MODO ESTÁTICO).
18:41:03 | INFO | Sistema Operativo - Monitoreando lista estatica
18:41:34 | WARNING | ¡ALERTA! Conexión caída o congelada. Reiniciando sistema YA...
18:41:36 | INFO | MarketManager iniciado con 7 activos (MODO ESTÁTICO).
18:41:40 | INFO | Sistema Operativo - Monitoreando lista estatica
18:42:11 | WARNING | ¡ALERTA! Conexión caída o congelada. Reiniciando sistema YA...
18:42:13 | INFO | MarketManager iniciado con 7 activos (MODO ESTÁTICO).
18:42:17 | INFO | Sistema Operativo - Monitoreando lista estatica
18:42:48 | WARNING | ¡ALERTA! Conexión caída o congelada. Reiniciando sistema YA...
18:42:50 | INFO | MarketManager iniciado con 7 activos (MODO ESTÁTICO).
18:42:53 | INFO | Sistema Operativo - Monitoreando lista estatica
18:43:25 | WARNING | ¡ALERTA! Conexión caída o congelada. Reiniciando sistema YA...
18:43:26 | INFO | MarketManager iniciado con 7 activos (MODO ESTÁTICO).
18:43:31 | INFO | Sistema Operativo - Monitoreando lista estatica
18:44:02 | WARNING | ¡ALERTA! Conexión caída o congelada. Reiniciando sistema YA...
18:44:04 | INFO | MarketManager iniciado con 7 activos (MODO ESTÁTICO).
18:44:09 | INFO | Sistema Operativo - Monitoreando lista estatica
18:44:40 | WARNING | ¡ALERTA! Conexión caída o congelada. Reiniciando sistema YA...
18:44:42 | INFO | MarketManager iniciado con 7 activos (MODO ESTÁTICO).
18:44:47 | INFO | Sistema Operativo - Monitoreando lista estatica
18:45:18 | WARNING | ¡ALERTA! Conexión caída o congelada. Reiniciando sistema YA...
18:45:20 | INFO | MarketManager iniciado con 7 activos (MODO ESTÁTICO).
18:45:25 | INFO | Sistema Operativo - Monitoreando lista estatica
18:45:56 | WARNING | ¡ALERTA! Conexión caída o congelada. Reiniciando sistema YA...
18:45:57 | INFO | MarketManager iniciado con 7 activos (MODO ESTÁTICO).
18:46:02 | INFO | Sistema Operativo - Monitoreando lista estatica
18:46:34 | WARNING | ¡ALERTA! Conexión caída o congelada. Reiniciando sistema YA...
18:46:34 | INFO | MarketManager iniciado con 7 activos (MODO ESTÁTICO).
18:46:38 | INFO | Sistema Operativo - Monitoreando lista estatica
18:47:10 | WARNING | ¡ALERTA! Conexión caída o congelada. Reiniciando sistema YA...
18:47:12 | INFO | MarketManager iniciado con 7 activos (MODO ESTÁTICO).
18:47:16 | INFO | Sistema Operativo - Monitoreando lista estatica
18:47:48 | WARNING | ¡ALERTA! Conexión caída o congelada. Reiniciando sistema YA...
18:47:50 | INFO | MarketManager iniciado con 7 activos (MODO ESTÁTICO).
18:47:54 | INFO | Sistema Operativo - Monitoreando lista estatica
18:48:26 | WARNING | ¡ALERTA! Conexión caída o congelada. Reiniciando sistema YA...
18:48:28 | INFO | MarketManager iniciado con 7 activos (MODO ESTÁTICO).
18:48:32 | INFO | Sistema Operativo - Monitoreando lista estatica
18:49:04 | WARNING | ¡ALERTA! Conexión caída o congelada. Reiniciando sistema YA...
18:49:05 | INFO | MarketManager iniciado con 7 activos (MODO ESTÁTICO).
18:49:10 | INFO | Sistema Operativo - Monitoreando lista estatica
18:49:42 | WARNING | ¡ALERTA! Conexión caída o congelada. Reiniciando sistema YA...
18:49:43 | INFO | MarketManager iniciado con 7 activos (MODO ESTÁTICO).
18:49:48 | INFO | Sistema Operativo - Monitoreando lista estatica
18:50:20 | WARNING | ¡ALERTA! Conexión caída o congelada. Reiniciando sistema YA...
18:50:22 | INFO | MarketManager iniciado con 7 activos (MODO ESTÁTICO).
18:50:26 | INFO | Sistema Operativo - Monitoreando lista estatica
18:50:57 | WARNING | ¡ALERTA! Conexión caída o congelada. Reiniciando sistema YA...
18:50:59 | INFO | MarketManager iniciado con 7 activos (MODO ESTÁTICO).
18:51:03 | INFO | Sistema Operativo - Monitoreando lista estatica
18:51:35 | WARNING | ¡ALERTA! Conexión caída o congelada. Reiniciando sistema YA...
18:51:36 | INFO | MarketManager iniciado con 7 activos (MODO ESTÁTICO).
18:51:40 | INFO | Sistema Operativo - Monitoreando lista estatica
18:52:12 | WARNING | ¡ALERTA! Conexión caída o congelada. Reiniciando sistema YA...
18:52:14 | INFO | MarketManager iniciado con 7 activos (MODO ESTÁTICO).
18:52:19 | INFO | Sistema Operativo - Monitoreando lista estatica
18:52:50 | WARNING | ¡ALERTA! Conexión caída o congelada. Reiniciando sistema YA...
18:52:51 | INFO | MarketManager iniciado con 7 activos (MODO ESTÁTICO).
18:52:55 | INFO | Sistema Operativo - Monitoreando lista estatica
18:53:27 | WARNING | ¡ALERTA! Conexión caída o congelada. Reiniciando sistema YA...
18:53:29 | INFO | MarketManager iniciado con 7 activos (MODO ESTÁTICO).
18:53:33 | INFO | Sistema Operativo - Monitoreando lista estatica
18:54:05 | WARNING | ¡ALERTA! Conexión caída o congelada. Reiniciando sistema YA...
18:54:07 | INFO | MarketManager iniciado con 7 activos (MODO ESTÁTICO).
18:54:11 | INFO | Sistema Operativo - Monitoreando lista estatica
18:54:42 | WARNING | ¡ALERTA! Conexión caída o congelada. Reiniciando sistema YA...
18:54:44 | INFO | MarketManager iniciado con 7 activos (MODO ESTÁTICO).
18:54:49 | INFO | Sistema Operativo - Monitoreando lista estatica
18:55:31 | WARNING | ¡ALERTA! Conexión caída o congelada. Reiniciando sistema YA...
18:55:33 | INFO | MarketManager iniciado con 7 activos (MODO ESTÁTICO).
18:55:38 | INFO | Sistema Operativo - Monitoreando lista estatica
18:56:09 | WARNING | ¡ALERTA! Conexión caída o congelada. Reiniciando sistema YA...
18:56:11 | INFO | MarketManager iniciado con 7 activos (MODO ESTÁTICO).
18:56:16 | INFO | Sistema Operativo - Monitoreando lista estatica
18:56:46 | WARNING | ¡ALERTA! Conexión caída o congelada. Reiniciando sistema YA...
18:56:47 | INFO | MarketManager iniciado con 7 activos (MODO ESTÁTICO).
18:56:51 | INFO | Sistema Operativo - Monitoreando lista estatica
18:57:23 | WARNING | ¡ALERTA! Conexión caída o congelada. Reiniciando sistema YA...
18:57:25 | INFO | MarketManager iniciado con 7 activos (MODO ESTÁTICO).
18:57:29 | INFO | Sistema Operativo - Monitoreando lista estatica
18:58:01 | WARNING | ¡ALERTA! Conexión caída o congelada. Reiniciando sistema YA...
18:58:03 | INFO | MarketManager iniciado con 7 activos (MODO ESTÁTICO).
18:58:07 | INFO | Sistema Operativo - Monitoreando lista estatica
18:58:38 | WARNING | ¡ALERTA! Conexión caída o congelada. Reiniciando sistema YA...
18:58:41 | INFO | MarketManager iniciado con 7 activos (MODO ESTÁTICO).
18:58:45 | INFO | Sistema Operativo - Monitoreando lista estatica
18:59:17 | WARNING | ¡ALERTA! Conexión caída o congelada. Reiniciando sistema YA...
18:59:18 | INFO | MarketManager iniciado con 7 activos (MODO ESTÁTICO).
18:59:23 | INFO | Sistema Operativo - Monitoreando lista estatica
18:59:55 | WARNING | ¡ALERTA! Conexión caída o congelada. Reiniciando sistema YA...
18:59:57 | INFO | MarketManager iniciado con 7 activos (MODO ESTÁTICO).
19:00:01 | INFO | Sistema Operativo - Monitoreando lista estatica
19:00:34 | WARNING | ¡ALERTA! Conexión caída o congelada. Reiniciando sistema YA...
19:00:35 | INFO | MarketManager iniciado con 7 activos (MODO ESTÁTICO).
19:00:39 | INFO | Sistema Operativo - Monitoreando lista estatica
19:01:11 | WARNING | ¡ALERTA! Conexión caída o congelada. Reiniciando sistema YA...
19:01:13 | INFO | MarketManager iniciado con 7 activos (MODO ESTÁTICO).
19:01:16 | INFO | Sistema Operativo - Monitoreando lista estatica
19:01:49 | WARNING | ¡ALERTA! Conexión caída o congelada. Reiniciando sistema YA...
19:01:50 | INFO | MarketManager iniciado con 7 activos (MODO ESTÁTICO).
19:01:55 | INFO | Sistema Operativo - Monitoreando lista estatica
19:02:26 | WARNING | ¡ALERTA! Conexión caída o congelada. Reiniciando sistema YA...
19:02:27 | INFO | MarketManager iniciado con 7 activos (MODO ESTÁTICO).
19:02:32 | INFO | Sistema Operativo - Monitoreando lista estatica
19:03:04 | WARNING | ¡ALERTA! Conexión caída o congelada. Reiniciando sistema YA...
19:03:06 | INFO | MarketManager iniciado con 7 activos (MODO ESTÁTICO).
19:03:10 | INFO | Sistema Operativo - Monitoreando lista estatica
19:03:42 | WARNING | ¡ALERTA! Conexión caída o congelada. Reiniciando sistema YA...
19:03:44 | INFO | MarketManager iniciado con 7 activos (MODO ESTÁTICO).
19:03:48 | INFO | Sistema Operativo - Monitoreando lista estatica
19:04:20 | WARNING | ¡ALERTA! Conexión caída o congelada. Reiniciando sistema YA...
19:04:22 | INFO | MarketManager iniciado con 7 activos (MODO ESTÁTICO).
19:04:26 | INFO | Sistema Operativo - Monitoreando lista estatica
19:04:58 | WARNING | ¡ALERTA! Conexión caída o congelada. Reiniciando sistema YA...
19:05:01 | INFO | MarketManager iniciado con 7 activos (MODO ESTÁTICO).
19:05:05 | INFO | Sistema Operativo - Monitoreando lista estatica
19:05:37 | WARNING | ¡ALERTA! Conexión caída o congelada. Reiniciando sistema YA...
19:05:39 | INFO | MarketManager iniciado con 7 activos (MODO ESTÁTICO).
19:05:43 | INFO | Sistema Operativo - Monitoreando lista estatica
19:06:15 | WARNING | ¡ALERTA! Conexión caída o congelada. Reiniciando sistema YA...
19:06:15 | INFO | MarketManager iniciado con 7 activos (MODO ESTÁTICO).
19:06:20 | INFO | Sistema Operativo - Monitoreando lista estatica
19:06:46 | INFO | Detencion manual detectada. Cerrando procesos...
19:06:46 | INFO | WebSocket desconectado. Bot fuera de linea.
11:39:44 | INFO | MarketManager iniciado con 7 activos (MODO ESTÁTICO).
11:39:50 | INFO | Sistema Operativo - Monitoreando lista estatica
11:41:48 | WARNING | Falla API Google (Intento 1/3). Reintento en 3s...
11:42:47 | WARNING | Falla API Google (Intento 1/3). Reintento en 3s...
11:43:49 | WARNING | Falla API Google (Intento 1/3). Reintento en 3s...
11:44:48 | WARNING | Falla API Google (Intento 1/3). Reintento en 3s...
11:46:48 | WARNING | Falla API Google (Intento 1/3). Reintento en 3s...
11:47:50 | WARNING | Falla API Google (Intento 1/3). Reintento en 3s...
11:48:50 | WARNING | Falla API Google (Intento 1/3). Reintento en 3s...
11:49:49 | WARNING | Falla API Google (Intento 1/3). Reintento en 3s...
11:50:48 | WARNING | Falla API Google (Intento 1/3). Reintento en 3s...
11:51:50 | WARNING | Falla API Google (Intento 1/3). Reintento en 3s...
11:53:52 | WARNING | Falla API Google (Intento 1/3). Reintento en 3s...
11:54:52 | WARNING | Falla API Google (Intento 1/3). Reintento en 3s...
11:55:46 | WARNING | Falla API Google (Intento 1/3). Reintento en 3s...
11:56:51 | WARNING | Falla API Google (Intento 1/3). Reintento en 3s...
11:57:51 | WARNING | Falla API Google (Intento 1/3). Reintento en 3s...
11:58:51 | WARNING | Falla API Google (Intento 1/3). Reintento en 3s...
12:00:46 | WARNING | Falla API Google (Intento 1/3). Reintento en 3s...
12:01:48 | WARNING | Falla API Google (Intento 1/3). Reintento en 3s...
12:03:47 | WARNING | Falla API Google (Intento 1/3). Reintento en 3s...
12:05:50 | WARNING | Falla API Google (Intento 1/3). Reintento en 3s...
12:07:44 | WARNING | Falla API Google (Intento 1/3). Reintento en 3s...
12:08:51 | WARNING | Falla API Google (Intento 1/3). Reintento en 3s...
12:09:49 | WARNING | Falla API Google (Intento 1/3). Reintento en 3s...
12:10:49 | WARNING | Falla API Google (Intento 1/3). Reintento en 3s...
12:11:52 | WARNING | Falla API Google (Intento 1/3). Reintento en 3s...
12:12:51 | WARNING | Falla API Google (Intento 1/3). Reintento en 3s...
12:13:46 | WARNING | Falla API Google (Intento 1/3). Reintento en 3s...
12:15:45 | WARNING | Falla API Google (Intento 1/3). Reintento en 3s...
12:16:52 | WARNING | Falla API Google (Intento 1/3). Reintento en 3s...
12:17:52 | WARNING | Falla API Google (Intento 1/3). Reintento en 3s...
12:18:47 | WARNING | Falla API Google (Intento 1/3). Reintento en 3s...
12:19:52 | WARNING | Falla API Google (Intento 1/3). Reintento en 3s...
12:21:48 | WARNING | Falla API Google (Intento 1/3). Reintento en 3s...
12:22:51 | WARNING | Falla API Google (Intento 1/3). Reintento en 3s...
12:23:52 | WARNING | Falla API Google (Intento 1/3). Reintento en 3s...
12:24:52 | WARNING | Falla API Google (Intento 1/3). Reintento en 3s...
12:27:52 | WARNING | Falla API Google (Intento 1/3). Reintento en 3s...
12:28:51 | WARNING | Falla API Google (Intento 1/3). Reintento en 3s...
12:30:47 | WARNING | Falla API Google (Intento 1/3). Reintento en 3s...
12:31:47 | WARNING | Falla API Google (Intento 1/3). Reintento en 3s...
12:32:49 | WARNING | Falla API Google (Intento 1/3). Reintento en 3s...
12:33:49 | WARNING | Falla API Google (Intento 1/3). Reintento en 3s...
12:34:49 | WARNING | Falla API Google (Intento 1/3). Reintento en 3s...
12:35:49 | WARNING | Falla API Google (Intento 1/3). Reintento en 3s...
12:36:51 | WARNING | Falla API Google (Intento 1/3). Reintento en 3s...
12:37:48 | WARNING | Falla API Google (Intento 1/3). Reintento en 3s...
12:39:47 | WARNING | Falla API Google (Intento 1/3). Reintento en 3s...
12:40:52 | WARNING | Falla API Google (Intento 1/3). Reintento en 3s...
12:42:48 | WARNING | Falla API Google (Intento 1/3). Reintento en 3s...
12:43:49 | WARNING | Falla API Google (Intento 1/3). Reintento en 3s...
12:46:47 | WARNING | Falla API Google (Intento 1/3). Reintento en 3s...
12:47:52 | WARNING | Falla API Google (Intento 1/3). Reintento en 3s...
12:48:48 | WARNING | Falla API Google (Intento 1/3). Reintento en 3s...
12:49:47 | WARNING | Falla API Google (Intento 1/3). Reintento en 3s...
12:50:48 | WARNING | Falla API Google (Intento 1/3). Reintento en 3s...
12:52:44 | WARNING | Falla API Google (Intento 1/3). Reintento en 3s...
12:52:50 | WARNING | Falla API Google (Intento 2/3). Reintento en 6s...
12:53:48 | WARNING | Falla API Google (Intento 1/3). Reintento en 3s...
12:54:50 | WARNING | Falla API Google (Intento 1/3). Reintento en 3s...
12:55:53 | WARNING | Falla API Google (Intento 1/3). Reintento en 3s...
12:56:53 | WARNING | Falla API Google (Intento 1/3). Reintento en 3s...
12:57:50 | WARNING | Falla API Google (Intento 1/3). Reintento en 3s...
12:58:47 | WARNING | Falla API Google (Intento 1/3). Reintento en 3s...
12:59:49 | WARNING | Falla API Google (Intento 1/3). Reintento en 3s...
13:00:51 | WARNING | Falla API Google (Intento 1/3). Reintento en 3s...
13:01:52 | WARNING | Falla API Google (Intento 1/3). Reintento en 3s...
13:02:50 | WARNING | Falla API Google (Intento 1/3). Reintento en 3s...
13:03:49 | WARNING | Falla API Google (Intento 1/3). Reintento en 3s...
13:04:52 | WARNING | Falla API Google (Intento 1/3). Reintento en 3s...
13:05:50 | WARNING | Falla API Google (Intento 1/3). Reintento en 3s...
13:06:52 | WARNING | Falla API Google (Intento 1/3). Reintento en 3s...
13:07:51 | WARNING | Falla API Google (Intento 1/3). Reintento en 3s...
13:08:49 | WARNING | Falla API Google (Intento 1/3). Reintento en 3s...
13:10:49 | WARNING | Falla API Google (Intento 1/3). Reintento en 3s...
13:12:46 | WARNING | Falla API Google (Intento 1/3). Reintento en 3s...
13:13:48 | WARNING | Falla API Google (Intento 1/3). Reintento en 3s...
13:14:50 | WARNING | Falla API Google (Intento 1/3). Reintento en 3s...
13:15:52 | WARNING | Falla API Google (Intento 1/3). Reintento en 3s...
13:17:46 | WARNING | Falla API Google (Intento 1/3). Reintento en 3s...
13:18:46 | WARNING | Falla API Google (Intento 1/3). Reintento en 3s...
13:19:48 | WARNING | Falla API Google (Intento 1/3). Reintento en 3s...
13:20:48 | WARNING | Falla API Google (Intento 1/3). Reintento en 3s...
13:21:51 | WARNING | Falla API Google (Intento 1/3). Reintento en 3s...
13:22:51 | WARNING | Falla API Google (Intento 1/3). Reintento en 3s...
13:24:43 | WARNING | Falla API Google (Intento 1/3). Reintento en 3s...
13:25:48 | WARNING | Falla API Google (Intento 1/3). Reintento en 3s...
13:26:50 | WARNING | Falla API Google (Intento 1/3). Reintento en 3s...
13:28:46 | WARNING | Falla API Google (Intento 1/3). Reintento en 3s...
13:29:46 | WARNING | Falla API Google (Intento 1/3). Reintento en 3s...
13:30:51 | WARNING | Falla API Google (Intento 1/3). Reintento en 3s...
13:31:51 | WARNING | Falla API Google (Intento 1/3). Reintento en 3s...
13:32:49 | WARNING | Falla API Google (Intento 1/3). Reintento en 3s...
13:34:50 | WARNING | Falla API Google (Intento 1/3). Reintento en 3s...
13:35:53 | WARNING | Falla API Google (Intento 1/3). Reintento en 3s...
13:36:52 | WARNING | Falla API Google (Intento 1/3). Reintento en 3s...
13:37:52 | WARNING | Falla API Google (Intento 1/3). Reintento en 3s...
13:38:51 | WARNING | Falla API Google (Intento 1/3). Reintento en 3s...
13:39:51 | WARNING | Falla API Google (Intento 1/3). Reintento en 3s...
13:40:51 | WARNING | Falla API Google (Intento 1/3). Reintento en 3s...
13:41:47 | WARNING | Falla API Google (Intento 1/3). Reintento en 3s...
13:42:49 | WARNING | Falla API Google (Intento 1/3). Reintento en 3s...
13:43:49 | WARNING | Falla API Google (Intento 1/3). Reintento en 3s...
13:44:50 | WARNING | Falla API Google (Intento 1/3). Reintento en 3s...
13:45:52 | WARNING | Falla API Google (Intento 1/3). Reintento en 3s...
13:46:48 | WARNING | Falla API Google (Intento 1/3). Reintento en 3s...
13:47:48 | WARNING | Falla API Google (Intento 1/3). Reintento en 3s...
13:48:50 | WARNING | Falla API Google (Intento 1/3). Reintento en 3s...
13:49:52 | WARNING | Falla API Google (Intento 1/3). Reintento en 3s...
13:50:51 | WARNING | Falla API Google (Intento 1/3). Reintento en 3s...
13:51:52 | WARNING | Falla API Google (Intento 1/3). Reintento en 3s...
13:52:49 | WARNING | Falla API Google (Intento 1/3). Reintento en 3s...
13:53:49 | WARNING | Falla API Google (Intento 1/3). Reintento en 3s...
13:54:50 | WARNING | Falla API Google (Intento 1/3). Reintento en 3s...
13:56:51 | WARNING | Falla API Google (Intento 1/3). Reintento en 3s...
13:58:47 | WARNING | Falla API Google (Intento 1/3). Reintento en 3s...
13:59:52 | WARNING | Falla API Google (Intento 1/3). Reintento en 3s...
14:00:50 | WARNING | Falla API Google (Intento 1/3). Reintento en 3s...
14:01:52 | WARNING | Falla API Google (Intento 1/3). Reintento en 3s...
14:02:49 | WARNING | Falla API Google (Intento 1/3). Reintento en 3s...
14:03:50 | WARNING | Falla API Google (Intento 1/3). Reintento en 3s...
14:04:52 | WARNING | Falla API Google (Intento 1/3). Reintento en 3s...
14:06:45 | WARNING | Falla API Google (Intento 1/3). Reintento en 3s...
14:07:49 | WARNING | Falla API Google (Intento 1/3). Reintento en 3s...
14:08:46 | WARNING | Falla API Google (Intento 1/3). Reintento en 3s...
14:09:51 | WARNING | Falla API Google (Intento 1/3). Reintento en 3s...
14:10:50 | WARNING | Falla API Google (Intento 1/3). Reintento en 3s...
14:11:48 | WARNING | Falla API Google (Intento 1/3). Reintento en 3s...
14:12:50 | WARNING | Falla API Google (Intento 1/3). Reintento en 3s...
14:13:52 | WARNING | Falla API Google (Intento 1/3). Reintento en 3s...
14:14:00 | WARNING | Falla API Google (Intento 1/3). Reintento en 3s...
14:14:48 | WARNING | Falla API Google (Intento 1/3). Reintento en 3s...
14:15:50 | WARNING | Falla API Google (Intento 1/3). Reintento en 3s...
14:16:50 | WARNING | Falla API Google (Intento 1/3). Reintento en 3s...
14:17:49 | WARNING | Falla API Google (Intento 1/3). Reintento en 3s...
14:18:53 | WARNING | Falla API Google (Intento 1/3). Reintento en 3s...
14:19:50 | WARNING | Falla API Google (Intento 1/3). Reintento en 3s...
14:21:51 | WARNING | Falla API Google (Intento 1/3). Reintento en 3s...
14:24:51 | WARNING | Falla API Google (Intento 1/3). Reintento en 3s...
14:25:52 | WARNING | Falla API Google (Intento 1/3). Reintento en 3s...
14:26:49 | WARNING | Falla API Google (Intento 1/3). Reintento en 3s...
14:27:51 | WARNING | Falla API Google (Intento 1/3). Reintento en 3s...
14:28:51 | WARNING | Falla API Google (Intento 1/3). Reintento en 3s...
14:29:48 | WARNING | Falla API Google (Intento 1/3). Reintento en 3s...
14:30:47 | WARNING | Falla API Google (Intento 1/3). Reintento en 3s...
14:31:49 | WARNING | Falla API Google (Intento 1/3). Reintento en 3s...
14:33:49 | WARNING | Falla API Google (Intento 1/3). Reintento en 3s...
14:34:48 | WARNING | Falla API Google (Intento 1/3). Reintento en 3s...
14:35:49 | WARNING | Falla API Google (Intento 1/3). Reintento en 3s...
14:36:47 | WARNING | Falla API Google (Intento 1/3). Reintento en 3s...
14:37:49 | WARNING | Falla API Google (Intento 1/3). Reintento en 3s...
14:38:52 | WARNING | Falla API Google (Intento 1/3). Reintento en 3s...
14:39:49 | WARNING | Falla API Google (Intento 1/3). Reintento en 3s...
14:40:50 | WARNING | Falla API Google (Intento 1/3). Reintento en 3s...
14:41:48 | WARNING | Falla API Google (Intento 1/3). Reintento en 3s...
14:42:52 | WARNING | Falla API Google (Intento 1/3). Reintento en 3s...
14:43:47 | WARNING | Falla API Google (Intento 1/3). Reintento en 3s...
14:44:47 | WARNING | Falla API Google (Intento 1/3). Reintento en 3s...
14:45:48 | WARNING | Falla API Google (Intento 1/3). Reintento en 3s...
14:46:52 | WARNING | Falla API Google (Intento 1/3). Reintento en 3s...
14:47:48 | WARNING | Falla API Google (Intento 1/3). Reintento en 3s...
14:48:53 | WARNING | Falla API Google (Intento 1/3). Reintento en 3s...
14:49:50 | WARNING | Falla API Google (Intento 1/3). Reintento en 3s...
14:50:51 | WARNING | Falla API Google (Intento 1/3). Reintento en 3s...
14:51:51 | WARNING | Falla API Google (Intento 1/3). Reintento en 3s...
14:52:46 | WARNING | Falla API Google (Intento 1/3). Reintento en 3s...
14:53:43 | WARNING | Falla API Google (Intento 1/3). Reintento en 3s...
14:53:50 | WARNING | Falla API Google (Intento 2/3). Reintento en 6s...
14:54:51 | WARNING | Falla API Google (Intento 1/3). Reintento en 3s...
14:55:50 | WARNING | Falla API Google (Intento 1/3). Reintento en 3s...
14:57:49 | WARNING | Falla API Google (Intento 1/3). Reintento en 3s...
14:58:52 | WARNING | Falla API Google (Intento 1/3). Reintento en 3s...
14:59:52 | WARNING | Falla API Google (Intento 1/3). Reintento en 3s...
15:00:52 | WARNING | Falla API Google (Intento 1/3). Reintento en 3s...
15:01:49 | WARNING | Falla API Google (Intento 1/3). Reintento en 3s...
15:02:51 | WARNING | Falla API Google (Intento 1/3). Reintento en 3s...
15:04:47 | WARNING | Falla API Google (Intento 1/3). Reintento en 3s...
15:05:47 | WARNING | Falla API Google (Intento 1/3). Reintento en 3s...
15:06:46 | WARNING | Falla API Google (Intento 1/3). Reintento en 3s...
15:07:50 | WARNING | Falla API Google (Intento 1/3). Reintento en 3s...
15:08:50 | WARNING | Falla API Google (Intento 1/3). Reintento en 3s...
15:09:47 | WARNING | Falla API Google (Intento 1/3). Reintento en 3s...
15:10:51 | WARNING | Falla API Google (Intento 1/3). Reintento en 3s...
15:13:49 | WARNING | Falla API Google (Intento 1/3). Reintento en 3s...
15:14:49 | WARNING | Falla API Google (Intento 1/3). Reintento en 3s...
15:15:49 | WARNING | Falla API Google (Intento 1/3). Reintento en 3s...
15:16:50 | WARNING | Falla API Google (Intento 1/3). Reintento en 3s...
15:17:53 | WARNING | Falla API Google (Intento 1/3). Reintento en 3s...
15:18:47 | WARNING | Falla API Google (Intento 1/3). Reintento en 3s...
15:19:53 | WARNING | Falla API Google (Intento 1/3). Reintento en 3s...
15:20:48 | WARNING | Falla API Google (Intento 1/3). Reintento en 3s...
15:21:50 | WARNING | Falla API Google (Intento 1/3). Reintento en 3s...
15:22:49 | WARNING | Falla API Google (Intento 1/3). Reintento en 3s...
15:24:48 | WARNING | Falla API Google (Intento 1/3). Reintento en 3s...
15:25:52 | WARNING | Falla API Google (Intento 1/3). Reintento en 3s...
15:27:50 | WARNING | Falla API Google (Intento 1/3). Reintento en 3s...
15:28:51 | WARNING | Falla API Google (Intento 1/3). Reintento en 3s...
15:29:46 | WARNING | Falla API Google (Intento 1/3). Reintento en 3s...
15:30:48 | WARNING | Falla API Google (Intento 1/3). Reintento en 3s...
15:31:48 | WARNING | Falla API Google (Intento 1/3). Reintento en 3s...
15:32:49 | WARNING | Falla API Google (Intento 1/3). Reintento en 3s...
15:33:51 | WARNING | Falla API Google (Intento 1/3). Reintento en 3s...
15:34:50 | WARNING | Falla API Google (Intento 1/3). Reintento en 3s...
15:35:52 | WARNING | Falla API Google (Intento 1/3). Reintento en 3s...
15:36:49 | WARNING | Falla API Google (Intento 1/3). Reintento en 3s...
15:37:46 | WARNING | Falla API Google (Intento 1/3). Reintento en 3s...
15:38:50 | WARNING | Falla API Google (Intento 1/3). Reintento en 3s...
15:40:51 | WARNING | Falla API Google (Intento 1/3). Reintento en 3s...
15:41:53 | WARNING | Falla API Google (Intento 1/3). Reintento en 3s...
15:43:46 | WARNING | Falla API Google (Intento 1/3). Reintento en 3s...
15:44:50 | WARNING | Falla API Google (Intento 1/3). Reintento en 3s...
15:45:52 | WARNING | Falla API Google (Intento 1/3). Reintento en 3s...
15:46:51 | WARNING | Falla API Google (Intento 1/3). Reintento en 3s...
15:47:51 | WARNING | Falla API Google (Intento 1/3). Reintento en 3s...
15:48:50 | WARNING | Falla API Google (Intento 1/3). Reintento en 3s...
15:49:48 | WARNING | Falla API Google (Intento 1/3). Reintento en 3s...
15:50:47 | WARNING | Falla API Google (Intento 1/3). Reintento en 3s...
15:51:48 | WARNING | Falla API Google (Intento 1/3). Reintento en 3s...
15:57:49 | WARNING | Falla API Google (Intento 1/3). Reintento en 3s...
15:58:49 | WARNING | Falla API Google (Intento 1/3). Reintento en 3s...
15:59:47 | WARNING | Falla API Google (Intento 1/3). Reintento en 3s...
16:00:51 | WARNING | Falla API Google (Intento 1/3). Reintento en 3s...
16:01:51 | WARNING | Falla API Google (Intento 1/3). Reintento en 3s...
16:03:47 | WARNING | Falla API Google (Intento 1/3). Reintento en 3s...
16:04:49 | WARNING | Falla API Google (Intento 1/3). Reintento en 3s...
16:05:51 | WARNING | Falla API Google (Intento 1/3). Reintento en 3s...
16:06:48 | WARNING | Falla API Google (Intento 1/3). Reintento en 3s...
16:07:48 | WARNING | Falla API Google (Intento 1/3). Reintento en 3s...
16:08:50 | WARNING | Falla API Google (Intento 1/3). Reintento en 3s...
16:09:52 | WARNING | Falla API Google (Intento 1/3). Reintento en 3s...
16:10:50 | WARNING | Falla API Google (Intento 1/3). Reintento en 3s...
16:11:49 | WARNING | Falla API Google (Intento 1/3). Reintento en 3s...
16:12:51 | WARNING | Falla API Google (Intento 1/3). Reintento en 3s...
16:13:50 | WARNING | Falla API Google (Intento 1/3). Reintento en 3s...
16:15:50 | WARNING | Falla API Google (Intento 1/3). Reintento en 3s...
16:17:46 | WARNING | Falla API Google (Intento 1/3). Reintento en 3s...
16:18:46 | WARNING | Falla API Google (Intento 1/3). Reintento en 3s...
16:19:48 | WARNING | Falla API Google (Intento 1/3). Reintento en 3s...
16:20:47 | WARNING | Falla API Google (Intento 1/3). Reintento en 3s...
16:21:51 | WARNING | Falla API Google (Intento 1/3). Reintento en 3s...
16:22:46 | WARNING | Falla API Google (Intento 1/3). Reintento en 3s...
16:23:50 | WARNING | Falla API Google (Intento 1/3). Reintento en 3s...
16:24:52 | WARNING | Falla API Google (Intento 1/3). Reintento en 3s...
16:25:51 | WARNING | Falla API Google (Intento 1/3). Reintento en 3s...
16:26:51 | WARNING | Falla API Google (Intento 1/3). Reintento en 3s...
16:27:52 | WARNING | Falla API Google (Intento 1/3). Reintento en 3s...
16:28:52 | WARNING | Falla API Google (Intento 1/3). Reintento en 3s...
16:29:51 | WARNING | Falla API Google (Intento 1/3). Reintento en 3s...
16:31:52 | WARNING | Falla API Google (Intento 1/3). Reintento en 3s...
16:32:51 | WARNING | Falla API Google (Intento 1/3). Reintento en 3s...
16:33:49 | WARNING | Falla API Google (Intento 1/3). Reintento en 3s...
16:34:48 | WARNING | Falla API Google (Intento 1/3). Reintento en 3s...
16:35:50 | WARNING | Falla API Google (Intento 1/3). Reintento en 3s...
16:36:49 | WARNING | Falla API Google (Intento 1/3). Reintento en 3s...
16:37:48 | WARNING | Falla API Google (Intento 1/3). Reintento en 3s...
16:38:48 | WARNING | Falla API Google (Intento 1/3). Reintento en 3s...
16:39:50 | WARNING | Falla API Google (Intento 1/3). Reintento en 3s...
16:41:47 | WARNING | Falla API Google (Intento 1/3). Reintento en 3s...
16:42:47 | WARNING | Falla API Google (Intento 1/3). Reintento en 3s...
16:43:52 | WARNING | Falla API Google (Intento 1/3). Reintento en 3s...
16:44:49 | WARNING | Falla API Google (Intento 1/3). Reintento en 3s...
16:45:51 | WARNING | Falla API Google (Intento 1/3). Reintento en 3s...
16:49:52 | WARNING | Falla API Google (Intento 1/3). Reintento en 3s...
16:50:52 | WARNING | Falla API Google (Intento 1/3). Reintento en 3s...
16:51:52 | WARNING | Falla API Google (Intento 1/3). Reintento en 3s...
16:52:49 | WARNING | Falla API Google (Intento 1/3). Reintento en 3s...
16:53:49 | WARNING | Falla API Google (Intento 1/3). Reintento en 3s...
16:54:50 | WARNING | Falla API Google (Intento 1/3). Reintento en 3s...
16:55:52 | WARNING | Falla API Google (Intento 1/3). Reintento en 3s...
16:57:43 | WARNING | Falla API Google (Intento 1/3). Reintento en 3s...
16:57:49 | WARNING | Falla API Google (Intento 2/3). Reintento en 6s...
16:59:51 | WARNING | Falla API Google (Intento 1/3). Reintento en 3s...
17:01:10 | WARNING | ¡ALERTA! Conexión caída o congelada. Reiniciando sistema YA...
17:01:11 | INFO | MarketManager iniciado con 7 activos (MODO ESTÁTICO).
17:01:15 | INFO | Sistema Operativo - Monitoreando lista estatica
17:01:47 | WARNING | ¡ALERTA! Conexión caída o congelada. Reiniciando sistema YA...
17:01:48 | INFO | MarketManager iniciado con 7 activos (MODO ESTÁTICO).
17:01:53 | INFO | Sistema Operativo - Monitoreando lista estatica
17:02:25 | WARNING | ¡ALERTA! Conexión caída o congelada. Reiniciando sistema YA...
17:02:26 | INFO | MarketManager iniciado con 7 activos (MODO ESTÁTICO).
17:02:30 | INFO | Sistema Operativo - Monitoreando lista estatica
17:03:02 | WARNING | ¡ALERTA! Conexión caída o congelada. Reiniciando sistema YA...
17:03:03 | INFO | MarketManager iniciado con 7 activos (MODO ESTÁTICO).
17:03:07 | INFO | Sistema Operativo - Monitoreando lista estatica
17:03:39 | WARNING | ¡ALERTA! Conexión caída o congelada. Reiniciando sistema YA...
17:03:42 | INFO | MarketManager iniciado con 7 activos (MODO ESTÁTICO).
17:03:48 | INFO | Sistema Operativo - Monitoreando lista estatica
17:04:20 | WARNING | ¡ALERTA! Conexión caída o congelada. Reiniciando sistema YA...
17:04:21 | INFO | MarketManager iniciado con 7 activos (MODO ESTÁTICO).
17:04:25 | INFO | Sistema Operativo - Monitoreando lista estatica
17:04:56 | WARNING | ¡ALERTA! Conexión caída o congelada. Reiniciando sistema YA...
17:04:58 | INFO | MarketManager iniciado con 7 activos (MODO ESTÁTICO).
17:05:03 | INFO | Sistema Operativo - Monitoreando lista estatica
17:05:35 | WARNING | ¡ALERTA! Conexión caída o congelada. Reiniciando sistema YA...
17:05:37 | INFO | MarketManager iniciado con 7 activos (MODO ESTÁTICO).
17:05:41 | INFO | Sistema Operativo - Monitoreando lista estatica
17:06:12 | WARNING | ¡ALERTA! Conexión caída o congelada. Reiniciando sistema YA...
17:06:14 | INFO | MarketManager iniciado con 7 activos (MODO ESTÁTICO).
17:06:18 | INFO | Sistema Operativo - Monitoreando lista estatica
17:06:50 | WARNING | ¡ALERTA! Conexión caída o congelada. Reiniciando sistema YA...
17:06:50 | INFO | MarketManager iniciado con 7 activos (MODO ESTÁTICO).
17:06:56 | INFO | Sistema Operativo - Monitoreando lista estatica
17:07:28 | WARNING | ¡ALERTA! Conexión caída o congelada. Reiniciando sistema YA...
17:07:30 | INFO | MarketManager iniciado con 7 activos (MODO ESTÁTICO).
17:07:33 | INFO | Sistema Operativo - Monitoreando lista estatica
17:08:04 | WARNING | ¡ALERTA! Conexión caída o congelada. Reiniciando sistema YA...
17:08:05 | INFO | MarketManager iniciado con 7 activos (MODO ESTÁTICO).
17:08:10 | INFO | Sistema Operativo - Monitoreando lista estatica
17:08:41 | WARNING | ¡ALERTA! Conexión caída o congelada. Reiniciando sistema YA...
17:08:45 | INFO | MarketManager iniciado con 7 activos (MODO ESTÁTICO).
17:08:52 | INFO | Sistema Operativo - Monitoreando lista estatica
17:09:23 | WARNING | ¡ALERTA! Conexión caída o congelada. Reiniciando sistema YA...
17:09:28 | INFO | MarketManager iniciado con 7 activos (MODO ESTÁTICO).
17:09:35 | INFO | Sistema Operativo - Monitoreando lista estatica
17:10:07 | WARNING | ¡ALERTA! Conexión caída o congelada. Reiniciando sistema YA...
17:10:09 | INFO | MarketManager iniciado con 7 activos (MODO ESTÁTICO).
17:10:14 | INFO | Sistema Operativo - Monitoreando lista estatica
17:10:45 | WARNING | ¡ALERTA! Conexión caída o congelada. Reiniciando sistema YA...
17:10:46 | INFO | MarketManager iniciado con 7 activos (MODO ESTÁTICO).
17:10:51 | INFO | Sistema Operativo - Monitoreando lista estatica
17:11:22 | WARNING | ¡ALERTA! Conexión caída o congelada. Reiniciando sistema YA...
17:11:24 | INFO | MarketManager iniciado con 7 activos (MODO ESTÁTICO).
17:11:29 | INFO | Sistema Operativo - Monitoreando lista estatica
17:12:00 | WARNING | ¡ALERTA! Conexión caída o congelada. Reiniciando sistema YA...
17:12:01 | INFO | MarketManager iniciado con 7 activos (MODO ESTÁTICO).
17:12:05 | INFO | Sistema Operativo - Monitoreando lista estatica
17:12:37 | WARNING | ¡ALERTA! Conexión caída o congelada. Reiniciando sistema YA...
17:12:39 | INFO | MarketManager iniciado con 7 activos (MODO ESTÁTICO).
17:12:43 | INFO | Sistema Operativo - Monitoreando lista estatica
17:13:14 | WARNING | ¡ALERTA! Conexión caída o congelada. Reiniciando sistema YA...
17:13:17 | INFO | MarketManager iniciado con 7 activos (MODO ESTÁTICO).
17:13:22 | INFO | Sistema Operativo - Monitoreando lista estatica
17:13:53 | WARNING | ¡ALERTA! Conexión caída o congelada. Reiniciando sistema YA...
17:13:54 | INFO | MarketManager iniciado con 7 activos (MODO ESTÁTICO).
17:13:58 | INFO | Sistema Operativo - Monitoreando lista estatica
17:14:30 | WARNING | ¡ALERTA! Conexión caída o congelada. Reiniciando sistema YA...
17:14:32 | INFO | MarketManager iniciado con 7 activos (MODO ESTÁTICO).
17:14:36 | INFO | Sistema Operativo - Monitoreando lista estatica
17:15:08 | WARNING | ¡ALERTA! Conexión caída o congelada. Reiniciando sistema YA...
17:15:10 | INFO | MarketManager iniciado con 7 activos (MODO ESTÁTICO).
17:15:13 | INFO | Sistema Operativo - Monitoreando lista estatica
17:15:44 | WARNING | ¡ALERTA! Conexión caída o congelada. Reiniciando sistema YA...
17:15:47 | INFO | MarketManager iniciado con 7 activos (MODO ESTÁTICO).
17:15:52 | INFO | Sistema Operativo - Monitoreando lista estatica
17:16:23 | WARNING | ¡ALERTA! Conexión caída o congelada. Reiniciando sistema YA...
17:16:24 | INFO | MarketManager iniciado con 7 activos (MODO ESTÁTICO).
17:16:28 | INFO | Sistema Operativo - Monitoreando lista estatica
17:17:00 | WARNING | ¡ALERTA! Conexión caída o congelada. Reiniciando sistema YA...
17:17:01 | INFO | MarketManager iniciado con 7 activos (MODO ESTÁTICO).
17:17:06 | INFO | Sistema Operativo - Monitoreando lista estatica
17:17:37 | WARNING | ¡ALERTA! Conexión caída o congelada. Reiniciando sistema YA...
17:17:39 | INFO | MarketManager iniciado con 7 activos (MODO ESTÁTICO).
17:17:44 | INFO | Sistema Operativo - Monitoreando lista estatica
17:18:15 | WARNING | ¡ALERTA! Conexión caída o congelada. Reiniciando sistema YA...
17:18:17 | INFO | MarketManager iniciado con 7 activos (MODO ESTÁTICO).
17:18:24 | INFO | Sistema Operativo - Monitoreando lista estatica
17:18:55 | WARNING | ¡ALERTA! Conexión caída o congelada. Reiniciando sistema YA...
17:18:56 | INFO | MarketManager iniciado con 7 activos (MODO ESTÁTICO).
17:18:59 | INFO | Sistema Operativo - Monitoreando lista estatica
17:19:31 | WARNING | ¡ALERTA! Conexión caída o congelada. Reiniciando sistema YA...
17:19:33 | INFO | MarketManager iniciado con 7 activos (MODO ESTÁTICO).
17:19:38 | INFO | Sistema Operativo - Monitoreando lista estatica
17:20:09 | WARNING | ¡ALERTA! Conexión caída o congelada. Reiniciando sistema YA...
17:20:12 | INFO | MarketManager iniciado con 7 activos (MODO ESTÁTICO).
17:20:15 | INFO | Sistema Operativo - Monitoreando lista estatica
17:20:47 | WARNING | ¡ALERTA! Conexión caída o congelada. Reiniciando sistema YA...
17:20:49 | INFO | MarketManager iniciado con 7 activos (MODO ESTÁTICO).
17:20:52 | INFO | Sistema Operativo - Monitoreando lista estatica
17:21:24 | WARNING | ¡ALERTA! Conexión caída o congelada. Reiniciando sistema YA...
17:21:26 | INFO | MarketManager iniciado con 7 activos (MODO ESTÁTICO).
17:21:30 | INFO | Sistema Operativo - Monitoreando lista estatica
17:22:01 | WARNING | ¡ALERTA! Conexión caída o congelada. Reiniciando sistema YA...
17:22:03 | INFO | MarketManager iniciado con 7 activos (MODO ESTÁTICO).
17:22:08 | INFO | Sistema Operativo - Monitoreando lista estatica
17:22:39 | WARNING | ¡ALERTA! Conexión caída o congelada. Reiniciando sistema YA...
17:22:40 | INFO | MarketManager iniciado con 7 activos (MODO ESTÁTICO).
17:22:44 | INFO | Sistema Operativo - Monitoreando lista estatica
17:23:15 | WARNING | ¡ALERTA! Conexión caída o congelada. Reiniciando sistema YA...
17:23:16 | INFO | MarketManager iniciado con 7 activos (MODO ESTÁTICO).
17:23:20 | INFO | Sistema Operativo - Monitoreando lista estatica
17:23:52 | WARNING | ¡ALERTA! Conexión caída o congelada. Reiniciando sistema YA...
17:23:54 | INFO | MarketManager iniciado con 7 activos (MODO ESTÁTICO).
17:23:57 | INFO | Sistema Operativo - Monitoreando lista estatica
17:24:28 | WARNING | ¡ALERTA! Conexión caída o congelada. Reiniciando sistema YA...
17:24:30 | INFO | MarketManager iniciado con 7 activos (MODO ESTÁTICO).
17:24:35 | INFO | Sistema Operativo - Monitoreando lista estatica
17:25:06 | WARNING | ¡ALERTA! Conexión caída o congelada. Reiniciando sistema YA...
17:25:08 | INFO | MarketManager iniciado con 7 activos (MODO ESTÁTICO).
17:25:13 | INFO | Sistema Operativo - Monitoreando lista estatica
17:25:44 | WARNING | ¡ALERTA! Conexión caída o congelada. Reiniciando sistema YA...
17:25:46 | INFO | MarketManager iniciado con 7 activos (MODO ESTÁTICO).
17:25:50 | INFO | Sistema Operativo - Monitoreando lista estatica
17:26:22 | WARNING | ¡ALERTA! Conexión caída o congelada. Reiniciando sistema YA...
17:26:23 | INFO | MarketManager iniciado con 7 activos (MODO ESTÁTICO).
17:26:27 | INFO | Sistema Operativo - Monitoreando lista estatica
17:26:59 | WARNING | ¡ALERTA! Conexión caída o congelada. Reiniciando sistema YA...
17:27:00 | INFO | MarketManager iniciado con 7 activos (MODO ESTÁTICO).
17:27:04 | INFO | Sistema Operativo - Monitoreando lista estatica
17:27:36 | WARNING | ¡ALERTA! Conexión caída o congelada. Reiniciando sistema YA...
17:27:37 | INFO | MarketManager iniciado con 7 activos (MODO ESTÁTICO).
17:27:41 | INFO | Sistema Operativo - Monitoreando lista estatica
17:28:12 | WARNING | ¡ALERTA! Conexión caída o congelada. Reiniciando sistema YA...
17:28:17 | INFO | MarketManager iniciado con 7 activos (MODO ESTÁTICO).
17:28:25 | INFO | Sistema Operativo - Monitoreando lista estatica
17:28:56 | WARNING | ¡ALERTA! Conexión caída o congelada. Reiniciando sistema YA...
17:28:59 | INFO | MarketManager iniciado con 7 activos (MODO ESTÁTICO).
17:29:03 | INFO | Sistema Operativo - Monitoreando lista estatica
17:29:35 | WARNING | ¡ALERTA! Conexión caída o congelada. Reiniciando sistema YA...
17:29:36 | INFO | MarketManager iniciado con 7 activos (MODO ESTÁTICO).
17:29:39 | INFO | Sistema Operativo - Monitoreando lista estatica
17:30:10 | WARNING | ¡ALERTA! Conexión caída o congelada. Reiniciando sistema YA...
17:30:11 | INFO | MarketManager iniciado con 7 activos (MODO ESTÁTICO).
17:30:14 | INFO | Sistema Operativo - Monitoreando lista estatica
17:30:34 | INFO | Detencion manual detectada. Cerrando procesos...
17:30:34 | INFO | WebSocket desconectado. Bot fuera de linea.
