ticker,cvsa_id,isin,tipo
A11LD,59306,AR0561623023,14-OBLIG. NEG. PYMES
A3,30023,ARMTBA010010,01-ACCIONES PRIVADAS
A3B,30023,ARMTBA010010,01-ACCIONES PRIVADAS
A3D,30023,ARMTBA010010,01-ACCIONES PRIVADAS
AAL,8564,ARBCOM4603W8,23-CEDEARS
AALC,8564,ARBCOM4603W8,23-CEDEARS
AALD,8564,ARBCOM4603W8,23-CEDEARS
AAP,8592,AR0402038027,23-CEDEARS
AAPC,8592,AR0402038027,23-CEDEARS
AAPCB,8445,ARDEUT116183,23-CEDEARS
AAPD,8592,AR0402038027,23-CEDEARS
AAPDB,8445,ARDEUT116183,23-CEDEARS
AAPL,8445,ARDEUT116183,23-CEDEARS
AAPLB,8445,ARDEUT116183,23-CEDEARS
AAPLC,8445,ARDEUT116183,23-CEDEARS
AAPLD,8445,ARDEUT116183,23-CEDEARS
AB1BP,57134,ARAGBI560023,14-OBLIG. NEG. PYMES
ABBV,8528,ARBCOM4603M9,23-CEDEARS
ABBVC,8528,ARBCOM4603M9,23-CEDEARS
ABBVD,8528,ARBCOM4603M9,23-CEDEARS
ABE3C,8612,ARCAVA4601Y0,23-CEDEARS
ABE3D,8612,ARCAVA4601Y0,23-CEDEARS
ABEV,8502,ARBCOM4601V4,23-CEDEARS
ABEV3,8612,ARCAVA4601Y0,23-CEDEARS
ABEVC,8502,ARBCOM4601V4,23-CEDEARS
ABEVD,8502,ARBCOM4601V4,23-CEDEARS
ABMT,41982,US05961W1053,22-A.D.R.S (ACCIONES)
ABMTC,41982,US05961W1053,22-A.D.R.S (ACCIONES)
ABMTD,41982,US05961W1053,22-A.D.R.S (ACCIONES)
ABNB,8585,ARCAVA4601I3,23-CEDEARS
ABNBB,8585,ARCAVA4601I3,23-CEDEARS
ABNBC,8585,ARCAVA4601I3,23-CEDEARS
ABNBD,8585,ARCAVA4601I3,23-CEDEARS
ABT,8065,ARDEUT110608,23-CEDEARS
ABTB,8065,ARDEUT110608,23-CEDEARS
ABTC,8065,ARDEUT110608,23-CEDEARS
ABTCB,8065,ARDEUT110608,23-CEDEARS
ABTD,8065,ARDEUT110608,23-CEDEARS
ABTDB,8065,ARDEUT110608,23-CEDEARS
ACEP,93453,US1550382014,22-A.D.R.S (ACCIONES)
ACEPC,93453,US1550382014,22-A.D.R.S (ACCIONES)
ACEPD,93453,US1550382014,22-A.D.R.S (ACCIONES)
ACN,8635,AR0334997050,23-CEDEARS
ACNC,8635,AR0334997050,23-CEDEARS
ACND,8635,AR0334997050,23-CEDEARS
ACRE,6399,US2264061068,22-A.D.R.S (ACCIONES)
ACREC,6399,US2264061068,22-A.D.R.S (ACCIONES)
ACRED,6399,US2264061068,22-A.D.R.S (ACCIONES)
ACWI,8702,AR0219286272,23-CEDEARS
ACWIC,8702,AR0219286272,23-CEDEARS
ACWID,8702,AR0219286272,23-CEDEARS
ADBE,8470,ARBCOM460192,23-CEDEARS
ADBEB,8470,ARBCOM460192,23-CEDEARS
ADBEC,8470,ARBCOM460192,23-CEDEARS
ADBED,8470,ARBCOM460192,23-CEDEARS
ADBGF,15880,ARDEUT620DC0,18-FONDOS INVERSION
ADBLF,15785,ARDEUT620CN9,18-FONDOS INVERSION
ADGDB,8498,ARBCOM460143,23-CEDEARS
ADGO,8498,ARBCOM460143,23-CEDEARS
ADGOB,8498,ARBCOM460143,23-CEDEARS
ADGOC,8498,ARBCOM460143,23-CEDEARS
ADGOD,8498,ARBCOM460143,23-CEDEARS
ADGPF,25362,ARDEUT620H37,18-FONDOS INVERSION
ADI,8066,ARDEUT110616,23-CEDEARS
ADIC,8066,ARDEUT110616,23-CEDEARS
ADID,8066,ARDEUT110616,23-CEDEARS
ADP,8073,ARDEUT110681,23-CEDEARS
ADPC,8073,ARDEUT110681,23-CEDEARS
ADPD,8073,ARDEUT110681,23-CEDEARS
ADS,8570,ARBCOM460424,23-CEDEARS
ADSB,8570,ARBCOM460424,23-CEDEARS
ADSC,8570,ARBCOM460424,23-CEDEARS
ADSCB,8570,ARBCOM460424,23-CEDEARS
ADSD,8570,ARBCOM460424,23-CEDEARS
ADSDB,8570,ARBCOM460424,23-CEDEARS
AE38,5923,ARARGE3209U2,03-TITULOS PUBLICOS
AE38C,5923,ARARGE3209U2,03-TITULOS PUBLICOS
AE38D,5923,ARARGE3209U2,03-TITULOS PUBLICOS
AE38X,5923,ARARGE3209U2,03-TITULOS PUBLICOS
AE38Y,5923,ARARGE3209U2,03-TITULOS PUBLICOS
AE38Z,5923,ARARGE3209U2,03-TITULOS PUBLICOS
AEC2C,83305,USP1000CAE41,05-OBLI. NEGOCIABLES
AEC2D,83305,USP1000CAE41,05-OBLI. NEGOCIABLES
AEC2O,83305,USP1000CAE41,05-OBLI. NEGOCIABLES
AEC2X,83305,USP1000CAE41,05-OBLI. NEGOCIABLES
AEC2Y,83305,USP1000CAE41,05-OBLI. NEGOCIABLES
AEC2Z,83305,USP1000CAE41,05-OBLI. NEGOCIABLES
AEC3C,59615,AR0382592001,05-OBLI. NEGOCIABLES
AEC3D,59615,AR0382592001,05-OBLI. NEGOCIABLES
AEC3O,59615,AR0382592001,05-OBLI. NEGOCIABLES
AEC3X,59615,AR0382592001,05-OBLI. NEGOCIABLES
AEC3Y,59615,AR0382592001,05-OBLI. NEGOCIABLES
AEC3Z,59615,AR0382592001,05-OBLI. NEGOCIABLES
AEDN,47746,US29244A1025,22-A.D.R.S (ACCIONES)
AEDNC,47746,US29244A1025,22-A.D.R.S (ACCIONES)
AEDND,47746,US29244A1025,22-A.D.R.S (ACCIONES)
AEG,8242,ARDEUT112398,23-CEDEARS
AEM,8416,ARDEUT115383,23-CEDEARS
AEMC,8416,ARDEUT115383,23-CEDEARS
AEMD,8416,ARDEUT115383,23-CEDEARS
AER1C,94811,USP0092MAF07,05-OBLI. NEGOCIABLES
AER1D,94811,USP0092MAF07,05-OBLI. NEGOCIABLES
AER1O,94811,USP0092MAF07,05-OBLI. NEGOCIABLES
AER1X,94811,USP0092MAF07,05-OBLI. NEGOCIABLES
AER1Y,94811,USP0092MAF07,05-OBLI. NEGOCIABLES
AER1Z,94811,USP0092MAF07,05-OBLI. NEGOCIABLES
AER4C,82083,XS2405877007,05-OBLI. NEGOCIABLES
AER4D,82083,XS2405877007,05-OBLI. NEGOCIABLES
AER4O,82083,XS2405877007,05-OBLI. NEGOCIABLES
AER4X,82083,XS2405877007,05-OBLI. NEGOCIABLES
AER4Y,82083,XS2405877007,05-OBLI. NEGOCIABLES
AER4Z,82083,XS2405877007,05-OBLI. NEGOCIABLES
AER5C,55944,ARAEAR560090,05-OBLI. NEGOCIABLES
AER5D,55944,ARAEAR560090,05-OBLI. NEGOCIABLES
AER5O,55944,ARAEAR560090,05-OBLI. NEGOCIABLES
AER5X,55944,ARAEAR560090,05-OBLI. NEGOCIABLES
AER5Y,55944,ARAEAR560090,05-OBLI. NEGOCIABLES
AER5Z,55944,ARAEAR560090,05-OBLI. NEGOCIABLES
AERAC,91984,USP0092MAE32,05-OBLI. NEGOCIABLES
AERAD,91984,USP0092MAE32,05-OBLI. NEGOCIABLES
AERAO,91984,USP0092MAE32,05-OBLI. NEGOCIABLES
AERBC,58361,AR0162186347,05-OBLI. NEGOCIABLES
AERBD,58361,AR0162186347,05-OBLI. NEGOCIABLES
AERBO,58361,AR0162186347,05-OBLI. NEGOCIABLES
AERBX,58361,AR0162186347,05-OBLI. NEGOCIABLES
AERBY,58361,AR0162186347,05-OBLI. NEGOCIABLES
AERBZ,58361,AR0162186347,05-OBLI. NEGOCIABLES
AFCIC,58974,AR0736238632,05-OBLI. NEGOCIABLES
AFCID,58974,AR0736238632,05-OBLI. NEGOCIABLES
AFCIO,58974,AR0736238632,05-OBLI. NEGOCIABLES
AFCIX,58974,AR0736238632,05-OBLI. NEGOCIABLES
AFCIY,58974,AR0736238632,05-OBLI. NEGOCIABLES
AFCIZ,58974,AR0736238632,05-OBLI. NEGOCIABLES
AFCJC,59175,AR0089654062,05-OBLI. NEGOCIABLES
AFCJD,59175,AR0089654062,05-OBLI. NEGOCIABLES
AFCJO,59175,AR0089654062,05-OBLI. NEGOCIABLES
AFCJX,59175,AR0089654062,05-OBLI. NEGOCIABLES
AFCJY,59175,AR0089654062,05-OBLI. NEGOCIABLES
AFCJZ,59175,AR0089654062,05-OBLI. NEGOCIABLES
AFCKC,59176,AR0500799496,05-OBLI. NEGOCIABLES
AFCKD,59176,AR0500799496,05-OBLI. NEGOCIABLES
AFCKO,59176,AR0500799496,05-OBLI. NEGOCIABLES
AFCKX,59176,AR0500799496,05-OBLI. NEGOCIABLES
AFCKY,59176,AR0500799496,05-OBLI. NEGOCIABLES
AFCKZ,59176,AR0500799496,05-OBLI. NEGOCIABLES
AFCLC,59177,AR0754966056,05-OBLI. NEGOCIABLES
AFCLD,59177,AR0754966056,05-OBLI. NEGOCIABLES
AFCLO,59177,AR0754966056,05-OBLI. NEGOCIABLES
AFCLX,59177,AR0754966056,05-OBLI. NEGOCIABLES
AFCLY,59177,AR0754966056,05-OBLI. NEGOCIABLES
AFCLZ,59177,AR0754966056,05-OBLI. NEGOCIABLES
AFCMC,59355,AR0771613376,05-OBLI. NEGOCIABLES
AFCMD,59355,AR0771613376,05-OBLI. NEGOCIABLES
AFCMO,59355,AR0771613376,05-OBLI. NEGOCIABLES
AFCMX,59355,AR0771613376,05-OBLI. NEGOCIABLES
AFCMY,59355,AR0771613376,05-OBLI. NEGOCIABLES
AFCMZ,59355,AR0771613376,05-OBLI. NEGOCIABLES
AFCNC,59356,AR0996626666,05-OBLI. NEGOCIABLES
AFCND,59356,AR0996626666,05-OBLI. NEGOCIABLES
AFCNO,59356,AR0996626666,05-OBLI. NEGOCIABLES
AFCNX,59356,AR0996626666,05-OBLI. NEGOCIABLES
AFCNY,59356,AR0996626666,05-OBLI. NEGOCIABLES
AFCNZ,59356,AR0996626666,05-OBLI. NEGOCIABLES
AFCOC,59363,AR0639929634,05-OBLI. NEGOCIABLES
AFCOD,59363,AR0639929634,05-OBLI. NEGOCIABLES
AFCOO,59363,AR0639929634,05-OBLI. NEGOCIABLES
AFCOX,59363,AR0639929634,05-OBLI. NEGOCIABLES
AFCOY,59363,AR0639929634,05-OBLI. NEGOCIABLES
AFCOZ,59363,AR0639929634,05-OBLI. NEGOCIABLES
AFCPC,59474,AR0581730287,05-OBLI. NEGOCIABLES
AFCPD,59474,AR0581730287,05-OBLI. NEGOCIABLES
AFCPO,59474,AR0581730287,05-OBLI. NEGOCIABLES
AFCPX,59474,AR0581730287,05-OBLI. NEGOCIABLES
AFCPY,59474,AR0581730287,05-OBLI. NEGOCIABLES
AFCPZ,59474,AR0581730287,05-OBLI. NEGOCIABLES
AFCQC,59475,AR0913132715,05-OBLI. NEGOCIABLES
AFCQD,59475,AR0913132715,05-OBLI. NEGOCIABLES
AFCQO,59475,AR0913132715,05-OBLI. NEGOCIABLES
AFCQX,59475,AR0913132715,05-OBLI. NEGOCIABLES
AFCQY,59475,AR0913132715,05-OBLI. NEGOCIABLES
AFCQZ,59475,AR0913132715,05-OBLI. NEGOCIABLES
AFCRC,59671,AR0125130507,05-OBLI. NEGOCIABLES
AFCRD,59671,AR0125130507,05-OBLI. NEGOCIABLES
AFCRO,59671,AR0125130507,05-OBLI. NEGOCIABLES
AFCRX,59671,AR0125130507,05-OBLI. NEGOCIABLES
AFCRY,59671,AR0125130507,05-OBLI. NEGOCIABLES
AFCRZ,59671,AR0125130507,05-OBLI. NEGOCIABLES
AFCTC,59672,AR0725635335,05-OBLI. NEGOCIABLES
AFCTD,59672,AR0725635335,05-OBLI. NEGOCIABLES
AFCTO,59672,AR0725635335,05-OBLI. NEGOCIABLES
AFCTX,59672,AR0725635335,05-OBLI. NEGOCIABLES
AFCTY,59672,AR0725635335,05-OBLI. NEGOCIABLES
AFCTZ,59672,AR0725635335,05-OBLI. NEGOCIABLES
AG22C,57834,AR0994661855,14-OBLIG. NEG. PYMES
AG22D,57834,AR0994661855,14-OBLIG. NEG. PYMES
AG22P,57834,AR0994661855,14-OBLIG. NEG. PYMES
AGCL,93236,US40052A4076,22-A.D.R.S (ACCIONES)
AGCLC,93236,US40052A4076,22-A.D.R.S (ACCIONES)
AGCLD,93236,US40052A4076,22-A.D.R.S (ACCIONES)
AGGA,6107,US3999091008,22-A.D.R.S (ACCIONES)
AGGAC,6107,US3999091008,22-A.D.R.S (ACCIONES)
AGGAD,6107,US3999091008,22-A.D.R.S (ACCIONES)
AGRO,19,ARAGRO010015,01-ACCIONES PRIVADAS
AGROC,19,ARAGRO010015,01-ACCIONES PRIVADAS
AGROD,19,ARAGRO010015,01-ACCIONES PRIVADAS
AHC2C,58410,AR0680721500,14-OBLIG. NEG. PYMES
AHC2D,58410,AR0680721500,14-OBLIG. NEG. PYMES
AHC2P,58410,AR0680721500,14-OBLIG. NEG. PYMES
AI,8679,AR0979595433,23-CEDEARS
AIC,8679,AR0979595433,23-CEDEARS
AID,8679,AR0979595433,23-CEDEARS
AIG,8069,ARDEUT110640,23-CEDEARS
AIGC,8069,ARDEUT110640,23-CEDEARS
AIGD,8069,ARDEUT110640,23-CEDEARS
AK1LC,59246,AR0185373971,05-OBLI. NEGOCIABLES
AK1LD,59246,AR0185373971,05-OBLI. NEGOCIABLES
AKO.B,8558,ARBCOM4603Q0,23-CEDEARS
AKOBC,8558,ARBCOM4603Q0,23-CEDEARS
AKOBD,8558,ARBCOM4603Q0,23-CEDEARS
AKS1L,59246,AR0185373971,05-OBLI. NEGOCIABLES
AL02H,59063,AR0907696154,20-CERTIF. PARTICIP.
AL03Q,59269,AR0730812341,19-TITULOS DE DEUDA
AL04A,59555,AR0760303385,19-TITULOS DE DEUDA
AL04Q,59556,AR0966442615,20-CERTIF. PARTICIP.
AL29,5927,ARARGE3209Y4,03-TITULOS PUBLICOS
AL29C,5927,ARARGE3209Y4,03-TITULOS PUBLICOS
AL29D,5927,ARARGE3209Y4,03-TITULOS PUBLICOS
AL29X,5927,ARARGE3209Y4,03-TITULOS PUBLICOS
AL29Y,5927,ARARGE3209Y4,03-TITULOS PUBLICOS
AL29Z,5927,ARARGE3209Y4,03-TITULOS PUBLICOS
AL2LC,58709,AR0228366776,14-OBLIG. NEG. PYMES
AL2LD,58709,AR0228366776,14-OBLIG. NEG. PYMES
AL30,5921,ARARGE3209S6,03-TITULOS PUBLICOS
AL30C,5921,ARARGE3209S6,03-TITULOS PUBLICOS
AL30D,5921,ARARGE3209S6,03-TITULOS PUBLICOS
AL30X,5921,ARARGE3209S6,03-TITULOS PUBLICOS
AL30Y,5921,ARARGE3209S6,03-TITULOS PUBLICOS
AL30Z,5921,ARARGE3209S6,03-TITULOS PUBLICOS
AL35,5922,ARARGE3209T4,03-TITULOS PUBLICOS
AL35C,5922,ARARGE3209T4,03-TITULOS PUBLICOS
AL35D,5922,ARARGE3209T4,03-TITULOS PUBLICOS
AL35X,5922,ARARGE3209T4,03-TITULOS PUBLICOS
AL35Y,5922,ARARGE3209T4,03-TITULOS PUBLICOS
AL35Z,5922,ARARGE3209T4,03-TITULOS PUBLICOS
AL41,5924,ARARGE3209V0,03-TITULOS PUBLICOS
AL41C,5924,ARARGE3209V0,03-TITULOS PUBLICOS
AL41D,5924,ARARGE3209V0,03-TITULOS PUBLICOS
AL41X,5924,ARARGE3209V0,03-TITULOS PUBLICOS
AL41Y,5924,ARARGE3209V0,03-TITULOS PUBLICOS
AL41Z,5924,ARARGE3209V0,03-TITULOS PUBLICOS
AL4AC,59555,AR0760303385,19-TITULOS DE DEUDA
AL4AD,59555,AR0760303385,19-TITULOS DE DEUDA
AL4QC,59556,AR0966442615,20-CERTIF. PARTICIP.
AL4QD,59556,AR0966442615,20-CERTIF. PARTICIP.
ALAAC,4899,ARBVAL620JK3,18-FONDOS INVERSION
ALAAD,4899,ARBVAL620JK3,18-FONDOS INVERSION
ALAAF,4899,ARBVAL620JK3,18-FONDOS INVERSION
ALAB,8713,AR0717084534,23-CEDEARS
ALABC,4955,ARBVAL620JP2,18-FONDOS INVERSION
ALABD,4955,ARBVAL620JP2,18-FONDOS INVERSION
ALABF,4955,ARBVAL620JP2,18-FONDOS INVERSION
ALAC,8713,AR0717084534,23-CEDEARS
ALAD,8713,AR0717084534,23-CEDEARS
ALC2L,58709,AR0228366776,14-OBLIG. NEG. PYMES
ALDAC,14038,ARBVAL620NE8,18-FONDOS INVERSION
ALDAD,14038,ARBVAL620NE8,18-FONDOS INVERSION
ALDAF,14038,ARBVAL620NE8,18-FONDOS INVERSION
ALDBC,14039,ARBVAL620NF5,18-FONDOS INVERSION
ALDBD,14039,ARBVAL620NF5,18-FONDOS INVERSION
ALDBF,14039,ARBVAL620NF5,18-FONDOS INVERSION
ALLFC,28283,AR0139624776,18-FONDOS INVERSION
ALLFD,28283,AR0139624776,18-FONDOS INVERSION
ALLLF,28283,AR0139624776,18-FONDOS INVERSION
ALNAF,15948,ARDEUT620DR8,18-FONDOS INVERSION
ALNBF,15949,ARDEUT620DS6,18-FONDOS INVERSION
ALNCF,15950,ARDEUT620DT4,18-FONDOS INVERSION
ALOM,93325,US54150E1047,22-A.D.R.S (ACCIONES)
ALOMC,93325,US54150E1047,22-A.D.R.S (ACCIONES)
ALOMD,93325,US54150E1047,22-A.D.R.S (ACCIONES)
ALREF,15376,ARBVAL621LW2,18-FONDOS INVERSION
ALUA,7,ARALUA010258,01-ACCIONES PRIVADAS
ALUAB,7,ARALUA010258,01-ACCIONES PRIVADAS
ALUAC,7,ARALUA010258,01-ACCIONES PRIVADAS
ALUAD,7,ARALUA010258,01-ACCIONES PRIVADAS
AMAT,8070,ARDEUT110657,23-CEDEARS
AMATC,8070,ARDEUT110657,23-CEDEARS
AMATD,8070,ARDEUT110657,23-CEDEARS
AMD,8481,ARBCOM4601M3,23-CEDEARS
AMD.B,8481,ARBCOM4601M3,23-CEDEARS
AMDC,8481,ARBCOM4601M3,23-CEDEARS
AMDCB,8481,ARBCOM4601M3,23-CEDEARS
AMDD,8481,ARBCOM4601M3,23-CEDEARS
AMDDB,8481,ARBCOM4601M3,23-CEDEARS
AMGCB,8071,ARDEUT110665,23-CEDEARS
AMGDB,8071,ARDEUT110665,23-CEDEARS
AMGN,8071,ARDEUT110665,23-CEDEARS
AMGNB,8071,ARDEUT110665,23-CEDEARS
AMGNC,8071,ARDEUT110665,23-CEDEARS
AMGND,8071,ARDEUT110665,23-CEDEARS
AMX,8268,ARDEUT112646,23-CEDEARS
AMX.B,8268,ARDEUT112646,23-CEDEARS
AMXC,8268,ARDEUT112646,23-CEDEARS
AMXD,8268,ARDEUT112646,23-CEDEARS
AMZN,8468,ARBCOM460176,23-CEDEARS
AMZNB,8468,ARBCOM460176,23-CEDEARS
AMZNC,8468,ARBCOM460176,23-CEDEARS
AMZND,8468,ARBCOM460176,23-CEDEARS
AN29,9366,AR0963787574,03-TITULOS PUBLICOS
AN29C,9366,AR0963787574,03-TITULOS PUBLICOS
AN29D,9366,AR0963787574,03-TITULOS PUBLICOS
AN29X,9366,AR0963787574,03-TITULOS PUBLICOS
AN29Y,9366,AR0963787574,03-TITULOS PUBLICOS
AN29Z,9366,AR0963787574,03-TITULOS PUBLICOS
ANET,8728,AR0827075372,23-CEDEARS
ANETC,8728,AR0827075372,23-CEDEARS
ANETD,8728,AR0827075372,23-CEDEARS
ANF,8484,ARBCOM4601P6,23-CEDEARS
ANFB,8484,ARBCOM4601P6,23-CEDEARS
ANFC,8484,ARBCOM4601P6,23-CEDEARS
ANFD,8484,ARBCOM4601P6,23-CEDEARS
AO27,9385,AR0676997536,03-TITULOS PUBLICOS
AO27C,9385,AR0676997536,03-TITULOS PUBLICOS
AO27D,9385,AR0676997536,03-TITULOS PUBLICOS
AO27X,9385,AR0676997536,03-TITULOS PUBLICOS
AO27Y,9385,AR0676997536,03-TITULOS PUBLICOS
AO27Z,9385,AR0676997536,03-TITULOS PUBLICOS
AO28,9396,AR0474258297,03-TITULOS PUBLICOS
AO28C,9396,AR0474258297,03-TITULOS PUBLICOS
AO28D,9396,AR0474258297,03-TITULOS PUBLICOS
AO28X,9396,AR0474258297,03-TITULOS PUBLICOS
AO28Y,9396,AR0474258297,03-TITULOS PUBLICOS
AO28Z,9396,AR0474258297,03-TITULOS PUBLICOS
AO29,9422,AR0550263393,03-TITULOS PUBLICOS
AO29C,9422,AR0550263393,03-TITULOS PUBLICOS
AO29D,9422,AR0550263393,03-TITULOS PUBLICOS
AO29X,9422,AR0550263393,03-TITULOS PUBLICOS
AO29Y,9422,AR0550263393,03-TITULOS PUBLICOS
AO29Z,9422,AR0550263393,03-TITULOS PUBLICOS
AP1LC,59429,AR0736877488,14-OBLIG. NEG. PYMES
AP1LD,59429,AR0736877488,14-OBLIG. NEG. PYMES
APAM,47638,US6976602077,22-A.D.R.S (ACCIONES)
APAMC,47638,US6976602077,22-A.D.R.S (ACCIONES)
APAMD,47638,US6976602077,22-A.D.R.S (ACCIONES)
APS1L,59429,AR0736877488,14-OBLIG. NEG. PYMES
AQ11L,59306,AR0561623023,14-OBLIG. NEG. PYMES
ARC1C,82078,USP0092MAJ29,05-OBLI. NEGOCIABLES
ARC1D,82078,USP0092MAJ29,05-OBLI. NEGOCIABLES
ARC1O,82078,USP0092MAJ29,05-OBLI. NEGOCIABLES
ARC1X,82078,USP0092MAJ29,05-OBLI. NEGOCIABLES
ARC1Y,82078,USP0092MAJ29,05-OBLI. NEGOCIABLES
ARC1Z,82078,USP0092MAJ29,05-OBLI. NEGOCIABLES
ARCO,8496,ARBCOM460135,23-CEDEARS
ARCOB,8496,ARBCOM460135,23-CEDEARS
ARCOC,8496,ARBCOM460135,23-CEDEARS
ARCOD,8496,ARBCOM460135,23-CEDEARS
ARKK,8557,ARCAVA460123,23-CEDEARS
ARKKB,8557,ARCAVA460123,23-CEDEARS
ARKKC,8557,ARCAVA460123,23-CEDEARS
ARKKD,8557,ARCAVA460123,23-CEDEARS
ARM,8656,AR0489277225,23-CEDEARS
ARMC,8656,AR0489277225,23-CEDEARS
ARMD,8656,AR0489277225,23-CEDEARS
AS1LC,59629,AR0310480519,14-OBLIG. NEG. PYMES
AS1LD,59629,AR0310480519,14-OBLIG. NEG. PYMES
ASML,8677,AR0725224551,23-CEDEARS
ASMLB,8677,AR0725224551,23-CEDEARS
ASMLC,8677,AR0725224551,23-CEDEARS
ASMLD,8677,AR0725224551,23-CEDEARS
ASR,8406,ARDEUT115185,23-CEDEARS
ASS1L,59629,AR0310480519,14-OBLIG. NEG. PYMES
ASTS,8714,AR0908449421,23-CEDEARS
ASTSC,8714,AR0908449421,23-CEDEARS
ASTSD,8714,AR0908449421,23-CEDEARS
ASUP,90689,US40054A1088,22-A.D.R.S (ACCIONES)
ASUPC,90689,US40054A1088,22-A.D.R.S (ACCIONES)
ASUPD,90689,US40054A1088,22-A.D.R.S (ACCIONES)
ATAD,8374,ARDEUT114089,23-CEDEARS
ATEC,7734,US8792732096,22-A.D.R.S (ACCIONES)
ATECC,7734,US8792732096,22-A.D.R.S (ACCIONES)
ATECD,7734,US8792732096,22-A.D.R.S (ACCIONES)
ATGS,7108,US8938702045,22-A.D.R.S (ACCIONES)
ATGSC,7108,US8938702045,22-A.D.R.S (ACCIONES)
ATGSD,7108,US8938702045,22-A.D.R.S (ACCIONES)
AU1LC,59118,AR0361017871,14-OBLIG. NEG. PYMES
AU1LD,59118,AR0361017871,14-OBLIG. NEG. PYMES
AUS1L,59118,AR0361017871,14-OBLIG. NEG. PYMES
AUSO,66,ARASOL010033,01-ACCIONES PRIVADAS
AUSOB,66,ARASOL010033,01-ACCIONES PRIVADAS
AUSOC,66,ARASOL010033,01-ACCIONES PRIVADAS
AV22P,57860,AR0944201919,14-OBLIG. NEG. PYMES
AVC2P,59640,AR0538566503,14-OBLIG. NEG. PYMES
AVGO,8531,ARBCOM4603J5,23-CEDEARS
AVGOC,8531,ARBCOM4603J5,23-CEDEARS
AVGOD,8531,ARBCOM4603J5,23-CEDEARS
AVY,8075,ARDEUT110707,23-CEDEARS
AVY.B,8075,ARDEUT110707,23-CEDEARS
AVYC,8075,ARDEUT110707,23-CEDEARS
AVYCB,8075,ARDEUT110707,23-CEDEARS
AVYD,8075,ARDEUT110707,23-CEDEARS
AVYDB,8075,ARDEUT110707,23-CEDEARS
AW1LC,59076,AR0406821139,14-OBLIG. NEG. PYMES
AW1LD,59076,AR0406821139,14-OBLIG. NEG. PYMES
AWS1L,59076,AR0406821139,14-OBLIG. NEG. PYMES
AX1MC,59329,AR0395071563,14-OBLIG. NEG. PYMES
AX1MD,59329,AR0395071563,14-OBLIG. NEG. PYMES
AXP,8009,ARDEUT110046,23-CEDEARS
AXP.B,8009,ARDEUT110046,23-CEDEARS
AXPC,8009,ARDEUT110046,23-CEDEARS
AXPD,8009,ARDEUT110046,23-CEDEARS
AXS1M,59329,AR0395071563,14-OBLIG. NEG. PYMES
AY01A,59100,AR0024874429,19-TITULOS DE DEUDA
AY02A,59547,AR0184369533,19-TITULOS DE DEUDA
AYPF,7109,US9842451000,22-A.D.R.S (ACCIONES)
AYPFC,7109,US9842451000,22-A.D.R.S (ACCIONES)
AYPFD,7109,US9842451000,22-A.D.R.S (ACCIONES)
AZN,8244,ARDEUT112489,23-CEDEARS
AZNC,8244,ARDEUT112489,23-CEDEARS
AZND,8244,ARDEUT112489,23-CEDEARS
B,8260,ARDEUT112562,23-CEDEARS
B.B,8260,ARDEUT112562,23-CEDEARS
B.C,8260,ARDEUT112562,23-CEDEARS
B.D,8260,ARDEUT112562,23-CEDEARS
B2N6C,43066,AR0322819605,13-LETRAS
B2N6D,43066,AR0322819605,13-LETRAS
B2N6X,43066,AR0322819605,13-LETRAS
B2O6C,43078,AR0978209804,13-LETRAS
B2O6D,43078,AR0978209804,13-LETRAS
B3N6C,43079,AR0711366150,13-LETRAS
B3N6D,43079,AR0711366150,13-LETRAS
B3S6C,43057,AR0360789090,13-LETRAS
B3S6D,43057,AR0360789090,13-LETRAS
B3S6X,43057,AR0360789090,13-LETRAS
BA,8011,ARDEUT110061,23-CEDEARS
BA..B,8011,ARDEUT110061,23-CEDEARS
BA.C,8281,ARDEUT112851,23-CEDEARS
BA.CB,8281,ARDEUT112851,23-CEDEARS
BA.CC,8281,ARDEUT112851,23-CEDEARS
BA.CD,8281,ARDEUT112851,23-CEDEARS
BA37D,81150,XS2385150334,03-TITULOS PUBLICOS
BA37E,81154,XS2385150508,03-TITULOS PUBLICOS
BA7DC,81150,XS2385150334,03-TITULOS PUBLICOS
BA7DD,81150,XS2385150334,03-TITULOS PUBLICOS
BA7DX,81150,XS2385150334,03-TITULOS PUBLICOS
BA7DY,81150,XS2385150334,03-TITULOS PUBLICOS
BA7DZ,81150,XS2385150334,03-TITULOS PUBLICOS
BA7EC,81154,XS2385150508,03-TITULOS PUBLICOS
BA7ED,81154,XS2385150508,03-TITULOS PUBLICOS
BA7EX,81154,XS2385150508,03-TITULOS PUBLICOS
BA7EY,81154,XS2385150508,03-TITULOS PUBLICOS
BA7EZ,81154,XS2385150508,03-TITULOS PUBLICOS
BABA,8523,ARBCOM4601T8,23-CEDEARS
BABAB,8523,ARBCOM4601T8,23-CEDEARS
BABAC,8523,ARBCOM4601T8,23-CEDEARS
BABAD,8523,ARBCOM4601T8,23-CEDEARS
BAC,8011,ARDEUT110061,23-CEDEARS
BACAC,91952,USP1047VAF42,05-OBLI. NEGOCIABLES
BACAD,91952,USP1047VAF42,05-OBLI. NEGOCIABLES
BACAO,91952,USP1047VAF42,05-OBLI. NEGOCIABLES
BACAX,91952,USP1047VAF42,05-OBLI. NEGOCIABLES
BACAY,91952,USP1047VAF42,05-OBLI. NEGOCIABLES
BACAZ,91952,USP1047VAF42,05-OBLI. NEGOCIABLES
BACGC,84446,USP1047VAL10,05-OBLI. NEGOCIABLES
BACGD,84446,USP1047VAL10,05-OBLI. NEGOCIABLES
BACGO,84446,USP1047VAL10,05-OBLI. NEGOCIABLES
BACGX,84446,USP1047VAL10,05-OBLI. NEGOCIABLES
BACGY,84446,USP1047VAL10,05-OBLI. NEGOCIABLES
BACGZ,84446,USP1047VAL10,05-OBLI. NEGOCIABLES
BACHC,84979,USP1047VAN75,05-OBLI. NEGOCIABLES
BACHD,84979,USP1047VAN75,05-OBLI. NEGOCIABLES
BACHO,84979,USP1047VAN75,05-OBLI. NEGOCIABLES
BACHX,84979,USP1047VAN75,05-OBLI. NEGOCIABLES
BACHY,84979,USP1047VAN75,05-OBLI. NEGOCIABLES
BACHZ,84979,USP1047VAN75,05-OBLI. NEGOCIABLES
BAD,8011,ARDEUT110061,23-CEDEARS
BAF27,42961,AR0562543014,19-TITULOS DE DEUDA
BAF7C,42961,AR0562543014,19-TITULOS DE DEUDA
BAF7D,42961,AR0562543014,19-TITULOS DE DEUDA
BAF7X,42961,AR0562543014,19-TITULOS DE DEUDA
BAF7Z,42961,AR0562543014,19-TITULOS DE DEUDA
BAK,8591,AR0261973801,23-CEDEARS
BAKC,8591,AR0261973801,23-CEDEARS
BAKD,8591,AR0261973801,23-CEDEARS
BAM27,42908,AR0971566150,03-TITULOS PUBLICOS
BAM7C,42908,AR0971566150,03-TITULOS PUBLICOS
BAM7D,42908,AR0971566150,03-TITULOS PUBLICOS
BAO26,42613,ARMUCO320179,03-TITULOS PUBLICOS
BAO27,42954,AR0966036656,19-TITULOS DE DEUDA
BAO7C,42954,AR0966036656,19-TITULOS DE DEUDA
BAO7D,42954,AR0966036656,19-TITULOS DE DEUDA
BAO7X,42954,AR0966036656,19-TITULOS DE DEUDA
BAS,8245,ARDEUT112497,23-CEDEARS
BAS.B,8245,ARDEUT112497,23-CEDEARS
BAS27,43090,AR0285492838,13-LETRAS
BAS7C,43090,AR0285492838,13-LETRAS
BAS7D,43090,AR0285492838,13-LETRAS
BASC,8245,ARDEUT112497,23-CEDEARS
BAYN,8246,ARDEUT112414,23-CEDEARS
BB,8441,ARDEUT116142,23-CEDEARS
BB.C,8441,ARDEUT116142,23-CEDEARS
BB.D,8441,ARDEUT116142,23-CEDEARS
BB37D,81152,XS2385151738,03-TITULOS PUBLICOS
BB37E,81156,XS2385150177,03-TITULOS PUBLICOS
BB7DC,81152,XS2385151738,03-TITULOS PUBLICOS
BB7DD,81152,XS2385151738,03-TITULOS PUBLICOS
BB7DX,81152,XS2385151738,03-TITULOS PUBLICOS
BB7DY,81152,XS2385151738,03-TITULOS PUBLICOS
BB7DZ,81152,XS2385151738,03-TITULOS PUBLICOS
BB7EC,81156,XS2385150177,03-TITULOS PUBLICOS
BB7ED,81156,XS2385150177,03-TITULOS PUBLICOS
BB7EX,81156,XS2385150177,03-TITULOS PUBLICOS
BB7EY,81156,XS2385150177,03-TITULOS PUBLICOS
BB7EZ,81156,XS2385150177,03-TITULOS PUBLICOS
BBA3C,8607,ARCAVA4601R4,23-CEDEARS
BBA3D,8607,ARCAVA4601R4,23-CEDEARS
BBAR,94,ARP125991090,01-ACCIONES PRIVADAS
BBARB,94,ARP125991090,01-ACCIONES PRIVADAS
BBARC,94,ARP125991090,01-ACCIONES PRIVADAS
BBARD,94,ARP125991090,01-ACCIONES PRIVADAS
BBAS3,8607,ARCAVA4601R4,23-CEDEARS
BBD,8431,ARDEUT116001,23-CEDEARS
BBD26,43065,AR0231473957,13-LETRAS
BBD6C,43065,AR0231473957,13-LETRAS
BBD6D,43065,AR0231473957,13-LETRAS
BBDB,8431,ARDEUT116001,23-CEDEARS
BBDC,8431,ARDEUT116001,23-CEDEARS
BBDC3,8603,ARCAVA4601M5,23-CEDEARS
BBDCC,8603,ARCAVA4601M5,23-CEDEARS
BBDCD,8603,ARCAVA4601M5,23-CEDEARS
BBDD,8431,ARDEUT116001,23-CEDEARS
BBN26,43075,AR0014218926,13-LETRAS
BBN6C,43075,AR0014218926,13-LETRAS
BBN6D,43075,AR0014218926,13-LETRAS
BBN6X,43075,AR0014218926,13-LETRAS
BBS26,43064,AR0713451638,13-LETRAS
BBS6C,43064,AR0713451638,13-LETRAS
BBS6D,43064,AR0713451638,13-LETRAS
BBS6Z,43064,AR0713451638,13-LETRAS
BBV,8229,ARDEUT112232,23-CEDEARS
BBVC,8229,ARDEUT112232,23-CEDEARS
BBVD,8229,ARDEUT112232,23-CEDEARS
BBY27,43086,AR0519152000,13-LETRAS
BBY7C,43086,AR0519152000,13-LETRAS
BBY7D,43086,AR0519152000,13-LETRAS
BC28C,32976,ARCBAS3201J5,03-TITULOS PUBLICOS
BC28D,32976,ARCBAS3201J5,03-TITULOS PUBLICOS
BC28X,32976,ARCBAS3201J5,03-TITULOS PUBLICOS
BC28Y,32976,ARCBAS3201J5,03-TITULOS PUBLICOS
BC28Z,32976,ARCBAS3201J5,03-TITULOS PUBLICOS
BC33C,84874,XS3237223311,19-TITULOS DE DEUDA
BC33D,84874,XS3237223311,19-TITULOS DE DEUDA
BC33X,84874,XS3237223311,19-TITULOS DE DEUDA
BC33Y,84874,XS3237223311,19-TITULOS DE DEUDA
BC33Z,84874,XS3237223311,19-TITULOS DE DEUDA
BC36C,85245,USP1911JAE75,03-TITULOS PUBLICOS
BC36D,85245,USP1911JAE75,03-TITULOS PUBLICOS
BC36X,85245,USP1911JAE75,03-TITULOS PUBLICOS
BC36Y,85245,USP1911JAE75,03-TITULOS PUBLICOS
BC36Z,85245,USP1911JAE75,03-TITULOS PUBLICOS
BC37D,81160,XS2385150847,03-TITULOS PUBLICOS
BC37E,81161,XS2385151142,03-TITULOS PUBLICOS
BC7DC,81160,XS2385150847,03-TITULOS PUBLICOS
BC7DD,81160,XS2385150847,03-TITULOS PUBLICOS
BC7DX,81160,XS2385150847,03-TITULOS PUBLICOS
BC7DY,81160,XS2385150847,03-TITULOS PUBLICOS
BC7DZ,81160,XS2385150847,03-TITULOS PUBLICOS
BC7EC,81161,XS2385151142,03-TITULOS PUBLICOS
BC7ED,81161,XS2385151142,03-TITULOS PUBLICOS
BC7EX,81161,XS2385151142,03-TITULOS PUBLICOS
BC7EY,81161,XS2385151142,03-TITULOS PUBLICOS
BC7EZ,81161,XS2385151142,03-TITULOS PUBLICOS
BCCLC,59648,AR0499349311,05-OBLI. NEGOCIABLES
BCCLD,59648,AR0499349311,05-OBLI. NEGOCIABLES
BCCLO,59648,AR0499349311,05-OBLI. NEGOCIABLES
BCCLX,59648,AR0499349311,05-OBLI. NEGOCIABLES
BCCLY,59648,AR0499349311,05-OBLI. NEGOCIABLES
BCCLZ,59648,AR0499349311,05-OBLI. NEGOCIABLES
BCIOC,43031,AR0688447306,19-TITULOS DE DEUDA
BCIOD,43031,AR0688447306,19-TITULOS DE DEUDA
BCIOX,43031,AR0688447306,19-TITULOS DE DEUDA
BCIPC,43032,AR0845443875,19-TITULOS DE DEUDA
BCIPD,43032,AR0845443875,19-TITULOS DE DEUDA
BCIUO,43031,AR0688447306,19-TITULOS DE DEUDA
BCIUP,43032,AR0845443875,19-TITULOS DE DEUDA
BCS,8183,ARDEUT111770,23-CEDEARS
BCSC,8183,ARDEUT111770,23-CEDEARS
BD31C,42517,ARCBAS3202C8,03-TITULOS PUBLICOS
BDC28,32976,ARCBAS3201J5,03-TITULOS PUBLICOS
BDC31,42517,ARCBAS3202C8,03-TITULOS PUBLICOS
BDC33,84874,XS3237223311,19-TITULOS DE DEUDA
BDC36,85245,USP1911JAE75,03-TITULOS PUBLICOS
BDCKC,58986,AR0493622127,05-OBLI. NEGOCIABLES
BDCKD,58986,AR0493622127,05-OBLI. NEGOCIABLES
BDCKO,58986,AR0493622127,05-OBLI. NEGOCIABLES
BDCKX,58986,AR0493622127,05-OBLI. NEGOCIABLES
BDCKY,58986,AR0493622127,05-OBLI. NEGOCIABLES
BDCKZ,58986,AR0493622127,05-OBLI. NEGOCIABLES
BF38C,58987,AR0821226211,05-OBLI. NEGOCIABLES
BF38D,58987,AR0821226211,05-OBLI. NEGOCIABLES
BF38O,58987,AR0821226211,05-OBLI. NEGOCIABLES
BF38X,58987,AR0821226211,05-OBLI. NEGOCIABLES
BF38Y,58987,AR0821226211,05-OBLI. NEGOCIABLES
BF38Z,58987,AR0821226211,05-OBLI. NEGOCIABLES
BF39C,59038,AR0914780439,05-OBLI. NEGOCIABLES
BF39D,59038,AR0914780439,05-OBLI. NEGOCIABLES
BF39O,59038,AR0914780439,05-OBLI. NEGOCIABLES
BF39X,59038,AR0914780439,05-OBLI. NEGOCIABLES
BF39Y,59038,AR0914780439,05-OBLI. NEGOCIABLES
BF39Z,59038,AR0914780439,05-OBLI. NEGOCIABLES
BF40C,59197,AR0078136758,05-OBLI. NEGOCIABLES
BF40D,59197,AR0078136758,05-OBLI. NEGOCIABLES
BF40O,59197,AR0078136758,05-OBLI. NEGOCIABLES
BF40X,59197,AR0078136758,05-OBLI. NEGOCIABLES
BF40Y,59197,AR0078136758,05-OBLI. NEGOCIABLES
BF40Z,59197,AR0078136758,05-OBLI. NEGOCIABLES
BF41C,59229,AR0275916358,05-OBLI. NEGOCIABLES
BF41D,59229,AR0275916358,05-OBLI. NEGOCIABLES
BF41O,59229,AR0275916358,05-OBLI. NEGOCIABLES
BF41X,59229,AR0275916358,05-OBLI. NEGOCIABLES
BF41Y,59229,AR0275916358,05-OBLI. NEGOCIABLES
BF41Z,59229,AR0275916358,05-OBLI. NEGOCIABLES
BF44C,59393,AR0576992660,05-OBLI. NEGOCIABLES
BF44D,59393,AR0576992660,05-OBLI. NEGOCIABLES
BF44O,59393,AR0576992660,05-OBLI. NEGOCIABLES
BF44X,59393,AR0576992660,05-OBLI. NEGOCIABLES
BF44Y,59393,AR0576992660,05-OBLI. NEGOCIABLES
BF44Z,59393,AR0576992660,05-OBLI. NEGOCIABLES
BF45C,59394,AR0463317443,05-OBLI. NEGOCIABLES
BF45D,59394,AR0463317443,05-OBLI. NEGOCIABLES
BF45O,59394,AR0463317443,05-OBLI. NEGOCIABLES
BF45X,59394,AR0463317443,05-OBLI. NEGOCIABLES
BF45Y,59394,AR0463317443,05-OBLI. NEGOCIABLES
BF45Z,59394,AR0463317443,05-OBLI. NEGOCIABLES
BF46C,59425,AR0798003882,05-OBLI. NEGOCIABLES
BF46D,59425,AR0798003882,05-OBLI. NEGOCIABLES
BF46O,59425,AR0798003882,05-OBLI. NEGOCIABLES
BF46X,59425,AR0798003882,05-OBLI. NEGOCIABLES
BF46Y,59425,AR0798003882,05-OBLI. NEGOCIABLES
BF46Z,59425,AR0798003882,05-OBLI. NEGOCIABLES
BF47C,59484,AR0494121426,05-OBLI. NEGOCIABLES
BF47D,59484,AR0494121426,05-OBLI. NEGOCIABLES
BF47O,59484,AR0494121426,05-OBLI. NEGOCIABLES
BF47X,59484,AR0494121426,05-OBLI. NEGOCIABLES
BF47Y,59484,AR0494121426,05-OBLI. NEGOCIABLES
BF47Z,59484,AR0494121426,05-OBLI. NEGOCIABLES
BF48C,59579,AR0751637247,05-OBLI. NEGOCIABLES
BF48D,59579,AR0751637247,05-OBLI. NEGOCIABLES
BF48O,59579,AR0751637247,05-OBLI. NEGOCIABLES
BF48X,59579,AR0751637247,05-OBLI. NEGOCIABLES
BF48Y,59579,AR0751637247,05-OBLI. NEGOCIABLES
BF48Z,59579,AR0751637247,05-OBLI. NEGOCIABLES
BF49C,59580,AR0705166111,05-OBLI. NEGOCIABLES
BF49D,59580,AR0705166111,05-OBLI. NEGOCIABLES
BF49O,59580,AR0705166111,05-OBLI. NEGOCIABLES
BF49X,59580,AR0705166111,05-OBLI. NEGOCIABLES
BF49Y,59580,AR0705166111,05-OBLI. NEGOCIABLES
BF49Z,59580,AR0705166111,05-OBLI. NEGOCIABLES
BF50C,59581,AR0379091751,05-OBLI. NEGOCIABLES
BF50D,59581,AR0379091751,05-OBLI. NEGOCIABLES
BF50O,59581,AR0379091751,05-OBLI. NEGOCIABLES
BF50X,59581,AR0379091751,05-OBLI. NEGOCIABLES
BF50Y,59581,AR0379091751,05-OBLI. NEGOCIABLES
BF50Z,59581,AR0379091751,05-OBLI. NEGOCIABLES
BGC4C,58984,AR0401371130,05-OBLI. NEGOCIABLES
BGC4D,58984,AR0401371130,05-OBLI. NEGOCIABLES
BGC4O,58984,AR0401371130,05-OBLI. NEGOCIABLES
BGC4X,58984,AR0401371130,05-OBLI. NEGOCIABLES
BGC4Y,58984,AR0401371130,05-OBLI. NEGOCIABLES
BGC4Z,58984,AR0401371130,05-OBLI. NEGOCIABLES
BGD26,42975,AR0876435451,13-LETRAS
BGD6C,42975,AR0876435451,13-LETRAS
BGD6D,42975,AR0876435451,13-LETRAS
BGD6X,42975,AR0876435451,13-LETRAS
BGD6Y,42975,AR0876435451,13-LETRAS
BGD6Z,42975,AR0876435451,13-LETRAS
BHIP,751,ARBHIP010161,01-ACCIONES PRIVADAS
BHIPB,751,ARBHIP010161,01-ACCIONES PRIVADAS
BHIPC,751,ARBHIP010161,01-ACCIONES PRIVADAS
BHIPD,751,ARBHIP010161,01-ACCIONES PRIVADAS
BHP,8295,ARDEUT112992,23-CEDEARS
BHPC,8295,ARDEUT112992,23-CEDEARS
BHPD,8295,ARDEUT112992,23-CEDEARS
BHPDB,8295,ARDEUT112992,23-CEDEARS
BIDU,8501,ARBCOM4601U6,23-CEDEARS
BIDUB,8501,ARBCOM4601U6,23-CEDEARS
BIDUC,8501,ARBCOM4601U6,23-CEDEARS
BIDUD,8501,ARBCOM4601U6,23-CEDEARS
BIIB,8471,ARBCOM4601A8,23-CEDEARS
BIIBC,8471,ARBCOM4601A8,23-CEDEARS
BIIBD,8471,ARBCOM4601A8,23-CEDEARS
BIOX,8530,ARBCOM4603K3,23-CEDEARS
BIOXB,8530,ARBCOM4603K3,23-CEDEARS
BIOXC,8530,ARBCOM4603K3,23-CEDEARS
BIOXD,8530,ARBCOM4603K3,23-CEDEARS
BJC1C,59266,AR0898847758,05-OBLI. NEGOCIABLES
BJC1D,59266,AR0898847758,05-OBLI. NEGOCIABLES
BJC1O,59266,AR0898847758,05-OBLI. NEGOCIABLES
BJC1X,59266,AR0898847758,05-OBLI. NEGOCIABLES
BKNG,8639,AR0171546572,23-CEDEARS
BKNGC,8639,AR0171546572,23-CEDEARS
BKNGD,8639,AR0171546572,23-CEDEARS
BKR,8647,AR0302010498,23-CEDEARS
BKRC,8647,AR0302010498,23-CEDEARS
BKRD,8647,AR0302010498,23-CEDEARS
BL2E7,43072,AR0216497872,13-LETRAS
BL2S6,43061,AR0533301914,13-LETRAS
BL2SX,43061,AR0533301914,13-LETRAS
BLD26,43062,AR0196005059,13-LETRAS
BLE27,42997,AR0850906717,19-TITULOS DE DEUDA
BLE7C,42997,AR0850906717,19-TITULOS DE DEUDA
BLE7D,42997,AR0850906717,19-TITULOS DE DEUDA
BLG27,43082,AR0649123301,13-LETRAS
BLL27,43073,AR0748527071,13-LETRAS
BLN26,43080,AR0962848690,13-LETRAS
BLO26,43071,AR0533551351,13-LETRAS
BLS26,43034,AR0344612335,13-LETRAS
BMA,111,ARBANS010010,01-ACCIONES PRIVADAS
BMA.5,109,ARBANS010028,01-ACCIONES PRIVADAS
BMA.B,111,ARBANS010010,01-ACCIONES PRIVADAS
BMA.C,111,ARBANS010010,01-ACCIONES PRIVADAS
BMA.D,111,ARBANS010010,01-ACCIONES PRIVADAS
BMADB,111,ARBANS010010,01-ACCIONES PRIVADAS
BMNR,8717,AR0701450691,23-CEDEARS
BMNRC,8717,AR0701450691,23-CEDEARS
BMNRD,8717,AR0701450691,23-CEDEARS
BMY,8283,ARDEUT112877,23-CEDEARS
BMYB,8283,ARDEUT112877,23-CEDEARS
BMYC,8283,ARDEUT112877,23-CEDEARS
BMYD,8283,ARDEUT112877,23-CEDEARS
BNCXC,59365,AR0945841937,05-OBLI. NEGOCIABLES
BNCXD,59365,AR0945841937,05-OBLI. NEGOCIABLES
BNCXO,59365,AR0945841937,05-OBLI. NEGOCIABLES
BNCXX,59365,AR0945841937,05-OBLI. NEGOCIABLES
BNCXY,59365,AR0945841937,05-OBLI. NEGOCIABLES
BNCXZ,59365,AR0945841937,05-OBLI. NEGOCIABLES
BNCYC,59509,AR0563811915,05-OBLI. NEGOCIABLES
BNCYD,59509,AR0563811915,05-OBLI. NEGOCIABLES
BNCYO,59509,AR0563811915,05-OBLI. NEGOCIABLES
BNCYX,59509,AR0563811915,05-OBLI. NEGOCIABLES
BNCYY,59509,AR0563811915,05-OBLI. NEGOCIABLES
BNCYZ,59509,AR0563811915,05-OBLI. NEGOCIABLES
BNG,8399,ARDEUT115029,23-CEDEARS
BNGB,8399,ARDEUT115029,23-CEDEARS
BNGC,8399,ARDEUT115029,23-CEDEARS
BNGD,8399,ARDEUT115029,23-CEDEARS
BNY,8080,ARDEUT110756,23-CEDEARS
BNYB,8080,ARDEUT110756,23-CEDEARS
BNYC,8080,ARDEUT110756,23-CEDEARS
BNYD,8080,ARDEUT110756,23-CEDEARS
BO1AC,58448,AR0793526036,14-OBLIG. NEG. PYMES
BO1AD,58448,AR0793526036,14-OBLIG. NEG. PYMES
BO1AP,58448,AR0793526036,14-OBLIG. NEG. PYMES
BOLT,30013,ARBOLD010054,01-ACCIONES PRIVADAS
BOLTC,30013,ARBOLD010054,01-ACCIONES PRIVADAS
BOLTD,30013,ARBOLD010054,01-ACCIONES PRIVADAS
BP,8063,ARDEUT110582,23-CEDEARS
BPA11,8618,ARCAVA460263,23-CEDEARS
BPA1C,8618,ARCAVA460263,23-CEDEARS
BPA1D,8618,ARCAVA460263,23-CEDEARS
BPA7C,9234,AR0684877571,03-TITULOS PUBLICOS
BPA7D,9234,AR0684877571,03-TITULOS PUBLICOS
BPA7X,9234,AR0684877571,03-TITULOS PUBLICOS
BPA7Y,9234,AR0684877571,03-TITULOS PUBLICOS
BPA7Z,9234,AR0684877571,03-TITULOS PUBLICOS
BPA8C,9349,AR0029227748,03-TITULOS PUBLICOS
BPA8D,9349,AR0029227748,03-TITULOS PUBLICOS
BPA8X,9349,AR0029227748,03-TITULOS PUBLICOS
BPA8Y,9349,AR0029227748,03-TITULOS PUBLICOS
BPA8Z,9349,AR0029227748,03-TITULOS PUBLICOS
BPAT,30015,ARMERI013163,01-ACCIONES PRIVADAS
BPATC,30015,ARMERI013163,01-ACCIONES PRIVADAS
BPATD,30015,ARMERI013163,01-ACCIONES PRIVADAS
BPB7C,9235,AR0772251226,03-TITULOS PUBLICOS
BPB7D,9235,AR0772251226,03-TITULOS PUBLICOS
BPB7X,9235,AR0772251226,03-TITULOS PUBLICOS
BPB7Y,9235,AR0772251226,03-TITULOS PUBLICOS
BPB7Z,9235,AR0772251226,03-TITULOS PUBLICOS
BPB8C,9350,AR0868821510,03-TITULOS PUBLICOS
BPB8D,9350,AR0868821510,03-TITULOS PUBLICOS
BPB8X,9350,AR0868821510,03-TITULOS PUBLICOS
BPB8Y,9350,AR0868821510,03-TITULOS PUBLICOS
BPB8Z,9350,AR0868821510,03-TITULOS PUBLICOS
BPC,8063,ARDEUT110582,23-CEDEARS
BPC7C,9236,AR0763285209,03-TITULOS PUBLICOS
BPC7D,9236,AR0763285209,03-TITULOS PUBLICOS
BPC7X,9236,AR0763285209,03-TITULOS PUBLICOS
BPC7Y,9236,AR0763285209,03-TITULOS PUBLICOS
BPC7Z,9236,AR0763285209,03-TITULOS PUBLICOS
BPCTC,58861,AR0325784970,05-OBLI. NEGOCIABLES
BPCTD,58861,AR0325784970,05-OBLI. NEGOCIABLES
BPCTO,58861,AR0325784970,05-OBLI. NEGOCIABLES
BPCTX,58861,AR0325784970,05-OBLI. NEGOCIABLES
BPCUC,59047,AR0334891071,05-OBLI. NEGOCIABLES
BPCUD,59047,AR0334891071,05-OBLI. NEGOCIABLES
BPCUO,59047,AR0334891071,05-OBLI. NEGOCIABLES
BPCUX,59047,AR0334891071,05-OBLI. NEGOCIABLES
BPCUY,59047,AR0334891071,05-OBLI. NEGOCIABLES
BPCUZ,59047,AR0334891071,05-OBLI. NEGOCIABLES
BPCVC,59392,AR0291241559,05-OBLI. NEGOCIABLES
BPCVD,59392,AR0291241559,05-OBLI. NEGOCIABLES
BPCVO,59392,AR0291241559,05-OBLI. NEGOCIABLES
BPCVX,59392,AR0291241559,05-OBLI. NEGOCIABLES
BPCVY,59392,AR0291241559,05-OBLI. NEGOCIABLES
BPCVZ,59392,AR0291241559,05-OBLI. NEGOCIABLES
BPCWC,59623,AR0652618148,05-OBLI. NEGOCIABLES
BPCWD,59623,AR0652618148,05-OBLI. NEGOCIABLES
BPCWO,59623,AR0652618148,05-OBLI. NEGOCIABLES
BPCWX,59623,AR0652618148,05-OBLI. NEGOCIABLES
BPCWY,59623,AR0652618148,05-OBLI. NEGOCIABLES
BPCWZ,59623,AR0652618148,05-OBLI. NEGOCIABLES
BPCXC,59624,AR0774554882,05-OBLI. NEGOCIABLES
BPCXD,59624,AR0774554882,05-OBLI. NEGOCIABLES
BPCXO,59624,AR0774554882,05-OBLI. NEGOCIABLES
BPCXX,59624,AR0774554882,05-OBLI. NEGOCIABLES
BPCXY,59624,AR0774554882,05-OBLI. NEGOCIABLES
BPCXZ,59624,AR0774554882,05-OBLI. NEGOCIABLES
BPD,8063,ARDEUT110582,23-CEDEARS
BPD7C,9237,AR0314171247,03-TITULOS PUBLICOS
BPD7D,9237,AR0314171247,03-TITULOS PUBLICOS
BPD7X,9237,AR0314171247,03-TITULOS PUBLICOS
BPD7Y,9237,AR0314171247,03-TITULOS PUBLICOS
BPD7Z,9237,AR0314171247,03-TITULOS PUBLICOS
BPOA7,9234,AR0684877571,03-TITULOS PUBLICOS
BPOA8,9349,AR0029227748,03-TITULOS PUBLICOS
BPOB7,9235,AR0772251226,03-TITULOS PUBLICOS
BPOB8,9350,AR0868821510,03-TITULOS PUBLICOS
BPOC7,9236,AR0763285209,03-TITULOS PUBLICOS
BPOD7,9237,AR0314171247,03-TITULOS PUBLICOS
BQ1AP,58539,AR0600801093,14-OBLIG. NEG. PYMES
BQ1BP,58540,AR0473325840,14-OBLIG. NEG. PYMES
BRA27,43047,AR0810506698,13-LETRAS
BRA7C,43047,AR0810506698,13-LETRAS
BRA7D,43047,AR0810506698,13-LETRAS
BRKB,8529,ARBCOM4603L1,23-CEDEARS
BRKBB,8529,ARBCOM4603L1,23-CEDEARS
BRKBC,8529,ARBCOM4603L1,23-CEDEARS
BRKBD,8529,ARBCOM4603L1,23-CEDEARS
BSBR,8430,ARDEUT115995,23-CEDEARS
BSN,8053,ARDEUT110491,23-CEDEARS
BSN.B,8053,ARDEUT110491,23-CEDEARS
BSNC,8053,ARDEUT110491,23-CEDEARS
BT02,5302,ARARGE031633,03-TITULOS PUBLICOS
BT03,5303,ARARGE032086,03-TITULOS PUBLICOS
BT21C,58076,AR0197071761,05-OBLI. NEGOCIABLES
BT21D,58076,AR0197071761,05-OBLI. NEGOCIABLES
BT21P,58076,AR0197071761,05-OBLI. NEGOCIABLES
BT22C,58077,AR0351998536,05-OBLI. NEGOCIABLES
BT22D,58077,AR0351998536,05-OBLI. NEGOCIABLES
BT22P,58077,AR0351998536,05-OBLI. NEGOCIABLES
BU2N6,43066,AR0322819605,13-LETRAS
BU2O6,43078,AR0978209804,13-LETRAS
BU3N6,43079,AR0711366150,13-LETRAS
BU3S6,43057,AR0360789090,13-LETRAS
BU4N6,43088,AR0266919569,13-LETRAS
BU4NC,43088,AR0266919569,13-LETRAS
BU4ND,43088,AR0266919569,13-LETRAS
BUC2C,56034,ARBCOL560018,05-OBLI. NEGOCIABLES
BUC2D,56034,ARBCOL560018,05-OBLI. NEGOCIABLES
BUC2O,56034,ARBCOL560018,05-OBLI. NEGOCIABLES
BUC2X,56034,ARBCOL560018,05-OBLI. NEGOCIABLES
BUC2Y,56034,ARBCOL560018,05-OBLI. NEGOCIABLES
BUC2Z,56034,ARBCOL560018,05-OBLI. NEGOCIABLES
BUM27,43067,AR0432120571,13-LETRAS
BUM7C,43067,AR0432120571,13-LETRAS
BUM7D,43067,AR0432120571,13-LETRAS
BUM7X,43067,AR0432120571,13-LETRAS
BUN26,43030,AR0008294347,13-LETRAS
BUN6C,43030,AR0008294347,13-LETRAS
BUN6D,43030,AR0008294347,13-LETRAS
BUO26,43043,AR0722076434,13-LETRAS
BUO6C,43043,AR0722076434,13-LETRAS
BUO6D,43043,AR0722076434,13-LETRAS
BUO6X,43043,AR0722076434,13-LETRAS
BUS26,42992,AR0102048797,13-LETRAS
BUS6C,42992,AR0102048797,13-LETRAS
BUS6D,42992,AR0102048797,13-LETRAS
BVCPC,58949,AR0869750478,05-OBLI. NEGOCIABLES
BVCPD,58949,AR0869750478,05-OBLI. NEGOCIABLES
BVCPO,58949,AR0869750478,05-OBLI. NEGOCIABLES
BVCPX,58949,AR0869750478,05-OBLI. NEGOCIABLES
BVCPY,58949,AR0869750478,05-OBLI. NEGOCIABLES
BVCPZ,58949,AR0869750478,05-OBLI. NEGOCIABLES
BVCRC,59135,AR0909465723,05-OBLI. NEGOCIABLES
BVCRD,59135,AR0909465723,05-OBLI. NEGOCIABLES
BVCRO,59135,AR0909465723,05-OBLI. NEGOCIABLES
BVCRX,59135,AR0909465723,05-OBLI. NEGOCIABLES
BVCRY,59135,AR0909465723,05-OBLI. NEGOCIABLES
BVCRZ,59135,AR0909465723,05-OBLI. NEGOCIABLES
BVCTC,59136,AR0089016353,05-OBLI. NEGOCIABLES
BVCTD,59136,AR0089016353,05-OBLI. NEGOCIABLES
BVCTO,59136,AR0089016353,05-OBLI. NEGOCIABLES
BVCTX,59136,AR0089016353,05-OBLI. NEGOCIABLES
BVCTY,59136,AR0089016353,05-OBLI. NEGOCIABLES
BVCTZ,59136,AR0089016353,05-OBLI. NEGOCIABLES
BVCUC,59395,AR0332117081,05-OBLI. NEGOCIABLES
BVCUD,59395,AR0332117081,05-OBLI. NEGOCIABLES
BVCUO,59395,AR0332117081,05-OBLI. NEGOCIABLES
BVCUX,59395,AR0332117081,05-OBLI. NEGOCIABLES
BVCUY,59395,AR0332117081,05-OBLI. NEGOCIABLES
BVCUZ,59395,AR0332117081,05-OBLI. NEGOCIABLES
BVCVC,59564,AR0413285237,05-OBLI. NEGOCIABLES
BVCVD,59564,AR0413285237,05-OBLI. NEGOCIABLES
BVCVO,59564,AR0413285237,05-OBLI. NEGOCIABLES
BVCVX,59564,AR0413285237,05-OBLI. NEGOCIABLES
BVCVY,59564,AR0413285237,05-OBLI. NEGOCIABLES
BVCVZ,59564,AR0413285237,05-OBLI. NEGOCIABLES
BVCWC,59565,AR0127432851,05-OBLI. NEGOCIABLES
BVCWD,59565,AR0127432851,05-OBLI. NEGOCIABLES
BVCWO,59565,AR0127432851,05-OBLI. NEGOCIABLES
BVCWX,59565,AR0127432851,05-OBLI. NEGOCIABLES
BVCWY,59565,AR0127432851,05-OBLI. NEGOCIABLES
BVCWZ,59565,AR0127432851,05-OBLI. NEGOCIABLES
BX,8718,AR0103922032,23-CEDEARS
BXC,8718,AR0103922032,23-CEDEARS
BXD,8718,AR0103922032,23-CEDEARS
BY34C,59691,AR0956995044,05-OBLI. NEGOCIABLES
BY34D,59691,AR0956995044,05-OBLI. NEGOCIABLES
BY34O,59691,AR0956995044,05-OBLI. NEGOCIABLES
BY34X,59691,AR0956995044,05-OBLI. NEGOCIABLES
BY34Y,59691,AR0956995044,05-OBLI. NEGOCIABLES
BY34Z,59691,AR0956995044,05-OBLI. NEGOCIABLES
BYCHC,84000,USP0R66CAB48,05-OBLI. NEGOCIABLES
BYCHD,84000,USP0R66CAB48,05-OBLI. NEGOCIABLES
BYCHO,84000,USP0R66CAB48,05-OBLI. NEGOCIABLES
BYCHX,84000,USP0R66CAB48,05-OBLI. NEGOCIABLES
BYCHY,84000,USP0R66CAB48,05-OBLI. NEGOCIABLES
BYCHZ,84000,USP0R66CAB48,05-OBLI. NEGOCIABLES
BYCWC,58985,AR0098652693,05-OBLI. NEGOCIABLES
BYCWD,58985,AR0098652693,05-OBLI. NEGOCIABLES
BYCWO,58985,AR0098652693,05-OBLI. NEGOCIABLES
BYCWX,58985,AR0098652693,05-OBLI. NEGOCIABLES
BYCWY,58985,AR0098652693,05-OBLI. NEGOCIABLES
BYCWZ,58985,AR0098652693,05-OBLI. NEGOCIABLES
BYCXC,59103,AR0185542955,05-OBLI. NEGOCIABLES
BYCXD,59103,AR0185542955,05-OBLI. NEGOCIABLES
BYCXO,59103,AR0185542955,05-OBLI. NEGOCIABLES
BYCXX,59103,AR0185542955,05-OBLI. NEGOCIABLES
BYCXY,59103,AR0185542955,05-OBLI. NEGOCIABLES
BYCXZ,59103,AR0185542955,05-OBLI. NEGOCIABLES
BYMA,30038,ARBYMA300018,01-ACCIONES PRIVADAS
BYMAB,30038,ARBYMA300018,01-ACCIONES PRIVADAS
BYMAC,30038,ARBYMA300018,01-ACCIONES PRIVADAS
BYMAD,30038,ARBYMA300018,01-ACCIONES PRIVADAS
BYMBC,30038,ARBYMA300018,01-ACCIONES PRIVADAS
BYY1C,59476,AR0479493428,05-OBLI. NEGOCIABLES
BYY1D,59476,AR0479493428,05-OBLI. NEGOCIABLES
BYY1O,59476,AR0479493428,05-OBLI. NEGOCIABLES
BYY1X,59476,AR0479493428,05-OBLI. NEGOCIABLES
BYY1Y,59476,AR0479493428,05-OBLI. NEGOCIABLES
BYY1Z,59476,AR0479493428,05-OBLI. NEGOCIABLES
BYY2C,59477,AR0040043033,05-OBLI. NEGOCIABLES
BYY2D,59477,AR0040043033,05-OBLI. NEGOCIABLES
BYY2O,59477,AR0040043033,05-OBLI. NEGOCIABLES
BYY2X,59477,AR0040043033,05-OBLI. NEGOCIABLES
BYY2Y,59477,AR0040043033,05-OBLI. NEGOCIABLES
BYY2Z,59477,AR0040043033,05-OBLI. NEGOCIABLES
BYY3C,59478,AR0455473527,05-OBLI. NEGOCIABLES
BYY3D,59478,AR0455473527,05-OBLI. NEGOCIABLES
BYY3O,59478,AR0455473527,05-OBLI. NEGOCIABLES
BYY3X,59478,AR0455473527,05-OBLI. NEGOCIABLES
BYY3Y,59478,AR0455473527,05-OBLI. NEGOCIABLES
BYY3Z,59478,AR0455473527,05-OBLI. NEGOCIABLES
BYZ1C,59606,AR0528891382,05-OBLI. NEGOCIABLES
BYZ1D,59606,AR0528891382,05-OBLI. NEGOCIABLES
BYZ1O,59606,AR0528891382,05-OBLI. NEGOCIABLES
BYZ1X,59606,AR0528891382,05-OBLI. NEGOCIABLES
BYZ1Y,59606,AR0528891382,05-OBLI. NEGOCIABLES
BYZ1Z,59606,AR0528891382,05-OBLI. NEGOCIABLES
BYZ2C,59607,AR0033784361,05-OBLI. NEGOCIABLES
BYZ2D,59607,AR0033784361,05-OBLI. NEGOCIABLES
BYZ2O,59607,AR0033784361,05-OBLI. NEGOCIABLES
BYZ2X,59607,AR0033784361,05-OBLI. NEGOCIABLES
BYZ2Y,59607,AR0033784361,05-OBLI. NEGOCIABLES
BYZ2Z,59607,AR0033784361,05-OBLI. NEGOCIABLES
C,8046,ARDEUT110426,23-CEDEARS
C...B,8046,ARDEUT110426,23-CEDEARS
C.D,8046,ARDEUT110426,23-CEDEARS
C02QC,54819,ARBVAL491Y05,20-CERTIF. PARTICIP.
C02QD,54819,ARBVAL491Y05,20-CERTIF. PARTICIP.
C11LC,59205,AR0957538173,05-OBLI. NEGOCIABLES
C11LD,59205,AR0957538173,05-OBLI. NEGOCIABLES
C195B,58890,AR0584345281,19-TITULOS DE DEUDA
C196B,59020,AR0548660437,19-TITULOS DE DEUDA
C197B,59098,AR0652247567,19-TITULOS DE DEUDA
C198A,59194,AR0016256452,19-TITULOS DE DEUDA
C198B,59195,AR0857277369,19-TITULOS DE DEUDA
C199A,59533,AR0870977458,19-TITULOS DE DEUDA
C199B,59534,AR0222975044,19-TITULOS DE DEUDA
C199Q,59535,AR0473430913,20-CERTIF. PARTICIP.
C200A,59597,AR0125272135,19-TITULOS DE DEUDA
C201H,59669,AR0697410824,20-CERTIF. PARTICIP.
C201R,59668,AR0967965853,19-TITULOS DE DEUDA
C202R,59723,AR0435705204,19-TITULOS DE DEUDA
C202T,59724,AR0975141943,19-TITULOS DE DEUDA
C24DC,91734,USP2389CAA10,03-TITULOS PUBLICOS
C24DD,91734,USP2389CAA10,03-TITULOS PUBLICOS
C27DC,92616,USP79171AF45,03-TITULOS PUBLICOS
C27DD,92616,USP79171AF45,03-TITULOS PUBLICOS
C27DX,92616,USP79171AF45,03-TITULOS PUBLICOS
C27DY,92616,USP79171AF45,03-TITULOS PUBLICOS
C27DZ,92616,USP79171AF45,03-TITULOS PUBLICOS
C2D7C,42976,AR0569903542,19-TITULOS DE DEUDA
C2D7D,42976,AR0569903542,19-TITULOS DE DEUDA
C2D7X,42976,AR0569903542,19-TITULOS DE DEUDA
C2D7Y,42976,AR0569903542,19-TITULOS DE DEUDA
C2D7Z,42976,AR0569903542,19-TITULOS DE DEUDA
C3D7C,42977,AR0545352251,19-TITULOS DE DEUDA
C3D7D,42977,AR0545352251,19-TITULOS DE DEUDA
C3D7X,42977,AR0545352251,19-TITULOS DE DEUDA
C3D7Y,42977,AR0545352251,19-TITULOS DE DEUDA
C3D7Z,42977,AR0545352251,19-TITULOS DE DEUDA
CA2AC,58186,AR0066632412,14-OBLIG. NEG. PYMES
CA2AD,58186,AR0066632412,14-OBLIG. NEG. PYMES
CA2AP,58186,AR0066632412,14-OBLIG. NEG. PYMES
CA31,42505,ARPCAT320019,03-TITULOS PUBLICOS
CAAP,8532,ARBCOM4603I7,23-CEDEARS
CAAPB,8532,ARBCOM4603I7,23-CEDEARS
CAAPC,8532,ARBCOM4603I7,23-CEDEARS
CAAPD,8532,ARBCOM4603I7,23-CEDEARS
CAC4C,56869,ARCAPX560048,05-OBLI. NEGOCIABLES
CAC4D,56869,ARCAPX560048,05-OBLI. NEGOCIABLES
CAC4O,56869,ARCAPX560048,05-OBLI. NEGOCIABLES
CAC4X,56869,ARCAPX560048,05-OBLI. NEGOCIABLES
CAC4Y,56869,ARCAPX560048,05-OBLI. NEGOCIABLES
CAC4Z,56869,ARCAPX560048,05-OBLI. NEGOCIABLES
CAC5C,83286,USP20058AE63,05-OBLI. NEGOCIABLES
CAC5D,83286,USP20058AE63,05-OBLI. NEGOCIABLES
CAC5O,83286,USP20058AE63,05-OBLI. NEGOCIABLES
CAC5X,83286,USP20058AE63,05-OBLI. NEGOCIABLES
CAC5Y,83286,USP20058AE63,05-OBLI. NEGOCIABLES
CAC5Z,83286,USP20058AE63,05-OBLI. NEGOCIABLES
CAC7C,57328,ARCAPX560089,05-OBLI. NEGOCIABLES
CAC7D,57328,ARCAPX560089,05-OBLI. NEGOCIABLES
CAC7O,57328,ARCAPX560089,05-OBLI. NEGOCIABLES
CAC7X,57328,ARCAPX560089,05-OBLI. NEGOCIABLES
CAC7Y,57328,ARCAPX560089,05-OBLI. NEGOCIABLES
CAC7Z,57328,ARCAPX560089,05-OBLI. NEGOCIABLES
CACAC,57880,AR0669378199,05-OBLI. NEGOCIABLES
CACAD,57880,AR0669378199,05-OBLI. NEGOCIABLES
CACAO,57880,AR0669378199,05-OBLI. NEGOCIABLES
CACAX,57880,AR0669378199,05-OBLI. NEGOCIABLES
CACAY,57880,AR0669378199,05-OBLI. NEGOCIABLES
CACAZ,57880,AR0669378199,05-OBLI. NEGOCIABLES
CACBC,58728,AR0561391449,05-OBLI. NEGOCIABLES
CACBD,58728,AR0561391449,05-OBLI. NEGOCIABLES
CACBO,58728,AR0561391449,05-OBLI. NEGOCIABLES
CACBX,58728,AR0561391449,05-OBLI. NEGOCIABLES
CACBY,58728,AR0561391449,05-OBLI. NEGOCIABLES
CACBZ,58728,AR0561391449,05-OBLI. NEGOCIABLES
CACDC,59048,AR0629138345,05-OBLI. NEGOCIABLES
CACDD,59048,AR0629138345,05-OBLI. NEGOCIABLES
CACDO,59048,AR0629138345,05-OBLI. NEGOCIABLES
CACDX,59048,AR0629138345,05-OBLI. NEGOCIABLES
CACDY,59048,AR0629138345,05-OBLI. NEGOCIABLES
CACDZ,59048,AR0629138345,05-OBLI. NEGOCIABLES
CADO,204,ARCADO010023,01-ACCIONES PRIVADAS
CADO5,203,ARCADO010015,01-ACCIONES PRIVADAS
CAH,8084,ARDEUT110798,23-CEDEARS
CAHC,8084,ARDEUT110798,23-CEDEARS
CAHD,8084,ARDEUT110798,23-CEDEARS
CAPX,628,ARP2006N1025,01-ACCIONES PRIVADAS
CAPXB,628,ARP2006N1025,01-ACCIONES PRIVADAS
CAPXC,628,ARP2006N1025,01-ACCIONES PRIVADAS
CAR,8087,ARDEUT110822,23-CEDEARS
CAR.C,8087,ARDEUT110822,23-CEDEARS
CAR.D,8087,ARDEUT110822,23-CEDEARS
CARC,927,ARP8723U1058,01-ACCIONES PRIVADAS
CARCB,927,ARP8723U1058,01-ACCIONES PRIVADAS
CARCC,927,ARP8723U1058,01-ACCIONES PRIVADAS
CARP,58119,AR0206289149,19-TITULOS DE DEUDA
CAT,8012,ARDEUT110079,23-CEDEARS
CAT.B,8012,ARDEUT110079,23-CEDEARS
CATC,8012,ARDEUT110079,23-CEDEARS
CATD,8012,ARDEUT110079,23-CEDEARS
CB1BP,56992,ARCRLB560023,14-OBLIG. NEG. PYMES
CC,8046,ARDEUT110426,23-CEDEARS
CCJ,8738,AR0270854455,23-CEDEARS
CCJC,8738,AR0270854455,23-CEDEARS
CCJD,8738,AR0270854455,23-CEDEARS
CCL,8634,AR0180391374,23-CEDEARS
CCLC,8634,AR0180391374,23-CEDEARS
CCLD,8634,AR0180391374,23-CEDEARS
CCO24,92556,USP79171AE79,03-TITULOS PUBLICOS
CCO26,32804,ARPCDB320099,03-TITULOS PUBLICOS
CDE,8418,ARDEUT115409,23-CEDEARS
CDEB,8418,ARDEUT115409,23-CEDEARS
CDEC,8418,ARDEUT115409,23-CEDEARS
CDED,8418,ARDEUT115409,23-CEDEARS
CECO2,386,ARP2341J1058,01-ACCIONES PRIVADAS
CECOB,386,ARP2341J1058,01-ACCIONES PRIVADAS
CECOC,386,ARP2341J1058,01-ACCIONES PRIVADAS
CECOD,386,ARP2341J1058,01-ACCIONES PRIVADAS
CEDI,32214,0,03-TITULOS PUBLICOS
CEG,8681,AR0100063491,23-CEDEARS
CEGC,8681,AR0100063491,23-CEDEARS
CEGD,8681,AR0100063491,23-CEDEARS
CELU,223,ARP219751426,01-ACCIONES PRIVADAS
CELU6,205,ARCELU010021,01-ACCIONES PRIVADAS
CELUB,223,ARP219751426,01-ACCIONES PRIVADAS
CELUC,223,ARP219751426,01-ACCIONES PRIVADAS
CELUD,223,ARP219751426,01-ACCIONES PRIVADAS
CEPDB,322,ARP2354W1188,01-ACCIONES PRIVADAS
CEPU,322,ARP2354W1188,01-ACCIONES PRIVADAS
CEPUB,322,ARP2354W1188,01-ACCIONES PRIVADAS
CEPUC,322,ARP2354W1188,01-ACCIONES PRIVADAS
CEPUD,322,ARP2354W1188,01-ACCIONES PRIVADAS
CF86A,59440,AR0377000457,19-TITULOS DE DEUDA
CF86B,59449,AR0799221301,19-TITULOS DE DEUDA
CF86Q,59450,AR0872181182,20-CERTIF. PARTICIP.
CFS9C,59067,AR0960369202,05-OBLI. NEGOCIABLES
CFS9D,59067,AR0960369202,05-OBLI. NEGOCIABLES
CFS9O,59067,AR0960369202,05-OBLI. NEGOCIABLES
CFSAC,59634,AR0275368683,05-OBLI. NEGOCIABLES
CFSAD,59634,AR0275368683,05-OBLI. NEGOCIABLES
CFSAO,59634,AR0275368683,05-OBLI. NEGOCIABLES
CFSAX,59634,AR0275368683,05-OBLI. NEGOCIABLES
CFSAY,59634,AR0275368683,05-OBLI. NEGOCIABLES
CFSAZ,59634,AR0275368683,05-OBLI. NEGOCIABLES
CGPA2,169,ARCGSU010048,01-ACCIONES PRIVADAS
CGPAD,169,ARCGSU010048,01-ACCIONES PRIVADAS
CH1LC,59591,AR0466175079,14-OBLIG. NEG. PYMES
CH1LD,59591,AR0466175079,14-OBLIG. NEG. PYMES
CH24D,91734,USP2389CAA10,03-TITULOS PUBLICOS
CH31,42507,ARPCHA3205S0,03-TITULOS PUBLICOS
CHAQ,2174,ARPCHA030109,03-TITULOS PUBLICOS
CHAQC,2174,ARPCHA030109,03-TITULOS PUBLICOS
CHAQD,2174,ARPCHA030109,03-TITULOS PUBLICOS
CHS1L,59591,AR0466175079,14-OBLIG. NEG. PYMES
CI02Q,54819,ARBVAL491Y05,20-CERTIF. PARTICIP.
CIBR,8698,AR0110444327,23-CEDEARS
CIBRC,8698,AR0110444327,23-CEDEARS
CIBRD,8698,AR0110444327,23-CEDEARS
CIC7C,58218,AR0687434818,05-OBLI. NEGOCIABLES
CIC7D,58218,AR0687434818,05-OBLI. NEGOCIABLES
CIC7O,58218,AR0687434818,05-OBLI. NEGOCIABLES
CIC7X,58218,AR0687434818,05-OBLI. NEGOCIABLES
CIC7Y,58218,AR0687434818,05-OBLI. NEGOCIABLES
CIC7Z,58218,AR0687434818,05-OBLI. NEGOCIABLES
CIC8C,58219,AR0624205800,05-OBLI. NEGOCIABLES
CIC8D,58219,AR0624205800,05-OBLI. NEGOCIABLES
CIC8O,58219,AR0624205800,05-OBLI. NEGOCIABLES
CIC8X,58219,AR0624205800,05-OBLI. NEGOCIABLES
CIC8Y,58219,AR0624205800,05-OBLI. NEGOCIABLES
CIC8Z,58219,AR0624205800,05-OBLI. NEGOCIABLES
CIC9C,58649,AR0073116151,05-OBLI. NEGOCIABLES
CIC9D,58649,AR0073116151,05-OBLI. NEGOCIABLES
CIC9O,58649,AR0073116151,05-OBLI. NEGOCIABLES
CIC9X,58649,AR0073116151,05-OBLI. NEGOCIABLES
CIC9Y,58649,AR0073116151,05-OBLI. NEGOCIABLES
CIC9Z,58649,AR0073116151,05-OBLI. NEGOCIABLES
CICAC,59037,AR0027069092,05-OBLI. NEGOCIABLES
CICAD,59037,AR0027069092,05-OBLI. NEGOCIABLES
CICAO,59037,AR0027069092,05-OBLI. NEGOCIABLES
CICAX,59037,AR0027069092,05-OBLI. NEGOCIABLES
CICAY,59037,AR0027069092,05-OBLI. NEGOCIABLES
CICAZ,59037,AR0027069092,05-OBLI. NEGOCIABLES
CICBC,59183,AR0416016134,05-OBLI. NEGOCIABLES
CICBD,59183,AR0416016134,05-OBLI. NEGOCIABLES
CICBO,59183,AR0416016134,05-OBLI. NEGOCIABLES
CICBX,59183,AR0416016134,05-OBLI. NEGOCIABLES
CICBY,59183,AR0416016134,05-OBLI. NEGOCIABLES
CICBZ,59183,AR0416016134,05-OBLI. NEGOCIABLES
CIT2Q,59069,AR0786470028,20-CERTIF. PARTICIP.
CL,8090,ARDEUT110855,23-CEDEARS
CLC,8090,ARDEUT110855,23-CEDEARS
CLD,8090,ARDEUT110855,23-CEDEARS
CLI1C,84384,USP3063XAK48,05-OBLI. NEGOCIABLES
CLI1D,84384,USP3063XAK48,05-OBLI. NEGOCIABLES
CLI1O,84384,USP3063XAK48,05-OBLI. NEGOCIABLES
CLS,8680,AR0777424190,23-CEDEARS
CLSC,8680,AR0777424190,23-CEDEARS
CLSD,8680,AR0777424190,23-CEDEARS
CLSIC,81976,USP3063XAJ74,05-OBLI. NEGOCIABLES
CLSID,81976,USP3063XAJ74,05-OBLI. NEGOCIABLES
CLSIO,81976,USP3063XAJ74,05-OBLI. NEGOCIABLES
CLSIX,81976,USP3063XAJ74,05-OBLI. NEGOCIABLES
CLSIY,81976,USP3063XAJ74,05-OBLI. NEGOCIABLES
CLSIZ,81976,USP3063XAJ74,05-OBLI. NEGOCIABLES
CMS1C,58083,AR0372443959,14-OBLIG. NEG. PYMES
CMS1D,58083,AR0372443959,14-OBLIG. NEG. PYMES
CMS1P,58083,AR0372443959,14-OBLIG. NEG. PYMES
CNQ1C,55998,ARCFAR5600M3,05-OBLI. NEGOCIABLES
CNQ1D,55998,ARCFAR5600M3,05-OBLI. NEGOCIABLES
CNQ1O,55998,ARCFAR5600M3,05-OBLI. NEGOCIABLES
CNQ1X,55998,ARCFAR5600M3,05-OBLI. NEGOCIABLES
CNQ1Y,55998,ARCFAR5600M3,05-OBLI. NEGOCIABLES
CNQ1Z,55998,ARCFAR5600M3,05-OBLI. NEGOCIABLES
CNQ2C,55999,ARCFAR5600N1,05-OBLI. NEGOCIABLES
CNQ2D,55999,ARCFAR5600N1,05-OBLI. NEGOCIABLES
CNQ2O,55999,ARCFAR5600N1,05-OBLI. NEGOCIABLES
CNQ2X,55999,ARCFAR5600N1,05-OBLI. NEGOCIABLES
CNQ2Y,55999,ARCFAR5600N1,05-OBLI. NEGOCIABLES
CNQ2Z,55999,ARCFAR5600N1,05-OBLI. NEGOCIABLES
CO24D,92556,USP79171AE79,03-TITULOS PUBLICOS
CO24X,92556,USP79171AE79,03-TITULOS PUBLICOS
CO24Y,92556,USP79171AE79,03-TITULOS PUBLICOS
CO24Z,92556,USP79171AE79,03-TITULOS PUBLICOS
CO26,32804,ARPCDB320099,03-TITULOS PUBLICOS
CO26D,32804,ARPCDB320099,03-TITULOS PUBLICOS
CO26X,32804,ARPCDB320099,03-TITULOS PUBLICOS
CO26Y,32804,ARPCDB320099,03-TITULOS PUBLICOS
CO26Z,32804,ARPCDB320099,03-TITULOS PUBLICOS
CO27D,92616,USP79171AF45,03-TITULOS PUBLICOS
CO2D7,42976,AR0569903542,19-TITULOS DE DEUDA
CO32,84457,USP79171AG28,03-TITULOS PUBLICOS
CO32C,84457,USP79171AG28,03-TITULOS PUBLICOS
CO32D,84457,USP79171AG28,03-TITULOS PUBLICOS
CO32X,84457,USP79171AG28,03-TITULOS PUBLICOS
CO32Y,84457,USP79171AG28,03-TITULOS PUBLICOS
CO32Z,84457,USP79171AG28,03-TITULOS PUBLICOS
CO35,85012,USP79171AH01,03-TITULOS PUBLICOS
CO35C,85012,USP79171AH01,03-TITULOS PUBLICOS
CO35D,85012,USP79171AH01,03-TITULOS PUBLICOS
CO35X,85012,USP79171AH01,03-TITULOS PUBLICOS
CO35Y,85012,USP79171AH01,03-TITULOS PUBLICOS
CO35Z,85012,USP79171AH01,03-TITULOS PUBLICOS
CO3D7,42977,AR0545352251,19-TITULOS DE DEUDA
COC3C,59616,AR0126883013,05-OBLI. NEGOCIABLES
COC3D,59616,AR0126883013,05-OBLI. NEGOCIABLES
COC3O,59616,AR0126883013,05-OBLI. NEGOCIABLES
COC4C,59617,AR0950908381,05-OBLI. NEGOCIABLES
COC4D,59617,AR0950908381,05-OBLI. NEGOCIABLES
COC4O,59617,AR0950908381,05-OBLI. NEGOCIABLES
COC5C,59618,AR0207841435,05-OBLI. NEGOCIABLES
COC5D,59618,AR0207841435,05-OBLI. NEGOCIABLES
COC5O,59618,AR0207841435,05-OBLI. NEGOCIABLES
COD7,42876,AR0465108931,03-TITULOS PUBLICOS
COD7C,42876,AR0465108931,03-TITULOS PUBLICOS
COD7D,42876,AR0465108931,03-TITULOS PUBLICOS
COD7X,42876,AR0465108931,03-TITULOS PUBLICOS
COD7Y,42876,AR0465108931,03-TITULOS PUBLICOS
COD7Z,42876,AR0465108931,03-TITULOS PUBLICOS
COICB,8562,ARBCOM4603U2,23-CEDEARS
COIDB,8562,ARBCOM4603U2,23-CEDEARS
COIN,8562,ARBCOM4603U2,23-CEDEARS
COINB,8562,ARBCOM4603U2,23-CEDEARS
COINC,8562,ARBCOM4603U2,23-CEDEARS
COIND,8562,ARBCOM4603U2,23-CEDEARS
COME,251,ARP290071462,01-ACCIONES PRIVADAS
COMEB,251,ARP290071462,01-ACCIONES PRIVADAS
COMEC,251,ARP290071462,01-ACCIONES PRIVADAS
COMED,251,ARP290071462,01-ACCIONES PRIVADAS
COP,8735,AR0313306612,23-CEDEARS
COPC,8735,AR0313306612,23-CEDEARS
COPD,8735,AR0313306612,23-CEDEARS
COPX,8719,AR0315114816,23-CEDEARS
COPXC,8719,AR0315114816,23-CEDEARS
COPXD,8719,AR0315114816,23-CEDEARS
COST,8091,ARDEUT110863,23-CEDEARS
COSTB,8091,ARDEUT110863,23-CEDEARS
COSTC,8091,ARDEUT110863,23-CEDEARS
COSTD,8091,ARDEUT110863,23-CEDEARS
COUR,30003,ARCONI010015,01-ACCIONES PRIVADAS
COY27,42825,AR0401732018,03-TITULOS PUBLICOS
CP23C,55633,ARCGCO5600O0,05-OBLI. NEGOCIABLES
CP23D,55633,ARCGCO5600O0,05-OBLI. NEGOCIABLES
CP23O,55633,ARCGCO5600O0,05-OBLI. NEGOCIABLES
CP23X,55633,ARCGCO5600O0,05-OBLI. NEGOCIABLES
CP23Y,55633,ARCGCO5600O0,05-OBLI. NEGOCIABLES
CP23Z,55633,ARCGCO5600O0,05-OBLI. NEGOCIABLES
CP27C,56187,ARCGCO5600S1,05-OBLI. NEGOCIABLES
CP27D,56187,ARCGCO5600S1,05-OBLI. NEGOCIABLES
CP27O,56187,ARCGCO5600S1,05-OBLI. NEGOCIABLES
CP27X,56187,ARCGCO5600S1,05-OBLI. NEGOCIABLES
CP27Y,56187,ARCGCO5600S1,05-OBLI. NEGOCIABLES
CP27Z,56187,ARCGCO5600S1,05-OBLI. NEGOCIABLES
CP36C,58123,AR0015464982,05-OBLI. NEGOCIABLES
CP36D,58123,AR0015464982,05-OBLI. NEGOCIABLES
CP36O,58123,AR0015464982,05-OBLI. NEGOCIABLES
CP36X,58123,AR0015464982,05-OBLI. NEGOCIABLES
CP36Y,58123,AR0015464982,05-OBLI. NEGOCIABLES
CP36Z,58123,AR0015464982,05-OBLI. NEGOCIABLES
CP37C,58525,AR0172788611,05-OBLI. NEGOCIABLES
CP37D,58525,AR0172788611,05-OBLI. NEGOCIABLES
CP37O,58525,AR0172788611,05-OBLI. NEGOCIABLES
CP37X,58525,AR0172788611,05-OBLI. NEGOCIABLES
CP37Y,58525,AR0172788611,05-OBLI. NEGOCIABLES
CP37Z,58525,AR0172788611,05-OBLI. NEGOCIABLES
CP38C,84877,USP3063DAC67,05-OBLI. NEGOCIABLES
CP38D,84877,USP3063DAC67,05-OBLI. NEGOCIABLES
CP38O,84877,USP3063DAC67,05-OBLI. NEGOCIABLES
CP38X,84877,USP3063DAC67,05-OBLI. NEGOCIABLES
CP38Y,84877,USP3063DAC67,05-OBLI. NEGOCIABLES
CP38Z,84877,USP3063DAC67,05-OBLI. NEGOCIABLES
CP39C,59087,AR0100497988,05-OBLI. NEGOCIABLES
CP39D,59087,AR0100497988,05-OBLI. NEGOCIABLES
CP39O,59087,AR0100497988,05-OBLI. NEGOCIABLES
CP39X,59087,AR0100497988,05-OBLI. NEGOCIABLES
CP39Y,59087,AR0100497988,05-OBLI. NEGOCIABLES
CP39Z,59087,AR0100497988,05-OBLI. NEGOCIABLES
CP40C,59256,AR0360181769,05-OBLI. NEGOCIABLES
CP40D,59256,AR0360181769,05-OBLI. NEGOCIABLES
CP40O,59256,AR0360181769,05-OBLI. NEGOCIABLES
CP40X,59256,AR0360181769,05-OBLI. NEGOCIABLES
CP40Y,59256,AR0360181769,05-OBLI. NEGOCIABLES
CP40Z,59256,AR0360181769,05-OBLI. NEGOCIABLES
CP41C,59710,AR0619007161,05-OBLI. NEGOCIABLES
CP41D,59710,AR0619007161,05-OBLI. NEGOCIABLES
CP41O,59710,AR0619007161,05-OBLI. NEGOCIABLES
CP41X,59710,AR0619007161,05-OBLI. NEGOCIABLES
CP41Y,59710,AR0619007161,05-OBLI. NEGOCIABLES
CP41Z,59710,AR0619007161,05-OBLI. NEGOCIABLES
CQ07A,59248,AR0498026852,19-TITULOS DE DEUDA
CQ07B,59249,AR0730736508,19-TITULOS DE DEUDA
CQ07C,59255,AR0585359307,19-TITULOS DE DEUDA
CQ08R,59505,AR0253965559,19-TITULOS DE DEUDA
CQ08T,59506,AR0188964206,19-TITULOS DE DEUDA
CQ08U,59507,AR0312103036,19-TITULOS DE DEUDA
CQ09R,59598,AR0218507546,19-TITULOS DE DEUDA
CRCJC,57760,AR0904133144,05-OBLI. NEGOCIABLES
CRCJD,57760,AR0904133144,05-OBLI. NEGOCIABLES
CRCJO,57760,AR0904133144,05-OBLI. NEGOCIABLES
CRCJX,57760,AR0904133144,05-OBLI. NEGOCIABLES
CRCJY,57760,AR0904133144,05-OBLI. NEGOCIABLES
CRCJZ,57760,AR0904133144,05-OBLI. NEGOCIABLES
CREAB,15825,ARBVAL621TT1,18-FONDOS INVERSION
CREAF,15825,ARBVAL621TT1,18-FONDOS INVERSION
CRECB,15826,ARBVAL621TU9,18-FONDOS INVERSION
CRECF,15826,ARBVAL621TU9,18-FONDOS INVERSION
CRES,274,ARP331091024,01-ACCIONES PRIVADAS
CRESB,274,ARP331091024,01-ACCIONES PRIVADAS
CRESC,274,ARP331091024,01-ACCIONES PRIVADAS
CRESD,274,ARP331091024,01-ACCIONES PRIVADAS
CRM,8478,ARBCOM4601J9,23-CEDEARS
CRMB,8478,ARBCOM4601J9,23-CEDEARS
CRMC,8478,ARBCOM4601J9,23-CEDEARS
CRMD,8478,ARBCOM4601J9,23-CEDEARS
CRWD,8727,AR0766021650,23-CEDEARS
CRWDC,8727,AR0766021650,23-CEDEARS
CRWDD,8727,AR0766021650,23-CEDEARS
CRWV,8710,AR0478754218,23-CEDEARS
CRWVC,8710,AR0478754218,23-CEDEARS
CRWVD,8710,AR0478754218,23-CEDEARS
CS1LC,59516,AR0226598552,14-OBLIG. NEG. PYMES
CS1LD,59516,AR0226598552,14-OBLIG. NEG. PYMES
CS40C,56704,ARCRES5600X5,05-OBLI. NEGOCIABLES
CS40D,56704,ARCRES5600X5,05-OBLI. NEGOCIABLES
CS40O,56704,ARCRES5600X5,05-OBLI. NEGOCIABLES
CS40X,56704,ARCRES5600X5,05-OBLI. NEGOCIABLES
CS40Y,56704,ARCRES5600X5,05-OBLI. NEGOCIABLES
CS40Z,56704,ARCRES5600X5,05-OBLI. NEGOCIABLES
CS46C,57899,AR0792642578,05-OBLI. NEGOCIABLES
CS46D,57899,AR0792642578,05-OBLI. NEGOCIABLES
CS46O,57899,AR0792642578,05-OBLI. NEGOCIABLES
CS46X,57899,AR0792642578,05-OBLI. NEGOCIABLES
CS46Y,57899,AR0792642578,05-OBLI. NEGOCIABLES
CS46Z,57899,AR0792642578,05-OBLI. NEGOCIABLES
CS47C,58236,AR0892513117,05-OBLI. NEGOCIABLES
CS47D,58236,AR0892513117,05-OBLI. NEGOCIABLES
CS47O,58236,AR0892513117,05-OBLI. NEGOCIABLES
CS47X,58236,AR0892513117,05-OBLI. NEGOCIABLES
CS47Y,58236,AR0892513117,05-OBLI. NEGOCIABLES
CS47Z,58236,AR0892513117,05-OBLI. NEGOCIABLES
CS48C,58776,AR0587739282,05-OBLI. NEGOCIABLES
CS48D,58776,AR0587739282,05-OBLI. NEGOCIABLES
CS48O,58776,AR0587739282,05-OBLI. NEGOCIABLES
CS48X,58776,AR0587739282,05-OBLI. NEGOCIABLES
CS48Y,58776,AR0587739282,05-OBLI. NEGOCIABLES
CS48Z,58776,AR0587739282,05-OBLI. NEGOCIABLES
CS50C,59055,AR0394353335,05-OBLI. NEGOCIABLES
CS50D,59055,AR0394353335,05-OBLI. NEGOCIABLES
CS50O,59055,AR0394353335,05-OBLI. NEGOCIABLES
CS50X,59055,AR0394353335,05-OBLI. NEGOCIABLES
CS50Y,59055,AR0394353335,05-OBLI. NEGOCIABLES
CS50Z,59055,AR0394353335,05-OBLI. NEGOCIABLES
CS51C,59144,AR0452589218,05-OBLI. NEGOCIABLES
CS51D,59144,AR0452589218,05-OBLI. NEGOCIABLES
CS51O,59144,AR0452589218,05-OBLI. NEGOCIABLES
CS51X,59144,AR0452589218,05-OBLI. NEGOCIABLES
CS51Y,59144,AR0452589218,05-OBLI. NEGOCIABLES
CS51Z,59144,AR0452589218,05-OBLI. NEGOCIABLES
CS52C,59380,AR0122431304,05-OBLI. NEGOCIABLES
CS52D,59380,AR0122431304,05-OBLI. NEGOCIABLES
CS52O,59380,AR0122431304,05-OBLI. NEGOCIABLES
CS52X,59380,AR0122431304,05-OBLI. NEGOCIABLES
CS52Y,59380,AR0122431304,05-OBLI. NEGOCIABLES
CS52Z,59380,AR0122431304,05-OBLI. NEGOCIABLES
CS53C,59381,AR0092809794,05-OBLI. NEGOCIABLES
CS53D,59381,AR0092809794,05-OBLI. NEGOCIABLES
CS53O,59381,AR0092809794,05-OBLI. NEGOCIABLES
CS53X,59381,AR0092809794,05-OBLI. NEGOCIABLES
CS53Y,59381,AR0092809794,05-OBLI. NEGOCIABLES
CS53Z,59381,AR0092809794,05-OBLI. NEGOCIABLES
CSCO,8014,ARDEUT110095,23-CEDEARS
CSCOB,8014,ARDEUT110095,23-CEDEARS
CSCOC,8014,ARDEUT110095,23-CEDEARS
CSCOD,8014,ARDEUT110095,23-CEDEARS
CSNA3,8617,ARCAVA460255,23-CEDEARS
CSNAC,8617,ARCAVA460255,23-CEDEARS
CSNAD,8617,ARCAVA460255,23-CEDEARS
CSS1L,59516,AR0226598552,14-OBLIG. NEG. PYMES
CT31,42519,ARPCRR320012,03-TITULOS PUBLICOS
CTICB,30019,ARCTIO010019,01-ACCIONES PRIVADAS
CTIO,30019,ARCTIO010019,01-ACCIONES PRIVADAS
CTIOB,30019,ARCTIO010019,01-ACCIONES PRIVADAS
CTIOC,30019,ARCTIO010019,01-ACCIONES PRIVADAS
CTIOD,30019,ARCTIO010019,01-ACCIONES PRIVADAS
CU50B,58971,AR0022816380,19-TITULOS DE DEUDA
CU51B,59035,AR0585808485,19-TITULOS DE DEUDA
CU52B,59096,AR0208205119,19-TITULOS DE DEUDA
CU53B,59163,AR0601799601,19-TITULOS DE DEUDA
CU54A,59225,AR0950367273,19-TITULOS DE DEUDA
CU54B,59226,AR0363348084,19-TITULOS DE DEUDA
CU55A,59299,AR0902168134,19-TITULOS DE DEUDA
CU55B,59300,AR0330765469,19-TITULOS DE DEUDA
CU56A,59360,AR0564477815,19-TITULOS DE DEUDA
CU56B,59361,AR0339480607,19-TITULOS DE DEUDA
CU57A,59470,AR0459331085,19-TITULOS DE DEUDA
CU57B,59471,AR0244893571,19-TITULOS DE DEUDA
CU58A,59524,AR0712002838,19-TITULOS DE DEUDA
CU58B,59525,AR0882889782,19-TITULOS DE DEUDA
CU59A,59599,AR0410157793,19-TITULOS DE DEUDA
CU59B,59600,AR0088355075,19-TITULOS DE DEUDA
CU60A,59681,AR0673917339,19-TITULOS DE DEUDA
CU60B,59682,AR0340798682,19-TITULOS DE DEUDA
CUAP,45697,ARARGE03E139,03-TITULOS PUBLICOS
CUAPC,45697,ARARGE03E139,03-TITULOS PUBLICOS
CUAPD,45697,ARARGE03E139,03-TITULOS PUBLICOS
CUAPX,45697,ARARGE03E139,03-TITULOS PUBLICOS
CUAPY,45697,ARARGE03E139,03-TITULOS PUBLICOS
CUAPZ,45697,ARARGE03E139,03-TITULOS PUBLICOS
CV3VC,59089,AR0123075191,05-OBLI. NEGOCIABLES
CV3VD,59089,AR0123075191,05-OBLI. NEGOCIABLES
CVH,30042,ARCABH300011,01-ACCIONES PRIVADAS
CVHB,30042,ARCABH300011,01-ACCIONES PRIVADAS
CVHC,30042,ARCABH300011,01-ACCIONES PRIVADAS
CVHCB,30042,ARCABH300011,01-ACCIONES PRIVADAS
CVHD,30042,ARCABH300011,01-ACCIONES PRIVADAS
CVHDB,30042,ARCABH300011,01-ACCIONES PRIVADAS
CVS,8631,AR0107022060,23-CEDEARS
CVS3V,59089,AR0123075191,05-OBLI. NEGOCIABLES
CVS4C,59284,AR0688159885,05-OBLI. NEGOCIABLES
CVS4D,59284,AR0688159885,05-OBLI. NEGOCIABLES
CVS4V,59284,AR0688159885,05-OBLI. NEGOCIABLES
CVSC,8631,AR0107022060,23-CEDEARS
CVSD,8631,AR0107022060,23-CEDEARS
CVX,8013,ARDEUT110087,23-CEDEARS
CVX.B,8013,ARDEUT110087,23-CEDEARS
CVXC,8013,ARDEUT110087,23-CEDEARS
CVXD,8013,ARDEUT110087,23-CEDEARS
CW01R,59695,AR0211398463,19-TITULOS DE DEUDA
CW01T,59696,AR0363594554,19-TITULOS DE DEUDA
CW1RD,59695,AR0211398463,19-TITULOS DE DEUDA
CW1TD,59696,AR0363594554,19-TITULOS DE DEUDA
CWC6C,58192,AR0134464806,05-OBLI. NEGOCIABLES
CWC6D,58192,AR0134464806,05-OBLI. NEGOCIABLES
CWC6O,58192,AR0134464806,05-OBLI. NEGOCIABLES
CWC6X,58192,AR0134464806,05-OBLI. NEGOCIABLES
CWC6Y,58192,AR0134464806,05-OBLI. NEGOCIABLES
CWC6Z,58192,AR0134464806,05-OBLI. NEGOCIABLES
CWC7C,58781,AR0370555119,05-OBLI. NEGOCIABLES
CWC7D,58781,AR0370555119,05-OBLI. NEGOCIABLES
CWC7O,58781,AR0370555119,05-OBLI. NEGOCIABLES
CWC7X,58781,AR0370555119,05-OBLI. NEGOCIABLES
CWC7Y,58781,AR0370555119,05-OBLI. NEGOCIABLES
CWC7Z,58781,AR0370555119,05-OBLI. NEGOCIABLES
CWC9C,59169,AR0764757453,05-OBLI. NEGOCIABLES
CWC9D,59169,AR0764757453,05-OBLI. NEGOCIABLES
CWC9O,59169,AR0764757453,05-OBLI. NEGOCIABLES
CWC9X,59169,AR0764757453,05-OBLI. NEGOCIABLES
CWC9Y,59169,AR0764757453,05-OBLI. NEGOCIABLES
CWC9Z,59169,AR0764757453,05-OBLI. NEGOCIABLES
CWCAC,59692,AR0077039359,05-OBLI. NEGOCIABLES
CWCAD,59692,AR0077039359,05-OBLI. NEGOCIABLES
CWCAO,59692,AR0077039359,05-OBLI. NEGOCIABLES
CWCAX,59692,AR0077039359,05-OBLI. NEGOCIABLES
CWCAY,59692,AR0077039359,05-OBLI. NEGOCIABLES
CWCAZ,59692,AR0077039359,05-OBLI. NEGOCIABLES
CWCBC,59693,AR0896379754,05-OBLI. NEGOCIABLES
CWCBD,59693,AR0896379754,05-OBLI. NEGOCIABLES
CWCBO,59693,AR0896379754,05-OBLI. NEGOCIABLES
CWCBX,59693,AR0896379754,05-OBLI. NEGOCIABLES
CWCBY,59693,AR0896379754,05-OBLI. NEGOCIABLES
CWCBZ,59693,AR0896379754,05-OBLI. NEGOCIABLES
CX,8227,ARDEUT112216,23-CEDEARS
CXC,8227,ARDEUT112216,23-CEDEARS
CXCXC,59498,AR0698373179,05-OBLI. NEGOCIABLES
CXCXD,59498,AR0698373179,05-OBLI. NEGOCIABLES
CXCXO,59498,AR0698373179,05-OBLI. NEGOCIABLES
CXD,8227,ARDEUT112216,23-CEDEARS
CY02A,59119,AR0315395324,19-TITULOS DE DEUDA
CY02B,59120,AR0735431352,19-TITULOS DE DEUDA
CY02Q,59123,AR0532815815,20-CERTIF. PARTICIP.
CY27C,42825,AR0401732018,03-TITULOS PUBLICOS
CY27D,42825,AR0401732018,03-TITULOS PUBLICOS
CY27X,42825,AR0401732018,03-TITULOS PUBLICOS
CY27Y,42825,AR0401732018,03-TITULOS PUBLICOS
CY27Z,42825,AR0401732018,03-TITULOS PUBLICOS
CY2BC,58644,AR0638773363,14-OBLIG. NEG. PYMES
CY2BD,58644,AR0638773363,14-OBLIG. NEG. PYMES
CY2BP,58644,AR0638773363,14-OBLIG. NEG. PYMES
CZ11L,59205,AR0957538173,05-OBLI. NEGOCIABLES
D10Y7,9421,AR0804842737,17-LETRAS TESORO NAC
D15E7,9425,AR0420048891,17-LETRAS TESORO NAC
D30O6,9427,AR0540625909,17-LETRAS TESORO NAC
D30S6,9389,AR0245811739,17-LETRAS TESORO NAC
D31M7,9410,AR0637963668,17-LETRAS TESORO NAC
DAL,8633,AR0051689021,23-CEDEARS
DALC,8633,AR0051689021,23-CEDEARS
DALD,8633,AR0051689021,23-CEDEARS
DB01A,59044,AR0596763414,19-TITULOS DE DEUDA
DB01Q,59045,AR0602775162,20-CERTIF. PARTICIP.
DB1AC,59044,AR0596763414,19-TITULOS DE DEUDA
DB1AD,59044,AR0596763414,19-TITULOS DE DEUDA
DB1QD,59045,AR0602775162,20-CERTIF. PARTICIP.
DCO24,92556,USP79171AE79,03-TITULOS PUBLICOS
DD,8018,ARDEUT110145,23-CEDEARS
DD1LC,59560,AR0228754401,14-OBLIG. NEG. PYMES
DD1LD,59560,AR0228754401,14-OBLIG. NEG. PYMES
DDC,8018,ARDEUT110145,23-CEDEARS
DDD,8018,ARDEUT110145,23-CEDEARS
DDS1C,58834,AR0426248115,14-OBLIG. NEG. PYMES
DDS1D,58834,AR0426248115,14-OBLIG. NEG. PYMES
DDS1L,59560,AR0228754401,14-OBLIG. NEG. PYMES
DDS1P,58834,AR0426248115,14-OBLIG. NEG. PYMES
DE,8095,ARDEUT110905,23-CEDEARS
DE7C,9425,AR0420048891,17-LETRAS TESORO NAC
DE7D,9425,AR0420048891,17-LETRAS TESORO NAC
DE7X,9425,AR0420048891,17-LETRAS TESORO NAC
DE7Y,9425,AR0420048891,17-LETRAS TESORO NAC
DE7Z,9425,AR0420048891,17-LETRAS TESORO NAC
DEB,8095,ARDEUT110905,23-CEDEARS
DEC,8095,ARDEUT110905,23-CEDEARS
DEC2C,58477,AR0021181018,05-OBLI. NEGOCIABLES
DEC2D,58477,AR0021181018,05-OBLI. NEGOCIABLES
DEC2O,58477,AR0021181018,05-OBLI. NEGOCIABLES
DEC2X,58477,AR0021181018,05-OBLI. NEGOCIABLES
DEC2Y,58477,AR0021181018,05-OBLI. NEGOCIABLES
DEC2Z,58477,AR0021181018,05-OBLI. NEGOCIABLES
DEC3C,59548,AR0862258230,05-OBLI. NEGOCIABLES
DEC3D,59548,AR0862258230,05-OBLI. NEGOCIABLES
DEC3O,59548,AR0862258230,05-OBLI. NEGOCIABLES
DEC3X,59548,AR0862258230,05-OBLI. NEGOCIABLES
DEC3Y,59548,AR0862258230,05-OBLI. NEGOCIABLES
DEC3Z,59548,AR0862258230,05-OBLI. NEGOCIABLES
DEC4C,59549,AR0236391766,05-OBLI. NEGOCIABLES
DEC4D,59549,AR0236391766,05-OBLI. NEGOCIABLES
DEC4O,59549,AR0236391766,05-OBLI. NEGOCIABLES
DEC4X,59549,AR0236391766,05-OBLI. NEGOCIABLES
DEC4Y,59549,AR0236391766,05-OBLI. NEGOCIABLES
DEC4Z,59549,AR0236391766,05-OBLI. NEGOCIABLES
DECK,8682,AR0571828273,23-CEDEARS
DECKC,8682,AR0571828273,23-CEDEARS
DECKD,8682,AR0571828273,23-CEDEARS
DED,8095,ARDEUT110905,23-CEDEARS
DELL,8746,AR0195486730,23-CEDEARS
DELLC,8746,AR0195486730,23-CEDEARS
DELLD,8746,AR0195486730,23-CEDEARS
DEO,8248,ARDEUT112505,23-CEDEARS
DEOC,8248,ARDEUT112505,23-CEDEARS
DEOD,8248,ARDEUT112505,23-CEDEARS
DESP,8497,ARBCOM4600X2,23-CEDEARS
DESPC,8497,ARBCOM4600X2,23-CEDEARS
DESPD,8497,ARBCOM4600X2,23-CEDEARS
DF1LC,59463,AR0949543638,14-OBLIG. NEG. PYMES
DF1LD,59463,AR0949543638,14-OBLIG. NEG. PYMES
DFS1L,59463,AR0949543638,14-OBLIG. NEG. PYMES
DGC2D,307,ARP3568E1180,01-ACCIONES PRIVADAS
DGCE,30061,AR0097356114,01-ACCIONES PRIVADAS
DGCEB,30061,AR0097356114,01-ACCIONES PRIVADAS
DGCEC,30061,AR0097356114,01-ACCIONES PRIVADAS
DGCED,30061,AR0097356114,01-ACCIONES PRIVADAS
DGCU2,307,ARP3568E1180,01-ACCIONES PRIVADAS
DGCUB,307,ARP3568E1180,01-ACCIONES PRIVADAS
DH01B,53491,AREQUI600IX5,19-TITULOS DE DEUDA
DH01Q,53492,AREQUI490IY9,20-CERTIF. PARTICIP.
DHR,8648,AR0002457668,23-CEDEARS
DHRC,8648,AR0002457668,23-CEDEARS
DHRD,8648,AR0002457668,23-CEDEARS
DHSIC,59000,AR0970095474,05-OBLI. NEGOCIABLES
DHSID,59000,AR0970095474,05-OBLI. NEGOCIABLES
DHSIO,59000,AR0970095474,05-OBLI. NEGOCIABLES
DHSIX,59000,AR0970095474,05-OBLI. NEGOCIABLES
DHSKC,59172,AR0833103176,05-OBLI. NEGOCIABLES
DHSKD,59172,AR0833103176,05-OBLI. NEGOCIABLES
DHSKO,59172,AR0833103176,05-OBLI. NEGOCIABLES
DHSLC,59455,AR0301174246,05-OBLI. NEGOCIABLES
DHSLD,59455,AR0301174246,05-OBLI. NEGOCIABLES
DHSLO,59455,AR0301174246,05-OBLI. NEGOCIABLES
DHSLX,59455,AR0301174246,05-OBLI. NEGOCIABLES
DHSLY,59455,AR0301174246,05-OBLI. NEGOCIABLES
DHSLZ,59455,AR0301174246,05-OBLI. NEGOCIABLES
DHSMC,59456,AR0481744826,05-OBLI. NEGOCIABLES
DHSMD,59456,AR0481744826,05-OBLI. NEGOCIABLES
DHSMO,59456,AR0481744826,05-OBLI. NEGOCIABLES
DHSMX,59456,AR0481744826,05-OBLI. NEGOCIABLES
DHSMY,59456,AR0481744826,05-OBLI. NEGOCIABLES
DHSMZ,59456,AR0481744826,05-OBLI. NEGOCIABLES
DHSNC,59638,AR0343739741,05-OBLI. NEGOCIABLES
DHSND,59638,AR0343739741,05-OBLI. NEGOCIABLES
DHSNO,59638,AR0343739741,05-OBLI. NEGOCIABLES
DHSNX,59638,AR0343739741,05-OBLI. NEGOCIABLES
DHSNY,59638,AR0343739741,05-OBLI. NEGOCIABLES
DHSNZ,59638,AR0343739741,05-OBLI. NEGOCIABLES
DHSOC,59639,AR0681916059,05-OBLI. NEGOCIABLES
DHSOD,59639,AR0681916059,05-OBLI. NEGOCIABLES
DHSOO,59639,AR0681916059,05-OBLI. NEGOCIABLES
DHSOX,59639,AR0681916059,05-OBLI. NEGOCIABLES
DHSOY,59639,AR0681916059,05-OBLI. NEGOCIABLES
DHSOZ,59639,AR0681916059,05-OBLI. NEGOCIABLES
DI2LC,59464,AR0155197350,14-OBLIG. NEG. PYMES
DI2LD,59464,AR0155197350,14-OBLIG. NEG. PYMES
DIA,8555,ARCAVA460107,23-CEDEARS
DIAB,8555,ARCAVA460107,23-CEDEARS
DIAC,8555,ARCAVA460107,23-CEDEARS
DIACB,8555,ARCAVA460107,23-CEDEARS
DIAD,8555,ARCAVA460107,23-CEDEARS
DIADB,8555,ARCAVA460107,23-CEDEARS
DIC2L,59464,AR0155197350,14-OBLIG. NEG. PYMES
DICP,45696,ARARGE03E121,03-TITULOS PUBLICOS
DICPC,45696,ARARGE03E121,03-TITULOS PUBLICOS
DICPD,45696,ARARGE03E121,03-TITULOS PUBLICOS
DICPX,45696,ARARGE03E121,03-TITULOS PUBLICOS
DICPY,45696,ARARGE03E121,03-TITULOS PUBLICOS
DICPZ,45696,ARARGE03E121,03-TITULOS PUBLICOS
DIP0,5444,ARARGE03G696,03-TITULOS PUBLICOS
DIP0C,5444,ARARGE03G696,03-TITULOS PUBLICOS
DIP0D,5444,ARARGE03G696,03-TITULOS PUBLICOS
DISN,8017,ARDEUT110137,23-CEDEARS
DISNB,8017,ARDEUT110137,23-CEDEARS
DISNC,8017,ARDEUT110137,23-CEDEARS
DISND,8017,ARDEUT110137,23-CEDEARS
DJ1LC,59265,AR0551360503,14-OBLIG. NEG. PYMES
DJ1LD,59265,AR0551360503,14-OBLIG. NEG. PYMES
DJN3B,8272,ARDEUT112687,23-CEDEARS
DJN3C,8272,ARDEUT112687,23-CEDEARS
DJN3D,8272,ARDEUT112687,23-CEDEARS
DJNJ3,8272,ARDEUT112687,23-CEDEARS
DJS1L,59265,AR0551360503,14-OBLIG. NEG. PYMES
DL01A,56969,AREQUI600WO5,19-TITULOS DE DEUDA
DL01Q,56970,AREQUI490WP8,20-CERTIF. PARTICIP.
DL1AD,56969,AREQUI600WO5,19-TITULOS DE DEUDA
DL1QD,56970,AREQUI490WP8,20-CERTIF. PARTICIP.
DM11C,59677,AR0502546424,14-OBLIG. NEG. PYMES
DM11D,59677,AR0502546424,14-OBLIG. NEG. PYMES
DM11L,59677,AR0502546424,14-OBLIG. NEG. PYMES
DM12C,59678,AR0901111994,14-OBLIG. NEG. PYMES
DM12D,59678,AR0901111994,14-OBLIG. NEG. PYMES
DM12L,59678,AR0901111994,14-OBLIG. NEG. PYMES
DM7C,9410,AR0637963668,17-LETRAS TESORO NAC
DM7D,9410,AR0637963668,17-LETRAS TESORO NAC
DM7X,9410,AR0637963668,17-LETRAS TESORO NAC
DM7Y,9410,AR0637963668,17-LETRAS TESORO NAC
DM7Z,9410,AR0637963668,17-LETRAS TESORO NAC
DMC7C,55815,ARIPSA5600A2,05-OBLI. NEGOCIABLES
DMC7D,55815,ARIPSA5600A2,05-OBLI. NEGOCIABLES
DMC7O,55815,ARIPSA5600A2,05-OBLI. NEGOCIABLES
DMC7X,55815,ARIPSA5600A2,05-OBLI. NEGOCIABLES
DMC7Y,55815,ARIPSA5600A2,05-OBLI. NEGOCIABLES
DMC7Z,55815,ARIPSA5600A2,05-OBLI. NEGOCIABLES
DN1AC,85483,USP3710FBB96,05-OBLI. NEGOCIABLES
DN1AD,85483,USP3710FBB96,05-OBLI. NEGOCIABLES
DN1AO,85483,USP3710FBB96,05-OBLI. NEGOCIABLES
DN1AX,85483,USP3710FBB96,05-OBLI. NEGOCIABLES
DN1AY,85483,USP3710FBB96,05-OBLI. NEGOCIABLES
DN1AZ,85483,USP3710FBB96,05-OBLI. NEGOCIABLES
DNC3C,57646,AR0140482933,05-OBLI. NEGOCIABLES
DNC3D,57646,AR0140482933,05-OBLI. NEGOCIABLES
DNC3O,57646,AR0140482933,05-OBLI. NEGOCIABLES
DNC3X,57646,AR0140482933,05-OBLI. NEGOCIABLES
DNC3Y,57646,AR0140482933,05-OBLI. NEGOCIABLES
DNC3Z,57646,AR0140482933,05-OBLI. NEGOCIABLES
DNC5C,57928,AR0674196495,05-OBLI. NEGOCIABLES
DNC5D,57928,AR0674196495,05-OBLI. NEGOCIABLES
DNC5O,57928,AR0674196495,05-OBLI. NEGOCIABLES
DNC5X,57928,AR0674196495,05-OBLI. NEGOCIABLES
DNC5Y,57928,AR0674196495,05-OBLI. NEGOCIABLES
DNC5Z,57928,AR0674196495,05-OBLI. NEGOCIABLES
DNC7C,84038,USP3710FAU86,05-OBLI. NEGOCIABLES
DNC7D,84038,USP3710FAU86,05-OBLI. NEGOCIABLES
DNC7O,84038,USP3710FAU86,05-OBLI. NEGOCIABLES
DNC7X,84038,USP3710FAU86,05-OBLI. NEGOCIABLES
DNC7Y,84038,USP3710FAU86,05-OBLI. NEGOCIABLES
DNC7Z,84038,USP3710FAU86,05-OBLI. NEGOCIABLES
DNCAC,85224,USP3710FBA14,05-OBLI. NEGOCIABLES
DNCAD,85224,USP3710FBA14,05-OBLI. NEGOCIABLES
DNCAO,85224,USP3710FBA14,05-OBLI. NEGOCIABLES
DNCAX,85224,USP3710FBA14,05-OBLI. NEGOCIABLES
DNCAY,85224,USP3710FBA14,05-OBLI. NEGOCIABLES
DNCAZ,85224,USP3710FBA14,05-OBLI. NEGOCIABLES
DNCBC,59546,AR0585477562,05-OBLI. NEGOCIABLES
DNCBD,59546,AR0585477562,05-OBLI. NEGOCIABLES
DNCBO,59546,AR0585477562,05-OBLI. NEGOCIABLES
DNCBX,59546,AR0585477562,05-OBLI. NEGOCIABLES
DNCBY,59546,AR0585477562,05-OBLI. NEGOCIABLES
DNCBZ,59546,AR0585477562,05-OBLI. NEGOCIABLES
DO6C,9427,AR0540625909,17-LETRAS TESORO NAC
DO6D,9427,AR0540625909,17-LETRAS TESORO NAC
DO6X,9427,AR0540625909,17-LETRAS TESORO NAC
DO6Y,9427,AR0540625909,17-LETRAS TESORO NAC
DO6Z,9427,AR0540625909,17-LETRAS TESORO NAC
DOCU,8533,ARBCOM4603H9,23-CEDEARS
DOCUC,8533,ARBCOM4603H9,23-CEDEARS
DOCUD,8533,ARBCOM4603H9,23-CEDEARS
DOME,336,ARP3577N1097,01-ACCIONES PRIVADAS
DOW,8569,ARBCOM460416,23-CEDEARS
DOWB,8569,ARBCOM460416,23-CEDEARS
DOWC,8569,ARBCOM460416,23-CEDEARS
DOWCB,8569,ARBCOM460416,23-CEDEARS
DOWD,8569,ARBCOM460416,23-CEDEARS
DOWDB,8569,ARBCOM460416,23-CEDEARS
DQS1C,59679,AR0089971151,05-OBLI. NEGOCIABLES
DQS1D,59679,AR0089971151,05-OBLI. NEGOCIABLES
DQS1L,59679,AR0089971151,05-OBLI. NEGOCIABLES
DRAAF,24560,ARDEUT620FD3,18-FONDOS INVERSION
DRABF,24561,ARDEUT620FE1,18-FONDOS INVERSION
DRAFC,24560,ARDEUT620FD3,18-FONDOS INVERSION
DRAFD,24560,ARDEUT620FD3,18-FONDOS INVERSION
DRBFC,24561,ARDEUT620FE1,18-FONDOS INVERSION
DRBFD,24561,ARDEUT620FE1,18-FONDOS INVERSION
DRFAC,58205,AR0105847989,05-OBLI. NEGOCIABLES
DRFAD,58205,AR0105847989,05-OBLI. NEGOCIABLES
DRFAO,58205,AR0105847989,05-OBLI. NEGOCIABLES
DRFAX,58205,AR0105847989,05-OBLI. NEGOCIABLES
DRFAY,58205,AR0105847989,05-OBLI. NEGOCIABLES
DRFAZ,58205,AR0105847989,05-OBLI. NEGOCIABLES
DRFBC,58206,AR0116554871,05-OBLI. NEGOCIABLES
DRFBD,58206,AR0116554871,05-OBLI. NEGOCIABLES
DRFBO,58206,AR0116554871,05-OBLI. NEGOCIABLES
DRFBX,58206,AR0116554871,05-OBLI. NEGOCIABLES
DRFBY,58206,AR0116554871,05-OBLI. NEGOCIABLES
DRFBZ,58206,AR0116554871,05-OBLI. NEGOCIABLES
DS6C,9389,AR0245811739,17-LETRAS TESORO NAC
DS6D,9389,AR0245811739,17-LETRAS TESORO NAC
DS6X,9389,AR0245811739,17-LETRAS TESORO NAC
DS6Y,9389,AR0245811739,17-LETRAS TESORO NAC
DS6Z,9389,AR0245811739,17-LETRAS TESORO NAC
DT30Q,58290,AR0697173984,20-CERTIF. PARTICIP.
DT31Q,58335,AR0747809629,20-CERTIF. PARTICIP.
DT33Q,58460,AR0091780103,20-CERTIF. PARTICIP.
DT34Q,58534,AR0687587052,20-CERTIF. PARTICIP.
DT36Q,58616,AR0197145987,20-CERTIF. PARTICIP.
DT37Q,58696,AR0795163051,20-CERTIF. PARTICIP.
DT38Q,58750,AR0404805811,20-CERTIF. PARTICIP.
DT39A,58804,AR0742501247,19-TITULOS DE DEUDA
DT39Q,58805,AR0999038125,20-CERTIF. PARTICIP.
DT40Q,58894,AR0792949593,20-CERTIF. PARTICIP.
DT41A,58927,AR0317857156,19-TITULOS DE DEUDA
DT41Q,58928,AR0302082653,20-CERTIF. PARTICIP.
DT42A,58975,AR0133178423,19-TITULOS DE DEUDA
DT42Q,58976,AR0184870621,20-CERTIF. PARTICIP.
DT43A,59024,AR0148699157,19-TITULOS DE DEUDA
DT43Q,59025,AR0121679499,20-CERTIF. PARTICIP.
DT44A,59157,AR0818679034,19-TITULOS DE DEUDA
DT44Q,59158,AR0167365474,20-CERTIF. PARTICIP.
DT45A,59198,AR0649059596,19-TITULOS DE DEUDA
DT45Q,59199,AR0315925716,20-CERTIF. PARTICIP.
DT46A,59279,AR0192952312,19-TITULOS DE DEUDA
DT46Q,59280,AR0205331058,20-CERTIF. PARTICIP.
DT47A,59324,AR0965219733,19-TITULOS DE DEUDA
DT47Q,59325,AR0504004570,20-CERTIF. PARTICIP.
DT48A,59374,AR0170658774,19-TITULOS DE DEUDA
DT48Q,59375,AR0151712210,19-TITULOS DE DEUDA
DT49A,59457,AR0354397892,19-TITULOS DE DEUDA
DT49Q,59458,AR0970883895,20-CERTIF. PARTICIP.
DT50A,59488,AR0868198455,19-TITULOS DE DEUDA
DT50Q,59489,AR0325378260,20-CERTIF. PARTICIP.
DT51A,59527,AR0478548578,19-TITULOS DE DEUDA
DT51Q,59528,AR0535545518,20-CERTIF. PARTICIP.
DT52A,59595,AR0963070237,19-TITULOS DE DEUDA
DT52Q,59596,AR0749918170,20-CERTIF. PARTICIP.
DT53A,59635,AR0596645769,19-TITULOS DE DEUDA
DT53Q,59636,AR0052509566,20-CERTIF. PARTICIP.
DTEA,8189,ARDEUT111838,23-CEDEARS
DTEAC,8189,ARDEUT111838,23-CEDEARS
DTEAD,8189,ARDEUT111838,23-CEDEARS
DY7C,9421,AR0804842737,17-LETRAS TESORO NAC
DY7D,9421,AR0804842737,17-LETRAS TESORO NAC
DY7X,9421,AR0804842737,17-LETRAS TESORO NAC
DY7Y,9421,AR0804842737,17-LETRAS TESORO NAC
DY7Z,9421,AR0804842737,17-LETRAS TESORO NAC
E,8265,ARDEUT112612,23-CEDEARS
E72LC,58847,AR0347855154,05-OBLI. NEGOCIABLES
E72LD,58847,AR0347855154,05-OBLI. NEGOCIABLES
EA,8566,ARBCOM4603Y4,23-CEDEARS
EA14C,85500,USP7000TAB00,05-OBLI. NEGOCIABLES
EA14D,85500,USP7000TAB00,05-OBLI. NEGOCIABLES
EA14O,85500,USP7000TAB00,05-OBLI. NEGOCIABLES
EA14X,85500,USP7000TAB00,05-OBLI. NEGOCIABLES
EA14Y,85500,USP7000TAB00,05-OBLI. NEGOCIABLES
EA14Z,85500,USP7000TAB00,05-OBLI. NEGOCIABLES
EAC,8566,ARBCOM4603Y4,23-CEDEARS
EAC1C,57455,AR0053684038,05-OBLI. NEGOCIABLES
EAC1D,57455,AR0053684038,05-OBLI. NEGOCIABLES
EAC1O,57455,AR0053684038,05-OBLI. NEGOCIABLES
EAC1X,57455,AR0053684038,05-OBLI. NEGOCIABLES
EAC1Y,57455,AR0053684038,05-OBLI. NEGOCIABLES
EAC1Z,57455,AR0053684038,05-OBLI. NEGOCIABLES
EAC2C,57456,AR0047526246,05-OBLI. NEGOCIABLES
EAC2D,57456,AR0047526246,05-OBLI. NEGOCIABLES
EAC2O,57456,AR0047526246,05-OBLI. NEGOCIABLES
EAC2X,57456,AR0047526246,05-OBLI. NEGOCIABLES
EAC2Y,57456,AR0047526246,05-OBLI. NEGOCIABLES
EAC2Z,57456,AR0047526246,05-OBLI. NEGOCIABLES
EAC3C,58364,AR0333366083,05-OBLI. NEGOCIABLES
EAC3D,58364,AR0333366083,05-OBLI. NEGOCIABLES
EAC3O,58364,AR0333366083,05-OBLI. NEGOCIABLES
EAC3X,58364,AR0333366083,05-OBLI. NEGOCIABLES
EAC3Y,58364,AR0333366083,05-OBLI. NEGOCIABLES
EAC3Z,58364,AR0333366083,05-OBLI. NEGOCIABLES
EAC4C,85341,USP7000TAA27,05-OBLI. NEGOCIABLES
EAC4D,85341,USP7000TAA27,05-OBLI. NEGOCIABLES
EAC4O,85341,USP7000TAA27,05-OBLI. NEGOCIABLES
EAC4X,85341,USP7000TAA27,05-OBLI. NEGOCIABLES
EAC4Y,85341,USP7000TAA27,05-OBLI. NEGOCIABLES
EAC4Z,85341,USP7000TAA27,05-OBLI. NEGOCIABLES
EAD,8566,ARBCOM4603Y4,23-CEDEARS
EB1LC,59326,AR0745264231,14-OBLIG. NEG. PYMES
EB1LD,59326,AR0745264231,14-OBLIG. NEG. PYMES
EBAY,8443,ARDEUT116167,23-CEDEARS
EBAYC,8443,ARDEUT116167,23-CEDEARS
EBAYD,8443,ARDEUT116167,23-CEDEARS
EBS1L,59326,AR0745264231,14-OBLIG. NEG. PYMES
EC,8265,ARDEUT112612,23-CEDEARS
EC1LC,59536,AR0827443406,14-OBLIG. NEG. PYMES
EC1LD,59536,AR0827443406,14-OBLIG. NEG. PYMES
ECL,8716,AR0866277863,23-CEDEARS
ECLC,8716,AR0866277863,23-CEDEARS
ECLD,8716,AR0866277863,23-CEDEARS
ECOG,30069,AR0831273179,01-ACCIONES PRIVADAS
ECOGB,30069,AR0831273179,01-ACCIONES PRIVADAS
ECOGC,30069,AR0831273179,01-ACCIONES PRIVADAS
ECOGD,30069,AR0831273179,01-ACCIONES PRIVADAS
ECS1L,59536,AR0827443406,14-OBLIG. NEG. PYMES
EDLH,30028,AREDHO010016,01-ACCIONES PRIVADAS
EDN,508,ARENOR010020,01-ACCIONES PRIVADAS
EDNB,508,ARENOR010020,01-ACCIONES PRIVADAS
EDNC,508,ARENOR010020,01-ACCIONES PRIVADAS
EDND,508,ARENOR010020,01-ACCIONES PRIVADAS
EDSH,30029,AREDEH010018,01-ACCIONES PRIVADAS
EE27C,42936,AR0987015754,19-TITULOS DE DEUDA
EE27D,42936,AR0987015754,19-TITULOS DE DEUDA
EE27X,42936,AR0987015754,19-TITULOS DE DEUDA
EEM,8552,ARCAVA4600X4,23-CEDEARS
EEMB,8552,ARCAVA4600X4,23-CEDEARS
EEMC,8552,ARCAVA4600X4,23-CEDEARS
EEMD,8552,ARCAVA4600X4,23-CEDEARS
EF25C,92548,USP37341AA50,03-TITULOS PUBLICOS
EF25D,92548,USP37341AA50,03-TITULOS PUBLICOS
EFA,8700,AR0406299526,23-CEDEARS
EFAC,8700,AR0406299526,23-CEDEARS
EFAD,8700,AR0406299526,23-CEDEARS
EFX,8544,ARBCOM460325,23-CEDEARS
EFXC,8544,ARBCOM460325,23-CEDEARS
EFXD,8544,ARBCOM460325,23-CEDEARS
EH11C,59276,AR0521491446,05-OBLI. NEGOCIABLES
EH11D,59276,AR0521491446,05-OBLI. NEGOCIABLES
EH11M,59276,AR0521491446,05-OBLI. NEGOCIABLES
EH12C,59277,AR0453054410,05-OBLI. NEGOCIABLES
EH12D,59277,AR0453054410,05-OBLI. NEGOCIABLES
EH12M,59277,AR0453054410,05-OBLI. NEGOCIABLES
EH13C,59278,AR0454030906,05-OBLI. NEGOCIABLES
EH13D,59278,AR0454030906,05-OBLI. NEGOCIABLES
EH13M,59278,AR0454030906,05-OBLI. NEGOCIABLES
EL31C,58094,AR0621235214,14-OBLIG. NEG. PYMES
EL31D,58094,AR0621235214,14-OBLIG. NEG. PYMES
EL31P,58094,AR0621235214,14-OBLIG. NEG. PYMES
EL32C,58095,AR0918142024,14-OBLIG. NEG. PYMES
EL32D,58095,AR0918142024,14-OBLIG. NEG. PYMES
EL32P,58095,AR0918142024,14-OBLIG. NEG. PYMES
ELPC,8520,ARBCOM460283,23-CEDEARS
ELPCC,8520,ARBCOM460283,23-CEDEARS
ELPCD,8520,ARBCOM460283,23-CEDEARS
ELS1C,55877,ARTERS560016,14-OBLIG. NEG. PYMES
ELS1D,55877,ARTERS560016,14-OBLIG. NEG. PYMES
ELS1P,55877,ARTERS560016,14-OBLIG. NEG. PYMES
EM33C,85089,USP37341AC17,03-TITULOS PUBLICOS
EM33D,85089,USP37341AC17,03-TITULOS PUBLICOS
EMBJ,8515,ARBCOM460291,23-CEDEARS
EMBJC,8515,ARBCOM460291,23-CEDEARS
EMBJD,8515,ARBCOM460291,23-CEDEARS
EMC1C,58770,AR0339892116,05-OBLI. NEGOCIABLES
EMC1D,58770,AR0339892116,05-OBLI. NEGOCIABLES
EMC1O,58770,AR0339892116,05-OBLI. NEGOCIABLES
EMC1X,58770,AR0339892116,05-OBLI. NEGOCIABLES
EMC1Y,58770,AR0339892116,05-OBLI. NEGOCIABLES
EMC1Z,58770,AR0339892116,05-OBLI. NEGOCIABLES
EN6PC,58377,AR0775645960,14-OBLIG. NEG. PYMES
EN6PD,58377,AR0775645960,14-OBLIG. NEG. PYMES
EN72L,58847,AR0347855154,05-OBLI. NEGOCIABLES
ENC6P,58377,AR0775645960,14-OBLIG. NEG. PYMES
ENC8C,59091,AR0366348289,14-OBLIG. NEG. PYMES
ENC8D,59091,AR0366348289,14-OBLIG. NEG. PYMES
ENC8P,59091,AR0366348289,14-OBLIG. NEG. PYMES
EOAN,8216,ARDEUT112109,23-CEDEARS
EOANB,8216,ARDEUT112109,23-CEDEARS
EOANC,8216,ARDEUT112109,23-CEDEARS
EOC1C,59685,AR0729695640,05-OBLI. NEGOCIABLES
EOC1D,59685,AR0729695640,05-OBLI. NEGOCIABLES
EOC1O,59685,AR0729695640,05-OBLI. NEGOCIABLES
EOC2C,59686,AR0295116229,05-OBLI. NEGOCIABLES
EOC2D,59686,AR0295116229,05-OBLI. NEGOCIABLES
EOC2O,59686,AR0295116229,05-OBLI. NEGOCIABLES
EP3AC,58373,AR0749217714,14-OBLIG. NEG. PYMES
EP3AD,58373,AR0749217714,14-OBLIG. NEG. PYMES
EP3AP,58373,AR0749217714,14-OBLIG. NEG. PYMES
EP4AC,58779,AR0123310473,14-OBLIG. NEG. PYMES
EP4AD,58779,AR0123310473,14-OBLIG. NEG. PYMES
EP4AP,58779,AR0123310473,14-OBLIG. NEG. PYMES
EP4BC,58780,AR0099143742,14-OBLIG. NEG. PYMES
EP4BD,58780,AR0099143742,14-OBLIG. NEG. PYMES
EP4BP,58780,AR0099143742,14-OBLIG. NEG. PYMES
EQNR,8655,AR0626892837,23-CEDEARS
EQNRC,8655,AR0626892837,23-CEDEARS
EQNRD,8655,AR0626892837,23-CEDEARS
ER31,42508,ARPENR320279,03-TITULOS PUBLICOS
ERE27,42936,AR0987015754,19-TITULOS DE DEUDA
ERF25,92548,USP37341AA50,03-TITULOS PUBLICOS
ERIC,8056,ARDEUT110525,23-CEDEARS
ERICC,8056,ARDEUT110525,23-CEDEARS
ERICD,8056,ARDEUT110525,23-CEDEARS
ERM33,85089,USP37341AC17,03-TITULOS PUBLICOS
ERS1C,59687,AR0491245764,14-OBLIG. NEG. PYMES
ERS1D,59687,AR0491245764,14-OBLIG. NEG. PYMES
ERS1L,59687,AR0491245764,14-OBLIG. NEG. PYMES
ESGU,8721,AR0572847066,23-CEDEARS
ESGUC,8721,AR0572847066,23-CEDEARS
ESGUD,8721,AR0572847066,23-CEDEARS
ESS1C,58715,AR0108754356,14-OBLIG. NEG. PYMES
ESS1D,58715,AR0108754356,14-OBLIG. NEG. PYMES
ESS1P,58715,AR0108754356,14-OBLIG. NEG. PYMES
ETHA,8659,AR0904623763,23-CEDEARS
ETHAB,8659,AR0904623763,23-CEDEARS
ETHAC,8659,AR0904623763,23-CEDEARS
ETHAD,8659,AR0904623763,23-CEDEARS
ETHCB,8659,AR0904623763,23-CEDEARS
ETHDB,8659,AR0904623763,23-CEDEARS
ETSY,8534,ARBCOM4603G1,23-CEDEARS
ETSYB,8534,ARBCOM4603G1,23-CEDEARS
ETSYC,8534,ARBCOM4603G1,23-CEDEARS
ETSYD,8534,ARBCOM4603G1,23-CEDEARS
EWJ,8690,AR0582556699,23-CEDEARS
EWJC,8690,AR0582556699,23-CEDEARS
EWJD,8690,AR0582556699,23-CEDEARS
EWY,8724,AR0757236192,23-CEDEARS
EWYC,8724,AR0757236192,23-CEDEARS
EWYD,8724,AR0757236192,23-CEDEARS
EWZ,8556,ARCAVA460115,23-CEDEARS
EWZB,8556,ARCAVA460115,23-CEDEARS
EWZC,8556,ARCAVA460115,23-CEDEARS
EWZCB,8556,ARCAVA460115,23-CEDEARS
EWZD,8556,ARCAVA460115,23-CEDEARS
EWZDB,8556,ARCAVA460115,23-CEDEARS
EXS1C,58778,AR0868860146,14-OBLIG. NEG. PYMES
EXS1D,58778,AR0868860146,14-OBLIG. NEG. PYMES
EXS1P,58778,AR0868860146,14-OBLIG. NEG. PYMES
F,8571,ARCAVA460149,23-CEDEARS
F.B,8571,ARCAVA460149,23-CEDEARS
FA1MC,59247,AR0987640965,05-OBLI. NEGOCIABLES
FA1MD,59247,AR0987640965,05-OBLI. NEGOCIABLES
FAS1M,59247,AR0987640965,05-OBLI. NEGOCIABLES
FB1AL,59257,AR0111904345,14-OBLIG. NEG. PYMES
FC,8571,ARCAVA460149,23-CEDEARS
FC1MC,59473,AR0955416786,05-OBLI. NEGOCIABLES
FC1MD,59473,AR0955416786,05-OBLI. NEGOCIABLES
FCS1M,59473,AR0955416786,05-OBLI. NEGOCIABLES
FCX,8434,ARDEUT116076,23-CEDEARS
FCXB,8434,ARDEUT116076,23-CEDEARS
FCXC,8434,ARDEUT116076,23-CEDEARS
FCXD,8434,ARDEUT116076,23-CEDEARS
FD,8571,ARCAVA460149,23-CEDEARS
FD1LC,59510,AR0691239963,14-OBLIG. NEG. PYMES
FD1LD,59510,AR0691239963,14-OBLIG. NEG. PYMES
FDS1L,59510,AR0691239963,14-OBLIG. NEG. PYMES
FDX,8101,ARDEUT110962,23-CEDEARS
FDXB,8101,ARDEUT110962,23-CEDEARS
FDXC,8101,ARDEUT110962,23-CEDEARS
FDXD,8101,ARDEUT110962,23-CEDEARS
FERR,424,ARP395611576,01-ACCIONES PRIVADAS
FERRB,424,ARP395611576,01-ACCIONES PRIVADAS
FIPL,443,ARP416191426,01-ACCIONES PRIVADAS
FIPLB,443,ARP416191426,01-ACCIONES PRIVADAS
FISV,8739,AR0997854325,23-CEDEARS
FISVC,8739,AR0997854325,23-CEDEARS
FISVD,8739,AR0997854325,23-CEDEARS
FMCC,8238,ARDEUT112323,23-CEDEARS
FMX,8191,ARDEUT111853,23-CEDEARS
FMX.B,8191,ARDEUT111853,23-CEDEARS
FMXC,8191,ARDEUT111853,23-CEDEARS
FMXD,8191,ARDEUT111853,23-CEDEARS
FN1BP,56927,ARFEDN560021,14-OBLIG. NEG. PYMES
FNMA,8102,ARDEUT110970,23-CEDEARS
FO4AC,59139,AR0854004584,05-OBLI. NEGOCIABLES
FO4AD,59139,AR0854004584,05-OBLI. NEGOCIABLES
FO4AO,59139,AR0854004584,05-OBLI. NEGOCIABLES
FO4AX,59139,AR0854004584,05-OBLI. NEGOCIABLES
FO4AY,59139,AR0854004584,05-OBLI. NEGOCIABLES
FO4AZ,59139,AR0854004584,05-OBLI. NEGOCIABLES
FO4BC,59140,AR0355002822,05-OBLI. NEGOCIABLES
FO4BD,59140,AR0355002822,05-OBLI. NEGOCIABLES
FO4BO,59140,AR0355002822,05-OBLI. NEGOCIABLES
FO4BX,59140,AR0355002822,05-OBLI. NEGOCIABLES
FO4BY,59140,AR0355002822,05-OBLI. NEGOCIABLES
FO4BZ,59140,AR0355002822,05-OBLI. NEGOCIABLES
FPC1C,58420,AR0285659717,05-OBLI. NEGOCIABLES
FPC1D,58420,AR0285659717,05-OBLI. NEGOCIABLES
FPC1O,58420,AR0285659717,05-OBLI. NEGOCIABLES
FPC1X,58420,AR0285659717,05-OBLI. NEGOCIABLES
FPC1Y,58420,AR0285659717,05-OBLI. NEGOCIABLES
FPC1Z,58420,AR0285659717,05-OBLI. NEGOCIABLES
FR20Q,57517,AR0837084265,20-CERTIF. PARTICIP.
FR21Q,57566,AR0687844339,20-CERTIF. PARTICIP.
FRABF,14036,ARBVAL620NC2,18-FONDOS INVERSION
FS1LC,59046,AR0395443226,14-OBLIG. NEG. PYMES
FS1LD,59046,AR0395443226,14-OBLIG. NEG. PYMES
FSLR,8439,ARDEUT116126,23-CEDEARS
FSLRB,8439,ARDEUT116126,23-CEDEARS
FSLRC,8439,ARDEUT116126,23-CEDEARS
FSLRD,8439,ARDEUT116126,23-CEDEARS
FSS1L,59046,AR0395443226,14-OBLIG. NEG. PYMES
FTL1C,58273,AR0469905985,05-OBLI. NEGOCIABLES
FTL1D,58273,AR0469905985,05-OBLI. NEGOCIABLES
FTL1O,58273,AR0469905985,05-OBLI. NEGOCIABLES
FTL1X,58273,AR0469905985,05-OBLI. NEGOCIABLES
FTL1Y,58273,AR0469905985,05-OBLI. NEGOCIABLES
FTL1Z,58273,AR0469905985,05-OBLI. NEGOCIABLES
FTM1C,58683,AR0498255774,05-OBLI. NEGOCIABLES
FTM1D,58683,AR0498255774,05-OBLI. NEGOCIABLES
FTM1O,58683,AR0498255774,05-OBLI. NEGOCIABLES
FTM1X,58683,AR0498255774,05-OBLI. NEGOCIABLES
FTM1Y,58683,AR0498255774,05-OBLI. NEGOCIABLES
FTM1Z,58683,AR0498255774,05-OBLI. NEGOCIABLES
FTN1C,59200,AR0436510025,05-OBLI. NEGOCIABLES
FTN1D,59200,AR0436510025,05-OBLI. NEGOCIABLES
FTN1O,59200,AR0436510025,05-OBLI. NEGOCIABLES
FTN1X,59200,AR0436510025,05-OBLI. NEGOCIABLES
FTN1Y,59200,AR0436510025,05-OBLI. NEGOCIABLES
FTN1Z,59200,AR0436510025,05-OBLI. NEGOCIABLES
FTN2C,59203,AR0558112105,05-OBLI. NEGOCIABLES
FTN2D,59203,AR0558112105,05-OBLI. NEGOCIABLES
FTN2O,59203,AR0558112105,05-OBLI. NEGOCIABLES
FTN2X,59203,AR0558112105,05-OBLI. NEGOCIABLES
FTN2Y,59203,AR0558112105,05-OBLI. NEGOCIABLES
FTN2Z,59203,AR0558112105,05-OBLI. NEGOCIABLES
FTN3C,59204,AR0937734157,05-OBLI. NEGOCIABLES
FTN3D,59204,AR0937734157,05-OBLI. NEGOCIABLES
FTN3O,59204,AR0937734157,05-OBLI. NEGOCIABLES
FTN3X,59204,AR0937734157,05-OBLI. NEGOCIABLES
FTN3Y,59204,AR0937734157,05-OBLI. NEGOCIABLES
FTN3Z,59204,AR0937734157,05-OBLI. NEGOCIABLES
FXI,8661,AR0033445195,23-CEDEARS
FXIC,8661,AR0033445195,23-CEDEARS
FXID,8661,AR0033445195,23-CEDEARS
FYC1C,59404,AR0766650987,05-OBLI. NEGOCIABLES
FYC1D,59404,AR0766650987,05-OBLI. NEGOCIABLES
FYC1O,59404,AR0766650987,05-OBLI. NEGOCIABLES
G11LC,59406,AR0873723412,14-OBLIG. NEG. PYMES
G11LD,59406,AR0873723412,14-OBLIG. NEG. PYMES
GA01A,57459,AR0464373999,19-TITULOS DE DEUDA
GA1AC,57459,AR0464373999,19-TITULOS DE DEUDA
GA1AD,57459,AR0464373999,19-TITULOS DE DEUDA
GAMI,30011,ARBOLG010010,01-ACCIONES PRIVADAS
GARO,480,ARP460221020,01-ACCIONES PRIVADAS
GB1LC,59029,AR0206230713,14-OBLIG. NEG. PYMES
GB1LD,59029,AR0206230713,14-OBLIG. NEG. PYMES
GBAN,67,ARGASB010027,01-ACCIONES PRIVADAS
GBS1L,59029,AR0206230713,14-OBLIG. NEG. PYMES
GCDI,30022,ARTGLT010015,01-ACCIONES PRIVADAS
GCDIC,30022,ARTGLT010015,01-ACCIONES PRIVADAS
GCDID,30022,ARTGLT010015,01-ACCIONES PRIVADAS
GCLA,30017,ARGCLA010015,01-ACCIONES PRIVADAS
GCLAB,30017,ARGCLA010015,01-ACCIONES PRIVADAS
GCLAC,30017,ARGCLA010015,01-ACCIONES PRIVADAS
GD29,81274,US040114HX11,03-TITULOS PUBLICOS
GD29C,81274,US040114HX11,03-TITULOS PUBLICOS
GD29D,81274,US040114HX11,03-TITULOS PUBLICOS
GD29X,81274,US040114HX11,03-TITULOS PUBLICOS
GD29Y,81274,US040114HX11,03-TITULOS PUBLICOS
GD29Z,81274,US040114HX11,03-TITULOS PUBLICOS
GD30,81086,US040114HS26,03-TITULOS PUBLICOS
GD30C,81086,US040114HS26,03-TITULOS PUBLICOS
GD30D,81086,US040114HS26,03-TITULOS PUBLICOS
GD30X,81086,US040114HS26,03-TITULOS PUBLICOS
GD30Y,81086,US040114HS26,03-TITULOS PUBLICOS
GD30Z,81086,US040114HS26,03-TITULOS PUBLICOS
GD35,81088,US040114HT09,03-TITULOS PUBLICOS
GD35C,81088,US040114HT09,03-TITULOS PUBLICOS
GD35D,81088,US040114HT09,03-TITULOS PUBLICOS
GD35X,81088,US040114HT09,03-TITULOS PUBLICOS
GD35Y,81088,US040114HT09,03-TITULOS PUBLICOS
GD35Z,81088,US040114HT09,03-TITULOS PUBLICOS
GD38,81090,US040114HU71,03-TITULOS PUBLICOS
GD38C,81090,US040114HU71,03-TITULOS PUBLICOS
GD38D,81090,US040114HU71,03-TITULOS PUBLICOS
GD38X,81090,US040114HU71,03-TITULOS PUBLICOS
GD38Y,81090,US040114HU71,03-TITULOS PUBLICOS
GD38Z,81090,US040114HU71,03-TITULOS PUBLICOS
GD41,81092,US040114HV54,03-TITULOS PUBLICOS
GD41C,81092,US040114HV54,03-TITULOS PUBLICOS
GD41D,81092,US040114HV54,03-TITULOS PUBLICOS
GD41X,81092,US040114HV54,03-TITULOS PUBLICOS
GD41Y,81092,US040114HV54,03-TITULOS PUBLICOS
GD41Z,81092,US040114HV54,03-TITULOS PUBLICOS
GD46,81093,US040114HW38,03-TITULOS PUBLICOS
GD46C,81093,US040114HW38,03-TITULOS PUBLICOS
GD46D,81093,US040114HW38,03-TITULOS PUBLICOS
GD46X,81093,US040114HW38,03-TITULOS PUBLICOS
GD46Y,81093,US040114HW38,03-TITULOS PUBLICOS
GD46Z,81093,US040114HW38,03-TITULOS PUBLICOS
GDX,8703,AR0727034941,23-CEDEARS
GDXC,8703,AR0727034941,23-CEDEARS
GDXD,8703,AR0727034941,23-CEDEARS
GE,8020,ARDEUT110160,23-CEDEARS
GE..B,8020,ARDEUT110160,23-CEDEARS
GE02C,58679,AR0790025461,19-TITULOS DE DEUDA
GE03A,58993,AR0937138490,19-TITULOS DE DEUDA
GE03B,58994,AR0927491669,19-TITULOS DE DEUDA
GE04A,59358,AR0341959408,19-TITULOS DE DEUDA
GE04B,59359,AR0987957708,19-TITULOS DE DEUDA
GE11L,59406,AR0873723412,14-OBLIG. NEG. PYMES
GE22P,56861,ARGEOR560031,14-OBLIG. NEG. PYMES
GE29,81276,XS2200244072,03-TITULOS PUBLICOS
GE29C,81276,XS2200244072,03-TITULOS PUBLICOS
GE29D,81276,XS2200244072,03-TITULOS PUBLICOS
GE29X,81276,XS2200244072,03-TITULOS PUBLICOS
GE29Y,81276,XS2200244072,03-TITULOS PUBLICOS
GE29Z,81276,XS2200244072,03-TITULOS PUBLICOS
GE2LC,59508,AR0635958918,14-OBLIG. NEG. PYMES
GE2LD,59508,AR0635958918,14-OBLIG. NEG. PYMES
GE30,81094,XS2177363665,03-TITULOS PUBLICOS
GE30C,81094,XS2177363665,03-TITULOS PUBLICOS
GE30D,81094,XS2177363665,03-TITULOS PUBLICOS
GE30X,81094,XS2177363665,03-TITULOS PUBLICOS
GE30Y,81094,XS2177363665,03-TITULOS PUBLICOS
GE30Z,81094,XS2177363665,03-TITULOS PUBLICOS
GE35,81096,XS2177364390,03-TITULOS PUBLICOS
GE35C,81096,XS2177364390,03-TITULOS PUBLICOS
GE35D,81096,XS2177364390,03-TITULOS PUBLICOS
GE35X,81096,XS2177364390,03-TITULOS PUBLICOS
GE35Y,81096,XS2177364390,03-TITULOS PUBLICOS
GE35Z,81096,XS2177364390,03-TITULOS PUBLICOS
GE38,81098,XS2177365017,03-TITULOS PUBLICOS
GE38C,81098,XS2177365017,03-TITULOS PUBLICOS
GE38D,81098,XS2177365017,03-TITULOS PUBLICOS
GE38X,81098,XS2177365017,03-TITULOS PUBLICOS
GE38Y,81098,XS2177365017,03-TITULOS PUBLICOS
GE38Z,81098,XS2177365017,03-TITULOS PUBLICOS
GE41,81100,XS2177365363,03-TITULOS PUBLICOS
GE41C,81100,XS2177365363,03-TITULOS PUBLICOS
GE41D,81100,XS2177365363,03-TITULOS PUBLICOS
GE41X,81100,XS2177365363,03-TITULOS PUBLICOS
GE41Y,81100,XS2177365363,03-TITULOS PUBLICOS
GE41Z,81100,XS2177365363,03-TITULOS PUBLICOS
GE46,81101,XS2177365520,03-TITULOS PUBLICOS
GE46C,81101,XS2177365520,03-TITULOS PUBLICOS
GE46D,81101,XS2177365520,03-TITULOS PUBLICOS
GE46X,81101,XS2177365520,03-TITULOS PUBLICOS
GE46Y,81101,XS2177365520,03-TITULOS PUBLICOS
GE46Z,81101,XS2177365520,03-TITULOS PUBLICOS
GEC,8020,ARDEUT110160,23-CEDEARS
GED,8020,ARDEUT110160,23-CEDEARS
GED.B,8020,ARDEUT110160,23-CEDEARS
GES2L,59508,AR0635958918,14-OBLIG. NEG. PYMES
GEV,8743,AR0796715107,23-CEDEARS
GEVC,8743,AR0796715107,23-CEDEARS
GEVD,8743,AR0796715107,23-CEDEARS
GFI,8420,ARDEUT115425,23-CEDEARS
GGACB,534,ARP495251018,01-ACCIONES PRIVADAS
GGADB,534,ARP495251018,01-ACCIONES PRIVADAS
GGAL,534,ARP495251018,01-ACCIONES PRIVADAS
GGALB,534,ARP495251018,01-ACCIONES PRIVADAS
GGALC,534,ARP495251018,01-ACCIONES PRIVADAS
GGALD,534,ARP495251018,01-ACCIONES PRIVADAS
GGB,8509,ARBCOM460200,23-CEDEARS
GGBB,8509,ARBCOM460200,23-CEDEARS
GGBC,8509,ARBCOM460200,23-CEDEARS
GGBD,8509,ARBCOM460200,23-CEDEARS
GHS1C,59694,AR0730214993,05-OBLI. NEGOCIABLES
GHS1D,59694,AR0730214993,05-OBLI. NEGOCIABLES
GHS1M,59694,AR0730214993,05-OBLI. NEGOCIABLES
GI1LC,59610,AR0119895974,14-OBLIG. NEG. PYMES
GI1LD,59610,AR0119895974,14-OBLIG. NEG. PYMES
GILD,8473,ARBCOM4601C4,23-CEDEARS
GILDB,8473,ARBCOM4601C4,23-CEDEARS
GILDC,8473,ARBCOM4601C4,23-CEDEARS
GILDD,8473,ARBCOM4601C4,23-CEDEARS
GIS1L,59610,AR0119895974,14-OBLIG. NEG. PYMES
GK1BC,58006,AR0757084220,14-OBLIG. NEG. PYMES
GK1BD,58006,AR0757084220,14-OBLIG. NEG. PYMES
GK1BP,58006,AR0757084220,14-OBLIG. NEG. PYMES
GLD,8658,AR0082060689,23-CEDEARS
GLDB,8658,AR0082060689,23-CEDEARS
GLDC,8658,AR0082060689,23-CEDEARS
GLDCB,8658,AR0082060689,23-CEDEARS
GLDD,8658,AR0082060689,23-CEDEARS
GLDDB,8658,AR0082060689,23-CEDEARS
GLNG,8730,AR0051097142,23-CEDEARS
GLNGB,8730,AR0051097142,23-CEDEARS
GLNGC,8730,AR0051097142,23-CEDEARS
GLNGD,8730,AR0051097142,23-CEDEARS
GLOB,8499,ARBCOM460150,23-CEDEARS
GLOBB,8499,ARBCOM460150,23-CEDEARS
GLOBC,8499,ARBCOM460150,23-CEDEARS
GLOBD,8499,ARBCOM460150,23-CEDEARS
GLOCB,8499,ARBCOM460150,23-CEDEARS
GLODB,8499,ARBCOM460150,23-CEDEARS
GLW,8105,ARDEUT111002,23-CEDEARS
GLWC,8105,ARDEUT111002,23-CEDEARS
GLWD,8105,ARDEUT111002,23-CEDEARS
GM,8568,ARBCOM460408,23-CEDEARS
GM1LC,59719,AR0125771318,14-OBLIG. NEG. PYMES
GM1LD,59719,AR0125771318,14-OBLIG. NEG. PYMES
GMC,8568,ARBCOM460408,23-CEDEARS
GMCHC,55489,ARGEME5600G2,05-OBLI. NEGOCIABLES
GMCHD,55489,ARGEME5600G2,05-OBLI. NEGOCIABLES
GMCHO,55489,ARGEME5600G2,05-OBLI. NEGOCIABLES
GMCHX,55489,ARGEME5600G2,05-OBLI. NEGOCIABLES
GMCHY,55489,ARGEME5600G2,05-OBLI. NEGOCIABLES
GMCHZ,55489,ARGEME5600G2,05-OBLI. NEGOCIABLES
GMCIC,56147,ARGEME5600J6,05-OBLI. NEGOCIABLES
GMCID,56147,ARGEME5600J6,05-OBLI. NEGOCIABLES
GMCIO,56147,ARGEME5600J6,05-OBLI. NEGOCIABLES
GMCIX,56147,ARGEME5600J6,05-OBLI. NEGOCIABLES
GMCIZ,56147,ARGEME5600J6,05-OBLI. NEGOCIABLES
GMCJC,56148,ARGEME5600K4,05-OBLI. NEGOCIABLES
GMCJD,56148,ARGEME5600K4,05-OBLI. NEGOCIABLES
GMCJO,56148,ARGEME5600K4,05-OBLI. NEGOCIABLES
GMCJX,56148,ARGEME5600K4,05-OBLI. NEGOCIABLES
GMCJY,56148,ARGEME5600K4,05-OBLI. NEGOCIABLES
GMCJZ,56148,ARGEME5600K4,05-OBLI. NEGOCIABLES
GMCKC,56149,ARGEME5600L2,05-OBLI. NEGOCIABLES
GMCKD,56149,ARGEME5600L2,05-OBLI. NEGOCIABLES
GMCKO,56149,ARGEME5600L2,05-OBLI. NEGOCIABLES
GMCKX,56149,ARGEME5600L2,05-OBLI. NEGOCIABLES
GMCKY,56149,ARGEME5600L2,05-OBLI. NEGOCIABLES
GMCKZ,56149,ARGEME5600L2,05-OBLI. NEGOCIABLES
GMD,8568,ARBCOM460408,23-CEDEARS
GMS1L,59719,AR0125771318,14-OBLIG. NEG. PYMES
GN36C,55872,AREMGA5600O4,05-OBLI. NEGOCIABLES
GN36D,55872,AREMGA5600O4,05-OBLI. NEGOCIABLES
GN36O,55872,AREMGA5600O4,05-OBLI. NEGOCIABLES
GN36X,55872,AREMGA5600O4,05-OBLI. NEGOCIABLES
GN36Y,55872,AREMGA5600O4,05-OBLI. NEGOCIABLES
GN36Z,55872,AREMGA5600O4,05-OBLI. NEGOCIABLES
GN37C,56574,AREMGA5600P1,05-OBLI. NEGOCIABLES
GN37D,56574,AREMGA5600P1,05-OBLI. NEGOCIABLES
GN37O,56574,AREMGA5600P1,05-OBLI. NEGOCIABLES
GN37X,56574,AREMGA5600P1,05-OBLI. NEGOCIABLES
GN37Y,56574,AREMGA5600P1,05-OBLI. NEGOCIABLES
GN37Z,56574,AREMGA5600P1,05-OBLI. NEGOCIABLES
GN38C,56837,AREMGA5600Q9,05-OBLI. NEGOCIABLES
GN38D,56837,AREMGA5600Q9,05-OBLI. NEGOCIABLES
GN38O,56837,AREMGA5600Q9,05-OBLI. NEGOCIABLES
GN38X,56837,AREMGA5600Q9,05-OBLI. NEGOCIABLES
GN38Y,56837,AREMGA5600Q9,05-OBLI. NEGOCIABLES
GN38Z,56837,AREMGA5600Q9,05-OBLI. NEGOCIABLES
GN39C,57194,AREMGA5600R7,05-OBLI. NEGOCIABLES
GN39D,57194,AREMGA5600R7,05-OBLI. NEGOCIABLES
GN39O,57194,AREMGA5600R7,05-OBLI. NEGOCIABLES
GN39X,57194,AREMGA5600R7,05-OBLI. NEGOCIABLES
GN39Y,57194,AREMGA5600R7,05-OBLI. NEGOCIABLES
GN39Z,57194,AREMGA5600R7,05-OBLI. NEGOCIABLES
GN42C,57479,AR0329026279,05-OBLI. NEGOCIABLES
GN42D,57479,AR0329026279,05-OBLI. NEGOCIABLES
GN42O,57479,AR0329026279,05-OBLI. NEGOCIABLES
GN42X,57479,AR0329026279,05-OBLI. NEGOCIABLES
GN42Y,57479,AR0329026279,05-OBLI. NEGOCIABLES
GN42Z,57479,AR0329026279,05-OBLI. NEGOCIABLES
GN43C,57644,AR0667572231,05-OBLI. NEGOCIABLES
GN43D,57644,AR0667572231,05-OBLI. NEGOCIABLES
GN43O,57644,AR0667572231,05-OBLI. NEGOCIABLES
GN43X,57644,AR0667572231,05-OBLI. NEGOCIABLES
GN43Y,57644,AR0667572231,05-OBLI. NEGOCIABLES
GN43Z,57644,AR0667572231,05-OBLI. NEGOCIABLES
GN47C,58140,AR0341140462,05-OBLI. NEGOCIABLES
GN47D,58140,AR0341140462,05-OBLI. NEGOCIABLES
GN47O,58140,AR0341140462,05-OBLI. NEGOCIABLES
GN47X,58140,AR0341140462,05-OBLI. NEGOCIABLES
GN47Y,58140,AR0341140462,05-OBLI. NEGOCIABLES
GN47Z,58140,AR0341140462,05-OBLI. NEGOCIABLES
GN48C,58507,AR0580434501,05-OBLI. NEGOCIABLES
GN48D,58507,AR0580434501,05-OBLI. NEGOCIABLES
GN48O,58507,AR0580434501,05-OBLI. NEGOCIABLES
GN48X,58507,AR0580434501,05-OBLI. NEGOCIABLES
GN48Y,58507,AR0580434501,05-OBLI. NEGOCIABLES
GN48Z,58507,AR0580434501,05-OBLI. NEGOCIABLES
GN49C,84883,USP46756BQ76,05-OBLI. NEGOCIABLES
GN49D,84883,USP46756BQ76,05-OBLI. NEGOCIABLES
GN49O,84883,USP46756BQ76,05-OBLI. NEGOCIABLES
GN49X,84883,USP46756BQ76,05-OBLI. NEGOCIABLES
GN49Y,84883,USP46756BQ76,05-OBLI. NEGOCIABLES
GN49Z,84883,USP46756BQ76,05-OBLI. NEGOCIABLES
GNCXO,81993,USP46756BA25,05-OBLI. NEGOCIABLES
GOC1C,56904,ARGELI560019,05-OBLI. NEGOCIABLES
GOC1D,56904,ARGELI560019,05-OBLI. NEGOCIABLES
GOC1O,56904,ARGELI560019,05-OBLI. NEGOCIABLES
GOC1X,56904,ARGELI560019,05-OBLI. NEGOCIABLES
GOC1Y,56904,ARGELI560019,05-OBLI. NEGOCIABLES
GOC1Z,56904,ARGELI560019,05-OBLI. NEGOCIABLES
GOC3C,56906,ARGELI560027,05-OBLI. NEGOCIABLES
GOC3D,56906,ARGELI560027,05-OBLI. NEGOCIABLES
GOC3O,56906,ARGELI560027,05-OBLI. NEGOCIABLES
GOC3X,56906,ARGELI560027,05-OBLI. NEGOCIABLES
GOC3Y,56906,ARGELI560027,05-OBLI. NEGOCIABLES
GOC3Z,56906,ARGELI560027,05-OBLI. NEGOCIABLES
GOC4C,58159,AR0855924731,05-OBLI. NEGOCIABLES
GOC4D,58159,AR0855924731,05-OBLI. NEGOCIABLES
GOC4O,58159,AR0855924731,05-OBLI. NEGOCIABLES
GOGLB,8442,ARDEUT116159,23-CEDEARS
GOGLC,8442,ARDEUT116159,23-CEDEARS
GOGLD,8442,ARDEUT116159,23-CEDEARS
GOOGL,8442,ARDEUT116159,23-CEDEARS
GP1MC,59298,AR0509776792,14-OBLIG. NEG. PYMES
GP1MD,59298,AR0509776792,14-OBLIG. NEG. PYMES
GPRK,8535,ARBCOM4603F3,23-CEDEARS
GPRKB,8535,ARBCOM4603F3,23-CEDEARS
GPRKC,8535,ARBCOM4603F3,23-CEDEARS
GPRKD,8535,ARBCOM4603F3,23-CEDEARS
GPS1M,59298,AR0509776792,14-OBLIG. NEG. PYMES
GRIM,526,ARP493071046,01-ACCIONES PRIVADAS
GRMN,8487,ARBCOM4601G5,23-CEDEARS
GRMNC,8487,ARBCOM4601G5,23-CEDEARS
GRMND,8487,ARBCOM4601G5,23-CEDEARS
GS,8494,ARBCOM460119,23-CEDEARS
GSB,8494,ARBCOM460119,23-CEDEARS
GSC,8494,ARBCOM460119,23-CEDEARS
GSCB,8494,ARBCOM460119,23-CEDEARS
GSD,8494,ARBCOM460119,23-CEDEARS
GSDB,8494,ARBCOM460119,23-CEDEARS
GSK,8052,ARDEUT110483,23-CEDEARS
GSKC,8052,ARDEUT110483,23-CEDEARS
GSKD,8052,ARDEUT110483,23-CEDEARS
GSS1F,24571,ARBVAL6228Q5,18-FONDOS INVERSION
GT,8649,AR0539172129,23-CEDEARS
GTC,8649,AR0539172129,23-CEDEARS
GTD,8649,AR0539172129,23-CEDEARS
GU01A,59426,AR0458486138,19-TITULOS DE DEUDA
GU01B,59427,AR0559277113,19-TITULOS DE DEUDA
GU01Q,59428,AR0298334050,20-CERTIF. PARTICIP.
GW86F,14516,ARBVAL6211Y5,18-FONDOS INVERSION
GYC3C,56900,ARENEY560035,05-OBLI. NEGOCIABLES
GYC3D,56900,ARENEY560035,05-OBLI. NEGOCIABLES
GYC3O,56900,ARENEY560035,05-OBLI. NEGOCIABLES
GYC3X,56900,ARENEY560035,05-OBLI. NEGOCIABLES
GYC3Y,56900,ARENEY560035,05-OBLI. NEGOCIABLES
GYC3Z,56900,ARENEY560035,05-OBLI. NEGOCIABLES
GYC4C,58187,AR0361594168,05-OBLI. NEGOCIABLES
GYC4D,58187,AR0361594168,05-OBLI. NEGOCIABLES
GYC4O,58187,AR0361594168,05-OBLI. NEGOCIABLES
GYC5C,58483,AR0253143579,05-OBLI. NEGOCIABLES
GYC5D,58483,AR0253143579,05-OBLI. NEGOCIABLES
GYC5O,58483,AR0253143579,05-OBLI. NEGOCIABLES
H11LC,58933,AR0314624591,14-OBLIG. NEG. PYMES
H11LD,58933,AR0314624591,14-OBLIG. NEG. PYMES
H11MC,58836,AR0089061755,05-OBLI. NEGOCIABLES
H11MD,58836,AR0089061755,05-OBLI. NEGOCIABLES
H12LC,58934,AR0593197517,14-OBLIG. NEG. PYMES
H12LD,58934,AR0593197517,14-OBLIG. NEG. PYMES
HA11L,58933,AR0314624591,14-OBLIG. NEG. PYMES
HA11M,59017,AR0576491192,14-OBLIG. NEG. PYMES
HA11P,58281,AR0904052781,14-OBLIG. NEG. PYMES
HA12L,58934,AR0593197517,14-OBLIG. NEG. PYMES
HA1MC,59017,AR0576491192,14-OBLIG. NEG. PYMES
HA1MD,59017,AR0576491192,14-OBLIG. NEG. PYMES
HAL,8536,ARBCOM4603E6,23-CEDEARS
HALB,8536,ARBCOM4603E6,23-CEDEARS
HALC,8536,ARBCOM4603E6,23-CEDEARS
HALD,8536,ARBCOM4603E6,23-CEDEARS
HAP3C,8613,ARCAVA460206,23-CEDEARS
HAP3D,8613,ARCAVA460206,23-CEDEARS
HAPV3,8613,ARCAVA460206,23-CEDEARS
HARG,733,ARP6806N1051,01-ACCIONES PRIVADAS
HARGB,733,ARP6806N1051,01-ACCIONES PRIVADAS
HARGC,733,ARP6806N1051,01-ACCIONES PRIVADAS
HARGD,733,ARP6806N1051,01-ACCIONES PRIVADAS
HAVA,30037,ARHAVH300038,01-ACCIONES PRIVADAS
HAVAD,30037,ARHAVH300038,01-ACCIONES PRIVADAS
HBCBC,59004,AR0866487363,05-OBLI. NEGOCIABLES
HBCBD,59004,AR0866487363,05-OBLI. NEGOCIABLES
HBCBO,59004,AR0866487363,05-OBLI. NEGOCIABLES
HBCBX,59004,AR0866487363,05-OBLI. NEGOCIABLES
HBCBY,59004,AR0866487363,05-OBLI. NEGOCIABLES
HBCBZ,59004,AR0866487363,05-OBLI. NEGOCIABLES
HBCDC,59005,AR0151686091,05-OBLI. NEGOCIABLES
HBCDD,59005,AR0151686091,05-OBLI. NEGOCIABLES
HBCDO,59005,AR0151686091,05-OBLI. NEGOCIABLES
HBCDX,59005,AR0151686091,05-OBLI. NEGOCIABLES
HBCDY,59005,AR0151686091,05-OBLI. NEGOCIABLES
HBCDZ,59005,AR0151686091,05-OBLI. NEGOCIABLES
HBCEC,59191,AR0258941928,05-OBLI. NEGOCIABLES
HBCED,59191,AR0258941928,05-OBLI. NEGOCIABLES
HBCEO,59191,AR0258941928,05-OBLI. NEGOCIABLES
HBCEX,59191,AR0258941928,05-OBLI. NEGOCIABLES
HBCEY,59191,AR0258941928,05-OBLI. NEGOCIABLES
HBCEZ,59191,AR0258941928,05-OBLI. NEGOCIABLES
HBCFC,59192,AR0325357397,05-OBLI. NEGOCIABLES
HBCFD,59192,AR0325357397,05-OBLI. NEGOCIABLES
HBCFO,59192,AR0325357397,05-OBLI. NEGOCIABLES
HBCFX,59192,AR0325357397,05-OBLI. NEGOCIABLES
HBCFY,59192,AR0325357397,05-OBLI. NEGOCIABLES
HBCFZ,59192,AR0325357397,05-OBLI. NEGOCIABLES
HBCGC,59665,AR0036470588,05-OBLI. NEGOCIABLES
HBCGD,59665,AR0036470588,05-OBLI. NEGOCIABLES
HBCGO,59665,AR0036470588,05-OBLI. NEGOCIABLES
HBCGX,59665,AR0036470588,05-OBLI. NEGOCIABLES
HBCGY,59665,AR0036470588,05-OBLI. NEGOCIABLES
HBCGZ,59665,AR0036470588,05-OBLI. NEGOCIABLES
HD,8176,ARDEUT111705,23-CEDEARS
HD..B,8176,ARDEUT111705,23-CEDEARS
HDB,8368,ARDEUT114022,23-CEDEARS
HDBC,8368,ARDEUT114022,23-CEDEARS
HDC,8176,ARDEUT111705,23-CEDEARS
HDD,8176,ARDEUT111705,23-CEDEARS
HG21P,58060,AR0227932784,14-OBLIG. NEG. PYMES
HG22P,58061,AR0348369007,14-OBLIG. NEG. PYMES
HHPD,8412,ARDEUT115342,23-CEDEARS
HIMS,8733,AR0162508391,23-CEDEARS
HIMSC,8733,AR0162508391,23-CEDEARS
HIMSD,8733,AR0162508391,23-CEDEARS
HIS1C,57355,ARSILO560013,14-OBLIG. NEG. PYMES
HIS1D,57355,ARSILO560013,14-OBLIG. NEG. PYMES
HIS1P,57355,ARSILO560013,14-OBLIG. NEG. PYMES
HJCFC,58138,AR0594233345,05-OBLI. NEGOCIABLES
HJCFD,58138,AR0594233345,05-OBLI. NEGOCIABLES
HJCFO,58138,AR0594233345,05-OBLI. NEGOCIABLES
HJCFX,58138,AR0594233345,05-OBLI. NEGOCIABLES
HJCFY,58138,AR0594233345,05-OBLI. NEGOCIABLES
HJCFZ,58138,AR0594233345,05-OBLI. NEGOCIABLES
HJCGC,58139,AR0756895030,05-OBLI. NEGOCIABLES
HJCGD,58139,AR0756895030,05-OBLI. NEGOCIABLES
HJCGO,58139,AR0756895030,05-OBLI. NEGOCIABLES
HJCGX,58139,AR0756895030,05-OBLI. NEGOCIABLES
HJCGY,58139,AR0756895030,05-OBLI. NEGOCIABLES
HJCGZ,58139,AR0756895030,05-OBLI. NEGOCIABLES
HJCHC,58387,AR0262204990,05-OBLI. NEGOCIABLES
HJCHD,58387,AR0262204990,05-OBLI. NEGOCIABLES
HJCHO,58387,AR0262204990,05-OBLI. NEGOCIABLES
HJCHX,58387,AR0262204990,05-OBLI. NEGOCIABLES
HJCHY,58387,AR0262204990,05-OBLI. NEGOCIABLES
HJCHZ,58387,AR0262204990,05-OBLI. NEGOCIABLES
HJCIC,58650,AR0861451372,05-OBLI. NEGOCIABLES
HJCID,58650,AR0861451372,05-OBLI. NEGOCIABLES
HJCIO,58650,AR0861451372,05-OBLI. NEGOCIABLES
HJCIX,58650,AR0861451372,05-OBLI. NEGOCIABLES
HJCIY,58650,AR0861451372,05-OBLI. NEGOCIABLES
HJCIZ,58650,AR0861451372,05-OBLI. NEGOCIABLES
HJCJC,58795,AR0924785071,05-OBLI. NEGOCIABLES
HJCJD,58795,AR0924785071,05-OBLI. NEGOCIABLES
HJCJO,58795,AR0924785071,05-OBLI. NEGOCIABLES
HJCJX,58795,AR0924785071,05-OBLI. NEGOCIABLES
HJCJY,58795,AR0924785071,05-OBLI. NEGOCIABLES
HJCJZ,58795,AR0924785071,05-OBLI. NEGOCIABLES
HJCKC,59130,AR0021407595,05-OBLI. NEGOCIABLES
HJCKD,59130,AR0021407595,05-OBLI. NEGOCIABLES
HJCKO,59130,AR0021407595,05-OBLI. NEGOCIABLES
HJCKX,59130,AR0021407595,05-OBLI. NEGOCIABLES
HJCKY,59130,AR0021407595,05-OBLI. NEGOCIABLES
HJCKZ,59130,AR0021407595,05-OBLI. NEGOCIABLES
HJCLC,59472,AR0438063809,05-OBLI. NEGOCIABLES
HJCLD,59472,AR0438063809,05-OBLI. NEGOCIABLES
HJCLO,59472,AR0438063809,05-OBLI. NEGOCIABLES
HJCLX,59472,AR0438063809,05-OBLI. NEGOCIABLES
HJCLY,59472,AR0438063809,05-OBLI. NEGOCIABLES
HJCLZ,59472,AR0438063809,05-OBLI. NEGOCIABLES
HL,8419,ARDEUT115417,23-CEDEARS
HL1LC,59523,AR0346344135,14-OBLIG. NEG. PYMES
HL1LD,59523,AR0346344135,14-OBLIG. NEG. PYMES
HLC,8419,ARDEUT115417,23-CEDEARS
HLD,8419,ARDEUT115417,23-CEDEARS
HLS1L,59523,AR0346344135,14-OBLIG. NEG. PYMES
HMC,8291,ARDEUT112950,23-CEDEARS
HMC.C,8291,ARDEUT112950,23-CEDEARS
HMC.D,8291,ARDEUT112950,23-CEDEARS
HMY,8421,ARDEUT115433,23-CEDEARS
HMY.B,8421,ARDEUT115433,23-CEDEARS
HMYC,8421,ARDEUT115433,23-CEDEARS
HMYD,8421,ARDEUT115433,23-CEDEARS
HN11L,59184,AR0794796109,05-OBLI. NEGOCIABLES
HN1LC,59184,AR0794796109,05-OBLI. NEGOCIABLES
HN1LD,59184,AR0794796109,05-OBLI. NEGOCIABLES
HOG,8111,ARDEUT111069,23-CEDEARS
HON,8008,ARDEUT110038,23-CEDEARS
HON.B,8008,ARDEUT110038,23-CEDEARS
HONC,8008,ARDEUT110038,23-CEDEARS
HOND,8008,ARDEUT110038,23-CEDEARS
HOOD,8709,AR0780848096,23-CEDEARS
HOODC,8709,AR0780848096,23-CEDEARS
HOODD,8709,AR0780848096,23-CEDEARS
HPQ,8023,ARDEUT110194,23-CEDEARS
HPQB,8023,ARDEUT110194,23-CEDEARS
HPQC,8023,ARDEUT110194,23-CEDEARS
HPQD,8023,ARDEUT110194,23-CEDEARS
HSAT,30062,AR0956262361,01-ACCIONES PRIVADAS
HSATC,30062,AR0956262361,01-ACCIONES PRIVADAS
HSATD,30062,AR0956262361,01-ACCIONES PRIVADAS
HSBC,8231,ARDEUT112257,23-CEDEARS
HSBCC,8231,ARDEUT112257,23-CEDEARS
HSY,8117,ARDEUT111127,23-CEDEARS
HSYB,8117,ARDEUT111127,23-CEDEARS
HSYC,8117,ARDEUT111127,23-CEDEARS
HSYD,8117,ARDEUT111127,23-CEDEARS
HT11M,58836,AR0089061755,05-OBLI. NEGOCIABLES
HT2MC,59539,AR0127589254,05-OBLI. NEGOCIABLES
HT2MD,59539,AR0127589254,05-OBLI. NEGOCIABLES
HTS2M,59539,AR0127589254,05-OBLI. NEGOCIABLES
HUT,8584,ARCAVA4601H5,23-CEDEARS
HUTB,8584,ARCAVA4601H5,23-CEDEARS
HUTC,8584,ARCAVA4601H5,23-CEDEARS
HUTD,8584,ARCAVA4601H5,23-CEDEARS
HVS1C,58775,AR0105218975,05-OBLI. NEGOCIABLES
HVS1D,58775,AR0105218975,05-OBLI. NEGOCIABLES
HVS1O,58775,AR0105218975,05-OBLI. NEGOCIABLES
HVS1X,58775,AR0105218975,05-OBLI. NEGOCIABLES
HVS1Y,58775,AR0105218975,05-OBLI. NEGOCIABLES
HVS1Z,58775,AR0105218975,05-OBLI. NEGOCIABLES
HWM,8007,ARDEUT110020,23-CEDEARS
HWMC,8007,ARDEUT110020,23-CEDEARS
HWMD,8007,ARDEUT110020,23-CEDEARS
I12LC,58792,AR0734800490,05-OBLI. NEGOCIABLES
I12LD,58792,AR0734800490,05-OBLI. NEGOCIABLES
I22LC,59272,AR0291704481,05-OBLI. NEGOCIABLES
I22LD,59272,AR0291704481,05-OBLI. NEGOCIABLES
IB01Q,58990,AR0170223322,20-CERTIF. PARTICIP.
IB1QD,58990,AR0170223322,20-CERTIF. PARTICIP.
IBB,8663,AR0377480402,23-CEDEARS
IBBC,8663,AR0377480402,23-CEDEARS
IBBD,8663,AR0377480402,23-CEDEARS
IBICB,8660,AR0626566167,23-CEDEARS
IBIDB,8660,AR0626566167,23-CEDEARS
IBIT,8660,AR0626566167,23-CEDEARS
IBITB,8660,AR0626566167,23-CEDEARS
IBITC,8660,AR0626566167,23-CEDEARS
IBITD,8660,AR0626566167,23-CEDEARS
IBKR,8750,AR0479909407,23-CEDEARS
IBKRC,8750,AR0479909407,23-CEDEARS
IBKRD,8750,AR0479909407,23-CEDEARS
IBM,8024,ARDEUT110202,23-CEDEARS
IBM.B,8024,ARDEUT110202,23-CEDEARS
IBMC,8024,ARDEUT110202,23-CEDEARS
IBMD,8024,ARDEUT110202,23-CEDEARS
IBMDB,8024,ARDEUT110202,23-CEDEARS
IBN,8370,ARDEUT114048,23-CEDEARS
IBNC,8370,ARDEUT114048,23-CEDEARS
IC2BP,57099,ARINSG560045,14-OBLIG. NEG. PYMES
ICBPC,57099,ARINSG560045,14-OBLIG. NEG. PYMES
ICBPD,57099,ARINSG560045,14-OBLIG. NEG. PYMES
ICC6C,59447,AR0529985522,05-OBLI. NEGOCIABLES
ICC6D,59447,AR0529985522,05-OBLI. NEGOCIABLES
ICC6O,59447,AR0529985522,05-OBLI. NEGOCIABLES
ICC6X,59447,AR0529985522,05-OBLI. NEGOCIABLES
ICC6Y,59447,AR0529985522,05-OBLI. NEGOCIABLES
ICC6Z,59447,AR0529985522,05-OBLI. NEGOCIABLES
ICC8C,59683,AR0890074054,05-OBLI. NEGOCIABLES
ICC8D,59683,AR0890074054,05-OBLI. NEGOCIABLES
ICC8O,59683,AR0890074054,05-OBLI. NEGOCIABLES
ICC8X,59683,AR0890074054,05-OBLI. NEGOCIABLES
ICC8Y,59683,AR0890074054,05-OBLI. NEGOCIABLES
ICC8Z,59683,AR0890074054,05-OBLI. NEGOCIABLES
ICC9C,59684,AR0780343197,05-OBLI. NEGOCIABLES
ICC9D,59684,AR0780343197,05-OBLI. NEGOCIABLES
ICC9O,59684,AR0780343197,05-OBLI. NEGOCIABLES
ICC9X,59684,AR0780343197,05-OBLI. NEGOCIABLES
ICC9Y,59684,AR0780343197,05-OBLI. NEGOCIABLES
ICC9Z,59684,AR0780343197,05-OBLI. NEGOCIABLES
ICLN,8723,AR0342969240,23-CEDEARS
ICLNC,8723,AR0342969240,23-CEDEARS
ICLND,8723,AR0342969240,23-CEDEARS
ID1LC,59630,AR0109381761,14-OBLIG. NEG. PYMES
ID1LD,59630,AR0109381761,14-OBLIG. NEG. PYMES
IDS1L,59630,AR0109381761,14-OBLIG. NEG. PYMES
IE01Q,59388,AR0772928708,20-CERTIF. PARTICIP.
IE1MC,59628,AR0113044645,05-OBLI. NEGOCIABLES
IE1MD,59628,AR0113044645,05-OBLI. NEGOCIABLES
IE1QD,59388,AR0772928708,20-CERTIF. PARTICIP.
IEB,342,ARP3594C1107,01-ACCIONES PRIVADAS
IEBA,30016,ARIEBA010047,01-ACCIONES PRIVADAS
IEBB,342,ARP3594C1107,01-ACCIONES PRIVADAS
IEBD,342,ARP3594C1107,01-ACCIONES PRIVADAS
IEMG,8701,AR0787089710,23-CEDEARS
IEMGC,8701,AR0787089710,23-CEDEARS
IEMGD,8701,AR0787089710,23-CEDEARS
IES1M,59628,AR0113044645,05-OBLI. NEGOCIABLES
IEUR,8662,AR0405465953,23-CEDEARS
IEURC,8662,AR0405465953,23-CEDEARS
IEURD,8662,AR0405465953,23-CEDEARS
IF12L,58792,AR0734800490,05-OBLI. NEGOCIABLES
IF22L,59272,AR0291704481,05-OBLI. NEGOCIABLES
IFF,8118,ARDEUT111135,23-CEDEARS
IFFC,8118,ARDEUT111135,23-CEDEARS
IFFD,8118,ARDEUT111135,23-CEDEARS
IJH,8689,AR0425509392,23-CEDEARS
IJHC,8689,AR0425509392,23-CEDEARS
IJHD,8689,AR0425509392,23-CEDEARS
ILF,8720,AR0872435588,23-CEDEARS
ILFC,8720,AR0872435588,23-CEDEARS
ILFD,8720,AR0872435588,23-CEDEARS
IM01A,58381,AR0790730151,19-TITULOS DE DEUDA
IM02A,58708,AR0141205564,19-TITULOS DE DEUDA
IN01Q,55105,ARCFAM4900V0,20-CERTIF. PARTICIP.
IN02Q,55470,ARCFAM4900W8,20-CERTIF. PARTICIP.
IN1LC,58744,AR0270301697,14-OBLIG. NEG. PYMES
IN1LD,58744,AR0270301697,14-OBLIG. NEG. PYMES
IN21C,59295,AR0341609979,14-OBLIG. NEG. PYMES
IN21D,59295,AR0341609979,14-OBLIG. NEG. PYMES
IN21L,59295,AR0341609979,14-OBLIG. NEG. PYMES
INAG,30010,ARINAG010041,27-ACCIONES PYMES
INFY,8360,ARDEUT113941,23-CEDEARS
INFYC,8360,ARDEUT113941,23-CEDEARS
ING,8199,ARDEUT111937,23-CEDEARS
INGC,8199,ARDEUT111937,23-CEDEARS
INGD,8199,ARDEUT111937,23-CEDEARS
INS1L,58744,AR0270301697,14-OBLIG. NEG. PYMES
INTC,8025,ARDEUT110210,23-CEDEARS
INTCB,8025,ARDEUT110210,23-CEDEARS
INTCC,8025,ARDEUT110210,23-CEDEARS
INTCD,8025,ARDEUT110210,23-CEDEARS
INTR,620,ARP577611352,01-ACCIONES PRIVADAS
INVJ,30024,ARINJU010010,01-ACCIONES PRIVADAS
IP,8026,ARDEUT110228,23-CEDEARS
IP01A,58003,AR0202943673,19-TITULOS DE DEUDA
IP11C,58586,AR0827072395,14-OBLIG. NEG. PYMES
IP11D,58586,AR0827072395,14-OBLIG. NEG. PYMES
IP11P,58586,AR0827072395,14-OBLIG. NEG. PYMES
IPC,8026,ARDEUT110228,23-CEDEARS
IPD,8026,ARDEUT110228,23-CEDEARS
IRCFC,82404,USP58809BH95,05-OBLI. NEGOCIABLES
IRCFD,82404,USP58809BH95,05-OBLI. NEGOCIABLES
IRCFO,82404,USP58809BH95,05-OBLI. NEGOCIABLES
IRCFX,82404,USP58809BH95,05-OBLI. NEGOCIABLES
IRCFY,82404,USP58809BH95,05-OBLI. NEGOCIABLES
IRCFZ,82404,USP58809BH95,05-OBLI. NEGOCIABLES
IRCJC,57596,AR0961375257,05-OBLI. NEGOCIABLES
IRCJD,57596,AR0961375257,05-OBLI. NEGOCIABLES
IRCJO,57596,AR0961375257,05-OBLI. NEGOCIABLES
IRCJX,57596,AR0961375257,05-OBLI. NEGOCIABLES
IRCJY,57596,AR0961375257,05-OBLI. NEGOCIABLES
IRCJZ,57596,AR0961375257,05-OBLI. NEGOCIABLES
IRCNC,58149,AR0275431465,05-OBLI. NEGOCIABLES
IRCND,58149,AR0275431465,05-OBLI. NEGOCIABLES
IRCNO,58149,AR0275431465,05-OBLI. NEGOCIABLES
IRCNX,58149,AR0275431465,05-OBLI. NEGOCIABLES
IRCNY,58149,AR0275431465,05-OBLI. NEGOCIABLES
IRCNZ,58149,AR0275431465,05-OBLI. NEGOCIABLES
IRCOC,58150,AR0084572384,05-OBLI. NEGOCIABLES
IRCOD,58150,AR0084572384,05-OBLI. NEGOCIABLES
IRCOO,58150,AR0084572384,05-OBLI. NEGOCIABLES
IRCOX,58150,AR0084572384,05-OBLI. NEGOCIABLES
IRCOY,58150,AR0084572384,05-OBLI. NEGOCIABLES
IRCOZ,58150,AR0084572384,05-OBLI. NEGOCIABLES
IRCPC,84313,USP58809BU07,05-OBLI. NEGOCIABLES
IRCPD,84313,USP58809BU07,05-OBLI. NEGOCIABLES
IRCPO,84313,USP58809BU07,05-OBLI. NEGOCIABLES
IRCPX,84313,USP58809BU07,05-OBLI. NEGOCIABLES
IRCPY,84313,USP58809BU07,05-OBLI. NEGOCIABLES
IRCPZ,84313,USP58809BU07,05-OBLI. NEGOCIABLES
IRCQC,59479,AR0336616088,05-OBLI. NEGOCIABLES
IRCQD,59479,AR0336616088,05-OBLI. NEGOCIABLES
IRCQO,59479,AR0336616088,05-OBLI. NEGOCIABLES
IRCQX,59479,AR0336616088,05-OBLI. NEGOCIABLES
IRCQY,59479,AR0336616088,05-OBLI. NEGOCIABLES
IRCQZ,59479,AR0336616088,05-OBLI. NEGOCIABLES
IREN,8715,AR0862704266,23-CEDEARS
IRENC,8715,AR0862704266,23-CEDEARS
IREND,8715,AR0862704266,23-CEDEARS
IRSA,633,ARP588091073,01-ACCIONES PRIVADAS
IRSAB,633,ARP588091073,01-ACCIONES PRIVADAS
IRSAC,633,ARP588091073,01-ACCIONES PRIVADAS
IRSAD,633,ARP588091073,01-ACCIONES PRIVADAS
ISG29,43083,AR0612049277,19-TITULOS DE DEUDA
ISG9C,43083,AR0612049277,19-TITULOS DE DEUDA
ISG9D,43083,AR0612049277,19-TITULOS DE DEUDA
ISRG,8650,AR0902369476,23-CEDEARS
ISRGC,8650,AR0902369476,23-CEDEARS
ISRGD,8650,AR0902369476,23-CEDEARS
IT1BC,57446,AR0988399165,14-OBLIG. NEG. PYMES
IT1BD,57446,AR0988399165,14-OBLIG. NEG. PYMES
IT1BP,57446,AR0988399165,14-OBLIG. NEG. PYMES
ITA,8707,AR0674108979,23-CEDEARS
ITAC,8707,AR0674108979,23-CEDEARS
ITAD,8707,AR0674108979,23-CEDEARS
ITU3C,8605,ARCAVA4601O1,23-CEDEARS
ITU3D,8605,ARCAVA4601O1,23-CEDEARS
ITUB,8514,ARBCOM460267,23-CEDEARS
ITUB3,8605,ARCAVA4601O1,23-CEDEARS
ITUBB,8514,ARBCOM460267,23-CEDEARS
ITUBC,8514,ARBCOM460267,23-CEDEARS
ITUBD,8514,ARBCOM460267,23-CEDEARS
IV01Q,55709,ARCFAM490100,20-CERTIF. PARTICIP.
IV02Q,56400,ARCFAM490118,20-CERTIF. PARTICIP.
IV03Q,57366,ARCFAM490142,20-CERTIF. PARTICIP.
IV04Q,57749,AR0191033940,20-CERTIF. PARTICIP.
IVE,8665,AR0864733115,23-CEDEARS
IVEC,8665,AR0864733115,23-CEDEARS
IVED,8665,AR0864733115,23-CEDEARS
IVV,8722,AR0218736103,23-CEDEARS
IVVC,8722,AR0218736103,23-CEDEARS
IVVD,8722,AR0218736103,23-CEDEARS
IVW,8666,AR0344353757,23-CEDEARS
IVWC,8666,AR0344353757,23-CEDEARS
IVWD,8666,AR0344353757,23-CEDEARS
IWDA,8704,AR0352918277,23-CEDEARS
IWDAC,8704,AR0352918277,23-CEDEARS
IWDAD,8704,AR0352918277,23-CEDEARS
IWM,8551,ARCAVA4600W6,23-CEDEARS
IWMB,8551,ARCAVA4600W6,23-CEDEARS
IWMC,8551,ARCAVA4600W6,23-CEDEARS
IWMD,8551,ARCAVA4600W6,23-CEDEARS
JCI,8169,ARDEUT111630,23-CEDEARS
JCIC,8169,ARDEUT111630,23-CEDEARS
JD,8505,ARBCOM4601Y8,23-CEDEARS
JDB,8505,ARBCOM4601Y8,23-CEDEARS
JDC,8505,ARBCOM4601Y8,23-CEDEARS
JDCB,8505,ARBCOM4601Y8,23-CEDEARS
JDD,8505,ARBCOM4601Y8,23-CEDEARS
JDDB,8505,ARBCOM4601Y8,23-CEDEARS
JE1LC,59585,AR0161106387,14-OBLIG. NEG. PYMES
JE1LD,59585,AR0161106387,14-OBLIG. NEG. PYMES
JES1L,59585,AR0161106387,14-OBLIG. NEG. PYMES
JMIA,8586,ARCAVA4601J1,23-CEDEARS
JMIAB,8586,ARCAVA4601J1,23-CEDEARS
JMIAC,8586,ARCAVA4601J1,23-CEDEARS
JMIAD,8586,ARCAVA4601J1,23-CEDEARS
JNC5C,58124,AR0809983775,05-OBLI. NEGOCIABLES
JNC5D,58124,AR0809983775,05-OBLI. NEGOCIABLES
JNC5O,58124,AR0809983775,05-OBLI. NEGOCIABLES
JNC5X,58124,AR0809983775,05-OBLI. NEGOCIABLES
JNC5Y,58124,AR0809983775,05-OBLI. NEGOCIABLES
JNC5Z,58124,AR0809983775,05-OBLI. NEGOCIABLES
JNC6C,58908,AR0959790582,05-OBLI. NEGOCIABLES
JNC6D,58908,AR0959790582,05-OBLI. NEGOCIABLES
JNC6O,58908,AR0959790582,05-OBLI. NEGOCIABLES
JNC6X,58908,AR0959790582,05-OBLI. NEGOCIABLES
JNC6Y,58908,AR0959790582,05-OBLI. NEGOCIABLES
JNC6Z,58908,AR0959790582,05-OBLI. NEGOCIABLES
JNC7C,59515,AR0284427983,05-OBLI. NEGOCIABLES
JNC7D,59515,AR0284427983,05-OBLI. NEGOCIABLES
JNC7O,59515,AR0284427983,05-OBLI. NEGOCIABLES
JNC7X,59515,AR0284427983,05-OBLI. NEGOCIABLES
JNC7Y,59515,AR0284427983,05-OBLI. NEGOCIABLES
JNC7Z,59515,AR0284427983,05-OBLI. NEGOCIABLES
JNJ,8027,ARDEUT110236,23-CEDEARS
JNJ.B,8027,ARDEUT110236,23-CEDEARS
JNJC,8027,ARDEUT110236,23-CEDEARS
JNJD,8027,ARDEUT110236,23-CEDEARS
JOS1C,58898,AR0746323762,14-OBLIG. NEG. PYMES
JOS1D,58898,AR0746323762,14-OBLIG. NEG. PYMES
JOS1P,58898,AR0746323762,14-OBLIG. NEG. PYMES
JOYY,8508,ARBCOM460242,23-CEDEARS
JOYYC,8508,ARBCOM460242,23-CEDEARS
JOYYD,8508,ARBCOM460242,23-CEDEARS
JPM,8028,ARDEUT110244,23-CEDEARS
JPMB,8028,ARDEUT110244,23-CEDEARS
JPMC,8028,ARDEUT110244,23-CEDEARS
JPMD,8028,ARDEUT110244,23-CEDEARS
JUM31,42509,ARJUJU320021,03-TITULOS PUBLICOS
JUS22,92637,XS1686882298,03-TITULOS PUBLICOS
JUS2C,92637,XS1686882298,03-TITULOS PUBLICOS
JUS2D,92637,XS1686882298,03-TITULOS PUBLICOS
K21MC,59659,AR0306099836,05-OBLI. NEGOCIABLES
K21MD,59659,AR0306099836,05-OBLI. NEGOCIABLES
K2S1M,59659,AR0306099836,05-OBLI. NEGOCIABLES
KB,8410,ARDEUT115268,23-CEDEARS
KBD,8410,ARDEUT115268,23-CEDEARS
KC1MC,59644,AR0749963267,14-OBLIG. NEG. PYMES
KC1MD,59644,AR0749963267,14-OBLIG. NEG. PYMES
KCS1M,59644,AR0749963267,14-OBLIG. NEG. PYMES
KEEL,8583,ARCAVA4601G7,23-CEDEARS
KEELB,8583,ARCAVA4601G7,23-CEDEARS
KEELC,8583,ARCAVA4601G7,23-CEDEARS
KEELD,8583,ARCAVA4601G7,23-CEDEARS
KEP,8409,ARDEUT115250,23-CEDEARS
KGC,8417,ARDEUT115391,23-CEDEARS
KGCC,8417,ARDEUT115391,23-CEDEARS
KGCD,8417,ARDEUT115391,23-CEDEARS
KLAC,8745,AR0664014096,23-CEDEARS
KLACC,8745,AR0664014096,23-CEDEARS
KLACD,8745,AR0664014096,23-CEDEARS
KMB,8122,ARDEUT111176,23-CEDEARS
KMBC,8122,ARDEUT111176,23-CEDEARS
KMBD,8122,ARDEUT111176,23-CEDEARS
KO,8006,ARDEUT110111,23-CEDEARS
KO..B,8006,ARDEUT110111,23-CEDEARS
KOC,8006,ARDEUT110111,23-CEDEARS
KOC.B,8006,ARDEUT110111,23-CEDEARS
KOD,8006,ARDEUT110111,23-CEDEARS
KOD.B,8006,ARDEUT110111,23-CEDEARS
KOFM,8401,ARDEUT115201,23-CEDEARS
KR1BC,58048,AR0058863363,14-OBLIG. NEG. PYMES
KR1BD,58048,AR0058863363,14-OBLIG. NEG. PYMES
KR1BP,58048,AR0058863363,14-OBLIG. NEG. PYMES
KYS1C,58375,AR0724814501,14-OBLIG. NEG. PYMES
KYS1D,58375,AR0724814501,14-OBLIG. NEG. PYMES
KYS1P,58375,AR0724814501,14-OBLIG. NEG. PYMES
L2O6C,43085,AR0884420297,13-LETRAS
L2O6D,43085,AR0884420297,13-LETRAS
LA21C,58303,AR0688125100,14-OBLIG. NEG. PYMES
LA21D,58303,AR0688125100,14-OBLIG. NEG. PYMES
LA21P,58303,AR0688125100,14-OBLIG. NEG. PYMES
LA23C,58304,AR0281082906,14-OBLIG. NEG. PYMES
LA23D,58304,AR0281082906,14-OBLIG. NEG. PYMES
LA23P,58304,AR0281082906,14-OBLIG. NEG. PYMES
LAC,8593,AR0925694561,23-CEDEARS
LACC,8593,AR0925694561,23-CEDEARS
LACD,8593,AR0925694561,23-CEDEARS
LAR,8651,AR0527954207,23-CEDEARS
LARC,8651,AR0527954207,23-CEDEARS
LARD,8651,AR0527954207,23-CEDEARS
LB2O6,43085,AR0884420297,13-LETRAS
LBO26,42969,AR0842826908,13-LETRAS
LBO6C,42969,AR0842826908,13-LETRAS
LBO6D,42969,AR0842826908,13-LETRAS
LBS26,43074,AR0672033211,13-LETRAS
LBS6C,43074,AR0672033211,13-LETRAS
LBS6D,43074,AR0672033211,13-LETRAS
LBS6X,43074,AR0672033211,13-LETRAS
LDCGC,58426,AR0079775596,05-OBLI. NEGOCIABLES
LDCGD,58426,AR0079775596,05-OBLI. NEGOCIABLES
LDCGO,58426,AR0079775596,05-OBLI. NEGOCIABLES
LDCGX,58426,AR0079775596,05-OBLI. NEGOCIABLES
LDCGY,58426,AR0079775596,05-OBLI. NEGOCIABLES
LDCGZ,58426,AR0079775596,05-OBLI. NEGOCIABLES
LEC3C,55846,ARALSA560066,05-OBLI. NEGOCIABLES
LEC3D,55846,ARALSA560066,05-OBLI. NEGOCIABLES
LEC3O,55846,ARALSA560066,05-OBLI. NEGOCIABLES
LEC3X,55846,ARALSA560066,05-OBLI. NEGOCIABLES
LEC3Y,55846,ARALSA560066,05-OBLI. NEGOCIABLES
LEC3Z,55846,ARALSA560066,05-OBLI. NEGOCIABLES
LEC7C,56840,ARALSA560090,05-OBLI. NEGOCIABLES
LEC7D,56840,ARALSA560090,05-OBLI. NEGOCIABLES
LEC7O,56840,ARALSA560090,05-OBLI. NEGOCIABLES
LEC7X,56840,ARALSA560090,05-OBLI. NEGOCIABLES
LEC7Y,56840,ARALSA560090,05-OBLI. NEGOCIABLES
LEC7Z,56840,ARALSA560090,05-OBLI. NEGOCIABLES
LECAC,57377,ARALSA5600C4,05-OBLI. NEGOCIABLES
LECAD,57377,ARALSA5600C4,05-OBLI. NEGOCIABLES
LECAO,57377,ARALSA5600C4,05-OBLI. NEGOCIABLES
LECGC,57962,AR0102720320,05-OBLI. NEGOCIABLES
LECGD,57962,AR0102720320,05-OBLI. NEGOCIABLES
LECGO,57962,AR0102720320,05-OBLI. NEGOCIABLES
LECGX,57962,AR0102720320,05-OBLI. NEGOCIABLES
LECGY,57962,AR0102720320,05-OBLI. NEGOCIABLES
LECGZ,57962,AR0102720320,05-OBLI. NEGOCIABLES
LECHC,57963,AR0937769708,05-OBLI. NEGOCIABLES
LECHD,57963,AR0937769708,05-OBLI. NEGOCIABLES
LECHO,57963,AR0937769708,05-OBLI. NEGOCIABLES
LECHX,57963,AR0937769708,05-OBLI. NEGOCIABLES
LECHY,57963,AR0937769708,05-OBLI. NEGOCIABLES
LECHZ,57963,AR0937769708,05-OBLI. NEGOCIABLES
LECIC,57964,AR0879840525,05-OBLI. NEGOCIABLES
LECID,57964,AR0879840525,05-OBLI. NEGOCIABLES
LECIO,57964,AR0879840525,05-OBLI. NEGOCIABLES
LECIX,57964,AR0879840525,05-OBLI. NEGOCIABLES
LECIY,57964,AR0879840525,05-OBLI. NEGOCIABLES
LECIZ,57964,AR0879840525,05-OBLI. NEGOCIABLES
LECJC,57965,AR0323624616,05-OBLI. NEGOCIABLES
LECJD,57965,AR0323624616,05-OBLI. NEGOCIABLES
LECJO,57965,AR0323624616,05-OBLI. NEGOCIABLES
LECJX,57965,AR0323624616,05-OBLI. NEGOCIABLES
LECJY,57965,AR0323624616,05-OBLI. NEGOCIABLES
LECJZ,57965,AR0323624616,05-OBLI. NEGOCIABLES
LECKC,58224,AR0153753477,05-OBLI. NEGOCIABLES
LECKD,58224,AR0153753477,05-OBLI. NEGOCIABLES
LECKO,58224,AR0153753477,05-OBLI. NEGOCIABLES
LECKX,58224,AR0153753477,05-OBLI. NEGOCIABLES
LECKY,58224,AR0153753477,05-OBLI. NEGOCIABLES
LECKZ,58224,AR0153753477,05-OBLI. NEGOCIABLES
LECLC,58225,AR0809871590,05-OBLI. NEGOCIABLES
LECLD,58225,AR0809871590,05-OBLI. NEGOCIABLES
LECLO,58225,AR0809871590,05-OBLI. NEGOCIABLES
LECLX,58225,AR0809871590,05-OBLI. NEGOCIABLES
LECLY,58225,AR0809871590,05-OBLI. NEGOCIABLES
LECLZ,58225,AR0809871590,05-OBLI. NEGOCIABLES
LEDE,655,ARP624571096,01-ACCIONES PRIVADAS
LEDEC,655,ARP624571096,01-ACCIONES PRIVADAS
LEDED,655,ARP624571096,01-ACCIONES PRIVADAS
LH13C,57393,AR0005554644,14-OBLIG. NEG. PYMES
LH13D,57393,AR0005554644,14-OBLIG. NEG. PYMES
LH13P,57393,AR0005554644,14-OBLIG. NEG. PYMES
LIN,8753,AR0550890435,23-CEDEARS
LINC,8753,AR0550890435,23-CEDEARS
LIND,8753,AR0550890435,23-CEDEARS
LJC1L,59673,AR0041615417,05-OBLI. NEGOCIABLES
LK01Q,59088,AR0427030009,20-CERTIF. PARTICIP.
LK1QC,59088,AR0427030009,20-CERTIF. PARTICIP.
LK1QD,59088,AR0427030009,20-CERTIF. PARTICIP.
LKOD,8378,ARDEUT114253,23-CEDEARS
LKODC,8378,ARDEUT114253,23-CEDEARS
LL1LC,58955,AR0577113795,14-OBLIG. NEG. PYMES
LL1LD,58955,AR0577113795,14-OBLIG. NEG. PYMES
LLS1C,58391,AR0108028595,14-OBLIG. NEG. PYMES
LLS1D,58391,AR0108028595,14-OBLIG. NEG. PYMES
LLS1L,58955,AR0577113795,14-OBLIG. NEG. PYMES
LLS1P,58391,AR0108028595,14-OBLIG. NEG. PYMES
LLY,8124,ARDEUT111192,23-CEDEARS
LLYB,8124,ARDEUT111192,23-CEDEARS
LLYC,8124,ARDEUT111192,23-CEDEARS
LLYD,8124,ARDEUT111192,23-CEDEARS
LMS1C,58707,AR0514320982,14-OBLIG. NEG. PYMES
LMS1D,58707,AR0514320982,14-OBLIG. NEG. PYMES
LMS1P,58707,AR0514320982,14-OBLIG. NEG. PYMES
LMS6C,57003,ARALUA560047,05-OBLI. NEGOCIABLES
LMS6D,57003,ARALUA560047,05-OBLI. NEGOCIABLES
LMS6O,57003,ARALUA560047,05-OBLI. NEGOCIABLES
LMS6X,57003,ARALUA560047,05-OBLI. NEGOCIABLES
LMS6Y,57003,ARALUA560047,05-OBLI. NEGOCIABLES
LMS6Z,57003,ARALUA560047,05-OBLI. NEGOCIABLES
LMS7C,57437,AR0183513875,05-OBLI. NEGOCIABLES
LMS7D,57437,AR0183513875,05-OBLI. NEGOCIABLES
LMS7O,57437,AR0183513875,05-OBLI. NEGOCIABLES
LMS7X,57437,AR0183513875,05-OBLI. NEGOCIABLES
LMS7Y,57437,AR0183513875,05-OBLI. NEGOCIABLES
LMS7Z,57437,AR0183513875,05-OBLI. NEGOCIABLES
LMS8C,57663,AR0787528089,05-OBLI. NEGOCIABLES
LMS8D,57663,AR0787528089,05-OBLI. NEGOCIABLES
LMS8O,57663,AR0787528089,05-OBLI. NEGOCIABLES
LMS8X,57663,AR0787528089,05-OBLI. NEGOCIABLES
LMS8Y,57663,AR0787528089,05-OBLI. NEGOCIABLES
LMS8Z,57663,AR0787528089,05-OBLI. NEGOCIABLES
LMT,8125,ARDEUT111200,23-CEDEARS
LMT.B,8125,ARDEUT111200,23-CEDEARS
LMTC,8125,ARDEUT111200,23-CEDEARS
LMTD,8125,ARDEUT111200,23-CEDEARS
LND,8590,AR0315369394,23-CEDEARS
LNDC,8590,AR0315369394,23-CEDEARS
LNDD,8590,AR0315369394,23-CEDEARS
LNS3C,58595,AR0771617500,14-OBLIG. NEG. PYMES
LNS3D,58595,AR0771617500,14-OBLIG. NEG. PYMES
LNS3P,58595,AR0771617500,14-OBLIG. NEG. PYMES
LOC5C,58803,AR0579536985,05-OBLI. NEGOCIABLES
LOC5D,58803,AR0579536985,05-OBLI. NEGOCIABLES
LOC5O,58803,AR0579536985,05-OBLI. NEGOCIABLES
LOC5X,58803,AR0579536985,05-OBLI. NEGOCIABLES
LOC5Y,58803,AR0579536985,05-OBLI. NEGOCIABLES
LOC5Z,58803,AR0579536985,05-OBLI. NEGOCIABLES
LOC6C,59161,AR0204516451,05-OBLI. NEGOCIABLES
LOC6D,59161,AR0204516451,05-OBLI. NEGOCIABLES
LOC6O,59161,AR0204516451,05-OBLI. NEGOCIABLES
LOC6X,59161,AR0204516451,05-OBLI. NEGOCIABLES
LOC6Y,59161,AR0204516451,05-OBLI. NEGOCIABLES
LOC6Z,59161,AR0204516451,05-OBLI. NEGOCIABLES
LOMA,30043,ARLOMA300018,01-ACCIONES PRIVADAS
LOMAB,30043,ARLOMA300018,01-ACCIONES PRIVADAS
LOMAC,30043,ARLOMA300018,01-ACCIONES PRIVADAS
LOMAD,30043,ARLOMA300018,01-ACCIONES PRIVADAS
LOMDB,30043,ARLOMA300018,01-ACCIONES PRIVADAS
LONG,666,ARP6356B1059,01-ACCIONES PRIVADAS
LQC1C,85458,USP7865PAA41,05-OBLI. NEGOCIABLES
LQC1D,85458,USP7865PAA41,05-OBLI. NEGOCIABLES
LQC1O,85458,USP7865PAA41,05-OBLI. NEGOCIABLES
LQC1X,85458,USP7865PAA41,05-OBLI. NEGOCIABLES
LQC1Y,85458,USP7865PAA41,05-OBLI. NEGOCIABLES
LQC1Z,85458,USP7865PAA41,05-OBLI. NEGOCIABLES
LR3DC,55024,ARLRIC560034,05-OBLI. NEGOCIABLES
LR3DD,55024,ARLRIC560034,05-OBLI. NEGOCIABLES
LR3DO,55024,ARLRIC560034,05-OBLI. NEGOCIABLES
LR7AC,59057,AR0905777444,05-OBLI. NEGOCIABLES
LR7AD,59057,AR0905777444,05-OBLI. NEGOCIABLES
LR7AO,59057,AR0905777444,05-OBLI. NEGOCIABLES
LR7AX,59057,AR0905777444,05-OBLI. NEGOCIABLES
LR7AY,59057,AR0905777444,05-OBLI. NEGOCIABLES
LR7AZ,59057,AR0905777444,05-OBLI. NEGOCIABLES
LR7BC,59058,AR0025550911,05-OBLI. NEGOCIABLES
LR7BD,59058,AR0025550911,05-OBLI. NEGOCIABLES
LR7BO,59058,AR0025550911,05-OBLI. NEGOCIABLES
LR7BX,59058,AR0025550911,05-OBLI. NEGOCIABLES
LR7BY,59058,AR0025550911,05-OBLI. NEGOCIABLES
LR7BZ,59058,AR0025550911,05-OBLI. NEGOCIABLES
LR8AC,59592,AR0266435707,05-OBLI. NEGOCIABLES
LR8AD,59592,AR0266435707,05-OBLI. NEGOCIABLES
LR8AO,59592,AR0266435707,05-OBLI. NEGOCIABLES
LR8AX,59592,AR0266435707,05-OBLI. NEGOCIABLES
LR8AY,59592,AR0266435707,05-OBLI. NEGOCIABLES
LR8AZ,59592,AR0266435707,05-OBLI. NEGOCIABLES
LR8BC,59593,AR0094117535,05-OBLI. NEGOCIABLES
LR8BD,59593,AR0094117535,05-OBLI. NEGOCIABLES
LR8BO,59593,AR0094117535,05-OBLI. NEGOCIABLES
LR8BX,59593,AR0094117535,05-OBLI. NEGOCIABLES
LR8BY,59593,AR0094117535,05-OBLI. NEGOCIABLES
LR8BZ,59593,AR0094117535,05-OBLI. NEGOCIABLES
LR8CC,59594,AR0798018740,05-OBLI. NEGOCIABLES
LR8CD,59594,AR0798018740,05-OBLI. NEGOCIABLES
LR8CO,59594,AR0798018740,05-OBLI. NEGOCIABLES
LR8CX,59594,AR0798018740,05-OBLI. NEGOCIABLES
LR8CY,59594,AR0798018740,05-OBLI. NEGOCIABLES
LR8CZ,59594,AR0798018740,05-OBLI. NEGOCIABLES
LRCX,8565,ARBCOM4603X6,23-CEDEARS
LRCXC,8565,ARBCOM4603X6,23-CEDEARS
LRCXD,8565,ARBCOM4603X6,23-CEDEARS
LRE3C,8615,ARCAVA4601Q6,23-CEDEARS
LRE3D,8615,ARCAVA4601Q6,23-CEDEARS
LREN3,8615,ARCAVA4601Q6,23-CEDEARS
LRS5C,57648,AR0723421910,05-OBLI. NEGOCIABLES
LRS5D,57648,AR0723421910,05-OBLI. NEGOCIABLES
LRS5O,57648,AR0723421910,05-OBLI. NEGOCIABLES
LRS5X,57648,AR0723421910,05-OBLI. NEGOCIABLES
LRS5Y,57648,AR0723421910,05-OBLI. NEGOCIABLES
LRS5Z,57648,AR0723421910,05-OBLI. NEGOCIABLES
LT1LC,58777,AR0573516967,14-OBLIG. NEG. PYMES
LT1LD,58777,AR0573516967,14-OBLIG. NEG. PYMES
LT2LC,59572,AR0415688487,14-OBLIG. NEG. PYMES
LT2LD,59572,AR0415688487,14-OBLIG. NEG. PYMES
LTS1L,58777,AR0573516967,14-OBLIG. NEG. PYMES
LTS2L,59572,AR0415688487,14-OBLIG. NEG. PYMES
LUC3C,56109,ARLUZT560039,05-OBLI. NEGOCIABLES
LUC3D,56109,ARLUZT560039,05-OBLI. NEGOCIABLES
LUC3O,56109,ARLUZT560039,05-OBLI. NEGOCIABLES
LUC3X,56109,ARLUZT560039,05-OBLI. NEGOCIABLES
LUC3Y,56109,ARLUZT560039,05-OBLI. NEGOCIABLES
LUC3Z,56109,ARLUZT560039,05-OBLI. NEGOCIABLES
LUC4C,56467,ARLUZT560047,05-OBLI. NEGOCIABLES
LUC4D,56467,ARLUZT560047,05-OBLI. NEGOCIABLES
LUC4O,56467,ARLUZT560047,05-OBLI. NEGOCIABLES
LUC4X,56467,ARLUZT560047,05-OBLI. NEGOCIABLES
LUC4Y,56467,ARLUZT560047,05-OBLI. NEGOCIABLES
LUC4Z,56467,ARLUZT560047,05-OBLI. NEGOCIABLES
LUC5C,59209,AR0305664218,05-OBLI. NEGOCIABLES
LUC5D,59209,AR0305664218,05-OBLI. NEGOCIABLES
LUC5O,59209,AR0305664218,05-OBLI. NEGOCIABLES
LUC5X,59209,AR0305664218,05-OBLI. NEGOCIABLES
LUC5Y,59209,AR0305664218,05-OBLI. NEGOCIABLES
LUC5Z,59209,AR0305664218,05-OBLI. NEGOCIABLES
LVS,8436,ARDEUT116092,23-CEDEARS
LYG,8250,ARDEUT112513,23-CEDEARS
LYGC,8250,ARDEUT112513,23-CEDEARS
M323B,58479,AR0984167137,19-TITULOS DE DEUDA
M323C,58480,AR0983660413,19-TITULOS DE DEUDA
M326A,58887,AR0881802919,19-TITULOS DE DEUDA
M326B,58888,AR0896380794,19-TITULOS DE DEUDA
M327B,58637,AR0181442994,19-TITULOS DE DEUDA
M327C,58638,AR0587570521,19-TITULOS DE DEUDA
M328A,58917,AR0909262195,19-TITULOS DE DEUDA
M328B,58918,AR0011972806,19-TITULOS DE DEUDA
M330A,58961,AR0422163607,19-TITULOS DE DEUDA
M330B,58962,AR0449729281,19-TITULOS DE DEUDA
M332A,59030,AR0188221771,19-TITULOS DE DEUDA
M332B,59033,AR0563333340,19-TITULOS DE DEUDA
M334A,59105,AR0662573358,19-TITULOS DE DEUDA
M334B,59106,AR0053371602,19-TITULOS DE DEUDA
M336A,59137,AR0957511857,19-TITULOS DE DEUDA
M336B,59138,AR0484770166,19-TITULOS DE DEUDA
M338A,59170,AR0657347727,19-TITULOS DE DEUDA
M338B,59171,AR0875034958,19-TITULOS DE DEUDA
M340A,59244,AR0727327501,19-TITULOS DE DEUDA
M340B,59245,AR0678457455,19-TITULOS DE DEUDA
M342A,59320,AR0032810878,19-TITULOS DE DEUDA
M342B,59323,AR0231108132,19-TITULOS DE DEUDA
M344A,59415,AR0899870908,19-TITULOS DE DEUDA
M344B,59416,AR0257840139,19-TITULOS DE DEUDA
M346A,59482,AR0282578258,19-TITULOS DE DEUDA
M346B,59483,AR0967141059,19-TITULOS DE DEUDA
MA,8537,ARBCOM4603D8,23-CEDEARS
MAB,8537,ARBCOM4603D8,23-CEDEARS
MAC,8537,ARBCOM4603D8,23-CEDEARS
MAD,8537,ARBCOM4603D8,23-CEDEARS
MB34C,59670,AR0069611926,05-OBLI. NEGOCIABLES
MB34D,59670,AR0069611926,05-OBLI. NEGOCIABLES
MB34O,59670,AR0069611926,05-OBLI. NEGOCIABLES
MB34X,59670,AR0069611926,05-OBLI. NEGOCIABLES
MB34Y,59670,AR0069611926,05-OBLI. NEGOCIABLES
MB34Z,59670,AR0069611926,05-OBLI. NEGOCIABLES
MBG,8188,ARDEUT111820,23-CEDEARS
MBGB,8188,ARDEUT111820,23-CEDEARS
MBGC,8188,ARDEUT111820,23-CEDEARS
MBGD,8188,ARDEUT111820,23-CEDEARS
MCC1C,58508,AR0518594251,05-OBLI. NEGOCIABLES
MCC1D,58508,AR0518594251,05-OBLI. NEGOCIABLES
MCC1O,58508,AR0518594251,05-OBLI. NEGOCIABLES
MCC2C,58671,AR0713356035,05-OBLI. NEGOCIABLES
MCC2D,58671,AR0713356035,05-OBLI. NEGOCIABLES
MCC2O,58671,AR0713356035,05-OBLI. NEGOCIABLES
MCC2X,58671,AR0713356035,05-OBLI. NEGOCIABLES
MCC2Y,58671,AR0713356035,05-OBLI. NEGOCIABLES
MCC3C,59398,AR0922852063,05-OBLI. NEGOCIABLES
MCC3D,59398,AR0922852063,05-OBLI. NEGOCIABLES
MCC3O,59398,AR0922852063,05-OBLI. NEGOCIABLES
MCC3X,59398,AR0922852063,05-OBLI. NEGOCIABLES
MCC3Y,59398,AR0922852063,05-OBLI. NEGOCIABLES
MCC3Z,59398,AR0922852063,05-OBLI. NEGOCIABLES
MCD,8030,ARDEUT110269,23-CEDEARS
MCD.B,8030,ARDEUT110269,23-CEDEARS
MCDC,8030,ARDEUT110269,23-CEDEARS
MCDD,8030,ARDEUT110269,23-CEDEARS
MDLZ,8632,AR0774942129,23-CEDEARS
MDLZC,8632,AR0774942129,23-CEDEARS
MDLZD,8632,AR0774942129,23-CEDEARS
MDT,8133,ARDEUT111283,23-CEDEARS
MDTB,8133,ARDEUT111283,23-CEDEARS
MDTC,8133,ARDEUT111283,23-CEDEARS
MDTD,8133,ARDEUT111283,23-CEDEARS
MELCB,8444,ARDEUT116175,23-CEDEARS
MELDB,8444,ARDEUT116175,23-CEDEARS
MELFB,28859,AR0810417342,18-FONDOS INVERSION
MELI,8444,ARDEUT116175,23-CEDEARS
MELIB,8444,ARDEUT116175,23-CEDEARS
MELIC,8444,ARDEUT116175,23-CEDEARS
MELID,8444,ARDEUT116175,23-CEDEARS
MELIF,28859,AR0810417342,18-FONDOS INVERSION
META,8467,ARBCOM460168,23-CEDEARS
METAB,8467,ARBCOM460168,23-CEDEARS
METAC,8467,ARBCOM460168,23-CEDEARS
METAD,8467,ARBCOM460168,23-CEDEARS
METR,565,ARP6558L1178,01-ACCIONES PRIVADAS
METRB,565,ARP6558L1178,01-ACCIONES PRIVADAS
METRC,565,ARP6558L1178,01-ACCIONES PRIVADAS
METRD,565,ARP6558L1178,01-ACCIONES PRIVADAS
MFG,8395,ARDEUT114733,23-CEDEARS
MFGC,8395,ARDEUT114733,23-CEDEARS
MGC3C,80561,USP7464EAB22,05-OBLI. NEGOCIABLES
MGC3D,80561,USP7464EAB22,05-OBLI. NEGOCIABLES
MGC3X,80561,USP7464EAB22,05-OBLI. NEGOCIABLES
MGC3Y,80561,USP7464EAB22,05-OBLI. NEGOCIABLES
MGC3Z,80561,USP7464EAB22,05-OBLI. NEGOCIABLES
MGCEC,56698,ARPAMP5600G7,05-OBLI. NEGOCIABLES
MGCED,56698,ARPAMP5600G7,05-OBLI. NEGOCIABLES
MGCEO,56698,ARPAMP5600G7,05-OBLI. NEGOCIABLES
MGCEX,56698,ARPAMP5600G7,05-OBLI. NEGOCIABLES
MGCEY,56698,ARPAMP5600G7,05-OBLI. NEGOCIABLES
MGCEZ,56698,ARPAMP5600G7,05-OBLI. NEGOCIABLES
MGCMC,83929,USP7464EAS56,05-OBLI. NEGOCIABLES
MGCMD,83929,USP7464EAS56,05-OBLI. NEGOCIABLES
MGCMO,83929,USP7464EAS56,05-OBLI. NEGOCIABLES
MGCMX,83929,USP7464EAS56,05-OBLI. NEGOCIABLES
MGCMY,83929,USP7464EAS56,05-OBLI. NEGOCIABLES
MGCMZ,83929,USP7464EAS56,05-OBLI. NEGOCIABLES
MGCNC,58107,AR0765746752,05-OBLI. NEGOCIABLES
MGCND,58107,AR0765746752,05-OBLI. NEGOCIABLES
MGCNO,58107,AR0765746752,05-OBLI. NEGOCIABLES
MGCNX,58107,AR0765746752,05-OBLI. NEGOCIABLES
MGCNY,58107,AR0765746752,05-OBLI. NEGOCIABLES
MGCNZ,58107,AR0765746752,05-OBLI. NEGOCIABLES
MGCOC,84122,USP7464EAT30,05-OBLI. NEGOCIABLES
MGCOD,84122,USP7464EAT30,05-OBLI. NEGOCIABLES
MGCOO,84122,USP7464EAT30,05-OBLI. NEGOCIABLES
MGCOX,84122,USP7464EAT30,05-OBLI. NEGOCIABLES
MGCOY,84122,USP7464EAT30,05-OBLI. NEGOCIABLES
MGCOZ,84122,USP7464EAT30,05-OBLI. NEGOCIABLES
MGCQC,58809,AR0519406398,05-OBLI. NEGOCIABLES
MGCQD,58809,AR0519406398,05-OBLI. NEGOCIABLES
MGCQO,58809,AR0519406398,05-OBLI. NEGOCIABLES
MGCQX,58809,AR0519406398,05-OBLI. NEGOCIABLES
MGCQY,58809,AR0519406398,05-OBLI. NEGOCIABLES
MGCQZ,58809,AR0519406398,05-OBLI. NEGOCIABLES
MGCRC,84856,USP7464EAY25,05-OBLI. NEGOCIABLES
MGCRD,84856,USP7464EAY25,05-OBLI. NEGOCIABLES
MGCRO,84856,USP7464EAY25,05-OBLI. NEGOCIABLES
MGCRX,84856,USP7464EAY25,05-OBLI. NEGOCIABLES
MGCRY,84856,USP7464EAY25,05-OBLI. NEGOCIABLES
MGCRZ,84856,USP7464EAY25,05-OBLI. NEGOCIABLES
MGCTC,59315,AR0145481872,05-OBLI. NEGOCIABLES
MGCTD,59315,AR0145481872,05-OBLI. NEGOCIABLES
MGCTO,59315,AR0145481872,05-OBLI. NEGOCIABLES
MGCTX,59315,AR0145481872,05-OBLI. NEGOCIABLES
MGCTY,59315,AR0145481872,05-OBLI. NEGOCIABLES
MGCTZ,59315,AR0145481872,05-OBLI. NEGOCIABLES
MGCUC,59658,AR0502646802,05-OBLI. NEGOCIABLES
MGCUD,59658,AR0502646802,05-OBLI. NEGOCIABLES
MGCUO,59658,AR0502646802,05-OBLI. NEGOCIABLES
MGCUX,59658,AR0502646802,05-OBLI. NEGOCIABLES
MGCUY,59658,AR0502646802,05-OBLI. NEGOCIABLES
MGCUZ,59658,AR0502646802,05-OBLI. NEGOCIABLES
MGL3C,8604,ARCAVA4601N3,23-CEDEARS
MGL3D,8604,ARCAVA4601N3,23-CEDEARS
MGLU3,8604,ARCAVA4601N3,23-CEDEARS
MI31,32819,ARPMIS320010,03-TITULOS PUBLICOS
MIC3C,58977,AR0743608512,05-OBLI. NEGOCIABLES
MIC3D,58977,AR0743608512,05-OBLI. NEGOCIABLES
MIC3O,58977,AR0743608512,05-OBLI. NEGOCIABLES
MIC3X,58977,AR0743608512,05-OBLI. NEGOCIABLES
MIC3Y,58977,AR0743608512,05-OBLI. NEGOCIABLES
MIC3Z,58977,AR0743608512,05-OBLI. NEGOCIABLES
MIC4C,59166,AR0262817601,05-OBLI. NEGOCIABLES
MIC4D,59166,AR0262817601,05-OBLI. NEGOCIABLES
MIC4O,59166,AR0262817601,05-OBLI. NEGOCIABLES
MIC4X,59166,AR0262817601,05-OBLI. NEGOCIABLES
MIC4Y,59166,AR0262817601,05-OBLI. NEGOCIABLES
MIC4Z,59166,AR0262817601,05-OBLI. NEGOCIABLES
MIC6C,59462,AR0958484906,05-OBLI. NEGOCIABLES
MIC6D,59462,AR0958484906,05-OBLI. NEGOCIABLES
MIC6O,59462,AR0958484906,05-OBLI. NEGOCIABLES
MIC6X,59462,AR0958484906,05-OBLI. NEGOCIABLES
MIC6Y,59462,AR0958484906,05-OBLI. NEGOCIABLES
MIC6Z,59462,AR0958484906,05-OBLI. NEGOCIABLES
MIC7C,59725,AR0426571946,05-OBLI. NEGOCIABLES
MIC7D,59725,AR0426571946,05-OBLI. NEGOCIABLES
MIC7O,59725,AR0426571946,05-OBLI. NEGOCIABLES
MIC7X,59725,AR0426571946,05-OBLI. NEGOCIABLES
MIC7Y,59725,AR0426571946,05-OBLI. NEGOCIABLES
MIC7Z,59725,AR0426571946,05-OBLI. NEGOCIABLES
MIM31,42510,ARPMIS320028,03-TITULOS PUBLICOS
MIRG,798,ARP6823S1295,01-ACCIONES PRIVADAS
MIRGB,798,ARP6823S1295,01-ACCIONES PRIVADAS
MIRGC,798,ARP6823S1295,01-ACCIONES PRIVADAS
MIRGD,798,ARP6823S1295,01-ACCIONES PRIVADAS
MJC1C,59188,AR0207947562,05-OBLI. NEGOCIABLES
MJC1D,59188,AR0207947562,05-OBLI. NEGOCIABLES
MJC1O,59188,AR0207947562,05-OBLI. NEGOCIABLES
MM16A,58947,AR0958774009,19-TITULOS DE DEUDA
MM16B,58948,AR0677585975,19-TITULOS DE DEUDA
MM17A,59327,AR0857329152,19-TITULOS DE DEUDA
MM17B,59328,AR0043188173,19-TITULOS DE DEUDA
MM18A,59493,AR0019673471,19-TITULOS DE DEUDA
MM18B,59494,AR0843912178,19-TITULOS DE DEUDA
MMM,8033,ARDEUT110293,23-CEDEARS
MMMB,8033,ARDEUT110293,23-CEDEARS
MMMC,8033,ARDEUT110293,23-CEDEARS
MMMD,8033,ARDEUT110293,23-CEDEARS
MO,8036,ARDEUT110327,23-CEDEARS
MOB,8036,ARDEUT110327,23-CEDEARS
MOC,8036,ARDEUT110327,23-CEDEARS
MOD,8036,ARDEUT110327,23-CEDEARS
MOLA,30041,ARMOAG300023,01-ACCIONES PRIVADAS
MOLA5,30040,ARMOAG300015,01-ACCIONES PRIVADAS
MOLAD,30041,ARMOAG300023,01-ACCIONES PRIVADAS
MOLI,742,ARP689251337,01-ACCIONES PRIVADAS
MOLI5,741,ARP689251253,01-ACCIONES PRIVADAS
MOLIC,742,ARP689251337,01-ACCIONES PRIVADAS
MOLID,742,ARP689251337,01-ACCIONES PRIVADAS
MORI,748,ARP698141040,01-ACCIONES PRIVADAS
MORI5,747,ARP698141123,01-ACCIONES PRIVADAS
MORID,748,ARP698141040,01-ACCIONES PRIVADAS
MOS,8580,ARCAVA4601D4,23-CEDEARS
MOSB,8580,ARCAVA4601D4,23-CEDEARS
MOSC,8580,ARCAVA4601D4,23-CEDEARS
MOSD,8580,ARCAVA4601D4,23-CEDEARS
MP,8737,AR0290795639,23-CEDEARS
MPC,8737,AR0290795639,23-CEDEARS
MPD,8737,AR0290795639,23-CEDEARS
MR35C,57966,AR0830476534,05-OBLI. NEGOCIABLES
MR35D,57966,AR0830476534,05-OBLI. NEGOCIABLES
MR35O,57966,AR0830476534,05-OBLI. NEGOCIABLES
MR35X,57966,AR0830476534,05-OBLI. NEGOCIABLES
MR35Y,57966,AR0830476534,05-OBLI. NEGOCIABLES
MR35Z,57966,AR0830476534,05-OBLI. NEGOCIABLES
MR36C,57967,AR0750596485,05-OBLI. NEGOCIABLES
MR36D,57967,AR0750596485,05-OBLI. NEGOCIABLES
MR36O,57967,AR0750596485,05-OBLI. NEGOCIABLES
MR36X,57967,AR0750596485,05-OBLI. NEGOCIABLES
MR36Y,57967,AR0750596485,05-OBLI. NEGOCIABLES
MR36Z,57967,AR0750596485,05-OBLI. NEGOCIABLES
MR37C,57968,AR0352206285,05-OBLI. NEGOCIABLES
MR37D,57968,AR0352206285,05-OBLI. NEGOCIABLES
MR37O,57968,AR0352206285,05-OBLI. NEGOCIABLES
MR37X,57968,AR0352206285,05-OBLI. NEGOCIABLES
MR37Y,57968,AR0352206285,05-OBLI. NEGOCIABLES
MR37Z,57968,AR0352206285,05-OBLI. NEGOCIABLES
MR38C,57969,AR0182923612,05-OBLI. NEGOCIABLES
MR38D,57969,AR0182923612,05-OBLI. NEGOCIABLES
MR38O,57969,AR0182923612,05-OBLI. NEGOCIABLES
MR38X,57969,AR0182923612,05-OBLI. NEGOCIABLES
MR38Y,57969,AR0182923612,05-OBLI. NEGOCIABLES
MR38Z,57969,AR0182923612,05-OBLI. NEGOCIABLES
MR39C,84046,USP46214AG00,05-OBLI. NEGOCIABLES
MR39D,84046,USP46214AG00,05-OBLI. NEGOCIABLES
MR39O,84046,USP46214AG00,05-OBLI. NEGOCIABLES
MR39X,84046,USP46214AG00,05-OBLI. NEGOCIABLES
MR39Y,84046,USP46214AG00,05-OBLI. NEGOCIABLES
MR39Z,84046,USP46214AG00,05-OBLI. NEGOCIABLES
MR40C,58220,AR0127461561,05-OBLI. NEGOCIABLES
MR40D,58220,AR0127461561,05-OBLI. NEGOCIABLES
MR40O,58220,AR0127461561,05-OBLI. NEGOCIABLES
MR40X,58220,AR0127461561,05-OBLI. NEGOCIABLES
MR40Y,58220,AR0127461561,05-OBLI. NEGOCIABLES
MR40Z,58220,AR0127461561,05-OBLI. NEGOCIABLES
MR41C,58223,AR0620372109,05-OBLI. NEGOCIABLES
MR41D,58223,AR0620372109,05-OBLI. NEGOCIABLES
MR41O,58223,AR0620372109,05-OBLI. NEGOCIABLES
MR41X,58223,AR0620372109,05-OBLI. NEGOCIABLES
MR41Y,58223,AR0620372109,05-OBLI. NEGOCIABLES
MR41Z,58223,AR0620372109,05-OBLI. NEGOCIABLES
MR43C,59566,AR0870185862,05-OBLI. NEGOCIABLES
MR43D,59566,AR0870185862,05-OBLI. NEGOCIABLES
MR43O,59566,AR0870185862,05-OBLI. NEGOCIABLES
MR43X,59566,AR0870185862,05-OBLI. NEGOCIABLES
MR43Y,59566,AR0870185862,05-OBLI. NEGOCIABLES
MR43Z,59566,AR0870185862,05-OBLI. NEGOCIABLES
MR44C,59567,AR0896413520,05-OBLI. NEGOCIABLES
MR44D,59567,AR0896413520,05-OBLI. NEGOCIABLES
MR44O,59567,AR0896413520,05-OBLI. NEGOCIABLES
MR44X,59567,AR0896413520,05-OBLI. NEGOCIABLES
MR44Y,59567,AR0896413520,05-OBLI. NEGOCIABLES
MR44Z,59567,AR0896413520,05-OBLI. NEGOCIABLES
MR45C,85445,USP46214AJ49,05-OBLI. NEGOCIABLES
MR45D,85445,USP46214AJ49,05-OBLI. NEGOCIABLES
MR45O,85445,USP46214AJ49,05-OBLI. NEGOCIABLES
MR45X,85445,USP46214AJ49,05-OBLI. NEGOCIABLES
MR45Y,85445,USP46214AJ49,05-OBLI. NEGOCIABLES
MR45Z,85445,USP46214AJ49,05-OBLI. NEGOCIABLES
MR46C,85321,USP46214AK12,05-OBLI. NEGOCIABLES
MR46D,85321,USP46214AK12,05-OBLI. NEGOCIABLES
MR46O,85321,USP46214AK12,05-OBLI. NEGOCIABLES
MR46X,85321,USP46214AK12,05-OBLI. NEGOCIABLES
MR46Y,85321,USP46214AK12,05-OBLI. NEGOCIABLES
MR46Z,85321,USP46214AK12,05-OBLI. NEGOCIABLES
MR47C,85320,USP46214AM77,05-OBLI. NEGOCIABLES
MR47D,85320,USP46214AM77,05-OBLI. NEGOCIABLES
MR47O,85320,USP46214AM77,05-OBLI. NEGOCIABLES
MR47X,85320,USP46214AM77,05-OBLI. NEGOCIABLES
MR47Y,85320,USP46214AM77,05-OBLI. NEGOCIABLES
MR47Z,85320,USP46214AM77,05-OBLI. NEGOCIABLES
MR48C,59420,AR0864141772,05-OBLI. NEGOCIABLES
MR48D,59420,AR0864141772,05-OBLI. NEGOCIABLES
MR48O,59420,AR0864141772,05-OBLI. NEGOCIABLES
MR48X,59420,AR0864141772,05-OBLI. NEGOCIABLES
MR48Y,59420,AR0864141772,05-OBLI. NEGOCIABLES
MR48Z,59420,AR0864141772,05-OBLI. NEGOCIABLES
MR49C,59423,AR0479211648,05-OBLI. NEGOCIABLES
MR49D,59423,AR0479211648,05-OBLI. NEGOCIABLES
MR49O,59423,AR0479211648,05-OBLI. NEGOCIABLES
MR49X,59423,AR0479211648,05-OBLI. NEGOCIABLES
MR49Y,59423,AR0479211648,05-OBLI. NEGOCIABLES
MR49Z,59423,AR0479211648,05-OBLI. NEGOCIABLES
MR50C,59424,AR0973181313,05-OBLI. NEGOCIABLES
MR50D,59424,AR0973181313,05-OBLI. NEGOCIABLES
MR50O,59424,AR0973181313,05-OBLI. NEGOCIABLES
MR50X,59424,AR0973181313,05-OBLI. NEGOCIABLES
MR50Y,59424,AR0973181313,05-OBLI. NEGOCIABLES
MR50Z,59424,AR0973181313,05-OBLI. NEGOCIABLES
MRCAC,82120,USP46214AC95,05-OBLI. NEGOCIABLES
MRCAD,82120,USP46214AC95,05-OBLI. NEGOCIABLES
MRCAO,82120,USP46214AC95,05-OBLI. NEGOCIABLES
MRCAX,82120,USP46214AC95,05-OBLI. NEGOCIABLES
MRCAY,82120,USP46214AC95,05-OBLI. NEGOCIABLES
MRCAZ,82120,USP46214AC95,05-OBLI. NEGOCIABLES
MRCOO,57228,ARGMCT5600L4,05-OBLI. NEGOCIABLES
MRCTC,57444,AR0624965247,05-OBLI. NEGOCIABLES
MRCTD,57444,AR0624965247,05-OBLI. NEGOCIABLES
MRCTO,57444,AR0624965247,05-OBLI. NEGOCIABLES
MRCTX,57444,AR0624965247,05-OBLI. NEGOCIABLES
MRCTY,57444,AR0624965247,05-OBLI. NEGOCIABLES
MRCTZ,57444,AR0624965247,05-OBLI. NEGOCIABLES
MRCUC,57649,AR0336525404,05-OBLI. NEGOCIABLES
MRCUD,57649,AR0336525404,05-OBLI. NEGOCIABLES
MRCUO,57649,AR0336525404,05-OBLI. NEGOCIABLES
MRCUX,57649,AR0336525404,05-OBLI. NEGOCIABLES
MRCUY,57649,AR0336525404,05-OBLI. NEGOCIABLES
MRCUZ,57649,AR0336525404,05-OBLI. NEGOCIABLES
MRCWC,57655,AR0397934974,05-OBLI. NEGOCIABLES
MRCWD,57655,AR0397934974,05-OBLI. NEGOCIABLES
MRCWO,57655,AR0397934974,05-OBLI. NEGOCIABLES
MRCWX,57655,AR0397934974,05-OBLI. NEGOCIABLES
MRCWY,57655,AR0397934974,05-OBLI. NEGOCIABLES
MRCWZ,57655,AR0397934974,05-OBLI. NEGOCIABLES
MRCXC,83716,USP46214AE51,05-OBLI. NEGOCIABLES
MRCXD,83716,USP46214AE51,05-OBLI. NEGOCIABLES
MRCXO,83716,USP46214AE51,05-OBLI. NEGOCIABLES
MRCXX,83716,USP46214AE51,05-OBLI. NEGOCIABLES
MRCXY,83716,USP46214AE51,05-OBLI. NEGOCIABLES
MRCXZ,83716,USP46214AE51,05-OBLI. NEGOCIABLES
MRK,8031,ARDEUT110277,23-CEDEARS
MRK.B,8031,ARDEUT110277,23-CEDEARS
MRKC,8031,ARDEUT110277,23-CEDEARS
MRKD,8031,ARDEUT110277,23-CEDEARS
MRNA,8637,AR0666228538,23-CEDEARS
MRNAC,8637,AR0666228538,23-CEDEARS
MRNAD,8637,AR0666228538,23-CEDEARS
MROCC,57228,ARGMCT5600L4,05-OBLI. NEGOCIABLES
MROCD,57228,ARGMCT5600L4,05-OBLI. NEGOCIABLES
MROCX,57228,ARGMCT5600L4,05-OBLI. NEGOCIABLES
MROCY,57228,ARGMCT5600L4,05-OBLI. NEGOCIABLES
MROCZ,57228,ARGMCT5600L4,05-OBLI. NEGOCIABLES
MRSH,8135,ARDEUT111309,23-CEDEARS
MRSHC,8135,ARDEUT111309,23-CEDEARS
MRSHD,8135,ARDEUT111309,23-CEDEARS
MRVL,8594,AR0557997514,23-CEDEARS
MRVLC,8594,AR0557997514,23-CEDEARS
MRVLD,8594,AR0557997514,23-CEDEARS
MS,8748,AR0298258051,23-CEDEARS
MS25Q,58110,AR0311650052,20-CERTIF. PARTICIP.
MS26Q,58467,AR0140746667,20-CERTIF. PARTICIP.
MS27A,59059,AR0054326019,19-TITULOS DE DEUDA
MS27B,59060,AR0282276200,19-TITULOS DE DEUDA
MS27Q,59061,AR0596942075,20-CERTIF. PARTICIP.
MS28A,59389,AR0100634671,19-TITULOS DE DEUDA
MS28B,59390,AR0355748408,19-TITULOS DE DEUDA
MS28Q,59391,AR0505792371,20-CERTIF. PARTICIP.
MS29H,59705,AR0632865918,20-CERTIF. PARTICIP.
MS29R,59703,AR0049934893,19-TITULOS DE DEUDA
MS29T,59704,AR0034463197,19-TITULOS DE DEUDA
MSC,8748,AR0298258051,23-CEDEARS
MSD,8748,AR0298258051,23-CEDEARS
MSFCB,8032,ARDEUT110285,23-CEDEARS
MSFDB,8032,ARDEUT110285,23-CEDEARS
MSFT,8032,ARDEUT110285,23-CEDEARS
MSFTB,8032,ARDEUT110285,23-CEDEARS
MSFTC,8032,ARDEUT110285,23-CEDEARS
MSFTD,8032,ARDEUT110285,23-CEDEARS
MSI,8034,ARDEUT110301,23-CEDEARS
MSIC,8034,ARDEUT110301,23-CEDEARS
MSSBC,56572,ARLEDE5600D8,05-OBLI. NEGOCIABLES
MSSBD,56572,ARLEDE5600D8,05-OBLI. NEGOCIABLES
MSSBO,56572,ARLEDE5600D8,05-OBLI. NEGOCIABLES
MSSBX,56572,ARLEDE5600D8,05-OBLI. NEGOCIABLES
MSSBY,56572,ARLEDE5600D8,05-OBLI. NEGOCIABLES
MSSBZ,56572,ARLEDE5600D8,05-OBLI. NEGOCIABLES
MSSDC,56573,ARLEDE5600E6,05-OBLI. NEGOCIABLES
MSSDD,56573,ARLEDE5600E6,05-OBLI. NEGOCIABLES
MSSDO,56573,ARLEDE5600E6,05-OBLI. NEGOCIABLES
MSSDX,56573,ARLEDE5600E6,05-OBLI. NEGOCIABLES
MSSDY,56573,ARLEDE5600E6,05-OBLI. NEGOCIABLES
MSSDZ,56573,ARLEDE5600E6,05-OBLI. NEGOCIABLES
MSSFC,57900,AR0820572623,05-OBLI. NEGOCIABLES
MSSFD,57900,AR0820572623,05-OBLI. NEGOCIABLES
MSSFO,57900,AR0820572623,05-OBLI. NEGOCIABLES
MSSFX,57900,AR0820572623,05-OBLI. NEGOCIABLES
MSSFY,57900,AR0820572623,05-OBLI. NEGOCIABLES
MSSFZ,57900,AR0820572623,05-OBLI. NEGOCIABLES
MSSGC,58580,AR0268611834,05-OBLI. NEGOCIABLES
MSSGD,58580,AR0268611834,05-OBLI. NEGOCIABLES
MSSGO,58580,AR0268611834,05-OBLI. NEGOCIABLES
MSSGX,58580,AR0268611834,05-OBLI. NEGOCIABLES
MSSGY,58580,AR0268611834,05-OBLI. NEGOCIABLES
MSSGZ,58580,AR0268611834,05-OBLI. NEGOCIABLES
MSTR,8581,ARCAVA4601E2,23-CEDEARS
MSTRB,8581,ARCAVA4601E2,23-CEDEARS
MSTRC,8581,ARCAVA4601E2,23-CEDEARS
MSTRD,8581,ARCAVA4601E2,23-CEDEARS
MTACB,8467,ARBCOM460168,23-CEDEARS
MTADB,8467,ARBCOM460168,23-CEDEARS
MTC2C,59496,AR0469473414,05-OBLI. NEGOCIABLES
MTC2D,59496,AR0469473414,05-OBLI. NEGOCIABLES
MTC2O,59496,AR0469473414,05-OBLI. NEGOCIABLES
MTC2X,59496,AR0469473414,05-OBLI. NEGOCIABLES
MTC2Y,59496,AR0469473414,05-OBLI. NEGOCIABLES
MTC2Z,59496,AR0469473414,05-OBLI. NEGOCIABLES
MTC3C,59497,AR0494875476,05-OBLI. NEGOCIABLES
MTC3D,59497,AR0494875476,05-OBLI. NEGOCIABLES
MTC3O,59497,AR0494875476,05-OBLI. NEGOCIABLES
MTC3X,59497,AR0494875476,05-OBLI. NEGOCIABLES
MTC3Y,59497,AR0494875476,05-OBLI. NEGOCIABLES
MTC3Z,59497,AR0494875476,05-OBLI. NEGOCIABLES
MU,8575,ARCAVA460180,23-CEDEARS
MU00M,59709,AR0693953363,05-OBLI. NEGOCIABLES
MU0MC,59709,AR0693953363,05-OBLI. NEGOCIABLES
MU0MD,59709,AR0693953363,05-OBLI. NEGOCIABLES
MU32C,58363,AR0492624165,05-OBLI. NEGOCIABLES
MU32D,58363,AR0492624165,05-OBLI. NEGOCIABLES
MU32O,58363,AR0492624165,05-OBLI. NEGOCIABLES
MU32X,58363,AR0492624165,05-OBLI. NEGOCIABLES
MU32Y,58363,AR0492624165,05-OBLI. NEGOCIABLES
MU32Z,58363,AR0492624165,05-OBLI. NEGOCIABLES
MUB,8575,ARCAVA460180,23-CEDEARS
MUC,8575,ARCAVA460180,23-CEDEARS
MUC4C,59369,AR0136472021,05-OBLI. NEGOCIABLES
MUC4D,59369,AR0136472021,05-OBLI. NEGOCIABLES
MUC4O,59369,AR0136472021,05-OBLI. NEGOCIABLES
MUD,8575,ARCAVA460180,23-CEDEARS
MUFG,8182,ARDEUT111762,23-CEDEARS
MUFGC,8182,ARDEUT111762,23-CEDEARS
MUFGD,8182,ARDEUT111762,23-CEDEARS
MUX,8595,AR0829300257,23-CEDEARS
MUXC,8595,AR0829300257,23-CEDEARS
MUXD,8595,AR0829300257,23-CEDEARS
MXC4C,59627,AR0032117548,05-OBLI. NEGOCIABLES
MXC4D,59627,AR0032117548,05-OBLI. NEGOCIABLES
MXC4O,59627,AR0032117548,05-OBLI. NEGOCIABLES
MXC4X,59627,AR0032117548,05-OBLI. NEGOCIABLES
MXC4Y,59627,AR0032117548,05-OBLI. NEGOCIABLES
MXC4Z,59627,AR0032117548,05-OBLI. NEGOCIABLES
MXS1C,58495,AR0376064751,14-OBLIG. NEG. PYMES
MXS1D,58495,AR0376064751,14-OBLIG. NEG. PYMES
MXS1P,58495,AR0376064751,14-OBLIG. NEG. PYMES
MY42C,57269,AREQUI600XT2,19-TITULOS DE DEUDA
MY46Q,58128,AR0897376304,20-CERTIF. PARTICIP.
MY47C,58327,AR0042111002,19-TITULOS DE DEUDA
MY47Q,58328,AR0674159485,20-CERTIF. PARTICIP.
MY48C,58546,AR0107080761,19-TITULOS DE DEUDA
MY48Q,58547,AR0667956491,19-TITULOS DE DEUDA
MY49A,58827,AR0711423134,19-TITULOS DE DEUDA
MY49B,58828,AR0142099602,19-TITULOS DE DEUDA
MY49C,58829,AR0154700071,19-TITULOS DE DEUDA
MY49Q,58830,AR0982569235,20-CERTIF. PARTICIP.
MY50A,59007,AR0662218244,19-TITULOS DE DEUDA
MY50B,59008,AR0695284973,19-TITULOS DE DEUDA
MY50C,59009,AR0890638411,19-TITULOS DE DEUDA
MY50Q,59010,AR0071282518,20-CERTIF. PARTICIP.
MY51A,59259,AR0748622559,19-TITULOS DE DEUDA
MY51B,59261,AR0207834935,19-TITULOS DE DEUDA
MY51C,59262,AR0601005553,19-TITULOS DE DEUDA
MY51Q,59263,AR0165064343,20-CERTIF. PARTICIP.
MY52A,59433,AR0016839554,19-TITULOS DE DEUDA
MY52B,59434,AR0013738833,19-TITULOS DE DEUDA
MY52C,59435,AR0959603397,19-TITULOS DE DEUDA
MY52Q,59436,AR0342021760,20-CERTIF. PARTICIP.
MZ1BP,56857,ARMIGU560042,14-OBLIG. NEG. PYMES
NA04A,56796,ARNACI600068,19-TITULOS DE DEUDA
NA04B,56993,ARNACI600076,19-TITULOS DE DEUDA
NA04C,57247,ARNACI600084,19-TITULOS DE DEUDA
NA1LC,59550,AR0883201680,14-OBLIG. NEG. PYMES
NA1LD,59550,AR0883201680,14-OBLIG. NEG. PYMES
NAS1L,59550,AR0883201680,14-OBLIG. NEG. PYMES
NAT3C,8619,ARCAVA460271,23-CEDEARS
NAT3D,8619,ARCAVA460271,23-CEDEARS
NATU3,8619,ARCAVA460271,23-CEDEARS
NBIS,8732,AR0321947183,23-CEDEARS
NBISC,8732,AR0321947183,23-CEDEARS
NBISD,8732,AR0321947183,23-CEDEARS
ND31,42521,ARPNEU320126,03-TITULOS PUBLICOS
ND31C,42521,ARPNEU320126,03-TITULOS PUBLICOS
ND31D,42521,ARPNEU320126,03-TITULOS PUBLICOS
NDG34,85457,USP7169GAB51,03-TITULOS PUBLICOS
NDG4C,85457,USP7169GAB51,03-TITULOS PUBLICOS
NDG4D,85457,USP7169GAB51,03-TITULOS PUBLICOS
NDT11,91690,USP71695AC75,03-TITULOS PUBLICOS
NDT1C,91690,USP71695AC75,03-TITULOS PUBLICOS
NDT1D,91690,USP71695AC75,03-TITULOS PUBLICOS
NDT25,92587,USP7169GAA78,03-TITULOS PUBLICOS
NDT5C,92587,USP7169GAA78,03-TITULOS PUBLICOS
NDT5D,92587,USP7169GAA78,03-TITULOS PUBLICOS
NDT5X,92587,USP7169GAA78,03-TITULOS PUBLICOS
NDT5Y,92587,USP7169GAA78,03-TITULOS PUBLICOS
NDT5Z,92587,USP7169GAA78,03-TITULOS PUBLICOS
NEC1,8304,ARDEUT113081,23-CEDEARS
NEE,8736,AR0204516899,23-CEDEARS
NEEC,8736,AR0204516899,23-CEDEARS
NEED,8736,AR0204516899,23-CEDEARS
NEM,8261,ARDEUT112570,23-CEDEARS
NEMC,8261,ARDEUT112570,23-CEDEARS
NEMD,8261,ARDEUT112570,23-CEDEARS
NFLX,8474,ARBCOM4601D2,23-CEDEARS
NFLXB,8474,ARBCOM4601D2,23-CEDEARS
NFLXC,8474,ARBCOM4601D2,23-CEDEARS
NFLXD,8474,ARBCOM4601D2,23-CEDEARS
NG,8482,ARBCOM4601N1,23-CEDEARS
NGC,8482,ARBCOM4601N1,23-CEDEARS
NGD,8482,ARBCOM4601N1,23-CEDEARS
NGG,8266,ARDEUT112620,23-CEDEARS
NGGB,8266,ARDEUT112620,23-CEDEARS
NHC1C,59056,AR0049886879,05-OBLI. NEGOCIABLES
NHC1D,59056,AR0049886879,05-OBLI. NEGOCIABLES
NHC1O,59056,AR0049886879,05-OBLI. NEGOCIABLES
NHC1X,59056,AR0049886879,05-OBLI. NEGOCIABLES
NHC1Y,59056,AR0049886879,05-OBLI. NEGOCIABLES
NHC1Z,59056,AR0049886879,05-OBLI. NEGOCIABLES
NIO,8559,ARBCOM4603R8,23-CEDEARS
NIOB,8559,ARBCOM4603R8,23-CEDEARS
NIOC,8559,ARBCOM4603R8,23-CEDEARS
NIOD,8559,ARBCOM4603R8,23-CEDEARS
NKE,8139,ARDEUT111341,23-CEDEARS
NKEB,8139,ARDEUT111341,23-CEDEARS
NKEC,8139,ARDEUT111341,23-CEDEARS
NKED,8139,ARDEUT111341,23-CEDEARS
NKEDB,8139,ARDEUT111341,23-CEDEARS
NLCDC,56681,ARESTR5600J8,05-OBLI. NEGOCIABLES
NLCDD,56681,ARESTR5600J8,05-OBLI. NEGOCIABLES
NLCDO,56681,ARESTR5600J8,05-OBLI. NEGOCIABLES
NLCDX,56681,ARESTR5600J8,05-OBLI. NEGOCIABLES
NLCDY,56681,ARESTR5600J8,05-OBLI. NEGOCIABLES
NLCDZ,56681,ARESTR5600J8,05-OBLI. NEGOCIABLES
NLCJC,59469,AR0790209800,05-OBLI. NEGOCIABLES
NLCJD,59469,AR0790209800,05-OBLI. NEGOCIABLES
NLCJO,59469,AR0790209800,05-OBLI. NEGOCIABLES
NLCJX,59469,AR0790209800,05-OBLI. NEGOCIABLES
NLCJY,59469,AR0790209800,05-OBLI. NEGOCIABLES
NLCJZ,59469,AR0790209800,05-OBLI. NEGOCIABLES
NLM,8398,ARDEUT114725,23-CEDEARS
NMR,8298,ARDEUT113024,23-CEDEARS
NMRC,8298,ARDEUT113024,23-CEDEARS
NOKA,8057,ARDEUT110533,23-CEDEARS
NOKAB,8057,ARDEUT110533,23-CEDEARS
NOKAC,8057,ARDEUT110533,23-CEDEARS
NOW,8684,AR0253474594,23-CEDEARS
NOWC,8684,AR0253474594,23-CEDEARS
NOWD,8684,AR0253474594,23-CEDEARS
NPCCC,58857,AR0630055561,05-OBLI. NEGOCIABLES
NPCCD,58857,AR0630055561,05-OBLI. NEGOCIABLES
NPCCO,58857,AR0630055561,05-OBLI. NEGOCIABLES
NPCCX,58857,AR0630055561,05-OBLI. NEGOCIABLES
NPCCY,58857,AR0630055561,05-OBLI. NEGOCIABLES
NPCCZ,58857,AR0630055561,05-OBLI. NEGOCIABLES
NPCDC,59373,AR0670326856,05-OBLI. NEGOCIABLES
NPCDD,59373,AR0670326856,05-OBLI. NEGOCIABLES
NPCDO,59373,AR0670326856,05-OBLI. NEGOCIABLES
NPCDX,59373,AR0670326856,05-OBLI. NEGOCIABLES
NPCDY,59373,AR0670326856,05-OBLI. NEGOCIABLES
NPCDZ,59373,AR0670326856,05-OBLI. NEGOCIABLES
NPCEC,59584,AR0738225512,05-OBLI. NEGOCIABLES
NPCED,59584,AR0738225512,05-OBLI. NEGOCIABLES
NPCEO,59584,AR0738225512,05-OBLI. NEGOCIABLES
NPCEX,59584,AR0738225512,05-OBLI. NEGOCIABLES
NPCEY,59584,AR0738225512,05-OBLI. NEGOCIABLES
NPCEZ,59584,AR0738225512,05-OBLI. NEGOCIABLES
NSAN,8299,ARDEUT113032,23-CEDEARS
NSANC,8299,ARDEUT113032,23-CEDEARS
NT14A,59697,AR0113061979,19-TITULOS DE DEUDA
NTES,8506,ARBCOM4601Z5,23-CEDEARS
NTESC,8506,ARBCOM4601Z5,23-CEDEARS
NTESD,8506,ARBCOM4601Z5,23-CEDEARS
NTRA,8755,AR0776810878,23-CEDEARS
NTRAC,8755,AR0776810878,23-CEDEARS
NTRAD,8755,AR0776810878,23-CEDEARS
NU,8596,AR0512295764,23-CEDEARS
NUB,8596,AR0512295764,23-CEDEARS
NUC,8596,AR0512295764,23-CEDEARS
NUD,8596,AR0512295764,23-CEDEARS
NUE,8140,ARDEUT111358,23-CEDEARS
NUEC,8140,ARDEUT111358,23-CEDEARS
NUS1C,57465,AR0113002775,14-OBLIG. NEG. PYMES
NUS1D,57465,AR0113002775,14-OBLIG. NEG. PYMES
NUS1P,57465,AR0113002775,14-OBLIG. NEG. PYMES
NV11C,58181,AR0807336851,14-OBLIG. NEG. PYMES
NV11D,58181,AR0807336851,14-OBLIG. NEG. PYMES
NV11P,58181,AR0807336851,14-OBLIG. NEG. PYMES
NV12C,58182,AR0181188720,14-OBLIG. NEG. PYMES
NV12D,58182,AR0181188720,14-OBLIG. NEG. PYMES
NV12P,58182,AR0181188720,14-OBLIG. NEG. PYMES
NVADB,8469,ARBCOM460184,23-CEDEARS
NVDA,8469,ARBCOM460184,23-CEDEARS
NVDAB,8469,ARBCOM460184,23-CEDEARS
NVDAC,8469,ARBCOM460184,23-CEDEARS
NVDAD,8469,ARBCOM460184,23-CEDEARS
NVO,8740,AR0229808610,23-CEDEARS
NVOC,8740,AR0229808610,23-CEDEARS
NVOD,8740,AR0229808610,23-CEDEARS
NVS,8251,ARDEUT112521,23-CEDEARS
NVSB,8251,ARDEUT112521,23-CEDEARS
NVSC,8251,ARDEUT112521,23-CEDEARS
NVSD,8251,ARDEUT112521,23-CEDEARS
NXE,8652,AR0220648593,23-CEDEARS
NXEC,8652,AR0220648593,23-CEDEARS
NXED,8652,AR0220648593,23-CEDEARS
NZC1C,43050,AR0690114456,19-TITULOS DE DEUDA
NZC1D,43050,AR0690114456,19-TITULOS DE DEUDA
NZC1O,43050,AR0690114456,19-TITULOS DE DEUDA
NZC1X,43050,AR0690114456,19-TITULOS DE DEUDA
NZC1Y,43050,AR0690114456,19-TITULOS DE DEUDA
NZC1Z,43050,AR0690114456,19-TITULOS DE DEUDA
NZC2C,43051,AR0196663758,19-TITULOS DE DEUDA
NZC2D,43051,AR0196663758,19-TITULOS DE DEUDA
NZC2O,43051,AR0196663758,19-TITULOS DE DEUDA
NZC2X,43051,AR0196663758,19-TITULOS DE DEUDA
NZC2Y,43051,AR0196663758,19-TITULOS DE DEUDA
NZC2Z,43051,AR0196663758,19-TITULOS DE DEUDA
NZC3C,43052,AR0745353307,19-TITULOS DE DEUDA
NZC3D,43052,AR0745353307,19-TITULOS DE DEUDA
NZC3O,43052,AR0745353307,19-TITULOS DE DEUDA
NZC3X,43052,AR0745353307,19-TITULOS DE DEUDA
NZC3Y,43052,AR0745353307,19-TITULOS DE DEUDA
NZC3Z,43052,AR0745353307,19-TITULOS DE DEUDA
NZC4C,43068,AR0670828547,19-TITULOS DE DEUDA
NZC4D,43068,AR0670828547,19-TITULOS DE DEUDA
NZC4O,43068,AR0670828547,19-TITULOS DE DEUDA
NZC4X,43068,AR0670828547,19-TITULOS DE DEUDA
NZC4Y,43068,AR0670828547,19-TITULOS DE DEUDA
NZC4Z,43068,AR0670828547,19-TITULOS DE DEUDA
NZC5C,43069,AR0729422482,19-TITULOS DE DEUDA
NZC5D,43069,AR0729422482,19-TITULOS DE DEUDA
NZC5O,43069,AR0729422482,19-TITULOS DE DEUDA
NZC5X,43069,AR0729422482,19-TITULOS DE DEUDA
NZC5Y,43069,AR0729422482,19-TITULOS DE DEUDA
NZC5Z,43069,AR0729422482,19-TITULOS DE DEUDA
NZC6C,43070,AR0145117005,19-TITULOS DE DEUDA
NZC6D,43070,AR0145117005,19-TITULOS DE DEUDA
NZC6O,43070,AR0145117005,19-TITULOS DE DEUDA
NZC6X,43070,AR0145117005,19-TITULOS DE DEUDA
NZC6Y,43070,AR0145117005,19-TITULOS DE DEUDA
NZC6Z,43070,AR0145117005,19-TITULOS DE DEUDA
O,8729,AR0245808040,23-CEDEARS
O11LC,59382,AR0280476034,14-OBLIG. NEG. PYMES
O11LD,59382,AR0280476034,14-OBLIG. NEG. PYMES
O1BLC,58996,AR0694147783,14-OBLIG. NEG. PYMES
O1BLD,58996,AR0694147783,14-OBLIG. NEG. PYMES
OC,8729,AR0245808040,23-CEDEARS
OC01Q,59156,AR0205213009,20-CERTIF. PARTICIP.
OC12C,58191,AR0387087312,14-OBLIG. NEG. PYMES
OC12D,58191,AR0387087312,14-OBLIG. NEG. PYMES
OC12P,58191,AR0387087312,14-OBLIG. NEG. PYMES
OC1QD,59156,AR0205213009,20-CERTIF. PARTICIP.
OD,8729,AR0245808040,23-CEDEARS
OEST,49,ARGCAO010012,01-ACCIONES PRIVADAS
OF1LC,59316,AR0093328737,14-OBLIG. NEG. PYMES
OF1LD,59316,AR0093328737,14-OBLIG. NEG. PYMES
OFS1L,59316,AR0093328737,14-OBLIG. NEG. PYMES
OG2AP,58160,AR0729970506,14-OBLIG. NEG. PYMES
OGZD,8379,ARDEUT114261,23-CEDEARS
OGZDC,8379,ARDEUT114261,23-CEDEARS
OGZDD,8379,ARDEUT114261,23-CEDEARS
OKLO,8711,AR0393658452,23-CEDEARS
OKLOC,8711,AR0393658452,23-CEDEARS
OKLOD,8711,AR0393658452,23-CEDEARS
OL1AC,58490,AR0134577227,14-OBLIG. NEG. PYMES
OL1AD,58490,AR0134577227,14-OBLIG. NEG. PYMES
OL1AP,58490,AR0134577227,14-OBLIG. NEG. PYMES
OL1BC,58491,AR0681075047,14-OBLIG. NEG. PYMES
OL1BD,58491,AR0681075047,14-OBLIG. NEG. PYMES
OL1BP,58491,AR0681075047,14-OBLIG. NEG. PYMES
OLC2C,57108,AROLDV560021,05-OBLI. NEGOCIABLES
OLC2D,57108,AROLDV560021,05-OBLI. NEGOCIABLES
OLC2O,57108,AROLDV560021,05-OBLI. NEGOCIABLES
OLC2X,57108,AROLDV560021,05-OBLI. NEGOCIABLES
OLC2Y,57108,AROLDV560021,05-OBLI. NEGOCIABLES
OLC2Z,57108,AROLDV560021,05-OBLI. NEGOCIABLES
OLC3C,57187,AROLDV560039,05-OBLI. NEGOCIABLES
OLC3D,57187,AROLDV560039,05-OBLI. NEGOCIABLES
OLC3O,57187,AROLDV560039,05-OBLI. NEGOCIABLES
OLC3X,57187,AROLDV560039,05-OBLI. NEGOCIABLES
OLC3Y,57187,AROLDV560039,05-OBLI. NEGOCIABLES
OLC3Z,57187,AROLDV560039,05-OBLI. NEGOCIABLES
OLC5C,58720,AR0467419146,05-OBLI. NEGOCIABLES
OLC5D,58720,AR0467419146,05-OBLI. NEGOCIABLES
OLC5O,58720,AR0467419146,05-OBLI. NEGOCIABLES
OLC5X,58720,AR0467419146,05-OBLI. NEGOCIABLES
OLC5Y,58720,AR0467419146,05-OBLI. NEGOCIABLES
OLC5Z,58720,AR0467419146,05-OBLI. NEGOCIABLES
OLC6C,59050,AR0828163235,05-OBLI. NEGOCIABLES
OLC6D,59050,AR0828163235,05-OBLI. NEGOCIABLES
OLC6O,59050,AR0828163235,05-OBLI. NEGOCIABLES
OLC6X,59050,AR0828163235,05-OBLI. NEGOCIABLES
OLC6Y,59050,AR0828163235,05-OBLI. NEGOCIABLES
OLC6Z,59050,AR0828163235,05-OBLI. NEGOCIABLES
OLC7C,59193,AR0888142434,05-OBLI. NEGOCIABLES
OLC7D,59193,AR0888142434,05-OBLI. NEGOCIABLES
OLC7O,59193,AR0888142434,05-OBLI. NEGOCIABLES
OLC7X,59193,AR0888142434,05-OBLI. NEGOCIABLES
OLC7Y,59193,AR0888142434,05-OBLI. NEGOCIABLES
OLC7Z,59193,AR0888142434,05-OBLI. NEGOCIABLES
OM1BL,58996,AR0694147783,14-OBLIG. NEG. PYMES
ONDS,8734,AR0247723296,23-CEDEARS
ONDSC,8734,AR0247723296,23-CEDEARS
ONDSD,8734,AR0247723296,23-CEDEARS
ONS1C,58563,AR0663302997,14-OBLIG. NEG. PYMES
ONS1D,58563,AR0663302997,14-OBLIG. NEG. PYMES
ONS1P,58563,AR0663302997,14-OBLIG. NEG. PYMES
OR1LC,59410,AR0027580403,14-OBLIG. NEG. PYMES
OR1LD,59410,AR0027580403,14-OBLIG. NEG. PYMES
OR3AC,58669,AR0939695281,14-OBLIG. NEG. PYMES
OR3AD,58669,AR0939695281,14-OBLIG. NEG. PYMES
OR3AP,58669,AR0939695281,14-OBLIG. NEG. PYMES
OR3BC,58670,AR0787069340,14-OBLIG. NEG. PYMES
OR3BD,58670,AR0787069340,14-OBLIG. NEG. PYMES
OR3BP,58670,AR0787069340,14-OBLIG. NEG. PYMES
ORAN,8192,ARDEUT111861,23-CEDEARS
ORANC,8192,ARDEUT111861,23-CEDEARS
ORCL,8142,ARDEUT111374,23-CEDEARS
ORCLB,8142,ARDEUT111374,23-CEDEARS
ORCLC,8142,ARDEUT111374,23-CEDEARS
ORCLD,8142,ARDEUT111374,23-CEDEARS
ORLY,8653,AR0876089472,23-CEDEARS
ORLYC,8653,AR0876089472,23-CEDEARS
ORLYD,8653,AR0876089472,23-CEDEARS
ORS1L,59410,AR0027580403,14-OBLIG. NEG. PYMES
OT41C,58392,AR0369871972,05-OBLI. NEGOCIABLES
OT41D,58392,AR0369871972,05-OBLI. NEGOCIABLES
OT41O,58392,AR0369871972,05-OBLI. NEGOCIABLES
OT41X,58392,AR0369871972,05-OBLI. NEGOCIABLES
OT41Y,58392,AR0369871972,05-OBLI. NEGOCIABLES
OT41Z,58392,AR0369871972,05-OBLI. NEGOCIABLES
OT42C,58393,AR0061093123,05-OBLI. NEGOCIABLES
OT42D,58393,AR0061093123,05-OBLI. NEGOCIABLES
OT42O,58393,AR0061093123,05-OBLI. NEGOCIABLES
OT42X,58393,AR0061093123,05-OBLI. NEGOCIABLES
OT42Y,58393,AR0061093123,05-OBLI. NEGOCIABLES
OT42Z,58393,AR0061093123,05-OBLI. NEGOCIABLES
OTS2C,57697,AR0182698750,05-OBLI. NEGOCIABLES
OTS2D,57697,AR0182698750,05-OBLI. NEGOCIABLES
OTS2O,57697,AR0182698750,05-OBLI. NEGOCIABLES
OTS2X,57697,AR0182698750,05-OBLI. NEGOCIABLES
OTS2Y,57697,AR0182698750,05-OBLI. NEGOCIABLES
OTS2Z,57697,AR0182698750,05-OBLI. NEGOCIABLES
OTS3C,58193,AR0912860969,05-OBLI. NEGOCIABLES
OTS3D,58193,AR0912860969,05-OBLI. NEGOCIABLES
OTS3O,58193,AR0912860969,05-OBLI. NEGOCIABLES
OTS3X,58193,AR0912860969,05-OBLI. NEGOCIABLES
OTS3Y,58193,AR0912860969,05-OBLI. NEGOCIABLES
OTS3Z,58193,AR0912860969,05-OBLI. NEGOCIABLES
OTS5C,58956,AR0034370418,05-OBLI. NEGOCIABLES
OTS5D,58956,AR0034370418,05-OBLI. NEGOCIABLES
OTS5O,58956,AR0034370418,05-OBLI. NEGOCIABLES
OTS5X,58956,AR0034370418,05-OBLI. NEGOCIABLES
OTS5Y,58956,AR0034370418,05-OBLI. NEGOCIABLES
OTS5Z,58956,AR0034370418,05-OBLI. NEGOCIABLES
OTS6C,59168,AR0110435994,05-OBLI. NEGOCIABLES
OTS6D,59168,AR0110435994,05-OBLI. NEGOCIABLES
OTS6O,59168,AR0110435994,05-OBLI. NEGOCIABLES
OTS6X,59168,AR0110435994,05-OBLI. NEGOCIABLES
OTS6Y,59168,AR0110435994,05-OBLI. NEGOCIABLES
OTS6Z,59168,AR0110435994,05-OBLI. NEGOCIABLES
OV1BP,56725,AROZOG560039,14-OBLIG. NEG. PYMES
OVBPC,56725,AROZOG560039,14-OBLIG. NEG. PYMES
OVBPD,56725,AROZOG560039,14-OBLIG. NEG. PYMES
OVOP,30025,AROVOP010038,27-ACCIONES PYMES
OW11L,59382,AR0280476034,14-OBLIG. NEG. PYMES
OXY,8576,ARCAVA460198,23-CEDEARS
OXYB,8576,ARCAVA460198,23-CEDEARS
OXYC,8576,ARCAVA460198,23-CEDEARS
OXYD,8576,ARCAVA460198,23-CEDEARS
OXYDB,8576,ARCAVA460198,23-CEDEARS
OZC3C,58271,AR0428738048,05-OBLI. NEGOCIABLES
OZC3D,58271,AR0428738048,05-OBLI. NEGOCIABLES
OZC3O,58271,AR0428738048,05-OBLI. NEGOCIABLES
OZC6C,84528,USP37213AG34,05-OBLI. NEGOCIABLES
OZC6D,84528,USP37213AG34,05-OBLI. NEGOCIABLES
OZC6O,84528,USP37213AG34,05-OBLI. NEGOCIABLES
OZC6X,84528,USP37213AG34,05-OBLI. NEGOCIABLES
OZC6Y,84528,USP37213AG34,05-OBLI. NEGOCIABLES
OZC6Z,84528,USP37213AG34,05-OBLI. NEGOCIABLES
OZC8C,85319,USP37213AH17,05-OBLI. NEGOCIABLES
OZC8D,85319,USP37213AH17,05-OBLI. NEGOCIABLES
OZC8O,85319,USP37213AH17,05-OBLI. NEGOCIABLES
OZC8X,85319,USP37213AH17,05-OBLI. NEGOCIABLES
OZC8Y,85319,USP37213AH17,05-OBLI. NEGOCIABLES
OZC8Z,85319,USP37213AH17,05-OBLI. NEGOCIABLES
P11LC,58739,AR0632907264,14-OBLIG. NEG. PYMES
P11LD,58739,AR0632907264,14-OBLIG. NEG. PYMES
P2J7C,42974,AR0350051873,19-TITULOS DE DEUDA
P2J7D,42974,AR0350051873,19-TITULOS DE DEUDA
PA14A,59181,AR0151906457,19-TITULOS DE DEUDA
PA14B,59182,AR0317954250,19-TITULOS DE DEUDA
PA15A,59378,AR0747909262,19-TITULOS DE DEUDA
PA15B,59379,AR0315153509,19-TITULOS DE DEUDA
PA16A,59619,AR0704217956,19-TITULOS DE DEUDA
PA16B,59620,AR0962828213,19-TITULOS DE DEUDA
PAAS,8538,ARBCOM4603C0,23-CEDEARS
PAASB,8538,ARBCOM4603C0,23-CEDEARS
PAASC,8538,ARBCOM4603C0,23-CEDEARS
PAASD,8538,ARBCOM4603C0,23-CEDEARS
PAC,8405,ARDEUT115177,23-CEDEARS
PAE0,44677,XS0501195993,03-TITULOS PUBLICOS
PAGS,8597,AR0651353770,23-CEDEARS
PAGSC,8597,AR0651353770,23-CEDEARS
PAGSD,8597,AR0651353770,23-CEDEARS
PAMCB,457,ARP432631215,01-ACCIONES PRIVADAS
PAMDB,457,ARP432631215,01-ACCIONES PRIVADAS
PAMP,457,ARP432631215,01-ACCIONES PRIVADAS
PAMPB,457,ARP432631215,01-ACCIONES PRIVADAS
PAMPC,457,ARP432631215,01-ACCIONES PRIVADAS
PAMPD,457,ARP432631215,01-ACCIONES PRIVADAS
PANW,8579,ARCAVA4601C6,23-CEDEARS
PANWB,8579,ARCAVA4601C6,23-CEDEARS
PANWC,8579,ARCAVA4601C6,23-CEDEARS
PANWD,8579,ARCAVA4601C6,23-CEDEARS
PAP0,5446,ARARGE03G712,03-TITULOS PUBLICOS
PARP,45695,ARARGE03E105,03-TITULOS PUBLICOS
PARPC,45695,ARARGE03E105,03-TITULOS PUBLICOS
PARPD,45695,ARARGE03E105,03-TITULOS PUBLICOS
PARPX,45695,ARARGE03E105,03-TITULOS PUBLICOS
PARPY,45695,ARARGE03E105,03-TITULOS PUBLICOS
PARPZ,45695,ARARGE03E105,03-TITULOS PUBLICOS
PATA,558,ARP530571735,01-ACCIONES PRIVADAS
PATAD,558,ARP530571735,01-ACCIONES PRIVADAS
PATH,8686,AR0343130982,23-CEDEARS
PATHC,8686,AR0343130982,23-CEDEARS
PATHD,8686,AR0343130982,23-CEDEARS
PATR,795,ARPATR010019,01-ACCIONES PRIVADAS
PAY0,44675,XS0501195647,03-TITULOS PUBLICOS
PAY0C,44675,XS0501195647,03-TITULOS PUBLICOS
PAY0D,44675,XS0501195647,03-TITULOS PUBLICOS
PAY5,44670,XS0501195720,03-TITULOS PUBLICOS
PB1MC,59107,AR0896115646,05-OBLI. NEGOCIABLES
PB1MD,59107,AR0896115646,05-OBLI. NEGOCIABLES
PB2D6,43087,AR0165588606,03-TITULOS PUBLICOS
PB2DC,43087,AR0165588606,03-TITULOS PUBLICOS
PB2DD,43087,AR0165588606,03-TITULOS PUBLICOS
PB2J7,42974,AR0350051873,19-TITULOS DE DEUDA
PBA27,43048,AR0647160248,19-TITULOS DE DEUDA
PBA28,43049,AR0983438406,03-TITULOS PUBLICOS
PBA7C,43048,AR0647160248,19-TITULOS DE DEUDA
PBA7D,43048,AR0647160248,19-TITULOS DE DEUDA
PBA7X,43048,AR0647160248,19-TITULOS DE DEUDA
PBA7Y,43048,AR0647160248,19-TITULOS DE DEUDA
PBA7Z,43048,AR0647160248,19-TITULOS DE DEUDA
PBA8C,43049,AR0983438406,03-TITULOS PUBLICOS
PBA8D,43049,AR0983438406,03-TITULOS PUBLICOS
PBA8X,43049,AR0983438406,03-TITULOS PUBLICOS
PBA8Y,43049,AR0983438406,19-TITULOS DE DEUDA
PBA8Z,43049,AR0983438406,03-TITULOS PUBLICOS
PBD26,42933,AR0816184250,03-TITULOS PUBLICOS
PBD6C,42933,AR0816184250,03-TITULOS PUBLICOS
PBD6D,42933,AR0816184250,03-TITULOS PUBLICOS
PBI,8143,ARDEUT111382,23-CEDEARS
PBM27,42982,AR0728973071,19-TITULOS DE DEUDA
PBM28,43039,AR0683752304,03-TITULOS PUBLICOS
PBM31,42504,ARPBUE320B46,03-TITULOS PUBLICOS
PBM7C,42982,AR0728973071,19-TITULOS DE DEUDA
PBM7D,42982,AR0728973071,19-TITULOS DE DEUDA
PBM7X,42982,AR0728973071,19-TITULOS DE DEUDA
PBM7Y,42982,AR0728973071,19-TITULOS DE DEUDA
PBM7Z,42982,AR0728973071,19-TITULOS DE DEUDA
PBM8C,43039,AR0683752304,03-TITULOS PUBLICOS
PBM8D,43039,AR0683752304,03-TITULOS PUBLICOS
PBN27,42458,ARPBUE320AO4,03-TITULOS PUBLICOS
PBN28,42459,ARPBUE320AP1,03-TITULOS PUBLICOS
PBN29,42460,ARPBUE320AQ9,03-TITULOS PUBLICOS
PBN30,42461,ARPBUE320AR7,03-TITULOS PUBLICOS
PBN3C,42461,ARPBUE320AR7,03-TITULOS PUBLICOS
PBN3D,42461,ARPBUE320AR7,03-TITULOS PUBLICOS
PBN7C,42458,ARPBUE320AO4,03-TITULOS PUBLICOS
PBN7D,42458,ARPBUE320AO4,03-TITULOS PUBLICOS
PBN8C,42459,ARPBUE320AP1,03-TITULOS PUBLICOS
PBN8D,42459,ARPBUE320AP1,03-TITULOS PUBLICOS
PBN9C,42460,ARPBUE320AQ9,03-TITULOS PUBLICOS
PBN9D,42460,ARPBUE320AQ9,03-TITULOS PUBLICOS
PBR,8526,ARBCOM4602U4,23-CEDEARS
PBRB,8526,ARBCOM4602U4,23-CEDEARS
PBRC,8526,ARBCOM4602U4,23-CEDEARS
PBRCB,8526,ARBCOM4602U4,23-CEDEARS
PBRD,8526,ARBCOM4602U4,23-CEDEARS
PBRDB,8526,ARBCOM4602U4,23-CEDEARS
PBS1M,59107,AR0896115646,05-OBLI. NEGOCIABLES
PC02A,50035,ARBHIP600037,19-TITULOS DE DEUDA
PC03A,51073,ARBHIP6000C1,19-TITULOS DE DEUDA
PCAR,8144,ARDEUT111390,23-CEDEARS
PCARC,8144,ARDEUT111390,23-CEDEARS
PCARD,8144,ARDEUT111390,23-CEDEARS
PDD,8675,AR0101251947,23-CEDEARS
PDDC,8675,AR0101251947,23-CEDEARS
PDDD,8675,AR0101251947,23-CEDEARS
PDS2C,58665,AR0991679686,14-OBLIG. NEG. PYMES
PDS2D,58665,AR0991679686,14-OBLIG. NEG. PYMES
PDS2P,58665,AR0991679686,14-OBLIG. NEG. PYMES
PE1LC,59006,AR0658693657,14-OBLIG. NEG. PYMES
PE1LD,59006,AR0658693657,14-OBLIG. NEG. PYMES
PE2LC,59715,AR0810839123,14-OBLIG. NEG. PYMES
PE2LD,59715,AR0810839123,14-OBLIG. NEG. PYMES
PE5CC,56979,ARPAEG560096,05-OBLI. NEGOCIABLES
PE5CD,56979,ARPAEG560096,05-OBLI. NEGOCIABLES
PEC5O,56979,ARPAEG560096,05-OBLI. NEGOCIABLES
PEC6C,57364,ARPAEG5600B4,05-OBLI. NEGOCIABLES
PEC6D,57364,ARPAEG5600B4,05-OBLI. NEGOCIABLES
PEC6O,57364,ARPAEG5600B4,05-OBLI. NEGOCIABLES
PEC6Z,57364,ARPAEG5600B4,05-OBLI. NEGOCIABLES
PEC7C,57365,ARPAEG5600C2,05-OBLI. NEGOCIABLES
PEC7D,57365,ARPAEG5600C2,05-OBLI. NEGOCIABLES
PEC7O,57365,ARPAEG5600C2,05-OBLI. NEGOCIABLES
PEC7X,57365,ARPAEG5600C2,05-OBLI. NEGOCIABLES
PEC7Y,57365,ARPAEG5600C2,05-OBLI. NEGOCIABLES
PEC7Z,57365,ARPAEG5600C2,05-OBLI. NEGOCIABLES
PEC8C,57600,AR0052799894,05-OBLI. NEGOCIABLES
PEC8D,57600,AR0052799894,05-OBLI. NEGOCIABLES
PEC8O,57600,AR0052799894,05-OBLI. NEGOCIABLES
PEC8X,57600,AR0052799894,05-OBLI. NEGOCIABLES
PEC8Y,57600,AR0052799894,05-OBLI. NEGOCIABLES
PEC8Z,57600,AR0052799894,05-OBLI. NEGOCIABLES
PECAC,57604,AR0342949143,05-OBLI. NEGOCIABLES
PECAD,57604,AR0342949143,05-OBLI. NEGOCIABLES
PECAO,57604,AR0342949143,05-OBLI. NEGOCIABLES
PECAX,57604,AR0342949143,05-OBLI. NEGOCIABLES
PECAY,57604,AR0342949143,05-OBLI. NEGOCIABLES
PECAZ,57604,AR0342949143,05-OBLI. NEGOCIABLES
PECBC,57605,AR0781932378,05-OBLI. NEGOCIABLES
PECBD,57605,AR0781932378,05-OBLI. NEGOCIABLES
PECBO,57605,AR0781932378,05-OBLI. NEGOCIABLES
PECBX,57605,AR0781932378,05-OBLI. NEGOCIABLES
PECBY,57605,AR0781932378,05-OBLI. NEGOCIABLES
PECBZ,57605,AR0781932378,05-OBLI. NEGOCIABLES
PECGC,58170,AR0922212433,05-OBLI. NEGOCIABLES
PECGD,58170,AR0922212433,05-OBLI. NEGOCIABLES
PECGO,58170,AR0922212433,05-OBLI. NEGOCIABLES
PECGX,58170,AR0922212433,05-OBLI. NEGOCIABLES
PECGY,58170,AR0922212433,05-OBLI. NEGOCIABLES
PECGZ,58170,AR0922212433,05-OBLI. NEGOCIABLES
PECHC,58171,AR0553485654,05-OBLI. NEGOCIABLES
PECHD,58171,AR0553485654,05-OBLI. NEGOCIABLES
PECHO,58171,AR0553485654,05-OBLI. NEGOCIABLES
PECHX,58171,AR0553485654,05-OBLI. NEGOCIABLES
PECHY,58171,AR0553485654,05-OBLI. NEGOCIABLES
PECHZ,58171,AR0553485654,05-OBLI. NEGOCIABLES
PECIC,58423,AR0541458847,05-OBLI. NEGOCIABLES
PECID,58423,AR0541458847,05-OBLI. NEGOCIABLES
PECIO,58423,AR0541458847,05-OBLI. NEGOCIABLES
PECIX,58423,AR0541458847,05-OBLI. NEGOCIABLES
PECIY,58423,AR0541458847,05-OBLI. NEGOCIABLES
PECIZ,58423,AR0541458847,05-OBLI. NEGOCIABLES
PECJC,58818,AR0042334919,05-OBLI. NEGOCIABLES
PECJD,58818,AR0042334919,05-OBLI. NEGOCIABLES
PECJO,58818,AR0042334919,05-OBLI. NEGOCIABLES
PECJX,58818,AR0042334919,05-OBLI. NEGOCIABLES
PECJY,58818,AR0042334919,05-OBLI. NEGOCIABLES
PECJZ,58818,AR0042334919,05-OBLI. NEGOCIABLES
PECKC,58819,AR0176873831,05-OBLI. NEGOCIABLES
PECKD,58819,AR0176873831,05-OBLI. NEGOCIABLES
PECKO,58819,AR0176873831,05-OBLI. NEGOCIABLES
PECKX,58819,AR0176873831,05-OBLI. NEGOCIABLES
PECKY,58819,AR0176873831,05-OBLI. NEGOCIABLES
PECKZ,58819,AR0176873831,05-OBLI. NEGOCIABLES
PECLC,58820,AR0277195662,05-OBLI. NEGOCIABLES
PECLD,58820,AR0277195662,05-OBLI. NEGOCIABLES
PECLO,58820,AR0277195662,05-OBLI. NEGOCIABLES
PECLX,58820,AR0277195662,05-OBLI. NEGOCIABLES
PECLY,58820,AR0277195662,05-OBLI. NEGOCIABLES
PECLZ,58820,AR0277195662,05-OBLI. NEGOCIABLES
PECMC,58823,AR0990368851,05-OBLI. NEGOCIABLES
PECMD,58823,AR0990368851,05-OBLI. NEGOCIABLES
PECMO,58823,AR0990368851,05-OBLI. NEGOCIABLES
PECMX,58823,AR0990368851,05-OBLI. NEGOCIABLES
PECMY,58823,AR0990368851,05-OBLI. NEGOCIABLES
PECMZ,58823,AR0990368851,05-OBLI. NEGOCIABLES
PECNC,58824,AR0199819753,05-OBLI. NEGOCIABLES
PECND,58824,AR0199819753,05-OBLI. NEGOCIABLES
PECNO,58824,AR0199819753,05-OBLI. NEGOCIABLES
PECNX,58824,AR0199819753,05-OBLI. NEGOCIABLES
PECNY,58824,AR0199819753,05-OBLI. NEGOCIABLES
PECNZ,58824,AR0199819753,05-OBLI. NEGOCIABLES
PECOC,58859,AR0465148036,05-OBLI. NEGOCIABLES
PECOD,58859,AR0465148036,05-OBLI. NEGOCIABLES
PECOO,58859,AR0465148036,05-OBLI. NEGOCIABLES
PECOX,58859,AR0465148036,05-OBLI. NEGOCIABLES
PECOY,58859,AR0465148036,05-OBLI. NEGOCIABLES
PECOZ,58859,AR0465148036,05-OBLI. NEGOCIABLES
PEL1F,23979,ARBVAL6223Y0,18-FONDOS INVERSION
PEP,8146,ARDEUT111416,23-CEDEARS
PEP.B,8146,ARDEUT111416,23-CEDEARS
PEPC,8146,ARDEUT111416,23-CEDEARS
PEPD,8146,ARDEUT111416,23-CEDEARS
PES1L,59006,AR0658693657,14-OBLIG. NEG. PYMES
PES2L,59715,AR0810839123,14-OBLIG. NEG. PYMES
PETR3,8602,ARCAVA4601L7,23-CEDEARS
PETRC,8602,ARCAVA4601L7,23-CEDEARS
PETRD,8602,ARCAVA4601L7,23-CEDEARS
PFC2C,58783,AR0416362439,05-OBLI. NEGOCIABLES
PFC2D,58783,AR0416362439,05-OBLI. NEGOCIABLES
PFC2O,58783,AR0416362439,05-OBLI. NEGOCIABLES
PFC2X,58783,AR0416362439,05-OBLI. NEGOCIABLES
PFC2Y,58783,AR0416362439,05-OBLI. NEGOCIABLES
PFC2Z,58783,AR0416362439,05-OBLI. NEGOCIABLES
PFC3C,59397,AR0645095644,05-OBLI. NEGOCIABLES
PFC3D,59397,AR0645095644,05-OBLI. NEGOCIABLES
PFC3O,59397,AR0645095644,05-OBLI. NEGOCIABLES
PFC3Y,59397,AR0645095644,05-OBLI. NEGOCIABLES
PFC4C,59688,AR0930079246,05-OBLI. NEGOCIABLES
PFC4D,59688,AR0930079246,05-OBLI. NEGOCIABLES
PFC4O,59688,AR0930079246,05-OBLI. NEGOCIABLES
PFE,8147,ARDEUT111424,23-CEDEARS
PFE.B,8147,ARDEUT111424,23-CEDEARS
PFEC,8147,ARDEUT111424,23-CEDEARS
PFED,8147,ARDEUT111424,23-CEDEARS
PG,8037,ARDEUT110335,23-CEDEARS
PG..B,8037,ARDEUT110335,23-CEDEARS
PG11L,58739,AR0632907264,14-OBLIG. NEG. PYMES
PG1BP,56939,ARPNOG560024,14-OBLIG. NEG. PYMES
PGBPD,56939,ARPNOG560024,14-OBLIG. NEG. PYMES
PGC,8037,ARDEUT110335,23-CEDEARS
PGD,8037,ARDEUT110335,23-CEDEARS
PHC3C,58390,AR0269744345,05-OBLI. NEGOCIABLES
PHC3D,58390,AR0269744345,05-OBLI. NEGOCIABLES
PHC3O,58390,AR0269744345,05-OBLI. NEGOCIABLES
PHC4C,59409,AR0585258590,05-OBLI. NEGOCIABLES
PHC4D,59409,AR0585258590,05-OBLI. NEGOCIABLES
PHC4O,59409,AR0585258590,05-OBLI. NEGOCIABLES
PHC4X,59409,AR0585258590,05-OBLI. NEGOCIABLES
PHC4Y,59409,AR0585258590,05-OBLI. NEGOCIABLES
PHC4Z,59409,AR0585258590,05-OBLI. NEGOCIABLES
PHG,8059,ARDEUT110558,23-CEDEARS
PHGC,8059,ARDEUT110558,23-CEDEARS
PHGD,8059,ARDEUT110558,23-CEDEARS
PI11C,59699,AR0739347620,14-OBLIG. NEG. PYMES
PI11D,59699,AR0739347620,14-OBLIG. NEG. PYMES
PI11L,59699,AR0739347620,14-OBLIG. NEG. PYMES
PINS,8646,AR0752208279,23-CEDEARS
PINSC,8646,AR0752208279,23-CEDEARS
PINSD,8646,AR0752208279,23-CEDEARS
PKS,8411,ARDEUT115276,23-CEDEARS
PLC1C,58415,AR0502588418,05-OBLI. NEGOCIABLES
PLC1D,58415,AR0502588418,05-OBLI. NEGOCIABLES
PLC1O,58415,AR0502588418,05-OBLI. NEGOCIABLES
PLC1X,58415,AR0502588418,05-OBLI. NEGOCIABLES
PLC1Y,58415,AR0502588418,05-OBLI. NEGOCIABLES
PLC1Z,58415,AR0502588418,05-OBLI. NEGOCIABLES
PLC2C,58416,AR0036431960,05-OBLI. NEGOCIABLES
PLC2D,58416,AR0036431960,05-OBLI. NEGOCIABLES
PLC2O,58416,AR0036431960,05-OBLI. NEGOCIABLES
PLC2X,58416,AR0036431960,05-OBLI. NEGOCIABLES
PLC2Y,58416,AR0036431960,05-OBLI. NEGOCIABLES
PLC2Z,58416,AR0036431960,05-OBLI. NEGOCIABLES
PLC3C,58604,AR0808016403,05-OBLI. NEGOCIABLES
PLC3D,58604,AR0808016403,05-OBLI. NEGOCIABLES
PLC3O,58604,AR0808016403,05-OBLI. NEGOCIABLES
PLC3X,58604,AR0808016403,05-OBLI. NEGOCIABLES
PLC3Y,58604,AR0808016403,05-OBLI. NEGOCIABLES
PLC3Z,58604,AR0808016403,05-OBLI. NEGOCIABLES
PLC4C,84413,USP7924AAA62,05-OBLI. NEGOCIABLES
PLC4D,84413,USP7924AAA62,05-OBLI. NEGOCIABLES
PLC4O,84413,USP7924AAA62,05-OBLI. NEGOCIABLES
PLC4X,84413,USP7924AAA62,05-OBLI. NEGOCIABLES
PLC4Y,84413,USP7924AAA62,05-OBLI. NEGOCIABLES
PLC4Z,84413,USP7924AAA62,05-OBLI. NEGOCIABLES
PLC5C,84857,USP7924AAC29,05-OBLI. NEGOCIABLES
PLC5D,84857,USP7924AAC29,05-OBLI. NEGOCIABLES
PLC5O,84857,USP7924AAC29,05-OBLI. NEGOCIABLES
PLC5X,84857,USP7924AAC29,05-OBLI. NEGOCIABLES
PLC5Y,84857,USP7924AAC29,05-OBLI. NEGOCIABLES
PLC5Z,84857,USP7924AAC29,05-OBLI. NEGOCIABLES
PLC6C,59219,AR0559091100,05-OBLI. NEGOCIABLES
PLC6D,59219,AR0559091100,05-OBLI. NEGOCIABLES
PLC6O,59219,AR0559091100,05-OBLI. NEGOCIABLES
PLC6X,59219,AR0559091100,05-OBLI. NEGOCIABLES
PLC6Y,59219,AR0559091100,05-OBLI. NEGOCIABLES
PLC6Z,59219,AR0559091100,05-OBLI. NEGOCIABLES
PLC7C,85380,USP7924AAD02,05-OBLI. NEGOCIABLES
PLC7D,85380,USP7924AAD02,05-OBLI. NEGOCIABLES
PLC7O,85380,USP7924AAD02,05-OBLI. NEGOCIABLES
PLC7X,85380,USP7924AAD02,05-OBLI. NEGOCIABLES
PLC7Y,85380,USP7924AAD02,05-OBLI. NEGOCIABLES
PLC7Z,85380,USP7924AAD02,05-OBLI. NEGOCIABLES
PLD,8752,AR0793346641,23-CEDEARS
PLDC,8752,AR0793346641,23-CEDEARS
PLDD,8752,AR0793346641,23-CEDEARS
PLTR,8598,AR0132889822,23-CEDEARS
PLTRC,8598,AR0132889822,23-CEDEARS
PLTRD,8598,AR0132889822,23-CEDEARS
PM,8630,AR0361136887,23-CEDEARS
PM29C,81435,USP6480JAH07,03-TITULOS PUBLICOS
PM29D,81435,USP6480JAH07,03-TITULOS PUBLICOS
PM29X,81435,USP6480JAH07,03-TITULOS PUBLICOS
PM29Y,81435,USP6480JAH07,03-TITULOS PUBLICOS
PM29Z,81435,USP6480JAH07,03-TITULOS PUBLICOS
PM31C,42511,ARPMZA320100,03-TITULOS PUBLICOS
PM31D,42511,ARPMZA320100,03-TITULOS PUBLICOS
PMA28,43040,AR0289288976,03-TITULOS PUBLICOS
PMA29,43041,AR0637699536,03-TITULOS PUBLICOS
PMA8C,43040,AR0289288976,03-TITULOS PUBLICOS
PMA8D,43040,AR0289288976,03-TITULOS PUBLICOS
PMA8X,43040,AR0289288976,03-TITULOS PUBLICOS
PMA8Y,43040,AR0289288976,03-TITULOS PUBLICOS
PMA8Z,43040,AR0289288976,03-TITULOS PUBLICOS
PMA9C,43041,AR0637699536,03-TITULOS PUBLICOS
PMA9D,43041,AR0637699536,03-TITULOS PUBLICOS
PMC,8630,AR0361136887,23-CEDEARS
PMD,8630,AR0361136887,23-CEDEARS
PMD26,42904,AR0769321784,03-TITULOS PUBLICOS
PMD6C,42904,AR0769321784,03-TITULOS PUBLICOS
PMD6D,42904,AR0769321784,03-TITULOS PUBLICOS
PMD6X,42904,AR0769321784,03-TITULOS PUBLICOS
PMM27,42803,AR0970492929,03-TITULOS PUBLICOS
PMM29,81435,USP6480JAH07,03-TITULOS PUBLICOS
PMM31,42511,ARPMZA320100,03-TITULOS PUBLICOS
PMM7C,42803,AR0970492929,03-TITULOS PUBLICOS
PMM7D,42803,AR0970492929,03-TITULOS PUBLICOS
PMM7X,42803,AR0970492929,03-TITULOS PUBLICOS
PMM7Y,42803,AR0970492929,03-TITULOS PUBLICOS
PMM7Z,42803,AR0970492929,03-TITULOS PUBLICOS
PN34C,58084,AR0770773957,05-OBLI. NEGOCIABLES
PN34D,58084,AR0770773957,05-OBLI. NEGOCIABLES
PN34O,58084,AR0770773957,05-OBLI. NEGOCIABLES
PN34X,58084,AR0770773957,05-OBLI. NEGOCIABLES
PN34Y,58084,AR0770773957,05-OBLI. NEGOCIABLES
PN34Z,58084,AR0770773957,05-OBLI. NEGOCIABLES
PN35C,58085,AR0623274765,05-OBLI. NEGOCIABLES
PN35D,58085,AR0623274765,05-OBLI. NEGOCIABLES
PN35O,58085,AR0623274765,05-OBLI. NEGOCIABLES
PN35X,58085,AR0623274765,05-OBLI. NEGOCIABLES
PN35Y,58085,AR0623274765,05-OBLI. NEGOCIABLES
PN35Z,58085,AR0623274765,05-OBLI. NEGOCIABLES
PN36C,58229,AR0677571967,05-OBLI. NEGOCIABLES
PN36D,58229,AR0677571967,05-OBLI. NEGOCIABLES
PN36O,58229,AR0677571967,05-OBLI. NEGOCIABLES
PN36X,58229,AR0677571967,05-OBLI. NEGOCIABLES
PN36Y,58229,AR0677571967,05-OBLI. NEGOCIABLES
PN36Z,58229,AR0677571967,05-OBLI. NEGOCIABLES
PN37C,58230,AR0098578880,05-OBLI. NEGOCIABLES
PN37D,58230,AR0098578880,05-OBLI. NEGOCIABLES
PN37O,58230,AR0098578880,05-OBLI. NEGOCIABLES
PN37X,58230,AR0098578880,05-OBLI. NEGOCIABLES
PN37Y,58230,AR0098578880,05-OBLI. NEGOCIABLES
PN37Z,58230,AR0098578880,05-OBLI. NEGOCIABLES
PN38C,58447,AR0554009248,05-OBLI. NEGOCIABLES
PN38D,58447,AR0554009248,05-OBLI. NEGOCIABLES
PN38O,58447,AR0554009248,05-OBLI. NEGOCIABLES
PN38X,58447,AR0554009248,05-OBLI. NEGOCIABLES
PN38Y,58447,AR0554009248,05-OBLI. NEGOCIABLES
PN38Z,58447,AR0554009248,05-OBLI. NEGOCIABLES
PN40C,58579,AR0351070781,05-OBLI. NEGOCIABLES
PN40D,58579,AR0351070781,05-OBLI. NEGOCIABLES
PN40O,58579,AR0351070781,05-OBLI. NEGOCIABLES
PN40X,58579,AR0351070781,05-OBLI. NEGOCIABLES
PN40Y,58579,AR0351070781,05-OBLI. NEGOCIABLES
PN40Z,58579,AR0351070781,05-OBLI. NEGOCIABLES
PN41C,58849,AR0299198264,05-OBLI. NEGOCIABLES
PN41D,58849,AR0299198264,05-OBLI. NEGOCIABLES
PN41O,58849,AR0299198264,05-OBLI. NEGOCIABLES
PN41X,58849,AR0299198264,05-OBLI. NEGOCIABLES
PN41Y,58849,AR0299198264,05-OBLI. NEGOCIABLES
PN41Z,58849,AR0299198264,05-OBLI. NEGOCIABLES
PN42C,58940,AR0081130814,05-OBLI. NEGOCIABLES
PN42D,58940,AR0081130814,05-OBLI. NEGOCIABLES
PN42O,58940,AR0081130814,05-OBLI. NEGOCIABLES
PN42X,58940,AR0081130814,05-OBLI. NEGOCIABLES
PN42Y,58940,AR0081130814,05-OBLI. NEGOCIABLES
PN42Z,58940,AR0081130814,05-OBLI. NEGOCIABLES
PN43C,84974,USE7S78BAD49,05-OBLI. NEGOCIABLES
PN43D,84974,USE7S78BAD49,05-OBLI. NEGOCIABLES
PN43O,84974,USE7S78BAD49,05-OBLI. NEGOCIABLES
PN43X,84974,USE7S78BAD49,05-OBLI. NEGOCIABLES
PN43Y,84974,USE7S78BAD49,05-OBLI. NEGOCIABLES
PN43Z,84974,USE7S78BAD49,05-OBLI. NEGOCIABLES
PNDCC,95806,USE7S78BAB82,05-OBLI. NEGOCIABLES
PNDCD,95806,USE7S78BAB82,05-OBLI. NEGOCIABLES
PNDCO,95806,USE7S78BAB82,05-OBLI. NEGOCIABLES
PNDCX,95806,USE7S78BAB82,05-OBLI. NEGOCIABLES
PNDCY,95806,USE7S78BAB82,05-OBLI. NEGOCIABLES
PNDCZ,95806,USE7S78BAB82,05-OBLI. NEGOCIABLES
PNECC,55476,ARAXIO5600L2,05-OBLI. NEGOCIABLES
PNECD,55476,ARAXIO5600L2,05-OBLI. NEGOCIABLES
PNECO,55476,ARAXIO5600L2,05-OBLI. NEGOCIABLES
PNECX,55476,ARAXIO5600L2,05-OBLI. NEGOCIABLES
PNECY,55476,ARAXIO5600L2,05-OBLI. NEGOCIABLES
PNECZ,55476,ARAXIO5600L2,05-OBLI. NEGOCIABLES
PNICC,55908,ARAXIO5600Q1,05-OBLI. NEGOCIABLES
PNICD,55908,ARAXIO5600Q1,05-OBLI. NEGOCIABLES
PNICO,55908,ARAXIO5600Q1,05-OBLI. NEGOCIABLES
PNICX,55908,ARAXIO5600Q1,05-OBLI. NEGOCIABLES
PNICY,55908,ARAXIO5600Q1,05-OBLI. NEGOCIABLES
PNICZ,55908,ARAXIO5600Q1,05-OBLI. NEGOCIABLES
PNIFC,26700,AR0140128668,18-FONDOS INVERSION
PNIFD,26700,AR0140128668,18-FONDOS INVERSION
PNIZF,26700,AR0140128668,18-FONDOS INVERSION
PNJCC,55909,ARAXIO5600P3,05-OBLI. NEGOCIABLES
PNJCD,55909,ARAXIO5600P3,05-OBLI. NEGOCIABLES
PNJCO,55909,ARAXIO5600P3,05-OBLI. NEGOCIABLES
PNJCX,55909,ARAXIO5600P3,05-OBLI. NEGOCIABLES
PNJCY,55909,ARAXIO5600P3,05-OBLI. NEGOCIABLES
PNJCZ,55909,ARAXIO5600P3,05-OBLI. NEGOCIABLES
PNRCC,57275,ARAXIO5600X7,05-OBLI. NEGOCIABLES
PNRCD,57275,ARAXIO5600X7,05-OBLI. NEGOCIABLES
PNRCO,57275,ARAXIO5600X7,05-OBLI. NEGOCIABLES
PNRCX,57275,ARAXIO5600X7,05-OBLI. NEGOCIABLES
PNRCY,57275,ARAXIO5600X7,05-OBLI. NEGOCIABLES
PNRCZ,57275,ARAXIO5600X7,05-OBLI. NEGOCIABLES
PNXCC,83675,USE7S78BAC65,05-OBLI. NEGOCIABLES
PNXCD,83675,USE7S78BAC65,05-OBLI. NEGOCIABLES
PNXCO,83675,USE7S78BAC65,05-OBLI. NEGOCIABLES
PNXCX,83675,USE7S78BAC65,05-OBLI. NEGOCIABLES
PNXCY,83675,USE7S78BAC65,05-OBLI. NEGOCIABLES
PNXCZ,83675,USE7S78BAC65,05-OBLI. NEGOCIABLES
PNZCC,57878,AR0614200928,05-OBLI. NEGOCIABLES
PNZCD,57878,AR0614200928,05-OBLI. NEGOCIABLES
PNZCO,57878,AR0614200928,05-OBLI. NEGOCIABLES
PNZCX,57878,AR0614200928,05-OBLI. NEGOCIABLES
PNZCY,57878,AR0614200928,05-OBLI. NEGOCIABLES
PNZCZ,57878,AR0614200928,05-OBLI. NEGOCIABLES
PNZFB,26700,AR0140128668,18-FONDOS INVERSION
POLL,830,ARP7905G1652,01-ACCIONES PRIVADAS
PQCKC,56659,ARPETQ5600H0,05-OBLI. NEGOCIABLES
PQCKD,56659,ARPETQ5600H0,05-OBLI. NEGOCIABLES
PQCKO,56659,ARPETQ5600H0,05-OBLI. NEGOCIABLES
PQCKX,56659,ARPETQ5600H0,05-OBLI. NEGOCIABLES
PQCKY,56659,ARPETQ5600H0,05-OBLI. NEGOCIABLES
PQCKZ,56659,ARPETQ5600H0,05-OBLI. NEGOCIABLES
PQCOC,57379,ARPETQ5600N8,05-OBLI. NEGOCIABLES
PQCOD,57379,ARPETQ5600N8,05-OBLI. NEGOCIABLES
PQCOO,57379,ARPETQ5600N8,05-OBLI. NEGOCIABLES
PQCOX,57379,ARPETQ5600N8,05-OBLI. NEGOCIABLES
PQCOY,57379,ARPETQ5600N8,05-OBLI. NEGOCIABLES
PQCOZ,57379,ARPETQ5600N8,05-OBLI. NEGOCIABLES
PQCQC,57895,AR0761744397,05-OBLI. NEGOCIABLES
PQCQD,57895,AR0761744397,05-OBLI. NEGOCIABLES
PQCQO,57895,AR0761744397,05-OBLI. NEGOCIABLES
PQCQX,57895,AR0761744397,05-OBLI. NEGOCIABLES
PQCQY,57895,AR0761744397,05-OBLI. NEGOCIABLES
PQCQZ,57895,AR0761744397,05-OBLI. NEGOCIABLES
PQCRC,58155,AR0530125704,05-OBLI. NEGOCIABLES
PQCRD,58155,AR0530125704,05-OBLI. NEGOCIABLES
PQCRO,58155,AR0530125704,05-OBLI. NEGOCIABLES
PQCRX,58155,AR0530125704,05-OBLI. NEGOCIABLES
PQCRY,58155,AR0530125704,05-OBLI. NEGOCIABLES
PQCRZ,58155,AR0530125704,05-OBLI. NEGOCIABLES
PQCSC,58468,AR0309447628,05-OBLI. NEGOCIABLES
PQCSD,58468,AR0309447628,05-OBLI. NEGOCIABLES
PQCSO,58468,AR0309447628,05-OBLI. NEGOCIABLES
PQCSX,58468,AR0309447628,05-OBLI. NEGOCIABLES
PQCSY,58468,AR0309447628,05-OBLI. NEGOCIABLES
PQCSZ,58468,AR0309447628,05-OBLI. NEGOCIABLES
PQCTC,58798,AR0998747122,05-OBLI. NEGOCIABLES
PQCTD,58798,AR0998747122,05-OBLI. NEGOCIABLES
PQCTO,58798,AR0998747122,05-OBLI. NEGOCIABLES
PQCTX,58798,AR0998747122,05-OBLI. NEGOCIABLES
PQCTY,58798,AR0998747122,05-OBLI. NEGOCIABLES
PQCTZ,58798,AR0998747122,05-OBLI. NEGOCIABLES
PR17,9153,ARARGE320CT6,12-BONOS CONSOLID.
PR17C,9153,ARARGE320CT6,12-BONOS CONSOLID.
PR17D,9153,ARARGE320CT6,12-BONOS CONSOLID.
PR17X,9153,ARARGE320CT6,12-BONOS CONSOLID.
PR17Y,9153,ARARGE320CT6,12-BONOS CONSOLID.
PR17Z,9153,ARARGE320CT6,12-BONOS CONSOLID.
PR21C,58156,AR0623319917,14-OBLIG. NEG. PYMES
PR21D,58156,AR0623319917,14-OBLIG. NEG. PYMES
PR21P,58156,AR0623319917,14-OBLIG. NEG. PYMES
PREN1,994,ARPREN010011,01-ACCIONES PRIVADAS
PRI3C,8606,ARCAVA4601P8,23-CEDEARS
PRI3D,8606,ARCAVA4601P8,23-CEDEARS
PRIO3,8606,ARCAVA4601P8,23-CEDEARS
PS34C,59092,AR0667383571,05-OBLI. NEGOCIABLES
PS34D,59092,AR0667383571,05-OBLI. NEGOCIABLES
PS34O,59092,AR0667383571,05-OBLI. NEGOCIABLES
PS34X,59092,AR0667383571,05-OBLI. NEGOCIABLES
PS34Y,59092,AR0667383571,05-OBLI. NEGOCIABLES
PS34Z,59092,AR0667383571,05-OBLI. NEGOCIABLES
PS35C,59093,AR0517433808,05-OBLI. NEGOCIABLES
PS35D,59093,AR0517433808,05-OBLI. NEGOCIABLES
PS35O,59093,AR0517433808,05-OBLI. NEGOCIABLES
PS35X,59093,AR0517433808,05-OBLI. NEGOCIABLES
PS35Y,59093,AR0517433808,05-OBLI. NEGOCIABLES
PS35Z,59093,AR0517433808,05-OBLI. NEGOCIABLES
PS36C,59094,AR0863684780,05-OBLI. NEGOCIABLES
PS36D,59094,AR0863684780,05-OBLI. NEGOCIABLES
PS36O,59094,AR0863684780,05-OBLI. NEGOCIABLES
PS36X,59094,AR0863684780,05-OBLI. NEGOCIABLES
PS36Y,59094,AR0863684780,05-OBLI. NEGOCIABLES
PS36Z,59094,AR0863684780,05-OBLI. NEGOCIABLES
PS37C,59223,AR0968317005,05-OBLI. NEGOCIABLES
PS37D,59223,AR0968317005,05-OBLI. NEGOCIABLES
PS37O,59223,AR0968317005,05-OBLI. NEGOCIABLES
PS37X,59223,AR0968317005,05-OBLI. NEGOCIABLES
PS37Y,59223,AR0968317005,05-OBLI. NEGOCIABLES
PS37Z,59223,AR0968317005,05-OBLI. NEGOCIABLES
PS38C,59224,AR0581480081,05-OBLI. NEGOCIABLES
PS38D,59224,AR0581480081,05-OBLI. NEGOCIABLES
PS38O,59224,AR0581480081,05-OBLI. NEGOCIABLES
PS38X,59224,AR0581480081,05-OBLI. NEGOCIABLES
PS38Y,59224,AR0581480081,05-OBLI. NEGOCIABLES
PS38Z,59224,AR0581480081,05-OBLI. NEGOCIABLES
PSO,8362,ARDEUT113966,23-CEDEARS
PSQ,8692,AR0734794420,23-CEDEARS
PSQC,8692,AR0734794420,23-CEDEARS
PSQD,8692,AR0734794420,23-CEDEARS
PSSXC,58497,AR0593873687,05-OBLI. NEGOCIABLES
PSSXD,58497,AR0593873687,05-OBLI. NEGOCIABLES
PSSXO,58497,AR0593873687,05-OBLI. NEGOCIABLES
PSX,8539,ARBCOM460333,23-CEDEARS
PSXB,8539,ARBCOM460333,23-CEDEARS
PSXC,8539,ARBCOM460333,23-CEDEARS
PSXD,8539,ARBCOM460333,23-CEDEARS
PU26C,91727,USP25619AB67,03-TITULOS PUBLICOS
PU26D,91727,USP25619AB67,03-TITULOS PUBLICOS
PU26X,91727,USP25619AB67,03-TITULOS PUBLICOS
PU26Y,91727,USP25619AB67,03-TITULOS PUBLICOS
PU26Z,91727,USP25619AB67,03-TITULOS PUBLICOS
PU2N0,42919,AR0477242124,19-TITULOS DE DEUDA
PU2NC,42919,AR0477242124,19-TITULOS DE DEUDA
PU2ND,42919,AR0477242124,19-TITULOS DE DEUDA
PU31,42518,ARPCHU3203L8,03-TITULOS PUBLICOS
PUA36,85233,USP25619AC41,03-TITULOS PUBLICOS
PUA6C,85233,USP25619AC41,03-TITULOS PUBLICOS
PUA6D,85233,USP25619AC41,03-TITULOS PUBLICOS
PUA6X,85233,USP25619AC41,03-TITULOS PUBLICOS
PUA6Y,85233,USP25619AC41,03-TITULOS PUBLICOS
PUA6Z,85233,USP25619AC41,03-TITULOS PUBLICOS
PUC2C,58496,AR0069816632,05-OBLI. NEGOCIABLES
PUC2D,58496,AR0069816632,05-OBLI. NEGOCIABLES
PUC2O,58496,AR0069816632,05-OBLI. NEGOCIABLES
PUL26,91727,USP25619AB67,03-TITULOS PUBLICOS
PV1LC,59405,AR0895214598,14-OBLIG. NEG. PYMES
PV1LD,59405,AR0895214598,14-OBLIG. NEG. PYMES
PV1QC,55507,ARBVAL4924P3,20-CERTIF. PARTICIP.
PV1QD,55507,ARBVAL4924P3,20-CERTIF. PARTICIP.
PVC3C,42970,AR0853280342,19-TITULOS DE DEUDA
PVC3D,42970,AR0853280342,19-TITULOS DE DEUDA
PVC3O,42970,AR0853280342,19-TITULOS DE DEUDA
PVC4C,42971,AR0576371758,19-TITULOS DE DEUDA
PVC4D,42971,AR0576371758,19-TITULOS DE DEUDA
PVC4O,42971,AR0576371758,19-TITULOS DE DEUDA
PVC4X,42971,AR0576371758,19-TITULOS DE DEUDA
PVC4Y,42971,AR0576371758,19-TITULOS DE DEUDA
PVC4Z,42971,AR0576371758,19-TITULOS DE DEUDA
PVC5C,43058,AR0404282367,19-TITULOS DE DEUDA
PVC5D,43058,AR0404282367,19-TITULOS DE DEUDA
PVC5O,43058,AR0404282367,19-TITULOS DE DEUDA
PVC5X,43058,AR0404282367,19-TITULOS DE DEUDA
PVC5Y,43058,AR0404282367,19-TITULOS DE DEUDA
PVC5Z,43058,AR0404282367,19-TITULOS DE DEUDA
PVC6C,43059,AR0382064829,19-TITULOS DE DEUDA
PVC6D,43059,AR0382064829,19-TITULOS DE DEUDA
PVC6O,43059,AR0382064829,19-TITULOS DE DEUDA
PVC6X,43059,AR0382064829,19-TITULOS DE DEUDA
PVC6Y,43059,AR0382064829,19-TITULOS DE DEUDA
PVC6Z,43059,AR0382064829,19-TITULOS DE DEUDA
PVR1Q,55507,ARBVAL4924P3,20-CERTIF. PARTICIP.
PVS1L,59405,AR0895214598,14-OBLIG. NEG. PYMES
PY01R,59718,AR0225608121,19-TITULOS DE DEUDA
PYPL,8477,ARBCOM4601S0,23-CEDEARS
PYPLB,8477,ARBCOM4601S0,23-CEDEARS
PYPLC,8477,ARBCOM4601S0,23-CEDEARS
PYPLD,8477,ARBCOM4601S0,23-CEDEARS
PZCEC,57807,AR0500841934,05-OBLI. NEGOCIABLES
PZCED,57807,AR0500841934,05-OBLI. NEGOCIABLES
PZCEO,57807,AR0500841934,05-OBLI. NEGOCIABLES
PZCEX,57807,AR0500841934,05-OBLI. NEGOCIABLES
PZCEY,57807,AR0500841934,05-OBLI. NEGOCIABLES
PZCEZ,57807,AR0500841934,05-OBLI. NEGOCIABLES
PZCGC,58280,AR0560145721,05-OBLI. NEGOCIABLES
PZCGD,58280,AR0560145721,05-OBLI. NEGOCIABLES
PZCGO,58280,AR0560145721,05-OBLI. NEGOCIABLES
PZCGX,58280,AR0560145721,05-OBLI. NEGOCIABLES
PZCGY,58280,AR0560145721,05-OBLI. NEGOCIABLES
PZCGZ,58280,AR0560145721,05-OBLI. NEGOCIABLES
QCOCB,8151,ARDEUT111457,23-CEDEARS
QCOM,8151,ARDEUT111457,23-CEDEARS
QCOMB,8151,ARDEUT111457,23-CEDEARS
QCOMC,8151,ARDEUT111457,23-CEDEARS
QCOMD,8151,ARDEUT111457,23-CEDEARS
QQQ,8550,ARCAVA4600V8,23-CEDEARS
QQQB,8550,ARCAVA4600V8,23-CEDEARS
QQQC,8550,ARCAVA4600V8,23-CEDEARS
QQQCB,8550,ARCAVA4600V8,23-CEDEARS
QQQD,8550,ARCAVA4600V8,23-CEDEARS
QQQDB,8550,ARCAVA4600V8,23-CEDEARS
RAC5C,83035,USP79849AE89,05-OBLI. NEGOCIABLES
RAC5D,83035,USP79849AE89,05-OBLI. NEGOCIABLES
RAC5O,83035,USP79849AE89,05-OBLI. NEGOCIABLES
RAC5X,83035,USP79849AE89,05-OBLI. NEGOCIABLES
RAC5Y,83035,USP79849AE89,05-OBLI. NEGOCIABLES
RAC5Z,83035,USP79849AE89,05-OBLI. NEGOCIABLES
RAC7C,84131,USP79849AF54,05-OBLI. NEGOCIABLES
RAC7D,84131,USP79849AF54,05-OBLI. NEGOCIABLES
RAC7O,84131,USP79849AF54,05-OBLI. NEGOCIABLES
RAC7X,84131,USP79849AF54,05-OBLI. NEGOCIABLES
RAC7Y,84131,USP79849AF54,05-OBLI. NEGOCIABLES
RAC7Z,84131,USP79849AF54,05-OBLI. NEGOCIABLES
RAC8C,85466,XS3459990860,05-OBLI. NEGOCIABLES
RAC8D,85466,XS3459990860,05-OBLI. NEGOCIABLES
RAC8O,85466,XS3459990860,05-OBLI. NEGOCIABLES
RAC8X,85466,XS3459990860,05-OBLI. NEGOCIABLES
RAC8Y,85466,XS3459990860,05-OBLI. NEGOCIABLES
RAC8Z,85466,XS3459990860,05-OBLI. NEGOCIABLES
RACE,8644,AR0227017768,23-CEDEARS
RACEC,8644,AR0227017768,23-CEDEARS
RACED,8644,AR0227017768,23-CEDEARS
RAGH,30070,AR0174950912,01-ACCIONES PRIVADAS
RAGHB,30070,AR0174950912,01-ACCIONES PRIVADAS
RAGHC,30070,AR0174950912,01-ACCIONES PRIVADAS
RAGHD,30070,AR0174950912,01-ACCIONES PRIVADAS
RAS4C,59018,AR0950441235,14-OBLIG. NEG. PYMES
RAS4D,59018,AR0950441235,14-OBLIG. NEG. PYMES
RAS4P,59018,AR0950441235,14-OBLIG. NEG. PYMES
RB58O,58064,AR0653309416,05-OBLI. NEGOCIABLES
RB60C,58425,AR0377743502,05-OBLI. NEGOCIABLES
RB60D,58425,AR0377743502,05-OBLI. NEGOCIABLES
RB60O,58425,AR0377743502,05-OBLI. NEGOCIABLES
RB60X,58425,AR0377743502,05-OBLI. NEGOCIABLES
RB60Y,58425,AR0377743502,05-OBLI. NEGOCIABLES
RB60Z,58425,AR0377743502,05-OBLI. NEGOCIABLES
RB61C,58736,AR0900127082,05-OBLI. NEGOCIABLES
RB61D,58736,AR0900127082,05-OBLI. NEGOCIABLES
RB61O,58736,AR0900127082,05-OBLI. NEGOCIABLES
RB61X,58736,AR0900127082,05-OBLI. NEGOCIABLES
RB61Y,58736,AR0900127082,05-OBLI. NEGOCIABLES
RB61Z,58736,AR0900127082,05-OBLI. NEGOCIABLES
RB64C,59081,AR0124440964,05-OBLI. NEGOCIABLES
RB64D,59081,AR0124440964,05-OBLI. NEGOCIABLES
RB64O,59081,AR0124440964,05-OBLI. NEGOCIABLES
RB64X,59081,AR0124440964,05-OBLI. NEGOCIABLES
RB64Y,59081,AR0124440964,05-OBLI. NEGOCIABLES
RB64Z,59081,AR0124440964,05-OBLI. NEGOCIABLES
RB65C,59082,AR0910275855,05-OBLI. NEGOCIABLES
RB65D,59082,AR0910275855,05-OBLI. NEGOCIABLES
RB65O,59082,AR0910275855,05-OBLI. NEGOCIABLES
RB65X,59082,AR0910275855,05-OBLI. NEGOCIABLES
RB65Y,59082,AR0910275855,05-OBLI. NEGOCIABLES
RB65Z,59082,AR0910275855,05-OBLI. NEGOCIABLES
RB66C,59083,AR0006343054,05-OBLI. NEGOCIABLES
RB66D,59083,AR0006343054,05-OBLI. NEGOCIABLES
RB66O,59083,AR0006343054,05-OBLI. NEGOCIABLES
RB66X,59083,AR0006343054,05-OBLI. NEGOCIABLES
RB66Y,59083,AR0006343054,05-OBLI. NEGOCIABLES
RB66Z,59083,AR0006343054,05-OBLI. NEGOCIABLES
RB67C,59568,AR0936856209,05-OBLI. NEGOCIABLES
RB67D,59568,AR0936856209,05-OBLI. NEGOCIABLES
RB67O,59568,AR0936856209,05-OBLI. NEGOCIABLES
RB67X,59568,AR0936856209,05-OBLI. NEGOCIABLES
RB67Y,59568,AR0936856209,05-OBLI. NEGOCIABLES
RB67Z,59568,AR0936856209,05-OBLI. NEGOCIABLES
RB68C,59569,AR0838667225,05-OBLI. NEGOCIABLES
RB68D,59569,AR0838667225,05-OBLI. NEGOCIABLES
RB68O,59569,AR0838667225,05-OBLI. NEGOCIABLES
RB68X,59569,AR0838667225,05-OBLI. NEGOCIABLES
RB68Y,59569,AR0838667225,05-OBLI. NEGOCIABLES
RB68Z,59569,AR0838667225,05-OBLI. NEGOCIABLES
RBLX,8572,ARCAVA460156,23-CEDEARS
RBLXB,8572,ARCAVA460156,23-CEDEARS
RBLXC,8572,ARCAVA460156,23-CEDEARS
RBLXD,8572,ARCAVA460156,23-CEDEARS
RC1CC,84533,USP04559BE29,05-OBLI. NEGOCIABLES
RC1CD,84533,USP04559BE29,05-OBLI. NEGOCIABLES
RC1CO,84533,USP04559BE29,05-OBLI. NEGOCIABLES
RC1CX,84533,USP04559BE29,05-OBLI. NEGOCIABLES
RC1CY,84533,USP04559BE29,05-OBLI. NEGOCIABLES
RC1CZ,84533,USP04559BE29,05-OBLI. NEGOCIABLES
RC21C,42104,ARPRNG3200V8,03-TITULOS PUBLICOS
RC21D,42104,ARPRNG3200V8,03-TITULOS PUBLICOS
RC2CC,58915,AR0004792187,05-OBLI. NEGOCIABLES
RC2CD,58915,AR0004792187,05-OBLI. NEGOCIABLES
RC2CO,58915,AR0004792187,05-OBLI. NEGOCIABLES
RC2CX,58915,AR0004792187,05-OBLI. NEGOCIABLES
RC2CY,58915,AR0004792187,05-OBLI. NEGOCIABLES
RC2CZ,58915,AR0004792187,05-OBLI. NEGOCIABLES
RC3CC,59072,AR0417951990,05-OBLI. NEGOCIABLES
RC3CD,59072,AR0417951990,05-OBLI. NEGOCIABLES
RC3CO,59072,AR0417951990,05-OBLI. NEGOCIABLES
RC3CX,59072,AR0417951990,05-OBLI. NEGOCIABLES
RC3CY,59072,AR0417951990,05-OBLI. NEGOCIABLES
RC3CZ,59072,AR0417951990,05-OBLI. NEGOCIABLES
RC4CC,59208,AR0328747875,05-OBLI. NEGOCIABLES
RC4CD,59208,AR0328747875,05-OBLI. NEGOCIABLES
RC4CO,59208,AR0328747875,05-OBLI. NEGOCIABLES
RC4CX,59208,AR0328747875,05-OBLI. NEGOCIABLES
RC4CY,59208,AR0328747875,05-OBLI. NEGOCIABLES
RC4CZ,59208,AR0328747875,05-OBLI. NEGOCIABLES
RC5CC,59438,AR0634275322,05-OBLI. NEGOCIABLES
RC5CD,59438,AR0634275322,05-OBLI. NEGOCIABLES
RC5CO,59438,AR0634275322,05-OBLI. NEGOCIABLES
RC5CX,59438,AR0634275322,05-OBLI. NEGOCIABLES
RC5CY,59438,AR0634275322,05-OBLI. NEGOCIABLES
RC5CZ,59438,AR0634275322,05-OBLI. NEGOCIABLES
RC6CC,59439,AR0322335479,05-OBLI. NEGOCIABLES
RC6CD,59439,AR0322335479,05-OBLI. NEGOCIABLES
RC6CO,59439,AR0322335479,05-OBLI. NEGOCIABLES
RC6CX,59439,AR0322335479,05-OBLI. NEGOCIABLES
RC6CY,59439,AR0322335479,05-OBLI. NEGOCIABLES
RC6CZ,59439,AR0322335479,05-OBLI. NEGOCIABLES
RCCRC,58624,AR0016944933,05-OBLI. NEGOCIABLES
RCCRD,58624,AR0016944933,05-OBLI. NEGOCIABLES
RCCRO,58624,AR0016944933,05-OBLI. NEGOCIABLES
RCCRX,58624,AR0016944933,05-OBLI. NEGOCIABLES
RCCRY,58624,AR0016944933,05-OBLI. NEGOCIABLES
RCCRZ,58624,AR0016944933,05-OBLI. NEGOCIABLES
RCHDB,30045,ARLRIC300027,01-ACCIONES PRIVADAS
RD1LC,58710,AR0129424740,14-OBLIG. NEG. PYMES
RD1LD,58710,AR0129424740,14-OBLIG. NEG. PYMES
RD2LC,58939,AR0268583827,14-OBLIG. NEG. PYMES
RD2LD,58939,AR0268583827,14-OBLIG. NEG. PYMES
RD31L,59650,AR0287483843,14-OBLIG. NEG. PYMES
RD32L,59655,AR0332611356,14-OBLIG. NEG. PYMES
RDS1L,58710,AR0129424740,14-OBLIG. NEG. PYMES
RDS2L,58939,AR0268583827,14-OBLIG. NEG. PYMES
RE1LC,58806,AR0385336869,14-OBLIG. NEG. PYMES
RE1LD,58806,AR0385336869,14-OBLIG. NEG. PYMES
RE2LC,59582,AR0351140154,14-OBLIG. NEG. PYMES
RE2LD,59582,AR0351140154,14-OBLIG. NEG. PYMES
REGE,467,ARREGE010013,01-ACCIONES PRIVADAS
REIT,28968,AR0381934139,18-FONDOS INVERSION
REITC,28968,AR0381934139,18-FONDOS INVERSION
REITD,28968,AR0381934139,18-FONDOS INVERSION
REN3C,8608,ARCAVA4601S2,23-CEDEARS
REN3D,8608,ARCAVA4601S2,23-CEDEARS
RENT3,8608,ARCAVA4601S2,23-CEDEARS
RES1L,58806,AR0385336869,14-OBLIG. NEG. PYMES
RES2L,59582,AR0351140154,14-OBLIG. NEG. PYMES
RGTI,8683,AR0662506531,23-CEDEARS
RGTIC,8683,AR0662506531,23-CEDEARS
RGTID,8683,AR0662506531,23-CEDEARS
RI27C,42715,ARPRJA3200B1,03-TITULOS PUBLICOS
RI27D,42715,ARPRJA3200B1,03-TITULOS PUBLICOS
RI32C,42716,ARPRJA3200C9,03-TITULOS PUBLICOS
RI32D,42716,ARPRJA3200C9,03-TITULOS PUBLICOS
RICH,30045,ARLRIC300027,01-ACCIONES PRIVADAS
RICHC,30045,ARLRIC300027,01-ACCIONES PRIVADAS
RICHD,30045,ARLRIC300027,01-ACCIONES PRIVADAS
RIE27,42715,ARPRJA3200B1,03-TITULOS PUBLICOS
RIGO,283,ARP809061780,01-ACCIONES PRIVADAS
RIGO5,282,ARP809061608,01-ACCIONES PRIVADAS
RIL32,42716,ARPRJA3200C9,03-TITULOS PUBLICOS
RIM31,42520,ARPRJA3200A3,03-TITULOS PUBLICOS
RIO,8267,ARDEUT112638,23-CEDEARS
RIOB,8267,ARDEUT112638,23-CEDEARS
RIOC,8267,ARDEUT112638,23-CEDEARS
RIOD,8267,ARDEUT112638,23-CEDEARS
RIOT,8642,AR0375251839,23-CEDEARS
RIOTC,8642,AR0375251839,23-CEDEARS
RIOTD,8642,AR0375251839,23-CEDEARS
RIR1D,52944,ARRIBE5600C2,05-OBLI. NEGOCIABLES
RIR1O,52944,ARRIBE5600C2,05-OBLI. NEGOCIABLES
RIR2D,52945,ARRIBE5600D0,05-OBLI. NEGOCIABLES
RIR2O,52945,ARRIBE5600D0,05-OBLI. NEGOCIABLES
RIS1O,53595,ARRIBE5600F5,05-OBLI. NEGOCIABLES
RIS2O,53596,ARRIBE5600G3,05-OBLI. NEGOCIABLES
RKLB,8712,AR0864768848,23-CEDEARS
RKLBC,8712,AR0864768848,23-CEDEARS
RKLBD,8712,AR0864768848,23-CEDEARS
RM71Q,57549,AR0721262977,20-CERTIF. PARTICIP.
RM72Q,57871,AR0636986363,20-CERTIF. PARTICIP.
RN31,42515,ARPRNG3201A0,03-TITULOS PUBLICOS
RN31C,42515,ARPRNG3201A0,03-TITULOS PUBLICOS
RN31D,42515,ARPRNG3201A0,03-TITULOS PUBLICOS
RNC21,42104,ARPRNG3200V8,03-TITULOS PUBLICOS
RND25,93377,USP7920RCL70,03-TITULOS PUBLICOS
RND5C,93377,USP7920RCL70,03-TITULOS PUBLICOS
RNG23,32263,ARPRNG030397,03-TITULOS PUBLICOS
ROC1C,56133,ARROCH5600A5,05-OBLI. NEGOCIABLES
ROC1D,56133,ARROCH5600A5,05-OBLI. NEGOCIABLES
ROC1O,56133,ARROCH5600A5,05-OBLI. NEGOCIABLES
ROKU,8643,AR0187927956,23-CEDEARS
ROKUC,8643,AR0187927956,23-CEDEARS
ROKUD,8643,AR0187927956,23-CEDEARS
ROS2C,58270,AR0755732085,05-OBLI. NEGOCIABLES
ROS2D,58270,AR0755732085,05-OBLI. NEGOCIABLES
ROS2P,58270,AR0755732085,05-OBLI. NEGOCIABLES
ROSE,611,ARROSE010025,01-ACCIONES PRIVADAS
ROST,8492,ARBCOM4600Z7,23-CEDEARS
ROSTC,8492,ARBCOM4600Z7,23-CEDEARS
ROSTD,8492,ARBCOM4600Z7,23-CEDEARS
RSP,8726,AR0436041906,23-CEDEARS
RSPC,8726,AR0436041906,23-CEDEARS
RSPD,8726,AR0436041906,23-CEDEARS
RTX,8042,ARDEUT110384,23-CEDEARS
RTXC,8042,ARDEUT110384,23-CEDEARS
RTXD,8042,ARDEUT110384,23-CEDEARS
RUCDC,84114,USP7000QAJ96,05-OBLI. NEGOCIABLES
RUCDD,84114,USP7000QAJ96,05-OBLI. NEGOCIABLES
RUCDO,84114,USP7000QAJ96,05-OBLI. NEGOCIABLES
RUCDX,84114,USP7000QAJ96,05-OBLI. NEGOCIABLES
RUCDY,84114,USP7000QAJ96,05-OBLI. NEGOCIABLES
RUCDZ,84114,USP7000QAJ96,05-OBLI. NEGOCIABLES
RUCEC,59180,AR0207865277,05-OBLI. NEGOCIABLES
RUCED,59180,AR0207865277,05-OBLI. NEGOCIABLES
RUCEO,59180,AR0207865277,05-OBLI. NEGOCIABLES
RUCEX,59180,AR0207865277,05-OBLI. NEGOCIABLES
RUCEY,59180,AR0207865277,05-OBLI. NEGOCIABLES
RUCEZ,59180,AR0207865277,05-OBLI. NEGOCIABLES
RV06A,59108,AR0679012002,19-TITULOS DE DEUDA
RV06B,59109,AR0743367663,19-TITULOS DE DEUDA
RV06Q,59110,AR0836230216,20-CERTIF. PARTICIP.
RVS1C,58492,AR0550419177,05-OBLI. NEGOCIABLES
RVS1D,58492,AR0550419177,05-OBLI. NEGOCIABLES
RVS1O,58492,AR0550419177,05-OBLI. NEGOCIABLES
RVS1X,58492,AR0550419177,05-OBLI. NEGOCIABLES
RVS1Y,58492,AR0550419177,05-OBLI. NEGOCIABLES
RVS1Z,58492,AR0550419177,05-OBLI. NEGOCIABLES
RW1LC,59346,AR0489820149,14-OBLIG. NEG. PYMES
RW1LD,59346,AR0489820149,14-OBLIG. NEG. PYMES
RWS1L,59346,AR0489820149,14-OBLIG. NEG. PYMES
RY01A,55855,ARBVAL6028P1,19-TITULOS DE DEUDA
RYS1C,58134,AR0760816089,14-OBLIG. NEG. PYMES
RYS1D,58134,AR0760816089,14-OBLIG. NEG. PYMES
RYS1P,58134,AR0760816089,14-OBLIG. NEG. PYMES
RZ1LC,58745,AR0483460520,14-OBLIG. NEG. PYMES
RZ1LD,58745,AR0483460520,14-OBLIG. NEG. PYMES
RZ8BO,56834,ARRIAR5600G7,05-OBLI. NEGOCIABLES
RZ9AC,57857,AR0065093756,05-OBLI. NEGOCIABLES
RZ9AD,57857,AR0065093756,05-OBLI. NEGOCIABLES
RZ9AO,57857,AR0065093756,05-OBLI. NEGOCIABLES
RZ9AX,57857,AR0065093756,05-OBLI. NEGOCIABLES
RZ9AY,57857,AR0065093756,05-OBLI. NEGOCIABLES
RZ9AZ,57857,AR0065093756,05-OBLI. NEGOCIABLES
RZ9BC,57858,AR0069851811,05-OBLI. NEGOCIABLES
RZ9BD,57858,AR0069851811,05-OBLI. NEGOCIABLES
RZ9BO,57858,AR0069851811,05-OBLI. NEGOCIABLES
RZ9BX,57858,AR0069851811,05-OBLI. NEGOCIABLES
RZ9BY,57858,AR0069851811,05-OBLI. NEGOCIABLES
RZ9BZ,57858,AR0069851811,05-OBLI. NEGOCIABLES
RZAAC,58259,AR0340557484,05-OBLI. NEGOCIABLES
RZAAD,58259,AR0340557484,05-OBLI. NEGOCIABLES
RZAAO,58259,AR0340557484,05-OBLI. NEGOCIABLES
RZAAX,58259,AR0340557484,05-OBLI. NEGOCIABLES
RZAAY,58259,AR0340557484,05-OBLI. NEGOCIABLES
RZAAZ,58259,AR0340557484,05-OBLI. NEGOCIABLES
RZABC,58260,AR0272566107,05-OBLI. NEGOCIABLES
RZABD,58260,AR0272566107,05-OBLI. NEGOCIABLES
RZABO,58260,AR0272566107,05-OBLI. NEGOCIABLES
RZABX,58260,AR0272566107,05-OBLI. NEGOCIABLES
RZABY,58260,AR0272566107,05-OBLI. NEGOCIABLES
RZABZ,58260,AR0272566107,05-OBLI. NEGOCIABLES
RZBAC,59366,AR0900508240,05-OBLI. NEGOCIABLES
RZBAD,59366,AR0900508240,05-OBLI. NEGOCIABLES
RZBAO,59366,AR0900508240,05-OBLI. NEGOCIABLES
RZBAX,59366,AR0900508240,05-OBLI. NEGOCIABLES
RZBAY,59366,AR0900508240,05-OBLI. NEGOCIABLES
RZBAZ,59366,AR0900508240,05-OBLI. NEGOCIABLES
RZBBC,59367,AR0725094301,05-OBLI. NEGOCIABLES
RZBBD,59367,AR0725094301,05-OBLI. NEGOCIABLES
RZBBO,59367,AR0725094301,05-OBLI. NEGOCIABLES
RZBBX,59367,AR0725094301,05-OBLI. NEGOCIABLES
RZBBY,59367,AR0725094301,05-OBLI. NEGOCIABLES
RZBBZ,59367,AR0725094301,05-OBLI. NEGOCIABLES
RZBCC,59368,AR0336169369,05-OBLI. NEGOCIABLES
RZBCD,59368,AR0336169369,05-OBLI. NEGOCIABLES
RZBCO,59368,AR0336169369,05-OBLI. NEGOCIABLES
RZBCX,59368,AR0336169369,05-OBLI. NEGOCIABLES
RZBCY,59368,AR0336169369,05-OBLI. NEGOCIABLES
RZBCZ,59368,AR0336169369,05-OBLI. NEGOCIABLES
RZS1L,58745,AR0483460520,14-OBLIG. NEG. PYMES
S12LC,58774,AR0941090190,14-OBLIG. NEG. PYMES
S12LD,58774,AR0941090190,14-OBLIG. NEG. PYMES
S13N6,9416,AR0087656622,17-LETRAS TESORO NAC
S15S6,9406,AR0614758420,17-LETRAS TESORO NAC
S16O6,9423,AR0183520128,17-LETRAS TESORO NAC
S1ALC,59237,AR0488117463,05-OBLI. NEGOCIABLES
S1ALD,59237,AR0488117463,05-OBLI. NEGOCIABLES
S1BLC,59238,AR0500337008,05-OBLI. NEGOCIABLES
S1BLD,59238,AR0500337008,05-OBLI. NEGOCIABLES
S236Q,58203,AR0243497135,20-CERTIF. PARTICIP.
S237Q,58323,AR0847265136,20-CERTIF. PARTICIP.
S238Q,58407,AR0564736814,20-CERTIF. PARTICIP.
S239Q,58489,AR0794373818,20-CERTIF. PARTICIP.
S240Q,58584,AR0512127272,20-CERTIF. PARTICIP.
S241Q,58719,AR0711356821,20-CERTIF. PARTICIP.
S242Q,58845,AR0857698762,20-CERTIF. PARTICIP.
S243Q,58969,AR0680687651,20-CERTIF. PARTICIP.
S244Q,59155,AR0579240463,20-CERTIF. PARTICIP.
S245C,59217,AR0853083878,19-TITULOS DE DEUDA
S245Q,59218,AR0180703412,20-CERTIF. PARTICIP.
S246A,59347,AR0567426561,19-TITULOS DE DEUDA
S246B,59348,AR0475866536,19-TITULOS DE DEUDA
S246C,59349,AR0376987357,19-TITULOS DE DEUDA
S246Q,59350,AR0977357562,20-CERTIF. PARTICIP.
S24DC,91722,USP8388TAB00,03-TITULOS PUBLICOS
S24DD,91722,USP8388TAB00,03-TITULOS PUBLICOS
S24DX,91722,USP8388TAB00,03-TITULOS PUBLICOS
S24DY,91722,USP8388TAB00,03-TITULOS PUBLICOS
S24DZ,91722,USP8388TAB00,03-TITULOS PUBLICOS
S29E7,9430,AR0048313164,17-LETRAS TESORO NAC
S2N6C,9416,AR0087656622,17-LETRAS TESORO NAC
S2N6D,9416,AR0087656622,17-LETRAS TESORO NAC
S2N6X,9416,AR0087656622,17-LETRAS TESORO NAC
S2N6Y,9416,AR0087656622,17-LETRAS TESORO NAC
S2N6Z,9416,AR0087656622,17-LETRAS TESORO NAC
S2O6C,9423,AR0183520128,17-LETRAS TESORO NAC
S2O6D,9423,AR0183520128,17-LETRAS TESORO NAC
S2O6X,9423,AR0183520128,17-LETRAS TESORO NAC
S2O6Y,9423,AR0183520128,17-LETRAS TESORO NAC
S2O6Z,9423,AR0183520128,17-LETRAS TESORO NAC
S2S6C,9406,AR0614758420,17-LETRAS TESORO NAC
S2S6D,9406,AR0614758420,17-LETRAS TESORO NAC
S2S6X,9406,AR0614758420,17-LETRAS TESORO NAC
S2S6Y,9406,AR0614758420,17-LETRAS TESORO NAC
S2S6Z,9406,AR0614758420,17-LETRAS TESORO NAC
S30N6,9368,AR0451031345,17-LETRAS TESORO NAC
S30O6,9355,AR0475783251,17-LETRAS TESORO NAC
S30S6,9387,AR0379015875,17-LETRAS TESORO NAC
SA1AC,58799,AR0993304549,14-OBLIG. NEG. PYMES
SA1AD,58799,AR0993304549,14-OBLIG. NEG. PYMES
SA1AP,58799,AR0993304549,14-OBLIG. NEG. PYMES
SA1BC,58800,AR0477237413,14-OBLIG. NEG. PYMES
SA1BD,58800,AR0477237413,14-OBLIG. NEG. PYMES
SA1BP,58800,AR0477237413,14-OBLIG. NEG. PYMES
SA24D,91722,USP8388TAB00,03-TITULOS PUBLICOS
SA31,42522,ARPSAL3200R1,03-TITULOS PUBLICOS
SAMI,859,ARSMIG010018,01-ACCIONES PRIVADAS
SAMIC,859,ARSMIG010018,01-ACCIONES PRIVADAS
SAMID,859,ARSMIG010018,01-ACCIONES PRIVADAS
SAN,8525,ARBCOM4602T6,23-CEDEARS
SANC,8525,ARBCOM4602T6,23-CEDEARS
SAND,8525,ARBCOM4602T6,23-CEDEARS
SAP,8209,ARDEUT112034,23-CEDEARS
SAP.B,8209,ARDEUT112034,23-CEDEARS
SAPC,8209,ARDEUT112034,23-CEDEARS
SAPD,8209,ARDEUT112034,23-CEDEARS
SATL,8574,ARCAVA460172,23-CEDEARS
SATLB,8574,ARCAVA460172,23-CEDEARS
SATLC,8574,ARCAVA460172,23-CEDEARS
SATLD,8574,ARCAVA460172,23-CEDEARS
SB12L,58774,AR0941090190,14-OBLIG. NEG. PYMES
SBC1C,58876,AR0200205687,05-OBLI. NEGOCIABLES
SBC1D,58876,AR0200205687,05-OBLI. NEGOCIABLES
SBC1O,58876,AR0200205687,05-OBLI. NEGOCIABLES
SBC1X,58876,AR0200205687,05-OBLI. NEGOCIABLES
SBC1Y,58876,AR0200205687,05-OBLI. NEGOCIABLES
SBC1Z,58876,AR0200205687,05-OBLI. NEGOCIABLES
SBC2C,59133,AR0318379242,05-OBLI. NEGOCIABLES
SBC2D,59133,AR0318379242,05-OBLI. NEGOCIABLES
SBC2O,59133,AR0318379242,05-OBLI. NEGOCIABLES
SBC2X,59133,AR0318379242,05-OBLI. NEGOCIABLES
SBC2Y,59133,AR0318379242,05-OBLI. NEGOCIABLES
SBC2Z,59133,AR0318379242,05-OBLI. NEGOCIABLES
SBC3C,59430,AR0183143921,05-OBLI. NEGOCIABLES
SBC3D,59430,AR0183143921,05-OBLI. NEGOCIABLES
SBC3O,59430,AR0183143921,05-OBLI. NEGOCIABLES
SBC3X,59430,AR0183143921,05-OBLI. NEGOCIABLES
SBC3Y,59430,AR0183143921,05-OBLI. NEGOCIABLES
SBC3Z,59430,AR0183143921,05-OBLI. NEGOCIABLES
SBC4C,59706,AR0604784964,05-OBLI. NEGOCIABLES
SBC4D,59706,AR0604784964,05-OBLI. NEGOCIABLES
SBC4O,59706,AR0604784964,05-OBLI. NEGOCIABLES
SBC4X,59706,AR0604784964,05-OBLI. NEGOCIABLES
SBC4Y,59706,AR0604784964,05-OBLI. NEGOCIABLES
SBC4Z,59706,AR0604784964,05-OBLI. NEGOCIABLES
SBS,8512,ARBCOM4602F5,23-CEDEARS
SBSP3,8623,ARCAVA4601W4,23-CEDEARS
SBSPC,8623,ARCAVA4601W4,23-CEDEARS
SBSPD,8623,ARCAVA4601W4,23-CEDEARS
SBSRF,15275,ARBVAL621JT2,18-FONDOS INVERSION
SBUDB,8154,ARDEUT111481,23-CEDEARS
SBUX,8154,ARDEUT111481,23-CEDEARS
SBUXB,8154,ARDEUT111481,23-CEDEARS
SBUXC,8154,ARDEUT111481,23-CEDEARS
SBUXD,8154,ARDEUT111481,23-CEDEARS
SCCO,8435,ARDEUT116084,23-CEDEARS
SCCOB,8435,ARDEUT116084,23-CEDEARS
SCHW,8636,AR0368313562,23-CEDEARS
SCHWC,8636,AR0368313562,23-CEDEARS
SCHWD,8636,AR0368313562,23-CEDEARS
SCOOD,8435,ARDEUT116084,23-CEDEARS
SDA,8629,AR0097548348,23-CEDEARS
SDAC,8629,AR0097548348,23-CEDEARS
SDAD,8629,AR0097548348,23-CEDEARS
SE,8560,ARBCOM4603S6,23-CEDEARS
SE31,42512,ARSTGO320016,03-TITULOS PUBLICOS
SE31C,42512,ARSTGO320016,03-TITULOS PUBLICOS
SE31D,42512,ARSTGO320016,03-TITULOS PUBLICOS
SE7C,9430,AR0048313164,17-LETRAS TESORO NAC
SE7D,9430,AR0048313164,17-LETRAS TESORO NAC
SE7X,9430,AR0048313164,17-LETRAS TESORO NAC
SE7Y,9430,AR0048313164,17-LETRAS TESORO NAC
SE7Z,9430,AR0048313164,17-LETRAS TESORO NAC
SEC,8560,ARBCOM4603S6,23-CEDEARS
SED,8560,ARBCOM4603S6,23-CEDEARS
SEMI,740,ARP689031069,01-ACCIONES PRIVADAS
SF1AL,59237,AR0488117463,05-OBLI. NEGOCIABLES
SF1BL,59238,AR0500337008,05-OBLI. NEGOCIABLES
SFD34,84893,USP84641AD49,19-TITULOS DE DEUDA
SFD4C,84893,USP84641AD49,19-TITULOS DE DEUDA
SFD4D,84893,USP84641AD49,19-TITULOS DE DEUDA
SFD4X,84893,USP84641AD49,19-TITULOS DE DEUDA
SFD4Y,84893,USP84641AD49,19-TITULOS DE DEUDA
SFD4Z,84893,USP84641AD49,19-TITULOS DE DEUDA
SFN27,42874,AR0810026069,03-TITULOS PUBLICOS
SFN7C,42874,AR0810026069,03-TITULOS PUBLICOS
SFN7D,42874,AR0810026069,03-TITULOS PUBLICOS
SFN7X,42874,AR0810026069,03-TITULOS PUBLICOS
SFN7Y,42874,AR0810026069,03-TITULOS PUBLICOS
SFN7Z,42874,AR0810026069,03-TITULOS PUBLICOS
SG1BP,56893,ARSUGL560025,14-OBLIG. NEG. PYMES
SH,8657,AR0798622483,23-CEDEARS
SHC,8657,AR0798622483,23-CEDEARS
SHD,8657,AR0798622483,23-CEDEARS
SHEL,8255,ARDEUT112547,23-CEDEARS
SHELB,8255,ARDEUT112547,23-CEDEARS
SHELC,8255,ARDEUT112547,23-CEDEARS
SHELD,8255,ARDEUT112547,23-CEDEARS
SHOP,8546,ARBCOM460341,23-CEDEARS
SHOPC,8546,ARBCOM460341,23-CEDEARS
SHOPD,8546,ARBCOM460341,23-CEDEARS
SHPW,8599,AR0693614809,23-CEDEARS
SHPWC,8599,AR0693614809,23-CEDEARS
SHPWD,8599,AR0693614809,23-CEDEARS
SHW,8754,AR0273529450,23-CEDEARS
SHWC,8754,AR0273529450,23-CEDEARS
SHWD,8754,AR0273529450,23-CEDEARS
SI,8582,ARCAVA4601F9,23-CEDEARS
SI.B,8582,ARCAVA4601F9,23-CEDEARS
SI.C,8582,ARCAVA4601F9,23-CEDEARS
SI.D,8582,ARCAVA4601F9,23-CEDEARS
SIC1C,58298,AR0869460326,05-OBLI. NEGOCIABLES
SIC1D,58298,AR0869460326,05-OBLI. NEGOCIABLES
SIC1O,58298,AR0869460326,05-OBLI. NEGOCIABLES
SIC1X,58298,AR0869460326,05-OBLI. NEGOCIABLES
SIC1Y,58298,AR0869460326,05-OBLI. NEGOCIABLES
SIC1Z,58298,AR0869460326,05-OBLI. NEGOCIABLES
SIC2C,59492,AR0800532910,05-OBLI. NEGOCIABLES
SIC2D,59492,AR0800532910,05-OBLI. NEGOCIABLES
SIC2O,59492,AR0800532910,05-OBLI. NEGOCIABLES
SIC2X,59492,AR0800532910,05-OBLI. NEGOCIABLES
SIC2Y,59492,AR0800532910,05-OBLI. NEGOCIABLES
SIC2Z,59492,AR0800532910,05-OBLI. NEGOCIABLES
SID,8522,ARBCOM4602B4,23-CEDEARS
SIDC,8522,ARBCOM4602B4,23-CEDEARS
SIDD,8522,ARBCOM4602B4,23-CEDEARS
SIEGC,8256,ARDEUT112372,23-CEDEARS
SIEGY,8256,ARDEUT112372,23-CEDEARS
SJ31,42516,ARPSAJ320013,03-TITULOS PUBLICOS
SK01A,59179,AR0779567475,19-TITULOS DE DEUDA
SK02A,59481,AR0255872977,19-TITULOS DE DEUDA
SKHY,8742,AR0272347318,23-CEDEARS
SKHYC,8742,AR0272347318,23-CEDEARS
SKHYD,8742,AR0272347318,23-CEDEARS
SLB,8157,ARDEUT111515,23-CEDEARS
SLBC,8157,ARDEUT111515,23-CEDEARS
SLBD,8157,ARDEUT111515,23-CEDEARS
SLV,8691,AR0863747074,23-CEDEARS
SLVB,8691,AR0863747074,23-CEDEARS
SLVC,8691,AR0863747074,23-CEDEARS
SLVD,8691,AR0863747074,23-CEDEARS
SMH,8695,AR0998039140,23-CEDEARS
SMHC,8695,AR0998039140,23-CEDEARS
SMHD,8695,AR0998039140,23-CEDEARS
SMSN,8413,ARDEUT115359,23-CEDEARS
SN1MC,59049,AR0637967891,14-OBLIG. NEG. PYMES
SN1MD,59049,AR0637967891,14-OBLIG. NEG. PYMES
SN6C,9368,AR0451031345,17-LETRAS TESORO NAC
SN6D,9368,AR0451031345,17-LETRAS TESORO NAC
SN6X,9368,AR0451031345,17-LETRAS TESORO NAC
SN6Y,9368,AR0451031345,17-LETRAS TESORO NAC
SN6Z,9368,AR0451031345,17-LETRAS TESORO NAC
SN8BC,56263,ARSION5600F7,14-OBLIG. NEG. PYMES
SN8BD,56263,ARSION5600F7,14-OBLIG. NEG. PYMES
SN8BP,56263,ARSION5600F7,14-OBLIG. NEG. PYMES
SNA,8160,ARDEUT111549,23-CEDEARS
SNAAO,57917,AR0682053886,05-OBLI. NEGOCIABLES
SNABC,57918,AR0398843448,05-OBLI. NEGOCIABLES
SNABD,57918,AR0398843448,05-OBLI. NEGOCIABLES
SNABO,57918,AR0398843448,05-OBLI. NEGOCIABLES
SNABX,57918,AR0398843448,05-OBLI. NEGOCIABLES
SNABY,57918,AR0398843448,05-OBLI. NEGOCIABLES
SNABZ,57918,AR0398843448,05-OBLI. NEGOCIABLES
SNAOC,57917,AR0682053886,05-OBLI. NEGOCIABLES
SNAOD,57917,AR0682053886,05-OBLI. NEGOCIABLES
SNAOX,57917,AR0682053886,05-OBLI. NEGOCIABLES
SNAOY,57917,AR0682053886,05-OBLI. NEGOCIABLES
SNAOZ,57917,AR0682053886,05-OBLI. NEGOCIABLES
SNAP,8488,ARBCOM4601H3,23-CEDEARS
SNAPD,8488,ARBCOM4601H3,23-CEDEARS
SNDK,8731,AR0142846093,23-CEDEARS
SNDKC,8731,AR0142846093,23-CEDEARS
SNDKD,8731,AR0142846093,23-CEDEARS
SNDPC,57462,AR0869169422,14-OBLIG. NEG. PYMES
SNDPD,57462,AR0869169422,14-OBLIG. NEG. PYMES
SNEAC,59070,AR0077785621,05-OBLI. NEGOCIABLES
SNEAD,59070,AR0077785621,05-OBLI. NEGOCIABLES
SNEAO,59070,AR0077785621,05-OBLI. NEGOCIABLES
SNEAX,59070,AR0077785621,05-OBLI. NEGOCIABLES
SNEAY,59070,AR0077785621,05-OBLI. NEGOCIABLES
SNEAZ,59070,AR0077785621,05-OBLI. NEGOCIABLES
SNEBC,59071,AR0295506908,05-OBLI. NEGOCIABLES
SNEBD,59071,AR0295506908,05-OBLI. NEGOCIABLES
SNEBO,59071,AR0295506908,05-OBLI. NEGOCIABLES
SNEBX,59071,AR0295506908,05-OBLI. NEGOCIABLES
SNEBY,59071,AR0295506908,05-OBLI. NEGOCIABLES
SNEBZ,59071,AR0295506908,05-OBLI. NEGOCIABLES
SNEPC,57550,AR0975837136,14-OBLIG. NEG. PYMES
SNEPD,57550,AR0975837136,14-OBLIG. NEG. PYMES
SNHBC,58973,AR0129388713,14-OBLIG. NEG. PYMES
SNHBD,58973,AR0129388713,14-OBLIG. NEG. PYMES
SNHBP,58973,AR0129388713,14-OBLIG. NEG. PYMES
SNOW,8548,ARBCOM460358,23-CEDEARS
SNOWC,8548,ARBCOM460358,23-CEDEARS
SNOWD,8548,ARBCOM460358,23-CEDEARS
SNS1M,59049,AR0637967891,14-OBLIG. NEG. PYMES
SNS2M,59134,AR0777211829,14-OBLIG. NEG. PYMES
SNSBC,58135,AR0792131879,05-OBLI. NEGOCIABLES
SNSBD,58135,AR0792131879,05-OBLI. NEGOCIABLES
SNSBO,58135,AR0792131879,05-OBLI. NEGOCIABLES
SNSBX,58135,AR0792131879,05-OBLI. NEGOCIABLES
SNSBY,58135,AR0792131879,05-OBLI. NEGOCIABLES
SNSBZ,58135,AR0792131879,05-OBLI. NEGOCIABLES
SNSDC,58435,AR0228143829,05-OBLI. NEGOCIABLES
SNSDD,58435,AR0228143829,05-OBLI. NEGOCIABLES
SNSDO,58435,AR0228143829,05-OBLI. NEGOCIABLES
SNSDP,57462,AR0869169422,14-OBLIG. NEG. PYMES
SNSDX,58435,AR0228143829,05-OBLI. NEGOCIABLES
SNSDY,58435,AR0228143829,05-OBLI. NEGOCIABLES
SNSDZ,58435,AR0228143829,05-OBLI. NEGOCIABLES
SNSEP,57550,AR0975837136,14-OBLIG. NEG. PYMES
SO6C,9355,AR0475783251,17-LETRAS TESORO NAC
SO6D,9355,AR0475783251,17-LETRAS TESORO NAC
SO6X,9355,AR0475783251,17-LETRAS TESORO NAC
SO6Y,9355,AR0475783251,17-LETRAS TESORO NAC
SO6Z,9355,AR0475783251,17-LETRAS TESORO NAC
SOC3C,57438,AR0549668272,05-OBLI. NEGOCIABLES
SOC3D,57438,AR0549668272,05-OBLI. NEGOCIABLES
SOC3O,57438,AR0549668272,05-OBLI. NEGOCIABLES
SONY,8294,ARDEUT112984,23-CEDEARS
SONYB,8294,ARDEUT112984,23-CEDEARS
SONYC,8294,ARDEUT112984,23-CEDEARS
SONYD,8294,ARDEUT112984,23-CEDEARS
SPC2C,56234,ARSPIE560029,05-OBLI. NEGOCIABLES
SPC2D,56234,ARSPIE560029,05-OBLI. NEGOCIABLES
SPC2O,56234,ARSPIE560029,05-OBLI. NEGOCIABLES
SPC2X,56234,ARSPIE560029,05-OBLI. NEGOCIABLES
SPC2Y,56234,ARSPIE560029,05-OBLI. NEGOCIABLES
SPC2Z,56234,ARSPIE560029,05-OBLI. NEGOCIABLES
SPCE,8641,AR0212589896,23-CEDEARS
SPCEC,8641,AR0212589896,23-CEDEARS
SPCED,8641,AR0212589896,23-CEDEARS
SPCX,8741,AR0922353138,23-CEDEARS
SPCXC,8741,AR0922353138,23-CEDEARS
SPCXD,8741,AR0922353138,23-CEDEARS
SPGI,8563,ARBCOM4603V0,23-CEDEARS
SPGIC,8563,ARBCOM4603V0,23-CEDEARS
SPGID,8563,ARBCOM4603V0,23-CEDEARS
SPHQ,8708,AR0754647243,23-CEDEARS
SPHQC,8708,AR0754647243,23-CEDEARS
SPHQD,8708,AR0754647243,23-CEDEARS
SPOT,8547,ARBCOM460366,23-CEDEARS
SPOTB,8547,ARBCOM460366,23-CEDEARS
SPOTC,8547,ARBCOM460366,23-CEDEARS
SPOTD,8547,ARBCOM460366,23-CEDEARS
SPXL,8696,AR0748859532,23-CEDEARS
SPXLC,8696,AR0748859532,23-CEDEARS
SPXLD,8696,AR0748859532,23-CEDEARS
SPY,8549,ARCAVA460131,23-CEDEARS
SPYB,8549,ARCAVA460131,23-CEDEARS
SPYC,8549,ARCAVA460131,23-CEDEARS
SPYCB,8549,ARCAVA460131,23-CEDEARS
SPYD,8549,ARCAVA460131,23-CEDEARS
SPYDB,8549,ARCAVA460131,23-CEDEARS
SQ1LC,59608,AR0969680435,14-OBLIG. NEG. PYMES
SQ1LD,59608,AR0969680435,14-OBLIG. NEG. PYMES
SQS1L,59608,AR0969680435,14-OBLIG. NEG. PYMES
SS6C,9387,AR0379015875,17-LETRAS TESORO NAC
SS6D,9387,AR0379015875,17-LETRAS TESORO NAC
SS6X,9387,AR0379015875,17-LETRAS TESORO NAC
SS6Y,9387,AR0379015875,17-LETRAS TESORO NAC
SS6Z,9387,AR0379015875,17-LETRAS TESORO NAC
ST31,42506,ARPSCR320011,03-TITULOS PUBLICOS
STCFC,59186,AR0633927196,05-OBLI. NEGOCIABLES
STCFD,59186,AR0633927196,05-OBLI. NEGOCIABLES
STCFO,59186,AR0633927196,05-OBLI. NEGOCIABLES
STCFX,59186,AR0633927196,05-OBLI. NEGOCIABLES
STCFY,59186,AR0633927196,05-OBLI. NEGOCIABLES
STCFZ,59186,AR0633927196,05-OBLI. NEGOCIABLES
STCGC,59187,AR0851033560,05-OBLI. NEGOCIABLES
STCGD,59187,AR0851033560,05-OBLI. NEGOCIABLES
STCGO,59187,AR0851033560,05-OBLI. NEGOCIABLES
STCGX,59187,AR0851033560,05-OBLI. NEGOCIABLES
STCGY,59187,AR0851033560,05-OBLI. NEGOCIABLES
STCGZ,59187,AR0851033560,05-OBLI. NEGOCIABLES
STCHC,59357,AR0209488755,05-OBLI. NEGOCIABLES
STCHD,59357,AR0209488755,05-OBLI. NEGOCIABLES
STCHO,59357,AR0209488755,05-OBLI. NEGOCIABLES
STCHX,59357,AR0209488755,05-OBLI. NEGOCIABLES
STCHY,59357,AR0209488755,05-OBLI. NEGOCIABLES
STCHZ,59357,AR0209488755,05-OBLI. NEGOCIABLES
STLA,8638,AR0940941575,23-CEDEARS
STLAB,8638,AR0940941575,23-CEDEARS
STLAC,8638,AR0940941575,23-CEDEARS
STLAD,8638,AR0940941575,23-CEDEARS
STNE,8628,AR0657424591,23-CEDEARS
STNEC,8628,AR0657424591,23-CEDEARS
STNED,8628,AR0657424591,23-CEDEARS
SUPV,30035,ARGRSU300079,01-ACCIONES PRIVADAS
SUPVB,30035,ARGRSU300079,01-ACCIONES PRIVADAS
SUPVC,30035,ARGRSU300079,01-ACCIONES PRIVADAS
SUPVD,30035,ARGRSU300079,01-ACCIONES PRIVADAS
SUZ,8518,ARBCOM4602E8,23-CEDEARS
SUZB3,8611,ARCAVA4601V6,23-CEDEARS
SUZBC,8611,ARCAVA4601V6,23-CEDEARS
SUZBD,8611,ARCAVA4601V6,23-CEDEARS
SUZC,8518,ARBCOM4602E8,23-CEDEARS
SUZD,8518,ARBCOM4602E8,23-CEDEARS
SWKS,8645,AR0061200025,23-CEDEARS
SWKSC,8645,AR0061200025,23-CEDEARS
SWKSD,8645,AR0061200025,23-CEDEARS
SXC3C,59196,AR0844003837,05-OBLI. NEGOCIABLES
SXC3D,59196,AR0844003837,05-OBLI. NEGOCIABLES
SXC3O,59196,AR0844003837,05-OBLI. NEGOCIABLES
SXC3X,59196,AR0844003837,05-OBLI. NEGOCIABLES
SXC3Y,59196,AR0844003837,05-OBLI. NEGOCIABLES
SXC3Z,59196,AR0844003837,05-OBLI. NEGOCIABLES
SXC5C,59418,AR0029606974,05-OBLI. NEGOCIABLES
SXC5D,59418,AR0029606974,05-OBLI. NEGOCIABLES
SXC5O,59418,AR0029606974,05-OBLI. NEGOCIABLES
SXC5X,59418,AR0029606974,05-OBLI. NEGOCIABLES
SXC5Y,59418,AR0029606974,05-OBLI. NEGOCIABLES
SXC5Z,59418,AR0029606974,05-OBLI. NEGOCIABLES
SXC6C,59419,AR0856373037,05-OBLI. NEGOCIABLES
SXC6D,59419,AR0856373037,05-OBLI. NEGOCIABLES
SXC6O,59419,AR0856373037,05-OBLI. NEGOCIABLES
SXC6X,59419,AR0856373037,05-OBLI. NEGOCIABLES
SXC6Y,59419,AR0856373037,05-OBLI. NEGOCIABLES
SXC6Z,59419,AR0856373037,05-OBLI. NEGOCIABLES
SXC7C,59656,AR0056720565,05-OBLI. NEGOCIABLES
SXC7D,59656,AR0056720565,05-OBLI. NEGOCIABLES
SXC7O,59656,AR0056720565,05-OBLI. NEGOCIABLES
SXC8C,59657,AR0211603326,05-OBLI. NEGOCIABLES
SXC8D,59657,AR0211603326,05-OBLI. NEGOCIABLES
SXC8O,59657,AR0211603326,05-OBLI. NEGOCIABLES
SXC8X,59657,AR0211603326,05-OBLI. NEGOCIABLES
SY1LC,59609,AR0622025648,14-OBLIG. NEG. PYMES
SY1LD,59609,AR0622025648,14-OBLIG. NEG. PYMES
SYS1L,59609,AR0622025648,14-OBLIG. NEG. PYMES
SYY,8165,ARDEUT111598,23-CEDEARS
SYYC,8165,ARDEUT111598,23-CEDEARS
SYYD,8165,ARDEUT111598,23-CEDEARS
SZ12P,57763,AR0107643089,14-OBLIG. NEG. PYMES
SZ22C,58330,AR0436566001,14-OBLIG. NEG. PYMES
SZ22D,58330,AR0436566001,14-OBLIG. NEG. PYMES
SZ22P,58330,AR0436566001,14-OBLIG. NEG. PYMES
T,8177,ARDEUT111713,23-CEDEARS
T15E7,9325,AR0350916307,03-TITULOS PUBLICOS
T1ALC,59227,AR0697412218,14-OBLIG. NEG. PYMES
T1ALD,59227,AR0697412218,14-OBLIG. NEG. PYMES
T1BLC,59228,AR0047666406,14-OBLIG. NEG. PYMES
T1BLD,59228,AR0047666406,14-OBLIG. NEG. PYMES
T2D8C,9419,AR0695340130,03-TITULOS PUBLICOS
T2D8D,9419,AR0695340130,03-TITULOS PUBLICOS
T2D8X,9419,AR0695340130,03-TITULOS PUBLICOS
T2D8Y,9419,AR0695340130,03-TITULOS PUBLICOS
T2D8Z,9419,AR0695340130,03-TITULOS PUBLICOS
T30A7,9356,AR0224546884,03-TITULOS PUBLICOS
T30J7,9373,AR0987861058,03-TITULOS PUBLICOS
T31Y7,9370,AR0571277315,03-TITULOS PUBLICOS
T641C,58590,AR0501573346,05-OBLI. NEGOCIABLES
T641D,58590,AR0501573346,05-OBLI. NEGOCIABLES
T641O,58590,AR0501573346,05-OBLI. NEGOCIABLES
T641X,58590,AR0501573346,05-OBLI. NEGOCIABLES
T641Y,58590,AR0501573346,05-OBLI. NEGOCIABLES
T641Z,58590,AR0501573346,05-OBLI. NEGOCIABLES
T661C,59015,AR0771688576,05-OBLI. NEGOCIABLES
T661D,59015,AR0771688576,05-OBLI. NEGOCIABLES
T661O,59015,AR0771688576,05-OBLI. NEGOCIABLES
T661X,59015,AR0771688576,05-OBLI. NEGOCIABLES
T661Y,59015,AR0771688576,05-OBLI. NEGOCIABLES
T661Z,59015,AR0771688576,05-OBLI. NEGOCIABLES
T671C,59444,AR0053789688,05-OBLI. NEGOCIABLES
T671D,59444,AR0053789688,05-OBLI. NEGOCIABLES
T671O,59444,AR0053789688,05-OBLI. NEGOCIABLES
T671X,59444,AR0053789688,05-OBLI. NEGOCIABLES
T671Y,59444,AR0053789688,05-OBLI. NEGOCIABLES
T671Z,59444,AR0053789688,05-OBLI. NEGOCIABLES
T672C,59445,AR0409953244,05-OBLI. NEGOCIABLES
T672D,59445,AR0409953244,05-OBLI. NEGOCIABLES
T672O,59445,AR0409953244,05-OBLI. NEGOCIABLES
T672X,59445,AR0409953244,05-OBLI. NEGOCIABLES
T672Y,59445,AR0409953244,05-OBLI. NEGOCIABLES
T672Z,59445,AR0409953244,05-OBLI. NEGOCIABLES
T673C,59446,AR0765043077,05-OBLI. NEGOCIABLES
T673D,59446,AR0765043077,05-OBLI. NEGOCIABLES
T673O,59446,AR0765043077,05-OBLI. NEGOCIABLES
T673X,59446,AR0765043077,05-OBLI. NEGOCIABLES
T673Y,59446,AR0765043077,05-OBLI. NEGOCIABLES
T673Z,59446,AR0765043077,05-OBLI. NEGOCIABLES
TA7C,9356,AR0224546884,03-TITULOS PUBLICOS
TA7D,9356,AR0224546884,03-TITULOS PUBLICOS
TA7X,9356,AR0224546884,03-TITULOS PUBLICOS
TA7Y,9356,AR0224546884,03-TITULOS PUBLICOS
TA7Z,9356,AR0224546884,03-TITULOS PUBLICOS
TB,8177,ARDEUT111713,23-CEDEARS
TB27,9166,ARARGE320D33,03-TITULOS PUBLICOS
TB27C,9166,ARARGE320D33,03-TITULOS PUBLICOS
TB27D,9166,ARARGE320D33,03-TITULOS PUBLICOS
TB27X,9166,ARARGE320D33,03-TITULOS PUBLICOS
TB27Y,9166,ARARGE320D33,03-TITULOS PUBLICOS
TB27Z,9166,ARARGE320D33,03-TITULOS PUBLICOS
TBCAC,59698,AR0427038119,05-OBLI. NEGOCIABLES
TBCAD,59698,AR0427038119,05-OBLI. NEGOCIABLES
TBCAO,59698,AR0427038119,05-OBLI. NEGOCIABLES
TC,8177,ARDEUT111713,23-CEDEARS
TCB,8177,ARDEUT111713,23-CEDEARS
TCOM,8507,ARBCOM460226,23-CEDEARS
TCOMD,8507,ARBCOM460226,23-CEDEARS
TD,8177,ARDEUT111713,23-CEDEARS
TD26,5950,ARARGE320BG5,03-TITULOS PUBLICOS
TD26C,5950,ARARGE320BG5,03-TITULOS PUBLICOS
TD26D,5950,ARARGE320BG5,03-TITULOS PUBLICOS
TD26X,5950,ARARGE320BG5,03-TITULOS PUBLICOS
TD26Y,5950,ARARGE320BG5,03-TITULOS PUBLICOS
TD26Z,5950,ARARGE320BG5,03-TITULOS PUBLICOS
TDB,8177,ARDEUT111713,23-CEDEARS
TE12B,58883,AR0370414010,19-TITULOS DE DEUDA
TE12C,58884,AR0335784242,19-TITULOS DE DEUDA
TE13B,58937,AR0701735950,19-TITULOS DE DEUDA
TE13C,58938,AR0736962025,19-TITULOS DE DEUDA
TE14A,58997,AR0420179233,19-TITULOS DE DEUDA
TE14B,58998,AR0718040253,19-TITULOS DE DEUDA
TE14C,58999,AR0490418859,19-TITULOS DE DEUDA
TE15A,59124,AR0922754483,19-TITULOS DE DEUDA
TE15B,59125,AR0859278605,19-TITULOS DE DEUDA
TE15C,59126,AR0404942820,19-TITULOS DE DEUDA
TE16A,59336,AR0677062272,19-TITULOS DE DEUDA
TE16B,59337,AR0824173212,19-TITULOS DE DEUDA
TE16C,59338,AR0697366729,19-TITULOS DE DEUDA
TE7C,9325,AR0350916307,03-TITULOS PUBLICOS
TE7D,9325,AR0350916307,03-TITULOS PUBLICOS
TE7X,9325,AR0350916307,03-TITULOS PUBLICOS
TE7Y,9325,AR0350916307,03-TITULOS PUBLICOS
TE7Z,9325,AR0350916307,03-TITULOS PUBLICOS
TEAM,8678,AR0234754239,23-CEDEARS
TEAMC,8678,AR0234754239,23-CEDEARS
TEAMD,8678,AR0234754239,23-CEDEARS
TECO2,807,ARP9028N1016,01-ACCIONES PRIVADAS
TECOB,807,ARP9028N1016,01-ACCIONES PRIVADAS
TECOC,807,ARP9028N1016,01-ACCIONES PRIVADAS
TECOD,807,ARP9028N1016,01-ACCIONES PRIVADAS
TEFO,8062,ARDEUT110574,23-CEDEARS
TEFOC,8062,ARDEUT110574,23-CEDEARS
TEM,8685,AR0520934156,23-CEDEARS
TEMC,8685,AR0520934156,23-CEDEARS
TEMD,8685,AR0520934156,23-CEDEARS
TEN,8524,ARBCOM4602S8,23-CEDEARS
TENB,8524,ARBCOM4602S8,23-CEDEARS
TENBC,8524,ARBCOM4602S8,23-CEDEARS
TENBD,8524,ARBCOM4602S8,23-CEDEARS
TENC,8524,ARBCOM4602S8,23-CEDEARS
TEND,8524,ARBCOM4602S8,23-CEDEARS
TEVIC,25036,ARBVAL622BV3,18-FONDOS INVERSION
TEVID,25036,ARBVAL622BV3,18-FONDOS INVERSION
TEVIF,25036,ARBVAL622BV3,18-FONDOS INVERSION
TF1LC,59236,AR0035282117,14-OBLIG. NEG. PYMES
TF1LD,59236,AR0035282117,14-OBLIG. NEG. PYMES
TF31,42514,ARDELF320022,03-TITULOS PUBLICOS
TFS1L,59236,AR0035282117,14-OBLIG. NEG. PYMES
TFU27,92577,USP91528AA03,03-TITULOS PUBLICOS
TGCHC,54609,ARTGLT5600I6,05-OBLI. NEGOCIABLES
TGCHD,54609,ARTGLT5600I6,05-OBLI. NEGOCIABLES
TGCHO,54609,ARTGLT5600I6,05-OBLI. NEGOCIABLES
TGCHX,54609,ARTGLT5600I6,05-OBLI. NEGOCIABLES
TGCHY,54609,ARTGLT5600I6,05-OBLI. NEGOCIABLES
TGCHZ,54609,ARTGLT5600I6,05-OBLI. NEGOCIABLES
TGN4B,30005,ARTGNO010117,01-ACCIONES PRIVADAS
TGN4C,30005,ARTGNO010117,01-ACCIONES PRIVADAS
TGN4D,30005,ARTGNO010117,01-ACCIONES PRIVADAS
TGNO4,30005,ARTGNO010117,01-ACCIONES PRIVADAS
TGSDB,617,ARP9308R1039,01-ACCIONES PRIVADAS
TGSU2,617,ARP9308R1039,01-ACCIONES PRIVADAS
TGSUB,617,ARP9308R1039,01-ACCIONES PRIVADAS
TGSUC,617,ARP9308R1039,01-ACCIONES PRIVADAS
TGSUD,617,ARP9308R1039,01-ACCIONES PRIVADAS
TGT,8493,ARBCOM460101,23-CEDEARS
TGTB,8493,ARBCOM460101,23-CEDEARS
TGTC,8493,ARBCOM460101,23-CEDEARS
TGTD,8493,ARBCOM460101,23-CEDEARS
TH03C,58766,AR0206317270,19-TITULOS DE DEUDA
TH04B,58923,AR0957752535,19-TITULOS DE DEUDA
TH04C,58924,AR0294481202,19-TITULOS DE DEUDA
TH05A,59127,AR0305394386,19-TITULOS DE DEUDA
TH05B,59128,AR0621386868,19-TITULOS DE DEUDA
TH05C,59129,AR0639491981,19-TITULOS DE DEUDA
TH06A,59340,AR0897249659,19-TITULOS DE DEUDA
TH06B,59344,AR0061787377,19-TITULOS DE DEUDA
TH06C,59345,AR0316362992,19-TITULOS DE DEUDA
TH07A,59561,AR0733775446,19-TITULOS DE DEUDA
TH07B,59562,AR0070367583,19-TITULOS DE DEUDA
TH07C,59563,AR0876803203,19-TITULOS DE DEUDA
TIIAC,8211,ARDEUT112059,23-CEDEARS
TIIAD,8211,ARDEUT112059,23-CEDEARS
TIIAY,8211,ARDEUT112059,23-CEDEARS
TIMB,8521,ARBCOM4602A6,23-CEDEARS
TIMBC,8521,ARBCOM4602A6,23-CEDEARS
TIMBD,8521,ARBCOM4602A6,23-CEDEARS
TIMS3,8625,ARCAVA4601Z7,23-CEDEARS
TIMSC,8625,ARCAVA4601Z7,23-CEDEARS
TIMSD,8625,ARCAVA4601Z7,23-CEDEARS
TJ1LC,59387,AR0818578277,14-OBLIG. NEG. PYMES
TJ1LD,59387,AR0818578277,14-OBLIG. NEG. PYMES
TJ7C,9373,AR0987861058,03-TITULOS PUBLICOS
TJ7D,9373,AR0987861058,03-TITULOS PUBLICOS
TJ7X,9373,AR0987861058,03-TITULOS PUBLICOS
TJ7Y,9373,AR0987861058,03-TITULOS PUBLICOS
TJ7Z,9373,AR0987861058,03-TITULOS PUBLICOS
TJC1L,59387,AR0818578277,14-OBLIG. NEG. PYMES
TJX,8654,AR0831219149,23-CEDEARS
TJXC,8654,AR0831219149,23-CEDEARS
TJXD,8654,AR0831219149,23-CEDEARS
TLCDC,55985,ARTECO5600E0,05-OBLI. NEGOCIABLES
TLCDD,55985,ARTECO5600E0,05-OBLI. NEGOCIABLES
TLCDO,55985,ARTECO5600E0,05-OBLI. NEGOCIABLES
TLCDX,55985,ARTECO5600E0,05-OBLI. NEGOCIABLES
TLCDY,55985,ARTECO5600E0,05-OBLI. NEGOCIABLES
TLCDZ,55985,ARTECO5600E0,05-OBLI. NEGOCIABLES
TLCFC,56848,ARTECO5600G5,05-OBLI. NEGOCIABLES
TLCFD,56848,ARTECO5600G5,05-OBLI. NEGOCIABLES
TLCFO,56848,ARTECO5600G5,05-OBLI. NEGOCIABLES
TLCFX,56848,ARTECO5600G5,05-OBLI. NEGOCIABLES
TLCFY,56848,ARTECO5600G5,05-OBLI. NEGOCIABLES
TLCFZ,56848,ARTECO5600G5,05-OBLI. NEGOCIABLES
TLCJC,57484,AR0041103448,05-OBLI. NEGOCIABLES
TLCJD,57484,AR0041103448,05-OBLI. NEGOCIABLES
TLCJO,57484,AR0041103448,05-OBLI. NEGOCIABLES
TLCJX,57484,AR0041103448,05-OBLI. NEGOCIABLES
TLCJY,57484,AR0041103448,05-OBLI. NEGOCIABLES
TLCJZ,57484,AR0041103448,05-OBLI. NEGOCIABLES
TLCKC,57485,AR0849737462,05-OBLI. NEGOCIABLES
TLCKD,57485,AR0849737462,05-OBLI. NEGOCIABLES
TLCKO,57485,AR0849737462,05-OBLI. NEGOCIABLES
TLCKX,57485,AR0849737462,05-OBLI. NEGOCIABLES
TLCKY,57485,AR0849737462,05-OBLI. NEGOCIABLES
TLCKZ,57485,AR0849737462,05-OBLI. NEGOCIABLES
TLCMC,83785,USP9028NBT74,05-OBLI. NEGOCIABLES
TLCMD,83785,USP9028NBT74,05-OBLI. NEGOCIABLES
TLCMO,83785,USP9028NBT74,05-OBLI. NEGOCIABLES
TLCMX,83785,USP9028NBT74,05-OBLI. NEGOCIABLES
TLCMY,83785,USP9028NBT74,05-OBLI. NEGOCIABLES
TLCMZ,83785,USP9028NBT74,05-OBLI. NEGOCIABLES
TLCOC,58256,AR0241562484,05-OBLI. NEGOCIABLES
TLCOD,58256,AR0241562484,05-OBLI. NEGOCIABLES
TLCOO,58256,AR0241562484,05-OBLI. NEGOCIABLES
TLCOX,58256,AR0241562484,05-OBLI. NEGOCIABLES
TLCOY,58256,AR0241562484,05-OBLI. NEGOCIABLES
TLCOZ,58256,AR0241562484,05-OBLI. NEGOCIABLES
TLCPC,84410,USP9028NCA74,05-OBLI. NEGOCIABLES
TLCPD,84410,USP9028NCA74,05-OBLI. NEGOCIABLES
TLCPO,84410,USP9028NCA74,05-OBLI. NEGOCIABLES
TLCPX,84410,USP9028NCA74,05-OBLI. NEGOCIABLES
TLCPY,84410,USP9028NCA74,05-OBLI. NEGOCIABLES
TLCPZ,84410,USP9028NCA74,05-OBLI. NEGOCIABLES
TLCQC,58769,AR0006792755,05-OBLI. NEGOCIABLES
TLCQD,58769,AR0006792755,05-OBLI. NEGOCIABLES
TLCQO,58769,AR0006792755,05-OBLI. NEGOCIABLES
TLCQX,58769,AR0006792755,05-OBLI. NEGOCIABLES
TLCQY,58769,AR0006792755,05-OBLI. NEGOCIABLES
TLCQZ,58769,AR0006792755,05-OBLI. NEGOCIABLES
TLCTC,84977,USP9028NCE96,05-OBLI. NEGOCIABLES
TLCTD,84977,USP9028NCE96,05-OBLI. NEGOCIABLES
TLCTO,84977,USP9028NCE96,05-OBLI. NEGOCIABLES
TLCTX,84977,USP9028NCE96,05-OBLI. NEGOCIABLES
TLCTY,84977,USP9028NCE96,05-OBLI. NEGOCIABLES
TLCTZ,84977,USP9028NCE96,05-OBLI. NEGOCIABLES
TLCUC,59239,AR0857544677,05-OBLI. NEGOCIABLES
TLCUD,59239,AR0857544677,05-OBLI. NEGOCIABLES
TLCUO,59239,AR0857544677,05-OBLI. NEGOCIABLES
TLCUX,59239,AR0857544677,05-OBLI. NEGOCIABLES
TLCUY,59239,AR0857544677,05-OBLI. NEGOCIABLES
TLCUZ,59239,AR0857544677,05-OBLI. NEGOCIABLES
TLCVC,59465,AR0031549709,05-OBLI. NEGOCIABLES
TLCVD,59465,AR0031549709,05-OBLI. NEGOCIABLES
TLCVO,59465,AR0031549709,05-OBLI. NEGOCIABLES
TLCVX,59465,AR0031549709,05-OBLI. NEGOCIABLES
TLCVY,59465,AR0031549709,05-OBLI. NEGOCIABLES
TLCVZ,59465,AR0031549709,05-OBLI. NEGOCIABLES
TLCWC,59466,AR0931859976,05-OBLI. NEGOCIABLES
TLCWD,59466,AR0931859976,05-OBLI. NEGOCIABLES
TLCWO,59466,AR0931859976,05-OBLI. NEGOCIABLES
TLCWX,59466,AR0931859976,05-OBLI. NEGOCIABLES
TLCWY,59466,AR0931859976,05-OBLI. NEGOCIABLES
TLCWZ,59466,AR0931859976,05-OBLI. NEGOCIABLES
TLN,8744,AR0644704279,23-CEDEARS
TLNC,8744,AR0644704279,23-CEDEARS
TLND,8744,AR0644704279,23-CEDEARS
TM,8214,ARDEUT112083,23-CEDEARS
TM..B,8214,ARDEUT112083,23-CEDEARS
TMC,8214,ARDEUT112083,23-CEDEARS
TMD,8214,ARDEUT112083,23-CEDEARS
TMDB,8214,ARDEUT112083,23-CEDEARS
TMF27,9380,AR0466764872,03-TITULOS PUBLICOS
TMF28,9401,AR0895380514,03-TITULOS PUBLICOS
TMF7C,9380,AR0466764872,03-TITULOS PUBLICOS
TMF7D,9380,AR0466764872,03-TITULOS PUBLICOS
TMF7X,9380,AR0466764872,03-TITULOS PUBLICOS
TMF7Y,9380,AR0466764872,03-TITULOS PUBLICOS
TMF7Z,9380,AR0466764872,03-TITULOS PUBLICOS
TMF8C,9401,AR0895380514,03-TITULOS PUBLICOS
TMF8D,9401,AR0895380514,03-TITULOS PUBLICOS
TMF8X,9401,AR0895380514,03-TITULOS PUBLICOS
TMF8Y,9401,AR0895380514,03-TITULOS PUBLICOS
TMF8Z,9401,AR0895380514,03-TITULOS PUBLICOS
TMG27,9397,AR0845182473,03-TITULOS PUBLICOS
TMG28,9403,AR0175438917,03-TITULOS PUBLICOS
TMG7C,9397,AR0845182473,03-TITULOS PUBLICOS
TMG7D,9397,AR0845182473,03-TITULOS PUBLICOS
TMG7X,9397,AR0845182473,03-TITULOS PUBLICOS
TMG7Y,9397,AR0845182473,03-TITULOS PUBLICOS
TMG7Z,9397,AR0845182473,03-TITULOS PUBLICOS
TMG8C,9403,AR0175438917,03-TITULOS PUBLICOS
TMG8D,9403,AR0175438917,03-TITULOS PUBLICOS
TMG8X,9403,AR0175438917,03-TITULOS PUBLICOS
TMG8Y,9403,AR0175438917,03-TITULOS PUBLICOS
TMG8Z,9403,AR0175438917,03-TITULOS PUBLICOS
TML27,9420,AR0033716868,03-TITULOS PUBLICOS
TML7C,9420,AR0033716868,03-TITULOS PUBLICOS
TML7D,9420,AR0033716868,03-TITULOS PUBLICOS
TML7X,9420,AR0033716868,03-TITULOS PUBLICOS
TML7Y,9420,AR0033716868,03-TITULOS PUBLICOS
TML7Z,9420,AR0033716868,03-TITULOS PUBLICOS
TMO,8476,ARBCOM4601F7,23-CEDEARS
TMOB,8476,ARBCOM4601F7,23-CEDEARS
TMOC,8476,ARBCOM4601F7,23-CEDEARS
TMOD,8476,ARBCOM4601F7,23-CEDEARS
TMUS,8640,AR0964115726,23-CEDEARS
TMUSC,8640,AR0964115726,23-CEDEARS
TMUSD,8640,AR0964115726,23-CEDEARS
TMVE8,9424,AR0821229090,03-TITULOS PUBLICOS
TO06C,58748,AR0444363136,19-TITULOS DE DEUDA
TO07B,58896,AR0263410802,19-TITULOS DE DEUDA
TO07C,58897,AR0597466165,19-TITULOS DE DEUDA
TO1AL,59227,AR0697412218,14-OBLIG. NEG. PYMES
TO1BL,59228,AR0047666406,14-OBLIG. NEG. PYMES
TO26,5320,ARARGE4502K0,03-TITULOS PUBLICOS
TO26C,5320,ARARGE4502K0,03-TITULOS PUBLICOS
TO26D,5320,ARARGE4502K0,03-TITULOS PUBLICOS
TO26X,5320,ARARGE4502K0,03-TITULOS PUBLICOS
TO26Y,5320,ARARGE4502K0,03-TITULOS PUBLICOS
TO26Z,5320,ARARGE4502K0,03-TITULOS PUBLICOS
TQQQ,8705,AR0866630731,23-CEDEARS
TQQQC,8705,AR0866630731,23-CEDEARS
TQQQD,8705,AR0866630731,23-CEDEARS
TRAN,849,ARTRAN010011,01-ACCIONES PRIVADAS
TRANB,849,ARTRAN010011,01-ACCIONES PRIVADAS
TRANC,849,ARTRAN010011,01-ACCIONES PRIVADAS
TRAND,849,ARTRAN010011,01-ACCIONES PRIVADAS
TRIP,8483,ARBCOM4601O9,23-CEDEARS
TRIPC,8483,ARBCOM4601O9,23-CEDEARS
TRIPD,8483,ARBCOM4601O9,23-CEDEARS
TRVCB,8437,ARDEUT116100,23-CEDEARS
TRVDB,8437,ARDEUT116100,23-CEDEARS
TRVV,8437,ARDEUT116100,23-CEDEARS
TRVVB,8437,ARDEUT116100,23-CEDEARS
TRVVC,8437,ARDEUT116100,23-CEDEARS
TRVVD,8437,ARDEUT116100,23-CEDEARS
TS27,5304,ARARGE032136,03-TITULOS PUBLICOS
TSC3C,83801,USP9308RBA07,05-OBLI. NEGOCIABLES
TSC3D,83801,USP9308RBA07,05-OBLI. NEGOCIABLES
TSC3O,83801,USP9308RBA07,05-OBLI. NEGOCIABLES
TSC3X,83801,USP9308RBA07,05-OBLI. NEGOCIABLES
TSC3Y,83801,USP9308RBA07,05-OBLI. NEGOCIABLES
TSC3Z,83801,USP9308RBA07,05-OBLI. NEGOCIABLES
TSC4C,84870,USP9308RBB89,05-OBLI. NEGOCIABLES
TSC4D,84870,USP9308RBB89,05-OBLI. NEGOCIABLES
TSC4O,84870,USP9308RBB89,05-OBLI. NEGOCIABLES
TSC4X,84870,USP9308RBB89,05-OBLI. NEGOCIABLES
TSC4Y,84870,USP9308RBB89,05-OBLI. NEGOCIABLES
TSC4Z,84870,USP9308RBB89,05-OBLI. NEGOCIABLES
TSLA,8479,ARBCOM4601K7,23-CEDEARS
TSLAB,8479,ARBCOM4601K7,23-CEDEARS
TSLAC,8479,ARBCOM4601K7,23-CEDEARS
TSLAD,8479,ARBCOM4601K7,23-CEDEARS
TSLDB,8479,ARBCOM4601K7,23-CEDEARS
TSM,8297,ARDEUT113016,23-CEDEARS
TSMB,8297,ARDEUT113016,23-CEDEARS
TSMC,8297,ARDEUT113016,23-CEDEARS
TSMD,8297,ARDEUT113016,23-CEDEARS
TSMDB,8297,ARDEUT113016,23-CEDEARS
TTC8C,58165,AR0166027471,05-OBLI. NEGOCIABLES
TTC8D,58165,AR0166027471,05-OBLI. NEGOCIABLES
TTC8O,58165,AR0166027471,05-OBLI. NEGOCIABLES
TTC8X,58165,AR0166027471,05-OBLI. NEGOCIABLES
TTC8Y,58165,AR0166027471,05-OBLI. NEGOCIABLES
TTC8Z,58165,AR0166027471,05-OBLI. NEGOCIABLES
TTC9C,58166,AR0482976963,05-OBLI. NEGOCIABLES
TTC9D,58166,AR0482976963,05-OBLI. NEGOCIABLES
TTC9O,58166,AR0482976963,05-OBLI. NEGOCIABLES
TTC9X,58166,AR0482976963,05-OBLI. NEGOCIABLES
TTC9Y,58166,AR0482976963,05-OBLI. NEGOCIABLES
TTC9Z,58166,AR0482976963,05-OBLI. NEGOCIABLES
TTCAC,84203,USP90187AR99,05-OBLI. NEGOCIABLES
TTCAD,84203,USP90187AR99,05-OBLI. NEGOCIABLES
TTCAO,84203,USP90187AR99,05-OBLI. NEGOCIABLES
TTCAX,84203,USP90187AR99,05-OBLI. NEGOCIABLES
TTCAY,84203,USP90187AR99,05-OBLI. NEGOCIABLES
TTCAZ,84203,USP90187AR99,05-OBLI. NEGOCIABLES
TTCBC,58935,AR0152326457,05-OBLI. NEGOCIABLES
TTCBD,58935,AR0152326457,05-OBLI. NEGOCIABLES
TTCBO,58935,AR0152326457,05-OBLI. NEGOCIABLES
TTCBX,58935,AR0152326457,05-OBLI. NEGOCIABLES
TTCBY,58935,AR0152326457,05-OBLI. NEGOCIABLES
TTCBZ,58935,AR0152326457,05-OBLI. NEGOCIABLES
TTCDC,84811,USP90187AT55,05-OBLI. NEGOCIABLES
TTCDD,84811,USP90187AT55,05-OBLI. NEGOCIABLES
TTCDO,84811,USP90187AT55,05-OBLI. NEGOCIABLES
TTCDX,84811,USP90187AT55,05-OBLI. NEGOCIABLES
TTCDY,84811,USP90187AT55,05-OBLI. NEGOCIABLES
TTCDZ,84811,USP90187AT55,05-OBLI. NEGOCIABLES
TTCEC,59437,AR0121767674,05-OBLI. NEGOCIABLES
TTCED,59437,AR0121767674,05-OBLI. NEGOCIABLES
TTCEO,59437,AR0121767674,05-OBLI. NEGOCIABLES
TTCEX,59437,AR0121767674,05-OBLI. NEGOCIABLES
TTCEY,59437,AR0121767674,05-OBLI. NEGOCIABLES
TTCEZ,59437,AR0121767674,05-OBLI. NEGOCIABLES
TTD26,9323,AR0021930364,03-TITULOS PUBLICOS
TTD6C,9323,AR0021930364,03-TITULOS PUBLICOS
TTD6D,9323,AR0021930364,03-TITULOS PUBLICOS
TTD6X,9323,AR0021930364,03-TITULOS PUBLICOS
TTD6Y,9323,AR0021930364,03-TITULOS PUBLICOS
TTD6Z,9323,AR0021930364,03-TITULOS PUBLICOS
TTE,8213,ARDEUT112075,23-CEDEARS
TTEC,8213,ARDEUT112075,23-CEDEARS
TTED,8213,ARDEUT112075,23-CEDEARS
TTS26,9321,AR0227219554,03-TITULOS PUBLICOS
TTS6C,9321,AR0227219554,03-TITULOS PUBLICOS
TTS6D,9321,AR0227219554,03-TITULOS PUBLICOS
TTS6X,9321,AR0227219554,03-TITULOS PUBLICOS
TTS6Y,9321,AR0227219554,03-TITULOS PUBLICOS
TTS6Z,9321,AR0227219554,03-TITULOS PUBLICOS
TU27C,92577,USP91528AA03,03-TITULOS PUBLICOS
TU27D,92577,USP91528AA03,03-TITULOS PUBLICOS
TU27X,92577,USP91528AA03,03-TITULOS PUBLICOS
TU27Y,92577,USP91528AA03,03-TITULOS PUBLICOS
TU27Z,92577,USP91528AA03,03-TITULOS PUBLICOS
TU31,42513,ARPTUC320015,03-TITULOS PUBLICOS
TUCS4,42058,ARMHAT320025,03-TITULOS PUBLICOS
TUS1L,59294,AR0575172751,14-OBLIG. NEG. PYMES
TV,8219,ARDEUT112133,23-CEDEARS
TVC,8219,ARDEUT112133,23-CEDEARS
TVD,8219,ARDEUT112133,23-CEDEARS
TVD8C,9412,AR0781107484,03-TITULOS PUBLICOS
TVD8D,9412,AR0781107484,03-TITULOS PUBLICOS
TVD8X,9412,AR0781107484,03-TITULOS PUBLICOS
TVD8Y,9412,AR0781107484,03-TITULOS PUBLICOS
TVD8Z,9412,AR0781107484,03-TITULOS PUBLICOS
TVE8C,9424,AR0821229090,03-TITULOS PUBLICOS
TVE8D,9424,AR0821229090,03-TITULOS PUBLICOS
TVE8X,9424,AR0821229090,03-TITULOS PUBLICOS
TVE8Y,9424,AR0821229090,03-TITULOS PUBLICOS
TVE8Z,9424,AR0821229090,03-TITULOS PUBLICOS
TVPA,45701,ARARGE03E154,03-TITULOS PUBLICOS
TVPAC,45701,ARARGE03E154,03-TITULOS PUBLICOS
TVPAD,45701,ARARGE03E154,03-TITULOS PUBLICOS
TVPAX,45701,ARARGE03E154,03-TITULOS PUBLICOS
TVPAY,45701,ARARGE03E154,03-TITULOS PUBLICOS
TVPAZ,45701,ARARGE03E154,03-TITULOS PUBLICOS
TVPE,40785,XS0209139244,03-TITULOS PUBLICOS
TVPEC,40785,XS0209139244,03-TITULOS PUBLICOS
TVPED,40785,XS0209139244,03-TITULOS PUBLICOS
TVPEX,40785,XS0209139244,03-TITULOS PUBLICOS
TVPEY,40785,XS0209139244,03-TITULOS PUBLICOS
TVPEZ,40785,XS0209139244,03-TITULOS PUBLICOS
TVPP,45698,ARARGE03E147,03-TITULOS PUBLICOS
TVPPC,45698,ARARGE03E147,03-TITULOS PUBLICOS
TVPPD,45698,ARARGE03E147,03-TITULOS PUBLICOS
TVPPX,45698,ARARGE03E147,03-TITULOS PUBLICOS
TVPPY,45698,ARARGE03E147,03-TITULOS PUBLICOS
TVPPZ,45698,ARARGE03E147,03-TITULOS PUBLICOS
TVPY,40790,US040114GM64,03-TITULOS PUBLICOS
TVPYC,40790,US040114GM64,03-TITULOS PUBLICOS
TVPYD,40790,US040114GM64,03-TITULOS PUBLICOS
TVPYX,40790,US040114GM64,03-TITULOS PUBLICOS
TVPYY,40790,US040114GM64,03-TITULOS PUBLICOS
TVPYZ,40790,US040114GM64,03-TITULOS PUBLICOS
TVSJ1,37692,ARNACI080345,19-TITULOS DE DEUDA
TVY0,44673,XS0501197262,03-TITULOS PUBLICOS
TVY0C,44673,XS0501197262,03-TITULOS PUBLICOS
TVY0D,44673,XS0501197262,03-TITULOS PUBLICOS
TVY0X,44673,XS0501197262,03-TITULOS PUBLICOS
TVY0Y,44673,XS0501197262,03-TITULOS PUBLICOS
TVY0Z,44673,XS0501197262,03-TITULOS PUBLICOS
TWLO,8561,ARBCOM4603T4,23-CEDEARS
TWLOC,8561,ARBCOM4603T4,23-CEDEARS
TWLOD,8561,ARBCOM4603T4,23-CEDEARS
TX26,5925,ARARGE3209W8,03-TITULOS PUBLICOS
TX26C,5925,ARARGE3209W8,03-TITULOS PUBLICOS
TX26D,5925,ARARGE3209W8,03-TITULOS PUBLICOS
TX26X,5925,ARARGE3209W8,03-TITULOS PUBLICOS
TX26Y,5925,ARARGE3209W8,03-TITULOS PUBLICOS
TX26Z,5925,ARARGE3209W8,03-TITULOS PUBLICOS
TX28,5926,ARARGE3209X6,03-TITULOS PUBLICOS
TX28C,5926,ARARGE3209X6,03-TITULOS PUBLICOS
TX28D,5926,ARARGE3209X6,03-TITULOS PUBLICOS
TX28X,5926,ARARGE3209X6,03-TITULOS PUBLICOS
TX28Y,5926,ARARGE3209X6,03-TITULOS PUBLICOS
TX28Z,5926,ARARGE3209X6,03-TITULOS PUBLICOS
TX31,9157,ARARGE320CX8,03-TITULOS PUBLICOS
TX31C,9157,ARARGE320CX8,03-TITULOS PUBLICOS
TX31D,9157,ARARGE320CX8,03-TITULOS PUBLICOS
TX31X,9157,ARARGE320CX8,03-TITULOS PUBLICOS
TXA7C,9364,AR0320223842,03-TITULOS PUBLICOS
TXA7D,9364,AR0320223842,03-TITULOS PUBLICOS
TXA7X,9364,AR0320223842,03-TITULOS PUBLICOS
TXA7Y,9364,AR0320223842,03-TITULOS PUBLICOS
TXA7Z,9364,AR0320223842,03-TITULOS PUBLICOS
TXAR,839,ARSIDE010029,01-ACCIONES PRIVADAS
TXARB,839,ARSIDE010029,01-ACCIONES PRIVADAS
TXARC,839,ARSIDE010029,01-ACCIONES PRIVADAS
TXARD,839,ARSIDE010029,01-ACCIONES PRIVADAS
TXD6C,9249,AR0465304779,03-TITULOS PUBLICOS
TXD6D,9249,AR0465304779,03-TITULOS PUBLICOS
TXD6X,9249,AR0465304779,03-TITULOS PUBLICOS
TXD6Y,9249,AR0465304779,03-TITULOS PUBLICOS
TXD6Z,9249,AR0465304779,03-TITULOS PUBLICOS
TXD7C,9250,AR0611949808,03-TITULOS PUBLICOS
TXD7D,9250,AR0611949808,03-TITULOS PUBLICOS
TXD7X,9250,AR0611949808,03-TITULOS PUBLICOS
TXD7Y,9250,AR0611949808,03-TITULOS PUBLICOS
TXD7Z,9250,AR0611949808,03-TITULOS PUBLICOS
TXD8C,9413,AR0926114783,03-TITULOS PUBLICOS
TXD8D,9413,AR0926114783,03-TITULOS PUBLICOS
TXD8X,9413,AR0926114783,03-TITULOS PUBLICOS
TXD8Y,9413,AR0926114783,03-TITULOS PUBLICOS
TXD8Z,9413,AR0926114783,03-TITULOS PUBLICOS
TXD9C,9414,AR0917535343,03-TITULOS PUBLICOS
TXD9D,9414,AR0917535343,03-TITULOS PUBLICOS
TXD9X,9414,AR0917535343,03-TITULOS PUBLICOS
TXD9Y,9414,AR0917535343,03-TITULOS PUBLICOS
TXD9Z,9414,AR0917535343,03-TITULOS PUBLICOS
TXJ0C,9415,AR0268283071,03-TITULOS PUBLICOS
TXJ0D,9415,AR0268283071,03-TITULOS PUBLICOS
TXJ0X,9415,AR0268283071,03-TITULOS PUBLICOS
TXJ0Y,9415,AR0268283071,03-TITULOS PUBLICOS
TXJ0Z,9415,AR0268283071,03-TITULOS PUBLICOS
TXJ8C,9405,AR0603123321,03-TITULOS PUBLICOS
TXJ8D,9405,AR0603123321,03-TITULOS PUBLICOS
TXJ8X,9405,AR0603123321,03-TITULOS PUBLICOS
TXJ8Y,9405,AR0603123321,03-TITULOS PUBLICOS
TXJ8Z,9405,AR0603123321,03-TITULOS PUBLICOS
TXJ9C,9404,AR0585812156,03-TITULOS PUBLICOS
TXJ9D,9404,AR0585812156,03-TITULOS PUBLICOS
TXJ9X,9404,AR0585812156,03-TITULOS PUBLICOS
TXJ9Y,9404,AR0585812156,03-TITULOS PUBLICOS
TXJ9Z,9404,AR0585812156,03-TITULOS PUBLICOS
TXM7C,9264,AR0465885959,03-TITULOS PUBLICOS
TXM7D,9264,AR0465885959,03-TITULOS PUBLICOS
TXM7X,9264,AR0465885959,03-TITULOS PUBLICOS
TXM7Y,9264,AR0465885959,03-TITULOS PUBLICOS
TXM7Z,9264,AR0465885959,03-TITULOS PUBLICOS
TXM8C,9398,AR0721284450,03-TITULOS PUBLICOS
TXM8D,9398,AR0721284450,03-TITULOS PUBLICOS
TXM8X,9398,AR0721284450,03-TITULOS PUBLICOS
TXM8Y,9398,AR0721284450,03-TITULOS PUBLICOS
TXM8Z,9398,AR0721284450,03-TITULOS PUBLICOS
TXM9C,9399,AR0624565625,03-TITULOS PUBLICOS
TXM9D,9399,AR0624565625,03-TITULOS PUBLICOS
TXM9X,9399,AR0624565625,03-TITULOS PUBLICOS
TXM9Y,9399,AR0624565625,03-TITULOS PUBLICOS
TXM9Z,9399,AR0624565625,03-TITULOS PUBLICOS
TXMD8,9413,AR0926114783,03-TITULOS PUBLICOS
TXMD9,9414,AR0917535343,03-TITULOS PUBLICOS
TXMJ0,9415,AR0268283071,03-TITULOS PUBLICOS
TXMJ8,9405,AR0603123321,03-TITULOS PUBLICOS
TXMJ9,9404,AR0585812156,03-TITULOS PUBLICOS
TXN,8168,ARDEUT111622,23-CEDEARS
TXNC,8168,ARDEUT111622,23-CEDEARS
TXND,8168,ARDEUT111622,23-CEDEARS
TXO6C,9313,AR0881212424,03-TITULOS PUBLICOS
TXO6D,9313,AR0881212424,03-TITULOS PUBLICOS
TXO6X,9313,AR0881212424,03-TITULOS PUBLICOS
TXO6Y,9313,AR0881212424,03-TITULOS PUBLICOS
TXO6Z,9313,AR0881212424,03-TITULOS PUBLICOS
TXO7C,9418,AR0919348364,03-TITULOS PUBLICOS
TXO7D,9418,AR0919348364,03-TITULOS PUBLICOS
TXO7X,9418,AR0919348364,03-TITULOS PUBLICOS
TXO7Y,9418,AR0919348364,03-TITULOS PUBLICOS
TXO7Z,9418,AR0919348364,03-TITULOS PUBLICOS
TXR,8432,ARDEUT116019,23-CEDEARS
TXRC,8432,ARDEUT116019,23-CEDEARS
TXRD,8432,ARDEUT116019,23-CEDEARS
TXS7C,9391,AR0612098712,03-TITULOS PUBLICOS
TXS7D,9391,AR0612098712,03-TITULOS PUBLICOS
TXS7X,9391,AR0612098712,03-TITULOS PUBLICOS
TXS7Y,9391,AR0612098712,03-TITULOS PUBLICOS
TXS7Z,9391,AR0612098712,03-TITULOS PUBLICOS
TXS8C,9392,AR0667778010,03-TITULOS PUBLICOS
TXS8D,9392,AR0667778010,03-TITULOS PUBLICOS
TXS8X,9392,AR0667778010,03-TITULOS PUBLICOS
TXS8Y,9392,AR0667778010,03-TITULOS PUBLICOS
TXS8Z,9392,AR0667778010,03-TITULOS PUBLICOS
TXY7C,9372,AR0286465007,03-TITULOS PUBLICOS
TXY7D,9372,AR0286465007,03-TITULOS PUBLICOS
TXY7X,9372,AR0286465007,03-TITULOS PUBLICOS
TXY7Y,9372,AR0286465007,03-TITULOS PUBLICOS
TXY7Z,9372,AR0286465007,03-TITULOS PUBLICOS
TY05,5308,ARARGE032581,03-TITULOS PUBLICOS
TY27C,9132,ARARGE320C91,03-TITULOS PUBLICOS
TY27D,9132,ARARGE320C91,03-TITULOS PUBLICOS
TY27P,9132,ARARGE320C91,03-TITULOS PUBLICOS
TY27X,9132,ARARGE320C91,03-TITULOS PUBLICOS
TY27Y,9132,ARARGE320C91,03-TITULOS PUBLICOS
TY27Z,9132,ARARGE320C91,03-TITULOS PUBLICOS
TY30C,9334,AR0193433734,03-TITULOS PUBLICOS
TY30D,9334,AR0193433734,03-TITULOS PUBLICOS
TY30P,9334,AR0193433734,03-TITULOS PUBLICOS
TY30X,9334,AR0193433734,03-TITULOS PUBLICOS
TY30Y,9334,AR0193433734,03-TITULOS PUBLICOS
TY30Z,9334,AR0193433734,03-TITULOS PUBLICOS
TY34C,58661,AR0374250220,05-OBLI. NEGOCIABLES
TY34D,58661,AR0374250220,05-OBLI. NEGOCIABLES
TY34O,58661,AR0374250220,05-OBLI. NEGOCIABLES
TY34X,58661,AR0374250220,05-OBLI. NEGOCIABLES
TY34Y,58661,AR0374250220,05-OBLI. NEGOCIABLES
TY34Z,58661,AR0374250220,05-OBLI. NEGOCIABLES
TY36C,58663,AR0104488967,05-OBLI. NEGOCIABLES
TY36D,58663,AR0104488967,05-OBLI. NEGOCIABLES
TY36O,58663,AR0104488967,05-OBLI. NEGOCIABLES
TY36X,58663,AR0104488967,05-OBLI. NEGOCIABLES
TY36Y,58663,AR0104488967,05-OBLI. NEGOCIABLES
TY36Z,58663,AR0104488967,05-OBLI. NEGOCIABLES
TY37C,59173,AR0889128986,05-OBLI. NEGOCIABLES
TY37D,59173,AR0889128986,05-OBLI. NEGOCIABLES
TY37O,59173,AR0889128986,05-OBLI. NEGOCIABLES
TY37X,59173,AR0889128986,05-OBLI. NEGOCIABLES
TY37Y,59173,AR0889128986,05-OBLI. NEGOCIABLES
TY37Z,59173,AR0889128986,05-OBLI. NEGOCIABLES
TY38C,59174,AR0076726451,05-OBLI. NEGOCIABLES
TY38D,59174,AR0076726451,05-OBLI. NEGOCIABLES
TY38O,59174,AR0076726451,05-OBLI. NEGOCIABLES
TY38X,59174,AR0076726451,05-OBLI. NEGOCIABLES
TY38Y,59174,AR0076726451,05-OBLI. NEGOCIABLES
TY38Z,59174,AR0076726451,05-OBLI. NEGOCIABLES
TY39C,59500,AR0691517285,05-OBLI. NEGOCIABLES
TY39D,59500,AR0691517285,05-OBLI. NEGOCIABLES
TY39O,59500,AR0691517285,05-OBLI. NEGOCIABLES
TY39X,59500,AR0691517285,05-OBLI. NEGOCIABLES
TY39Y,59500,AR0691517285,05-OBLI. NEGOCIABLES
TY39Z,59500,AR0691517285,05-OBLI. NEGOCIABLES
TY40C,59503,AR0303996810,05-OBLI. NEGOCIABLES
TY40D,59503,AR0303996810,05-OBLI. NEGOCIABLES
TY40O,59503,AR0303996810,05-OBLI. NEGOCIABLES
TY40X,59503,AR0303996810,05-OBLI. NEGOCIABLES
TY40Y,59503,AR0303996810,05-OBLI. NEGOCIABLES
TY40Z,59503,AR0303996810,05-OBLI. NEGOCIABLES
TY41C,59504,AR0648416813,05-OBLI. NEGOCIABLES
TY41D,59504,AR0648416813,05-OBLI. NEGOCIABLES
TY41O,59504,AR0648416813,05-OBLI. NEGOCIABLES
TY41X,59504,AR0648416813,05-OBLI. NEGOCIABLES
TY41Y,59504,AR0648416813,05-OBLI. NEGOCIABLES
TY41Z,59504,AR0648416813,05-OBLI. NEGOCIABLES
TY7C,9370,AR0571277315,03-TITULOS PUBLICOS
TY7D,9370,AR0571277315,03-TITULOS PUBLICOS
TY7X,9370,AR0571277315,03-TITULOS PUBLICOS
TY7Y,9370,AR0571277315,03-TITULOS PUBLICOS
TY7Z,9370,AR0571277315,03-TITULOS PUBLICOS
TZ1LC,59485,AR0684498717,14-OBLIG. NEG. PYMES
TZ1LD,59485,AR0684498717,14-OBLIG. NEG. PYMES
TZS1L,59485,AR0684498717,14-OBLIG. NEG. PYMES
TZV27,9383,AR0668642587,03-TITULOS PUBLICOS
TZV28,9393,AR0691226150,03-TITULOS PUBLICOS
TZV7C,9383,AR0668642587,03-TITULOS PUBLICOS
TZV7D,9383,AR0668642587,03-TITULOS PUBLICOS
TZV7X,9383,AR0668642587,03-TITULOS PUBLICOS
TZV7Y,9383,AR0668642587,03-TITULOS PUBLICOS
TZV7Z,9383,AR0668642587,03-TITULOS PUBLICOS
TZV8C,9393,AR0691226150,03-TITULOS PUBLICOS
TZV8D,9393,AR0691226150,03-TITULOS PUBLICOS
TZV8X,9393,AR0691226150,03-TITULOS PUBLICOS
TZV8Y,9393,AR0691226150,03-TITULOS PUBLICOS
TZV8Z,9393,AR0691226150,03-TITULOS PUBLICOS
TZVD8,9412,AR0781107484,03-TITULOS PUBLICOS
TZX27,9241,AR0487777218,03-TITULOS PUBLICOS
TZX28,9242,AR0404416296,03-TITULOS PUBLICOS
TZX7C,9241,AR0487777218,03-TITULOS PUBLICOS
TZX7D,9241,AR0487777218,03-TITULOS PUBLICOS
TZX7X,9241,AR0487777218,03-TITULOS PUBLICOS
TZX7Y,9241,AR0487777218,03-TITULOS PUBLICOS
TZX7Z,9241,AR0487777218,03-TITULOS PUBLICOS
TZX8C,9242,AR0404416296,03-TITULOS PUBLICOS
TZX8D,9242,AR0404416296,03-TITULOS PUBLICOS
TZX8X,9242,AR0404416296,03-TITULOS PUBLICOS
TZX8Y,9242,AR0404416296,03-TITULOS PUBLICOS
TZX8Z,9242,AR0404416296,03-TITULOS PUBLICOS
TZXA7,9364,AR0320223842,03-TITULOS PUBLICOS
TZXD6,9249,AR0465304779,03-TITULOS PUBLICOS
TZXD7,9250,AR0611949808,03-TITULOS PUBLICOS
TZXD8,9419,AR0695340130,03-TITULOS PUBLICOS
TZXM7,9264,AR0465885959,03-TITULOS PUBLICOS
TZXM8,9398,AR0721284450,03-TITULOS PUBLICOS
TZXM9,9399,AR0624565625,03-TITULOS PUBLICOS
TZXO6,9313,AR0881212424,03-TITULOS PUBLICOS
TZXO7,9418,AR0919348364,03-TITULOS PUBLICOS
TZXS7,9391,AR0612098712,03-TITULOS PUBLICOS
TZXS8,9392,AR0667778010,03-TITULOS PUBLICOS
TZXY7,9372,AR0286465007,03-TITULOS PUBLICOS
UAL,8573,ARCAVA460164,23-CEDEARS
UALB,8573,ARCAVA460164,23-CEDEARS
UALC,8573,ARCAVA460164,23-CEDEARS
UALD,8573,ARCAVA460164,23-CEDEARS
UBER,8577,ARCAVA4601A0,23-CEDEARS
UBERB,8577,ARCAVA4601A0,23-CEDEARS
UBERC,8577,ARCAVA4601A0,23-CEDEARS
UBERD,8577,ARCAVA4601A0,23-CEDEARS
UES1P,58283,AR0544222463,14-OBLIG. NEG. PYMES
UFS1L,59090,AR0233574364,14-OBLIG. NEG. PYMES
UGP,8516,ARBCOM4602C2,23-CEDEARS
UGPC,8516,ARBCOM4602C2,23-CEDEARS
UGPD,8516,ARBCOM4602C2,23-CEDEARS
UL,8215,ARDEUT112091,23-CEDEARS
ULB,8215,ARDEUT112091,23-CEDEARS
ULC,8215,ARDEUT112091,23-CEDEARS
ULD,8215,ARDEUT112091,23-CEDEARS
UNH,8541,ARBCOM460390,23-CEDEARS
UNHB,8541,ARBCOM460390,23-CEDEARS
UNHC,8541,ARBCOM460390,23-CEDEARS
UNHD,8541,ARBCOM460390,23-CEDEARS
UNP,8540,ARBCOM460382,23-CEDEARS
UNPC,8540,ARBCOM460382,23-CEDEARS
UNPD,8540,ARBCOM460382,23-CEDEARS
UPST,8578,ARCAVA4601B8,23-CEDEARS
UPSTB,8578,ARCAVA4601B8,23-CEDEARS
UPSTC,8578,ARCAVA4601B8,23-CEDEARS
UPSTD,8578,ARCAVA4601B8,23-CEDEARS
URA,8694,AR0460285759,23-CEDEARS
URAB,8694,AR0460285759,23-CEDEARS
URAC,8694,AR0460285759,23-CEDEARS
URACB,8694,AR0460285759,23-CEDEARS
URAD,8694,AR0460285759,23-CEDEARS
URADB,8694,AR0460285759,23-CEDEARS
URBA,350,ARP3611P1028,01-ACCIONES PRIVADAS
URBN,8485,ARBCOM4601Q4,23-CEDEARS
URBNC,8485,ARBCOM4601Q4,23-CEDEARS
URBND,8485,ARBCOM4601Q4,23-CEDEARS
USB,8287,ARDEUT112919,23-CEDEARS
USBB,8287,ARDEUT112919,23-CEDEARS
USO,8699,AR0388535277,23-CEDEARS
USOC,8699,AR0388535277,23-CEDEARS
USOD,8699,AR0388535277,23-CEDEARS
UT1LC,59717,AR0159730248,14-OBLIG. NEG. PYMES
UT1LD,59717,AR0159730248,14-OBLIG. NEG. PYMES
UTC3C,58536,AR0542066607,14-OBLIG. NEG. PYMES
UTC3D,58536,AR0542066607,14-OBLIG. NEG. PYMES
UTC3P,58536,AR0542066607,14-OBLIG. NEG. PYMES
UTS1L,59717,AR0159730248,14-OBLIG. NEG. PYMES
V,8495,ARBCOM460127,23-CEDEARS
V11MC,59537,AR0418912462,05-OBLI. NEGOCIABLES
V11MD,59537,AR0418912462,05-OBLI. NEGOCIABLES
V12MC,59538,AR0508893515,05-OBLI. NEGOCIABLES
V12MD,59538,AR0508893515,05-OBLI. NEGOCIABLES
VA1AC,58537,AR0560135177,14-OBLIG. NEG. PYMES
VA1AD,58537,AR0560135177,14-OBLIG. NEG. PYMES
VA1AP,58537,AR0560135177,14-OBLIG. NEG. PYMES
VA1BD,58538,AR0791647347,14-OBLIG. NEG. PYMES
VA1BP,58538,AR0791647347,14-OBLIG. NEG. PYMES
VA1LC,59448,AR0806091739,14-OBLIG. NEG. PYMES
VA1LD,59448,AR0806091739,14-OBLIG. NEG. PYMES
VAC3C,58960,AR0843720712,14-OBLIG. NEG. PYMES
VAC3D,58960,AR0843720712,14-OBLIG. NEG. PYMES
VAC3P,58960,AR0843720712,14-OBLIG. NEG. PYMES
VAL3C,8601,ARCAVA4601K9,23-CEDEARS
VAL3D,8601,ARCAVA4601K9,23-CEDEARS
VALCB,30059,ARBVAL3024G2,01-ACCIONES PRIVADAS
VALE,8358,ARDEUT113925,23-CEDEARS
VALE3,8601,ARCAVA4601K9,23-CEDEARS
VALEB,8358,ARDEUT113925,23-CEDEARS
VALEC,8358,ARDEUT113925,23-CEDEARS
VALED,8358,ARDEUT113925,23-CEDEARS
VALFF,28718,AR0589683348,18-FONDOS INVERSION
VALO,30059,ARBVAL3024G2,01-ACCIONES PRIVADAS
VALOB,30059,ARBVAL3024G2,01-ACCIONES PRIVADAS
VALOC,30059,ARBVAL3024G2,01-ACCIONES PRIVADAS
VALOD,30059,ARBVAL3024G2,01-ACCIONES PRIVADAS
VAS1L,59448,AR0806091739,14-OBLIG. NEG. PYMES
VB,8495,ARBCOM460127,23-CEDEARS
VBC1C,58530,AR0935778958,05-OBLI. NEGOCIABLES
VBC1D,58530,AR0935778958,05-OBLI. NEGOCIABLES
VBC1O,58530,AR0935778958,05-OBLI. NEGOCIABLES
VBC1X,58530,AR0935778958,05-OBLI. NEGOCIABLES
VBC1Y,58530,AR0935778958,05-OBLI. NEGOCIABLES
VBC1Z,58530,AR0935778958,05-OBLI. NEGOCIABLES
VBC3C,59364,AR0531585807,05-OBLI. NEGOCIABLES
VBC3D,59364,AR0531585807,05-OBLI. NEGOCIABLES
VBC3O,59364,AR0531585807,05-OBLI. NEGOCIABLES
VBC3X,59364,AR0531585807,05-OBLI. NEGOCIABLES
VBC3Y,59364,AR0531585807,05-OBLI. NEGOCIABLES
VBC3Z,59364,AR0531585807,05-OBLI. NEGOCIABLES
VBC4C,59559,AR0291133426,05-OBLI. NEGOCIABLES
VBC4D,59559,AR0291133426,05-OBLI. NEGOCIABLES
VBC4O,59559,AR0291133426,05-OBLI. NEGOCIABLES
VBC4X,59559,AR0291133426,05-OBLI. NEGOCIABLES
VBC4Y,59559,AR0291133426,05-OBLI. NEGOCIABLES
VBC4Z,59559,AR0291133426,05-OBLI. NEGOCIABLES
VC,8495,ARBCOM460127,23-CEDEARS
VD,8495,ARBCOM460127,23-CEDEARS
VD01R,59486,AR0174287364,19-TITULOS DE DEUDA
VD01T,59487,AR0037303663,19-TITULOS DE DEUDA
VD1RC,59486,AR0174287364,19-TITULOS DE DEUDA
VD1RD,59486,AR0174287364,19-TITULOS DE DEUDA
VD1TC,59487,AR0037303663,19-TITULOS DE DEUDA
VD1TD,59487,AR0037303663,19-TITULOS DE DEUDA
VE1LC,58944,AR0750558063,14-OBLIG. NEG. PYMES
VE1LD,58944,AR0750558063,14-OBLIG. NEG. PYMES
VE2LC,59362,AR0938748222,14-OBLIG. NEG. PYMES
VE2LD,59362,AR0938748222,14-OBLIG. NEG. PYMES
VEA,8664,AR0810570678,23-CEDEARS
VEAC,8664,AR0810570678,23-CEDEARS
VEAD,8664,AR0810570678,23-CEDEARS
VES1L,58944,AR0750558063,14-OBLIG. NEG. PYMES
VES2L,59362,AR0938748222,14-OBLIG. NEG. PYMES
VIG,8693,AR0625060907,23-CEDEARS
VIGC,8693,AR0625060907,23-CEDEARS
VIGD,8693,AR0625060907,23-CEDEARS
VIST,8527,ARBCOM4602V2,23-CEDEARS
VISTB,8527,ARBCOM4602V2,23-CEDEARS
VISTC,8527,ARBCOM4602V2,23-CEDEARS
VISTD,8527,ARBCOM4602V2,23-CEDEARS
VITCB,8527,ARBCOM4602V2,23-CEDEARS
VITDB,8527,ARBCOM4602V2,23-CEDEARS
VIV,8503,ARBCOM4601W2,23-CEDEARS
VIVC,8503,ARBCOM4601W2,23-CEDEARS
VIVD,8503,ARBCOM4601W2,23-CEDEARS
VIVT3,8624,ARCAVA4601X2,23-CEDEARS
VIVTC,8624,ARCAVA4601X2,23-CEDEARS
VIVTD,8624,ARCAVA4601X2,23-CEDEARS
VM1BC,57978,AR0391831457,14-OBLIG. NEG. PYMES
VM1BD,57978,AR0391831457,14-OBLIG. NEG. PYMES
VM1BP,57978,AR0391831457,14-OBLIG. NEG. PYMES
VO04B,58356,AR0032607035,19-TITULOS DE DEUDA
VOD,8064,ARDEUT110590,23-CEDEARS
VODB,8064,ARDEUT110590,23-CEDEARS
VODC,8064,ARDEUT110590,23-CEDEARS
VODD,8064,ARDEUT110590,23-CEDEARS
VRSN,8489,ARBCOM4600U8,23-CEDEARS
VRSNB,8489,ARBCOM4600U8,23-CEDEARS
VRSNC,8489,ARBCOM4600U8,23-CEDEARS
VRSND,8489,ARBCOM4600U8,23-CEDEARS
VRTX,8688,AR0468655268,23-CEDEARS
VRTXC,8688,AR0468655268,23-CEDEARS
VRTXD,8688,AR0468655268,23-CEDEARS
VSCDC,55585,AROILG5600C3,05-OBLI. NEGOCIABLES
VSCDD,55585,AROILG5600C3,05-OBLI. NEGOCIABLES
VSCDO,55585,AROILG5600C3,05-OBLI. NEGOCIABLES
VSCIC,56639,AROILG5600H2,05-OBLI. NEGOCIABLES
VSCID,56639,AROILG5600H2,05-OBLI. NEGOCIABLES
VSCIO,56639,AROILG5600H2,05-OBLI. NEGOCIABLES
VSCIX,56639,AROILG5600H2,05-OBLI. NEGOCIABLES
VSCIY,56639,AROILG5600H2,05-OBLI. NEGOCIABLES
VSCIZ,56639,AROILG5600H2,05-OBLI. NEGOCIABLES
VSCJC,56887,AROILG5600I0,05-OBLI. NEGOCIABLES
VSCJD,56887,AROILG5600I0,05-OBLI. NEGOCIABLES
VSCJO,56887,AROILG5600I0,05-OBLI. NEGOCIABLES
VSCJX,56887,AROILG5600I0,05-OBLI. NEGOCIABLES
VSCJY,56887,AROILG5600I0,05-OBLI. NEGOCIABLES
VSCJZ,56887,AROILG5600I0,05-OBLI. NEGOCIABLES
VSCKC,56888,AROILG5600J8,05-OBLI. NEGOCIABLES
VSCKD,56888,AROILG5600J8,05-OBLI. NEGOCIABLES
VSCKO,56888,AROILG5600J8,05-OBLI. NEGOCIABLES
VSCKX,56888,AROILG5600J8,05-OBLI. NEGOCIABLES
VSCKY,56888,AROILG5600J8,05-OBLI. NEGOCIABLES
VSCKZ,56888,AROILG5600J8,05-OBLI. NEGOCIABLES
VSCMC,57289,AROILG5600L4,05-OBLI. NEGOCIABLES
VSCMD,57289,AROILG5600L4,05-OBLI. NEGOCIABLES
VSCMO,57289,AROILG5600L4,05-OBLI. NEGOCIABLES
VSCMX,57289,AROILG5600L4,05-OBLI. NEGOCIABLES
VSCMY,57289,AROILG5600L4,05-OBLI. NEGOCIABLES
VSCMZ,57289,AROILG5600L4,05-OBLI. NEGOCIABLES
VSCPC,57736,AR0637277028,05-OBLI. NEGOCIABLES
VSCPD,57736,AR0637277028,05-OBLI. NEGOCIABLES
VSCPO,57736,AR0637277028,05-OBLI. NEGOCIABLES
VSCPX,57736,AR0637277028,05-OBLI. NEGOCIABLES
VSCPY,57736,AR0637277028,05-OBLI. NEGOCIABLES
VSCPZ,57736,AR0637277028,05-OBLI. NEGOCIABLES
VSCQC,57884,AR0941463967,05-OBLI. NEGOCIABLES
VSCQD,57884,AR0941463967,05-OBLI. NEGOCIABLES
VSCQO,57884,AR0941463967,05-OBLI. NEGOCIABLES
VSCQX,57884,AR0941463967,05-OBLI. NEGOCIABLES
VSCQY,57884,AR0941463967,05-OBLI. NEGOCIABLES
VSCQZ,57884,AR0941463967,05-OBLI. NEGOCIABLES
VSCRC,58133,AR0138120560,05-OBLI. NEGOCIABLES
VSCRD,58133,AR0138120560,05-OBLI. NEGOCIABLES
VSCRO,58133,AR0138120560,05-OBLI. NEGOCIABLES
VSCRX,58133,AR0138120560,05-OBLI. NEGOCIABLES
VSCRY,58133,AR0138120560,05-OBLI. NEGOCIABLES
VSCRZ,58133,AR0138120560,05-OBLI. NEGOCIABLES
VSCTC,84118,USP9659RAA60,05-OBLI. NEGOCIABLES
VSCTD,84118,USP9659RAA60,05-OBLI. NEGOCIABLES
VSCTO,84118,USP9659RAA60,05-OBLI. NEGOCIABLES
VSCTX,84118,USP9659RAA60,05-OBLI. NEGOCIABLES
VSCTY,84118,USP9659RAA60,05-OBLI. NEGOCIABLES
VSCTZ,84118,USP9659RAA60,05-OBLI. NEGOCIABLES
VSCUC,58509,AR0707929003,05-OBLI. NEGOCIABLES
VSCUD,58509,AR0707929003,05-OBLI. NEGOCIABLES
VSCUO,58509,AR0707929003,05-OBLI. NEGOCIABLES
VSCUX,58509,AR0707929003,05-OBLI. NEGOCIABLES
VSCUY,58509,AR0707929003,05-OBLI. NEGOCIABLES
VSCUZ,58509,AR0707929003,05-OBLI. NEGOCIABLES
VSCVC,84434,USP9659RAB44,05-OBLI. NEGOCIABLES
VSCVD,84434,USP9659RAB44,05-OBLI. NEGOCIABLES
VSCVO,84434,USP9659RAB44,05-OBLI. NEGOCIABLES
VSCVX,84434,USP9659RAB44,05-OBLI. NEGOCIABLES
VSCVY,84434,USP9659RAB44,05-OBLI. NEGOCIABLES
VSCVZ,84434,USP9659RAB44,05-OBLI. NEGOCIABLES
VSCXC,85182,USP9659RAD00,05-OBLI. NEGOCIABLES
VSCXD,85182,USP9659RAD00,05-OBLI. NEGOCIABLES
VSCXO,85182,USP9659RAD00,05-OBLI. NEGOCIABLES
VSCXX,85182,USP9659RAD00,05-OBLI. NEGOCIABLES
VSCXY,85182,USP9659RAD00,05-OBLI. NEGOCIABLES
VSCXZ,85182,USP9659RAD00,05-OBLI. NEGOCIABLES
VSCYC,59570,AR0844430410,05-OBLI. NEGOCIABLES
VSCYD,59570,AR0844430410,05-OBLI. NEGOCIABLES
VSCYO,59570,AR0844430410,05-OBLI. NEGOCIABLES
VSCYX,59570,AR0844430410,05-OBLI. NEGOCIABLES
VSCYY,59570,AR0844430410,05-OBLI. NEGOCIABLES
VSCYZ,59570,AR0844430410,05-OBLI. NEGOCIABLES
VSCZC,59571,AR0647284436,05-OBLI. NEGOCIABLES
VSCZD,59571,AR0647284436,05-OBLI. NEGOCIABLES
VSCZO,59571,AR0647284436,05-OBLI. NEGOCIABLES
VSCZX,59571,AR0647284436,05-OBLI. NEGOCIABLES
VSCZY,59571,AR0647284436,05-OBLI. NEGOCIABLES
VSCZZ,59571,AR0647284436,05-OBLI. NEGOCIABLES
VST,8687,AR0659507682,23-CEDEARS
VSTC,8687,AR0659507682,23-CEDEARS
VSTD,8687,AR0659507682,23-CEDEARS
VWCDC,59064,AR0040916600,05-OBLI. NEGOCIABLES
VWCDD,59064,AR0040916600,05-OBLI. NEGOCIABLES
VWCDO,59064,AR0040916600,05-OBLI. NEGOCIABLES
VWCDX,59064,AR0040916600,05-OBLI. NEGOCIABLES
VWCDY,59064,AR0040916600,05-OBLI. NEGOCIABLES
VWCDZ,59064,AR0040916600,05-OBLI. NEGOCIABLES
VWCFC,59066,AR0280206019,05-OBLI. NEGOCIABLES
VWCFD,59066,AR0280206019,05-OBLI. NEGOCIABLES
VWCFO,59066,AR0280206019,05-OBLI. NEGOCIABLES
VWCFX,59066,AR0280206019,05-OBLI. NEGOCIABLES
VWCFY,59066,AR0280206019,05-OBLI. NEGOCIABLES
VWCFZ,59066,AR0280206019,05-OBLI. NEGOCIABLES
VWCGC,59490,AR0692867408,05-OBLI. NEGOCIABLES
VWCGD,59490,AR0692867408,05-OBLI. NEGOCIABLES
VWCGO,59490,AR0692867408,05-OBLI. NEGOCIABLES
VWCGX,59490,AR0692867408,05-OBLI. NEGOCIABLES
VWCGY,59490,AR0692867408,05-OBLI. NEGOCIABLES
VWCGZ,59490,AR0692867408,05-OBLI. NEGOCIABLES
VWCHC,59491,AR0892877314,05-OBLI. NEGOCIABLES
VWCHD,59491,AR0892877314,05-OBLI. NEGOCIABLES
VWCHO,59491,AR0892877314,05-OBLI. NEGOCIABLES
VWCHX,59491,AR0892877314,05-OBLI. NEGOCIABLES
VWCHY,59491,AR0892877314,05-OBLI. NEGOCIABLES
VWCHZ,59491,AR0892877314,05-OBLI. NEGOCIABLES
VX11M,59537,AR0418912462,05-OBLI. NEGOCIABLES
VX12M,59538,AR0508893515,05-OBLI. NEGOCIABLES
VXX,8706,AR0691521022,23-CEDEARS
VXXC,8706,AR0691521022,23-CEDEARS
VXXD,8706,AR0691521022,23-CEDEARS
VZ,8288,ARDEUT112927,23-CEDEARS
VZB,8288,ARDEUT112927,23-CEDEARS
VZC,8288,ARDEUT112927,23-CEDEARS
VZD,8288,ARDEUT112927,23-CEDEARS
WBO,8513,ARBCOM460259,23-CEDEARS
WBOD,8513,ARBCOM460259,23-CEDEARS
WBS1C,58899,AR0821189211,05-OBLI. NEGOCIABLES
WBS1D,58899,AR0821189211,05-OBLI. NEGOCIABLES
WBS1O,58899,AR0821189211,05-OBLI. NEGOCIABLES
WBS1X,58899,AR0821189211,05-OBLI. NEGOCIABLES
WBS1Y,58899,AR0821189211,05-OBLI. NEGOCIABLES
WBS3C,59520,AR0148949040,05-OBLI. NEGOCIABLES
WBS3D,59520,AR0148949040,05-OBLI. NEGOCIABLES
WBS3O,59520,AR0148949040,05-OBLI. NEGOCIABLES
WBS3X,59520,AR0148949040,05-OBLI. NEGOCIABLES
WBS3Y,59520,AR0148949040,05-OBLI. NEGOCIABLES
WBS3Z,59520,AR0148949040,05-OBLI. NEGOCIABLES
WC07A,58991,AR0107017136,19-TITULOS DE DEUDA
WC07B,58992,AR0469828724,19-TITULOS DE DEUDA
WC08R,59666,AR0334171805,19-TITULOS DE DEUDA
WC08T,59667,AR0315229515,19-TITULOS DE DEUDA
WDC,8747,AR0307648912,23-CEDEARS
WDCC,8747,AR0307648912,23-CEDEARS
WDCD,8747,AR0307648912,23-CEDEARS
WEGE3,8620,ARCAVA460289,23-CEDEARS
WEGEC,8620,ARCAVA460289,23-CEDEARS
WEGED,8620,ARCAVA460289,23-CEDEARS
WELL,8751,AR0474385009,23-CEDEARS
WELLC,8751,AR0474385009,23-CEDEARS
WELLD,8751,AR0474385009,23-CEDEARS
WFC,8047,ARDEUT110434,23-CEDEARS
WFC.B,8047,ARDEUT110434,23-CEDEARS
WFCC,8047,ARDEUT110434,23-CEDEARS
WFCD,8047,ARDEUT110434,23-CEDEARS
WI1BP,56760,ARWINS560029,14-OBLIG. NEG. PYMES
WIBPC,56760,ARWINS560029,14-OBLIG. NEG. PYMES
WIBPD,56760,ARWINS560029,14-OBLIG. NEG. PYMES
WM11C,58872,AR0296434498,19-TITULOS DE DEUDA
WM12A,59084,AR0439707453,19-TITULOS DE DEUDA
WM12B,59085,AR0187382517,19-TITULOS DE DEUDA
WM12C,59086,AR0665871890,19-TITULOS DE DEUDA
WM13A,59370,AR0365406021,19-TITULOS DE DEUDA
WM13B,59371,AR0171778258,19-TITULOS DE DEUDA
WM13C,59372,AR0067090941,19-TITULOS DE DEUDA
WM14A,59586,AR0351383341,19-TITULOS DE DEUDA
WM14B,59587,AR0990554849,19-TITULOS DE DEUDA
WM14C,59588,AR0166125416,19-TITULOS DE DEUDA
WMT,8044,ARDEUT110400,23-CEDEARS
WMT.B,8044,ARDEUT110400,23-CEDEARS
WMTC,8044,ARDEUT110400,23-CEDEARS
WMTD,8044,ARDEUT110400,23-CEDEARS
WNCOC,59408,AR0863727001,05-OBLI. NEGOCIABLES
WNCOD,59408,AR0863727001,05-OBLI. NEGOCIABLES
WNCOO,59408,AR0863727001,05-OBLI. NEGOCIABLES
WNCOX,59408,AR0863727001,05-OBLI. NEGOCIABLES
WNCOY,59408,AR0863727001,05-OBLI. NEGOCIABLES
WNCOZ,59408,AR0863727001,05-OBLI. NEGOCIABLES
X,8433,ARDEUT116068,23-CEDEARS
X29E7,9426,AR0744490605,17-LETRAS TESORO NAC
X30N6,9371,AR0933792183,17-LETRAS TESORO NAC
X30S6,9388,AR0362438175,17-LETRAS TESORO NAC
XB2S6,43037,AR0195687170,13-LETRAS
XBN26,43055,AR0883778745,13-LETRAS
XBN6C,43055,AR0883778745,13-LETRAS
XBN6D,43055,AR0883778745,13-LETRAS
XBO26,43046,AR0985380945,13-LETRAS
XBO6C,43046,AR0985380945,13-LETRAS
XBO6D,43046,AR0985380945,13-LETRAS
XBS26,42984,AR0001156386,13-LETRAS
XBS6C,42984,AR0001156386,13-LETRAS
XBS6D,42984,AR0001156386,13-LETRAS
XD,8433,ARDEUT116068,23-CEDEARS
XE7C,9426,AR0744490605,17-LETRAS TESORO NAC
XE7D,9426,AR0744490605,17-LETRAS TESORO NAC
XE7X,9426,AR0744490605,17-LETRAS TESORO NAC
XE7Y,9426,AR0744490605,17-LETRAS TESORO NAC
XE7Z,9426,AR0744490605,17-LETRAS TESORO NAC
XLB,8669,AR0441163851,23-CEDEARS
XLBB,8669,AR0441163851,23-CEDEARS
XLBC,8669,AR0441163851,23-CEDEARS
XLBD,8669,AR0441163851,23-CEDEARS
XLC,8667,AR0515201439,23-CEDEARS
XLCC,8667,AR0515201439,23-CEDEARS
XLCD,8667,AR0515201439,23-CEDEARS
XLE,8554,ARCAVA4600Z9,23-CEDEARS
XLEB,8554,ARCAVA4600Z9,23-CEDEARS
XLEC,8554,ARCAVA4600Z9,23-CEDEARS
XLED,8554,ARCAVA4600Z9,23-CEDEARS
XLEDB,8554,ARCAVA4600Z9,23-CEDEARS
XLF,8553,ARCAVA4600Y2,23-CEDEARS
XLFB,8553,ARCAVA4600Y2,23-CEDEARS
XLFC,8553,ARCAVA4600Y2,23-CEDEARS
XLFD,8553,ARCAVA4600Y2,23-CEDEARS
XLI,8670,AR0595844538,23-CEDEARS
XLIC,8670,AR0595844538,23-CEDEARS
XLID,8670,AR0595844538,23-CEDEARS
XLK,8671,AR0824137712,23-CEDEARS
XLKC,8671,AR0824137712,23-CEDEARS
XLKD,8671,AR0824137712,23-CEDEARS
XLP,8673,AR0887077425,23-CEDEARS
XLPC,8673,AR0887077425,23-CEDEARS
XLPD,8673,AR0887077425,23-CEDEARS
XLRE,8674,AR0068390027,23-CEDEARS
XLREC,8674,AR0068390027,23-CEDEARS
XLRED,8674,AR0068390027,23-CEDEARS
XLU,8697,AR0449817581,23-CEDEARS
XLUC,8697,AR0449817581,23-CEDEARS
XLUD,8697,AR0449817581,23-CEDEARS
XLV,8672,AR0216856044,23-CEDEARS
XLVC,8672,AR0216856044,23-CEDEARS
XLVD,8672,AR0216856044,23-CEDEARS
XLY,8668,AR0427103855,23-CEDEARS
XLYC,8668,AR0427103855,23-CEDEARS
XLYD,8668,AR0427103855,23-CEDEARS
XMC1C,58210,AR0778941762,05-OBLI. NEGOCIABLES
XMC1D,58210,AR0778941762,05-OBLI. NEGOCIABLES
XMC1O,58210,AR0778941762,05-OBLI. NEGOCIABLES
XMC1X,58210,AR0778941762,05-OBLI. NEGOCIABLES
XMC1Y,58210,AR0778941762,05-OBLI. NEGOCIABLES
XMC1Z,58210,AR0778941762,05-OBLI. NEGOCIABLES
XME,8725,AR0235356091,23-CEDEARS
XMEC,8725,AR0235356091,23-CEDEARS
XMED,8725,AR0235356091,23-CEDEARS
XN6C,9371,AR0933792183,17-LETRAS TESORO NAC
XN6D,9371,AR0933792183,17-LETRAS TESORO NAC
XN6X,9371,AR0933792183,17-LETRAS TESORO NAC
XN6Y,9371,AR0933792183,17-LETRAS TESORO NAC
XN6Z,9371,AR0933792183,17-LETRAS TESORO NAC
XOM,8019,ARDEUT110152,23-CEDEARS
XOMB,8019,ARDEUT110152,23-CEDEARS
XOMC,8019,ARDEUT110152,23-CEDEARS
XOMCB,8019,ARDEUT110152,23-CEDEARS
XOMD,8019,ARDEUT110152,23-CEDEARS
XOMDB,8019,ARDEUT110152,23-CEDEARS
XP,8567,ARBCOM4603Z1,23-CEDEARS
XPC,8567,ARBCOM4603Z1,23-CEDEARS
XPD,8567,ARBCOM4603Z1,23-CEDEARS
XPEV,8676,AR0453271709,23-CEDEARS
XPEVC,8676,AR0453271709,23-CEDEARS
XPEVD,8676,AR0453271709,23-CEDEARS
XROX,8490,ARBCOM4600W4,23-CEDEARS
XROXC,8490,ARBCOM4600W4,23-CEDEARS
XROXD,8490,ARBCOM4600W4,23-CEDEARS
XRS1C,59396,AR0944627212,14-OBLIG. NEG. PYMES
XRS1D,59396,AR0944627212,14-OBLIG. NEG. PYMES
XRS1O,59396,AR0944627212,14-OBLIG. NEG. PYMES
XS6C,9388,AR0362438175,17-LETRAS TESORO NAC
XS6D,9388,AR0362438175,17-LETRAS TESORO NAC
XS6X,9388,AR0362438175,17-LETRAS TESORO NAC
XS6Y,9388,AR0362438175,17-LETRAS TESORO NAC
XS6Z,9388,AR0362438175,17-LETRAS TESORO NAC
XYZ,8545,ARBCOM460374,23-CEDEARS
XYZC,8545,ARBCOM460374,23-CEDEARS
XYZD,8545,ARBCOM460374,23-CEDEARS
YCAMC,92799,USP989MJBL47,05-OBLI. NEGOCIABLES
YCAMD,92799,USP989MJBL47,05-OBLI. NEGOCIABLES
YCAMO,92799,USP989MJBL47,05-OBLI. NEGOCIABLES
YCAMX,92799,USP989MJBL47,05-OBLI. NEGOCIABLES
YCAMY,92799,USP989MJBL47,05-OBLI. NEGOCIABLES
YCAMZ,92799,USP989MJBL47,05-OBLI. NEGOCIABLES
YELP,8491,ARBCOM4600Y0,23-CEDEARS
YELPD,8491,ARBCOM4600Y0,23-CEDEARS
YFCAC,55895,ARYPFE5600G5,05-OBLI. NEGOCIABLES
YFCAD,55895,ARYPFE5600G5,05-OBLI. NEGOCIABLES
YFCAO,55895,ARYPFE5600G5,05-OBLI. NEGOCIABLES
YFCAX,55895,ARYPFE5600G5,05-OBLI. NEGOCIABLES
YFCAY,55895,ARYPFE5600G5,05-OBLI. NEGOCIABLES
YFCAZ,55895,ARYPFE5600G5,05-OBLI. NEGOCIABLES
YFCFC,57591,AR0976739711,05-OBLI. NEGOCIABLES
YFCFD,57591,AR0976739711,05-OBLI. NEGOCIABLES
YFCFO,57591,AR0976739711,05-OBLI. NEGOCIABLES
YFCFX,57591,AR0976739711,05-OBLI. NEGOCIABLES
YFCFY,57591,AR0976739711,05-OBLI. NEGOCIABLES
YFCFZ,57591,AR0976739711,05-OBLI. NEGOCIABLES
YFCGC,57592,AR0704160875,05-OBLI. NEGOCIABLES
YFCGD,57592,AR0704160875,05-OBLI. NEGOCIABLES
YFCGO,57592,AR0704160875,05-OBLI. NEGOCIABLES
YFCGX,57592,AR0704160875,05-OBLI. NEGOCIABLES
YFCGY,57592,AR0704160875,05-OBLI. NEGOCIABLES
YFCGZ,57592,AR0704160875,05-OBLI. NEGOCIABLES
YFCIC,57829,AR0947502206,05-OBLI. NEGOCIABLES
YFCID,57829,AR0947502206,05-OBLI. NEGOCIABLES
YFCIO,57829,AR0947502206,05-OBLI. NEGOCIABLES
YFCIX,57829,AR0947502206,05-OBLI. NEGOCIABLES
YFCIY,57829,AR0947502206,05-OBLI. NEGOCIABLES
YFCIZ,57829,AR0947502206,05-OBLI. NEGOCIABLES
YFCJC,84023,USP9897PAS31,05-OBLI. NEGOCIABLES
YFCJD,84023,USP9897PAS31,05-OBLI. NEGOCIABLES
YFCJO,84023,USP9897PAS31,05-OBLI. NEGOCIABLES
YFCJX,84023,USP9897PAS31,05-OBLI. NEGOCIABLES
YFCJY,84023,USP9897PAS31,05-OBLI. NEGOCIABLES
YFCJZ,84023,USP9897PAS31,05-OBLI. NEGOCIABLES
YFCKC,58245,AR0015491712,05-OBLI. NEGOCIABLES
YFCKD,58245,AR0015491712,05-OBLI. NEGOCIABLES
YFCKO,58245,AR0015491712,05-OBLI. NEGOCIABLES
YFCKX,58245,AR0015491712,05-OBLI. NEGOCIABLES
YFCKY,58245,AR0015491712,05-OBLI. NEGOCIABLES
YFCKZ,58245,AR0015491712,05-OBLI. NEGOCIABLES
YFCLC,58246,AR0338531962,05-OBLI. NEGOCIABLES
YFCLD,58246,AR0338531962,05-OBLI. NEGOCIABLES
YFCLO,58246,AR0338531962,05-OBLI. NEGOCIABLES
YFCLX,58246,AR0338531962,05-OBLI. NEGOCIABLES
YFCLY,58246,AR0338531962,05-OBLI. NEGOCIABLES
YFCLZ,58246,AR0338531962,05-OBLI. NEGOCIABLES
YFCMC,58639,AR0975634988,05-OBLI. NEGOCIABLES
YFCMD,58639,AR0975634988,05-OBLI. NEGOCIABLES
YFCMO,58639,AR0975634988,05-OBLI. NEGOCIABLES
YFCMX,58639,AR0975634988,05-OBLI. NEGOCIABLES
YFCMY,58639,AR0975634988,05-OBLI. NEGOCIABLES
YFCMZ,58639,AR0975634988,05-OBLI. NEGOCIABLES
YFCNC,58910,AR0361875989,05-OBLI. NEGOCIABLES
YFCND,58910,AR0361875989,05-OBLI. NEGOCIABLES
YFCNO,58910,AR0361875989,05-OBLI. NEGOCIABLES
YFCNX,58910,AR0361875989,05-OBLI. NEGOCIABLES
YFCNY,58910,AR0361875989,05-OBLI. NEGOCIABLES
YFCNZ,58910,AR0361875989,05-OBLI. NEGOCIABLES
YFCOC,59075,AR0594130012,05-OBLI. NEGOCIABLES
YFCOD,59075,AR0594130012,05-OBLI. NEGOCIABLES
YFCOO,59075,AR0594130012,05-OBLI. NEGOCIABLES
YFCOX,59075,AR0594130012,05-OBLI. NEGOCIABLES
YFCOY,59075,AR0594130012,05-OBLI. NEGOCIABLES
YFCOZ,59075,AR0594130012,05-OBLI. NEGOCIABLES
YFCPC,59637,AR0458859128,05-OBLI. NEGOCIABLES
YFCPD,59637,AR0458859128,05-OBLI. NEGOCIABLES
YFCPO,59637,AR0458859128,05-OBLI. NEGOCIABLES
YFCPX,59637,AR0458859128,05-OBLI. NEGOCIABLES
YFCPY,59637,AR0458859128,05-OBLI. NEGOCIABLES
YFCPZ,59637,AR0458859128,05-OBLI. NEGOCIABLES
YI1LC,59499,AR0492847568,14-OBLIG. NEG. PYMES
YI1LD,59499,AR0492847568,14-OBLIG. NEG. PYMES
YIS1L,59499,AR0492847568,14-OBLIG. NEG. PYMES
YM34C,84183,USP989MJBY67,05-OBLI. NEGOCIABLES
YM34D,84183,USP989MJBY67,05-OBLI. NEGOCIABLES
YM34O,84183,USP989MJBY67,05-OBLI. NEGOCIABLES
YM34X,84183,USP989MJBY67,05-OBLI. NEGOCIABLES
YM34Y,84183,USP989MJBY67,05-OBLI. NEGOCIABLES
YM34Z,84183,USP989MJBY67,05-OBLI. NEGOCIABLES
YM37C,58610,AR0657794191,05-OBLI. NEGOCIABLES
YM37D,58610,AR0657794191,05-OBLI. NEGOCIABLES
YM37O,58610,AR0657794191,05-OBLI. NEGOCIABLES
YM37X,58610,AR0657794191,05-OBLI. NEGOCIABLES
YM37Y,58610,AR0657794191,05-OBLI. NEGOCIABLES
YM37Z,58610,AR0657794191,05-OBLI. NEGOCIABLES
YM38C,58790,AR0419238511,05-OBLI. NEGOCIABLES
YM38D,58790,AR0419238511,05-OBLI. NEGOCIABLES
YM38O,58790,AR0419238511,05-OBLI. NEGOCIABLES
YM38X,58790,AR0419238511,05-OBLI. NEGOCIABLES
YM38Y,58790,AR0419238511,05-OBLI. NEGOCIABLES
YM38Z,58790,AR0419238511,05-OBLI. NEGOCIABLES
YM39C,58793,AR0081455617,05-OBLI. NEGOCIABLES
YM39D,58793,AR0081455617,05-OBLI. NEGOCIABLES
YM39O,58793,AR0081455617,05-OBLI. NEGOCIABLES
YM39X,58793,AR0081455617,05-OBLI. NEGOCIABLES
YM39Y,58793,AR0081455617,05-OBLI. NEGOCIABLES
YM39Z,58793,AR0081455617,05-OBLI. NEGOCIABLES
YM40C,58858,AR0963751125,05-OBLI. NEGOCIABLES
YM40D,58858,AR0963751125,05-OBLI. NEGOCIABLES
YM40O,58858,AR0963751125,05-OBLI. NEGOCIABLES
YM40X,58858,AR0963751125,05-OBLI. NEGOCIABLES
YM40Y,58858,AR0963751125,05-OBLI. NEGOCIABLES
YM40Z,58858,AR0963751125,05-OBLI. NEGOCIABLES
YM41C,58919,AR0675705039,05-OBLI. NEGOCIABLES
YM41D,58919,AR0675705039,05-OBLI. NEGOCIABLES
YM41O,58919,AR0675705039,05-OBLI. NEGOCIABLES
YM41X,58919,AR0675705039,05-OBLI. NEGOCIABLES
YM41Y,58919,AR0675705039,05-OBLI. NEGOCIABLES
YM41Z,58919,AR0675705039,05-OBLI. NEGOCIABLES
YM42C,59036,AR0123407162,05-OBLI. NEGOCIABLES
YM42D,59036,AR0123407162,05-OBLI. NEGOCIABLES
YM42O,59036,AR0123407162,05-OBLI. NEGOCIABLES
YM42X,59036,AR0123407162,05-OBLI. NEGOCIABLES
YM42Y,59036,AR0123407162,05-OBLI. NEGOCIABLES
YM42Z,59036,AR0123407162,05-OBLI. NEGOCIABLES
YM43C,59330,AR0156884063,05-OBLI. NEGOCIABLES
YM43D,59330,AR0156884063,05-OBLI. NEGOCIABLES
YM43O,59330,AR0156884063,05-OBLI. NEGOCIABLES
YM43X,59330,AR0156884063,05-OBLI. NEGOCIABLES
YM43Y,59330,AR0156884063,05-OBLI. NEGOCIABLES
YM43Z,59330,AR0156884063,05-OBLI. NEGOCIABLES
YMC1C,80534,USP989MJBP50,05-OBLI. NEGOCIABLES
YMC1D,80534,USP989MJBP50,05-OBLI. NEGOCIABLES
YMC1O,80534,USP989MJBP50,05-OBLI. NEGOCIABLES
YMC1X,80534,USP989MJBP50,05-OBLI. NEGOCIABLES
YMC1Y,80534,USP989MJBP50,05-OBLI. NEGOCIABLES
YMC1Z,80534,USP989MJBP50,05-OBLI. NEGOCIABLES
YMCIC,95612,USP989MJBS99,05-OBLI. NEGOCIABLES
YMCID,95612,USP989MJBS99,05-OBLI. NEGOCIABLES
YMCIO,95612,USP989MJBS99,05-OBLI. NEGOCIABLES
YMCIX,95612,USP989MJBS99,05-OBLI. NEGOCIABLES
YMCIY,95612,USP989MJBS99,05-OBLI. NEGOCIABLES
YMCIZ,95612,USP989MJBS99,05-OBLI. NEGOCIABLES
YMCJC,95611,USP989MJBT72,05-OBLI. NEGOCIABLES
YMCJD,95611,USP989MJBT72,05-OBLI. NEGOCIABLES
YMCJO,95611,USP989MJBT72,05-OBLI. NEGOCIABLES
YMCJX,95611,USP989MJBT72,05-OBLI. NEGOCIABLES
YMCJY,95611,USP989MJBT72,05-OBLI. NEGOCIABLES
YMCJZ,95611,USP989MJBT72,05-OBLI. NEGOCIABLES
YMCPC,56995,ARYPFS5601V2,05-OBLI. NEGOCIABLES
YMCPD,56995,ARYPFS5601V2,05-OBLI. NEGOCIABLES
YMCPO,56995,ARYPFS5601V2,05-OBLI. NEGOCIABLES
YMCPX,56995,ARYPFS5601V2,05-OBLI. NEGOCIABLES
YMCPY,56995,ARYPFS5601V2,05-OBLI. NEGOCIABLES
YMCPZ,56995,ARYPFS5601V2,05-OBLI. NEGOCIABLES
YMCRC,57356,ARYPFS5601X8,05-OBLI. NEGOCIABLES
YMCRD,57356,ARYPFS5601X8,05-OBLI. NEGOCIABLES
YMCRO,57356,ARYPFS5601X8,05-OBLI. NEGOCIABLES
YMCRX,57356,ARYPFS5601X8,05-OBLI. NEGOCIABLES
YMCRY,57356,ARYPFS5601X8,05-OBLI. NEGOCIABLES
YMCRZ,57356,ARYPFS5601X8,05-OBLI. NEGOCIABLES
YMCTC,57433,AR0688075032,05-OBLI. NEGOCIABLES
YMCTD,57433,AR0688075032,05-OBLI. NEGOCIABLES
YMCTO,57433,AR0688075032,05-OBLI. NEGOCIABLES
YMCTX,57433,AR0688075032,05-OBLI. NEGOCIABLES
YMCTY,57433,AR0688075032,05-OBLI. NEGOCIABLES
YMCTZ,57433,AR0688075032,05-OBLI. NEGOCIABLES
YMCXC,83928,USP989MJBV29,05-OBLI. NEGOCIABLES
YMCXD,83928,USP989MJBV29,05-OBLI. NEGOCIABLES
YMCXO,83928,USP989MJBV29,05-OBLI. NEGOCIABLES
YMCXX,83928,USP989MJBV29,05-OBLI. NEGOCIABLES
YMCXY,83928,USP989MJBV29,05-OBLI. NEGOCIABLES
YMCXZ,83928,USP989MJBV29,05-OBLI. NEGOCIABLES
YMCYC,58129,AR0417757066,05-OBLI. NEGOCIABLES
YMCYD,58129,AR0417757066,05-OBLI. NEGOCIABLES
YMCYO,58129,AR0417757066,05-OBLI. NEGOCIABLES
YMCYX,58129,AR0417757066,05-OBLI. NEGOCIABLES
YMCYY,58129,AR0417757066,05-OBLI. NEGOCIABLES
YMCYZ,58129,AR0417757066,05-OBLI. NEGOCIABLES
YMCZC,58130,AR0079616063,05-OBLI. NEGOCIABLES
YMCZD,58130,AR0079616063,05-OBLI. NEGOCIABLES
YMCZO,58130,AR0079616063,05-OBLI. NEGOCIABLES
YMCZX,58130,AR0079616063,05-OBLI. NEGOCIABLES
YMCZY,58130,AR0079616063,05-OBLI. NEGOCIABLES
YMCZZ,58130,AR0079616063,05-OBLI. NEGOCIABLES
YPC4C,48885,US984245AF78,05-OBLI. NEGOCIABLES
YPC4D,48885,US984245AF78,05-OBLI. NEGOCIABLES
YPC4O,48885,US984245AF78,05-OBLI. NEGOCIABLES
YPDCB,710,ARP9897X1319,01-ACCIONES PRIVADAS
YPDDB,710,ARP9897X1319,01-ACCIONES PRIVADAS
YPFD,710,ARP9897X1319,01-ACCIONES PRIVADAS
YPFDB,710,ARP9897X1319,01-ACCIONES PRIVADAS
YPFDC,710,ARP9897X1319,01-ACCIONES PRIVADAS
YPFDD,710,ARP9897X1319,01-ACCIONES PRIVADAS
YS1LC,58668,AR0433151526,14-OBLIG. NEG. PYMES
YS1LD,58668,AR0433151526,14-OBLIG. NEG. PYMES
YS2LC,59339,AR0382218888,14-OBLIG. NEG. PYMES
YS2LD,59339,AR0382218888,14-OBLIG. NEG. PYMES
YSS1L,58668,AR0433151526,14-OBLIG. NEG. PYMES
YSS2L,59339,AR0382218888,14-OBLIG. NEG. PYMES
YZCA,8397,ARDEUT114758,23-CEDEARS
YZCAC,8397,ARDEUT114758,23-CEDEARS
YZCAD,8397,ARDEUT114758,23-CEDEARS
ZF2AC,58096,AR0703497872,14-OBLIG. NEG. PYMES
ZF2AD,58096,AR0703497872,14-OBLIG. NEG. PYMES
ZF2AP,58096,AR0703497872,14-OBLIG. NEG. PYMES
ZF2BC,58097,AR0107517770,14-OBLIG. NEG. PYMES
ZF2BD,58097,AR0107517770,14-OBLIG. NEG. PYMES
ZF2BP,58097,AR0107517770,14-OBLIG. NEG. PYMES
ZF3AC,58788,AR0517229719,14-OBLIG. NEG. PYMES
ZF3AD,58788,AR0517229719,14-OBLIG. NEG. PYMES
ZF3AP,58788,AR0517229719,14-OBLIG. NEG. PYMES
ZF3BC,58789,AR0602844398,14-OBLIG. NEG. PYMES
ZF3BD,58789,AR0602844398,14-OBLIG. NEG. PYMES
ZF3BP,58789,AR0602844398,14-OBLIG. NEG. PYMES
ZI11C,59073,AR0846990551,14-OBLIG. NEG. PYMES
ZI11D,59073,AR0846990551,14-OBLIG. NEG. PYMES
ZI11P,59073,AR0846990551,14-OBLIG. NEG. PYMES
ZI12C,59074,AR0976790904,14-OBLIG. NEG. PYMES
ZI12D,59074,AR0976790904,14-OBLIG. NEG. PYMES
ZI12P,59074,AR0976790904,14-OBLIG. NEG. PYMES
ZM,8543,ARBCOM4603B2,23-CEDEARS
ZMC,8543,ARBCOM4603B2,23-CEDEARS
ZMD,8543,ARBCOM4603B2,23-CEDEARS
ZOND,30072,AR0445379578,01-ACCIONES PRIVADAS
ZPC1C,58687,AR0074703296,05-OBLI. NEGOCIABLES
ZPC1D,58687,AR0074703296,05-OBLI. NEGOCIABLES
ZPC1O,58687,AR0074703296,05-OBLI. NEGOCIABLES
ZPC2C,58688,AR0411671628,05-OBLI. NEGOCIABLES
ZPC2D,58688,AR0411671628,05-OBLI. NEGOCIABLES
ZPC2O,58688,AR0411671628,05-OBLI. NEGOCIABLES
ZPC3C,58877,AR0723157217,05-OBLI. NEGOCIABLES
ZPC3D,58877,AR0723157217,05-OBLI. NEGOCIABLES
ZPC3O,58877,AR0723157217,05-OBLI. NEGOCIABLES
ZPC3X,58877,AR0723157217,05-OBLI. NEGOCIABLES
ZPC3Y,58877,AR0723157217,05-OBLI. NEGOCIABLES
ZPC3Z,58877,AR0723157217,05-OBLI. NEGOCIABLES
ZPC4C,59235,AR0912205223,05-OBLI. NEGOCIABLES
ZPC4D,59235,AR0912205223,05-OBLI. NEGOCIABLES
ZPC4O,59235,AR0912205223,05-OBLI. NEGOCIABLES
ZPC4X,59235,AR0912205223,05-OBLI. NEGOCIABLES
ZPC4Y,59235,AR0912205223,05-OBLI. NEGOCIABLES
ZPC4Z,59235,AR0912205223,05-OBLI. NEGOCIABLES
ZPC5C,59517,AR0514899985,05-OBLI. NEGOCIABLES
ZPC5D,59517,AR0514899985,05-OBLI. NEGOCIABLES
ZPC5O,59517,AR0514899985,05-OBLI. NEGOCIABLES
ZPC5X,59517,AR0514899985,05-OBLI. NEGOCIABLES
ZPC5Y,59517,AR0514899985,05-OBLI. NEGOCIABLES
ZPC5Z,59517,AR0514899985,05-OBLI. NEGOCIABLES
ZUS2C,57896,AR0515037536,14-OBLIG. NEG. PYMES
ZUS2D,57896,AR0515037536,14-OBLIG. NEG. PYMES
ZUS2P,57896,AR0515037536,14-OBLIG. NEG. PYMES
ZZ11P,58275,AR0017288934,14-OBLIG. NEG. PYMES
ZZ1LC,59480,AR0250443063,14-OBLIG. NEG. PYMES
ZZ1LD,59480,AR0250443063,14-OBLIG. NEG. PYMES
ZZC1C,58473,AR0352269929,05-OBLI. NEGOCIABLES
ZZC1D,58473,AR0352269929,05-OBLI. NEGOCIABLES
ZZC1O,58473,AR0352269929,05-OBLI. NEGOCIABLES
ZZC1X,58473,AR0352269929,05-OBLI. NEGOCIABLES
ZZC1Y,58473,AR0352269929,05-OBLI. NEGOCIABLES
ZZC1Z,58473,AR0352269929,05-OBLI. NEGOCIABLES
ZZS1L,59480,AR0250443063,14-OBLIG. NEG. PYMES
