Código,Nombre
09117,S30S2-L.T.GOB.NAC. DESCUENTO VTO 30/9/22 $
´1017,Especie ´1017
´1201,Especie ´1201
9104,S29L2-  LETRA DEL TESORO NACIONAL EN PESOS A DESCUENTO CON VENCIMIENTO 29 DE JULIO DE 2022
9110,S31G2-LETRA DEL TESORO NACIONAL EN PESOS A DESCUENTO CON VENCIMIENTO 31 DE AGOSTO DE 2022
9130,S31O2-L.T.GOB.NAC. PESOS DESC. VTO 29/7/22
9135,S30N2-LETRA DEL TESORO NACIONAL EN PESOS A DESCUENTO CON VENCIMIENTO 30 DE NOVIEMBRE DE 2022
9141,S28F3
9150,S16D2
9151,S31E3
9164,S31M3
9171,S31Y3
9172,S30J3
9183,S31L3
9206,S31O3
9232,S18E4
9251,S31E5
9252,S14O4
9255,S29N4
9256,S31M5
XROXSUB874182/101,Lote s/subasta 874182
1,Depósito U$S
10000,10000
10390,Depósito U$S Ext
7000,7000
8000,8000
002,FCI BCSA SOC. DEP GAINVEST PESOS
09270,FCI SBS Estrategia - Clase B
1004,Balanz Retorno Total - Clase A
1007,FCI Balanz Capital Renta Fija - Clase B
1016,FCI Maf Money Market - Clase A
1017,FCI Maf Money Market - Clase B
1019,FCI MAF Pesos Plus - Clase B
1024,SBS Pesos Plus - Clase A
1025,SBS PESOS PLUS FCI Clase B
1047,Argenfunds Ahorro Pesos - Clase B
1055,SBS Retorno Total - Clase A
1056,SBS Retorno Total - Clase B
1077,Consultatio Renta Nacional - Clase B
111,BMA
1112,Adcap Abierto Pymes - Clase A
11122,no usar
1113,Adcap Abierto Pymes - Clase B
1114,FCI Balanz Capital Ahorro - Clase A
1115,Balanz Capital Ahorro - Clase B
1119,MAF RENTA ARGENTINA FCI - Clase U
1132,FCI Toronto Trust Ahorro - Clase A
1133,Toronto Trust Ahorro - Clase B
1135,Toronto Trust Multimercado - Clase A
1136,FCI Toronto Trust Multimercado - Clase B
1138,FCI Toronto Trust Renta Fija - Clase A
1139,FCI Toronto Trust Renta Fija - Clase B
1142,Toronto Trust Renta Fija Plus - Clase B
1154,Toronto Trust - Clase B
1156,Balanz Capital Abierto Pymes FCI - Clase A
1170,Toronto Trust Abierto Pymes - Clase A
1172,Toronto Trust Global Capital - Clase A
1173,FCI Toronto Trust Global Capital - Clase B
1193,Fima PB Acciones - Clase B
1194,FCI Adcap Pesos Plus - Clase A
1201,FCI MegaQM Pesos - Clase B
1208,Consultatio Acciones Argentina - Clase B
1231,Schroder Renta Plus - Clase B
1235,FCI Adcap Moneda - Clase A
1236,FCI Adcap Moneda - Clase B
1256,FCI Adcap Acciones - Clase B
1260,SBS Latam - Clase B
1269,FCI Quinquela Desarrollo Argentino Infraest. - Clase B
1272,MEGAQM Balanceado - Clase A
1273,FCI MegaQM Balanceado - Clase B
1286,FCI IAM Renta Plus - Clase A
1287,FCI IAM Renta Plus - Clase B
1288,IAM Renta Crecimiento - Clase A
1289,FCI IAM Renta Crecimiento - Clase B
1292,FCI IAM Ahorro Pesos - Clase A
1293,FCI IAM Ahorro Pesos - Clase B
1295,Gainvest Pesos - Clase B
1300,FCI MAF Ahorro
1302,IAM FCI Abierto Pymes - Clase B
1370,Fima Mix I - Clase A
1371,Fima Mix I - Clase B
1372,Fima Mix I - Clase C
1386,IAM Renta Capital - Clase B
1390,Balanz Renta Fija Estrategica - Clase A
1400,Balanz Acciones - Clase A
141,Lombard Renta Fija
14133,FCI Balanz Capital Renta Fija - Clase A
142,Schroder Renta Variable - Clase B
1436,Schroder Retorno Total - Clase A
1437,Schroder Retorno Total - Clase B
1450,Allaria Renta Dolar Ley 27260 - Clase C
1485,ST Retorno Total Dolares - Clase A
14961,CP SCH RT PL A
1512,Argenfunds Renta Mixta - Clase B
1513,Argenfunds Renta Global - Clase B
15186,FCI Balanz Ahorro en Dolares - Clase A
1521,Consultatio Liquidez Ley 27260 - Clase B
1531,FCI Adcap Ahorro Dolares - Clase D
1532,FCI Adcap Ahorro Dolares - Clase E
1560,MEGAQM Corporativo Dólares - Clase A
1561,MEGAQM Corporativo Dólares - Clase B
1590,FCI IAM Renta Dolares-Clase B
1593,FCI Balanz Capital Renta Fija en Dolares - Clase A
1600,Consultatio Income Fund - Clase A
1623,Allaria Dolar Ahorro  - Clase B
1624,Allaria Diversificado - Clase C
1625,FCI First Renta Dolares - Clase A
1626,First Renta Dolares - Clase B
1629,FCI First Renta Pesos - Clase A
1635,FCI Quinquela Total Return - Clase A
1636,FCI Quinquela Total Return - Clase B
1638,Galileo Income - Clase A
1646,FCI Adcap Renta Dolar - Clase E
1676,Schroder Renta Plus - Clase A
1678,Schroder Renta Plus - Clase D
169,CGPA2
1695,FCI Megaqm Liquidez Dolar - Clase A
1717,Schroder Renta Fija - Clase A
1726,Schroder Renta Variable - Clase A
1744,FCI Toronto Trust Crecimiento Clase A
1745,TORONTO TRUST CRECIMIENTO Clase B
1747,Toronto Trust Retorno Total - Clase A
1748,FCI Toronto Trust Retorno Total - Clase B
1759,Allaria Dólar Global - Clase A
1771,SMSV Renta en Dolares - Clase A
1772,FCI ST SMSV Renta en Dolares - Clase B
1819,FCI Balanz Institucional - Clase B
1843,Fima Acciones - Clase B
1876,FCI Alamerica Renta Fija Argentina - Clase B
19,AGRO
1903,Allaria Ahorro - Clase C
191,Fima Renta Plus - Clase A
2020,Argenfunds Ahorro Pesos - Clase A
2035,Argenfunds Renta Balanceada - Clase A
2047,FCI Argenfunds Renta Mixta - Clase A
21,Fima Acciones - Clase A
2103,FCI Compass Best Ideas - Clase A
22,Fima PB Acciones - Clase A
2212,FCI Abierto Pymes Zofingen Factoring PYME FUND - Clase B
223,CELU
2260,Galileo Ahorro - Clase B
2356,Balanz Opportunity - Clase A
2363,Schroder Income - Clase A
2364,Schroder Income - Clase B
2390,FCI IAM Performance Americas - Clase B
2394,Galileo Renta - Clase A
2399,FCI Galileo Pesos - Clase B
2408,Bull Market Acciones Argentinas - Clase A
2420,Balanz Long Pesos - Clase A
24399,Consultatio Multimercado III - Clase A
2444,MAF Abiertos Pymes - Clase C
2477,MAF Acciones Argentinas - Clase A
2507,MAF Global
251,COME
2560,FCI Argenfunds Liquidez Clase A
2561,FCI Argenfunds Liquidez Clase B
2565,FCI Adcap Ahorro Pesos Fondo de Dinero - Clase A
2566,ADCAP ahorro pesos fondo de Dinero - Clase B
2598,IEB Renta Fija - Clase A
2599,FCI IEB Renta Fija - Clase B
2604,IEB Renta Fija Dólar - Clase A
2617,Gainvest Renta Fija - Clase B
2635,FCI Gainvest Balanceado - Clase B
26700,FONDO COMÚN DE INVERSIÓN CERRADO INMOBILIARIO PUERTO NIZUC
27278,BAVSA Ahorro Dólar - Clase A
27279,BAVSA Ahorro Dólar - Clase B
274,CRES
30005,TGNO4
30011,GAMI
30013,BOLT
30015,BPAT
30023,A3
30024,INVJ
30035,SUPV
30037,HAVA
30038,BYMA
30043,LOMA
30059,VALO
30062,HSAT
30069,ECOG
307,DGCU2
308,1810 Ahorros
3210,First Crecimiento - Clase D
322,CEPU
3224,IEB Multiestrategia - Clase A
3260,Schroder Renta Performance - Clase A
3262,Schroder Renta Performance - Clase C
3263,Schroder Renta Performance - Clase D
3264,Schroder Renta Performance - Clase E
3265,Schroder Renta Performance - Clase B
3296,SBS Ahorro Pesos - Clase D
3318,FCI IAM Renta Balanceada - Clase A
3319,FCI IAM Renta Balanceada - Clase B
3348,Allaria Dinámico - Clase A
3352,FCI Compass Liquidez - Clase A
3353,FCI Compass Liquidez - Clase B
3355,FCI Balanz Capital Money Market - Clase A
3356,FCI Balanz Capital Money Market - Clase B
3357,Balanz Capital Money Market - Clase C
3358,Balanz Capital Money Market - Clase D
3368,Adcap Cobertura - Clase B
3377,IEB Ahorro - Clase A
3378,FCI IEB Ahorro - Clase B
3385,ST Zero - Clase A
3386,FCI ST Zero - Clase B
341,FCI Compass Crecimiento - Clase A
3410,Balanz Infraestructura - Clase A
342,Compass Crecimiento - Clase B
3443,BM Smart Money Market - Clase B
3455,FCI Galileo Blend - Clase A
3467,SMR Fondo Comun de Inversion - Clase A
3468,FCI SMR Fondo Comun de Inversion - Clase B
3521,FCI Allaria Patrimonio III - Clase B
3562,FCI Consultatio Multimercado III - Clase B
3580,Consultatio Multimercado V - Clase A
3671,Balanz Lecaps - Clase A
3672,Balanz Performance II - Clase B
3673,Balanz Performance II - Clase C
3679,First Renta Mixta VI - Clase A
3697,Adcap Wise Capital Growth - Clase A
3698,Adcap Wise Capital Growth - Clase B
3723,Toronto Trust Argentina 2021 - Clase A
3724,Toronto Trust Argentina 2021 - Clase B
3736,Fima Premium - Clase C
3749,Balanz Performance III - Clase A
3750,FCI Balanz Performance III - Clase B
3809,IEB Multiestrategia V - Clase A
3810,IEB Multiestrategia V - Clase B
3830,Schroder Liquidez - Clase A
3831,SCHRODER LIQUIDEZ F.C.I. Clase B
3852,Max Money Market - Clase A
3853,Max Money Market - Clase B
3854,Max Ahorro Pesos - Clase A
3855,Max Ahorro Pesos - Clase B
3858,Max Cobertura - Clase A
3859,Max Cobertura - Clase B
386,CECO2
3862,Max Renta Fija - Clase A
3908,Adcap Balanceado VIII - Clase B
3928,Dracma Renta Ahorro - Clase A
3932,FCI Balanz Equity Selection - Clase A
4021,FCI Adcap Ahorro Dinamico - Clase A
4022,Adcap Ahorro Dinámico Fondo de Dinero - Clase B
4045,Adcap Desarrollo e Infraestrutura - Clase B
4070,Adcap Balanceado III - Clase A
4087,Schroder Retorno Total Cuatro - Clase A
4088,Schroder Retorno Total Cuatro - Clase B
4101,FCI Balanz Capital Estrategia I USD - Clase A
4110,FCI SCHRODER PATRIMONIO CLASE B
4111,FCI SCHRODER PATRIMONIO CLASE C
4129,Allaria Dinámico III - Clase A
4131,Allaria Dinámico III - Clase C
4135,Toronto Trust Balanceado - Clase B
4136,Toronto Trust Balanceado - Clase A
4206,Allaria Dólar Dinámico - Clase A
4207,Allaria Dólar Dinámico - Clase B
424,FERR
4242,Max Dinamico I - Clase A
4279,FCI Allaria Agro - Clase A
4280,Allaria Agro - Clase B
4306,Adcap Balanceado XVI - Clase A
4307,Adcap Balanceado XVI - Clase B
4315,Fima Renta Fija Dólares - Clase A
4316,Fima Renta Fija Dólares - Clase B
4317,Fima Renta Fija Dólares - Clase C
4318,Max Dinamico II - Clase A
4319,Max Dinamico II - Clase B
4322,Max Dinamico III - Clase A
4338,Cocos Ahorro - Clase B
4376,BAVSA Ahorro - Clase A
4377,BAVSA Ahorro - Clase B
4378,BAVSA Ahorro Plus - Clase A
4379,BAVSA Ahorro Plus - Clase B
4380,BAVSA Ahorro Plus - Clase C
4381,BAVSA Ahorro Plus - Clase D
4382,BAVSA Ahorro Plus - Clase E
4383,BAVSA Ahorro Plus - Clase F
4384,BAVSA Ahorro Plus - Clase G
4393,Toronto Trust Renta Dólar - Clase A
443,FIPL
4448,Cocos Ahorro Dólares - Clase B
4486,MAF Liquidez - Clase A
4487,MAF Liquidez - Clase B
4525,Allaria Dolar Ahorro Plus  - Clase A
4527,Allaria Dólar Ahorro Plus - Clase C
4528,Balanz Performance VI - Clase A
4529,Balanz Performance VI - Clase B
4538,IEB Estratégico - Clase A
4556,Fima Premium - Clase P
4557,IAM Liquidez en Dólares - Clase A
4558,IAM Liquidez en Dólares - Clase B
457,PAMP
4619,BAVSA Renta Dólares - Clase B
4629,Balanz Money Market USD - Clase A
4650,Allaria Dólar Ahorro - Clase A
4680,Adcap Ahorro Dinámico Fondo de Dinero - Clase Ley Nº 27.743
4682,FCI Adcap Balanceado XVI - Clase Ley Nº 27.743
4885,Schroder Income - Clase F Ley N° 27.743
4886,Schroder Retorno Total - Clase D Ley N° 27.743
49,OEST
4944,Fima PB Acciones - Clase L Ley N° 27.743
4947,Fima Renta Fija Dólares - Clase L Ley N° 27.743
49704,HARMONY GOLD MINING LTD
5006,Parakeet Pesos - Clase A
5007,Parakeet Pesos - Clase B
5054,Toronto Trust Money Market Dólar - Clase A
5055,Toronto Trust Money Market Dólar - Clase B
5058,Toronto Trust Money Market Dólar - Clase Ley N° 27.743
5068,Toronto Trust Crecimiento - Clase Ley 27.743
5070,Toronto Trust Ahorro - Clase Ley N° 27.743
508,EDN
5118,Schroder Crecimiento Tres - Clase A
5119,Schroder Crecimiento Tres - Clase B
5120,Schroder Crecimiento Tres - Clase C
5146,Balanz Capital Estrategia III USD - Clase A
5192,SBS Liquidez USD - Clase A
52,Toronto Trust - Clase A
5225,IAM Dinámico FCI Abierto Pymes - Clase B
5244,SBS Liquidez USD - Clase Ley 27.743
5272,Allaria Equity Selection - Clase A
5309,Max Money Market Dólares - Clase A
5310,Max Money Market Dólares - Clase B
534,GGAL
5566,ConoSur Liquidez - Clase A
5567,ConoSur Liquidez - Clase B
558,PATA
565,METR
575,Fima Premium - Clase A
576,Fima Premium - Clase B
5771,Lombard Ahorro Plus II - Clase A
5772,IEB Estratégico II - Clase A
5842,Allaria Renta Dolar Ley 27260 - Clase D Ley N° 27.743
590,FCI Adcap Pesos Plus - Clase B
597,FCI Galileo Renta Fija - Clase A
617,TGSU2
620,INTRODUCT. ORD1V
622,FCI Adcap Acciones - Clase A
628,CAPX
633,IRSA
6461,DXA Multicobertura - Clase B
655,LEDE
66,AUSO
666,LONG
67,GBAN
6868,CORNING INC. (GLW)
7,ALUA
710,YPFD
728,MEGAQM Ahorro - Clase B
732,Gainvest FF - Clase B
733,HARG
739,Gainvest Renta Fija Dolares - Clase A
740,SEMI
742,MOLI
748,MORI
75,FCI LOMBARD RENTA EN PESOS Clase B
751,BHIP
788,Compass Crecimiento II - Clase A
798,MIRG
8006,KO
8009,AXP
8011,BA
8013,CVX
8017,DISN
8019,XOM
8025,INTC
8027,JNJ
8028,JPM
8030,MCD
8032,MSFT
8036,MO
8037,PG
804,IAM Renta Variable - Clase B
8044,WMT
8046,C
805,Fima Renta Plus - Clase B
806,Fima Renta Plus - Clase C
807,TECO2
8124,CEDEAR ELI LILLY AND COMPANY ESC.
8133,MDT
8139,NKE
8142,CEDEAR ORACLE
8146,PEP
8147,PFE
8154,SBUX
8177,T
8260,GOLD
8267,CEDEAR RIO TINTO
8283,BMY
8288,VZ
8297,TSM
835,Allaria Acciones - Clase A
8358,VALE
837,Allaria Ahorro - Clase A
838,Allaria Ahorro - Clase B
839,TXAR
8399,BNG
840,SBS AHORRO PESOS Clase B
8419,CEDEAR HECLA MINING CO.
8431,BBD
8432,TXR
8442,GOOGL
8444,MELI
8445,AAPL
8467,META
8468,AMZN
8469,NVDA
8470,ADBE
8474,NFLX
8477,PYPL
8479,TSLA
8481,AMD
849,TRAN
8494,GS
8495,V
8497,DESP
8498,ADGO
8499,GLOB
8501,BIDU
8502,ABEV
8505,JD
8509,GGB
8510,BRFS
8514,ITUB
8515,EMBJ
8523,BABA
8526,PBR
8527,VIST
8528,ABBV
8529,BRKB
8530,BIOX
8531,CEDEAR BROADCOM INC.
8532,CAAP
8535,GPRK
8541,UNH
8546,SHOP
8548,CEDEAR SNOWFLAKE
8549,SPY
8550,QQQ
8551,IWM
8552,EEM
8553,XLF
8554,XLE
8555,DIA
8556,EWZ
8557,ARKK
8559,NIO
8562,COIN
8564,AAL
8567,XP
8569,DOW
8571,CEDEAR FORD
8574,SATL
8575,MU
8577,UBER
8578,UPST
8579,PANW
8581,MSTR
8583,BITF
8584,HUT
8585,ABNB
8586,JMIA
859,SAMI
8593,LAC
8596,NU
8597,PAGS
8598,PLTR
8607,CEDEAR BANCO DO BRASIL S.A.
8628,STNE
8633,DAL
8639,BKNG
8642,RIOT
8651,LAR
8656,ARM
8657,SH
8658,GLD
8659,ETHA
8660,IBIT
8661,FXI
8662,IEUR
8663,IBB
8664,VEA
8666,CEDEAR ISHARES S&P 500 GROWTH ETF
8669,XLB
8672,XLV
8673,XLP
8675,CEDEAR PDD HOLDINGS INC (PDD)
8677,ASML
8681,CEG
8684,CEDEAR SERVICENOW INC (NOW)
8685,TEM
8687,VISTRA CORPORATION
8690,EWJ
8691,SLV
8692,PSQ
8694,URA
8695,SMH
8696,SPXL
8697,XLU
8698,CEDEAR FIRST TRUST NASDAQ CYBERSECURITY
8699,CEDEAR UNITED STATE OIL FUND LP (USO)
8700,EFA
8705,CEDEAR PROSHARES ULTRAPRO QQQ ETF
8709,CEDEAR ROBINHOOD MARKETS INC.
8711,CEDEAR OKLO INC.
8712,RKLB
8719,GLOBAL X COPPER MINERS ETF CEDEAR
902,Allaria Ahorro Plus - Clase A
903,Allaria Ahorro Plus - Clase B
904,Allaria Ahorro Plus - Clase C
914,GAINVEST ABIERTO PYMES CLASE B
927,CARC
9376,FCI Allaria Dinamico II - Clase B
94,BBAR
950,Allaria Renta Fija - Clase A
951,Allaria Renta Fija - Clase B
05493,TX24
1059,DERECHOS BANCO DE VALORES 1 VOTO
1534,"GRUPO FINANC. GALICIA CUP.SUSC.""B""1V.ESC"
15922,AL35D
1748 A,MORIXE CUP.DERECHO SUSCRIPCION ORDS 1 V.
181150,BA37D-	BONOS A EN DOLARES ESTADOUNIDENSES CON VENCIMIENTO EN 2037
30041,MOLA
32804,TD PUB.PCIA. CORDOBA 1 V.27/10/26 USD CG
32976,BDC28
3323,ADBlick Ganaderia FCIC
42013,PBA25
42475,BONO DEUD. S1 MUNI CBA V.03/12/25 UVA CG
42489,TD 2024 PCIA MENDOZA VT.17/12/24 $ C.G
42612,BAO25
42699,LT P NEUQ S1 C3B
42704,TD PCIA MENDOZA SVS V21/06/25 $ CG
42705,PM2D4
42755,Letras de Tesorería dela Prov. de Neuquen Serie 4 Clase 2
42777,BGD24
42802,PMD25
42825,TD PCIA CORDOBA CL.2 V24/05/27 $ CG
42868,PBY26
42874,SFN27
42903,PMJ26
42904,PMD26
42932,PBJ26
42935,ERL26
42947,LT PCIA BSAS CAPIT 91 DS V.20/11/25 $ CG
42961,BAF27
42962,BUM26
42969,LBO26
42973,LT PROV. TIERRA DEL FUEGO S.4 CL.2 23/12/25 $
42976,CO2D7
42977,CO3D7
42983,LT PROV. BUENOS AIRES $ A DESCUENTO 20/02/26
42991,LT PROV. CHUBUT S.115 CL.1 22/04/26 $
42993,BONO MUN. ROSARIO 26/06/28 $
42996,LT PROV. BUENOS AIRES A DESCUENTO 23/04/26 $
43031,TD BCO. CIUDAD DE BS. AS. CL.23 05/03/28
43032,TD BANCO DE LA CIUDAD DE BUENOS AIRES CL.24 05/03/29 UVA
43039,TD PROV. BS. AS. TASA VAR. 30/03/28
43040,TD PROV. MENDOZA CL.1 CER 10/04/28
43044,LT PROV. BUENOS AIRES A DESCUENTO 25/06/26 $
43050,TD BANCO DE LA NACION ARGENTINA CL.1 11/05/27 $
43052,TD BANCO DE LA NACION ARGENTINA CL.3 11/05/28 UVA
45695,BONOS REP ARG A LA PAR $ STEP UP 2038
45696,"BONOS R.ARG. C/DESCUENTO $ 5,83% 2033"
45698,VALORES NEG VINC PBI $ 15/12/2035
52696,O.N. CARSA SERIE 8 V. 4/8/18 $ ESC.
5319,TO23
5320,TO26
5328,BONO TESORO NACIONAL $ CER 4% 27/04/2025
53491,VD FF CHA SERIE 1 CL.B UVA C.G.
53984,O.N.CARSA SERIE 9 CL.B V.23/2/23 $ ESC.
5405,"T2X4-BONO DEL TESORO NACIONAL EN PESOS AJUSTADO POR CER 1,55% VENCIMIENTO 26 DE JULIO DE 2024"
5444,BONOS REP.ARG. DISCOUNTS ARS 2010/2033
54497,CRCEO
54909,ON PAN AMERICA ENRG U$S C5 V03/09/24 EF
5492,TX23 - BONOS TESOROS $ AJ. CER 1.4% V.25/3/2023
5495,T2X2
5497,T2X3
55025,PN7CO
55080,TLC7O
55149,TLC8O
55149001 NO USAR,ON TELECOM ARG
55204,SN5BO
55234,RZ5BO
55286,IRCDO
55396,TBC2O
55447,MTCIO
55476,ON PAN AMERCIAN
55477,PNFCO
55488,ON GENER.MED
55560,BTCYO
55584,VSCBO
55598,MAC4O
55692,ON ARCOR CL.17 VT.20/10/2025 UVA C.G
55792,ON CT BARRAGAN CL.4 V.26/11/24 U$S C.G
55827,TLCAO
55871,GN350
55884,MRCEO
55940,ON CRESUD S22 36
55944,ON AA2000 5
55985,ON TELECOM ARG CL.12
55991,ON PYME GEORGALOS 2 U$S V.11/03/25 CG
56108,ON LUZ TRES P 2
56137,ON CT BARRAGAN CL. 6 U$S VTO.16/05/25 CG
56187,ON CIA G COMBUSTIBLES 27 U$S V7/6/29 CG
56194,DR8AO
56218,CS38O
56233,SPC1O
56248,ON PYME CITRUSVIL S1 CL2 US$ V30/12/2024
56281,ON PYME PARAMERICA S1 C2 U$S V11/1/25 CG
56294,MRCGO-Obligacion Negociable GEMSA
56295,MRCHO-Obligacion Negociable GEMSA SA
56308,HG12P
56316,ON FUTURO Y OPCIONES SERIE 2 U$S C.G
56382,AER9O
56384,ON ROMBO S. 56 $ VTO.19/08/25 C.G.
56393,LEC5O
56398,YFCBO
56399,YFCDO
56426,ON CGC 28 U$S
56448,DNC2O
56467,ON LUZ TRES P.4
56485,ON PETR.ACON. CL1 U$S V.11/10/25
56492,FF AGINCO I
56568,VSCFO
56572,ON MSU S.A S.11
56618,SNS8O
56638,VSCHO
56639,VSCIO
56659,PQCKO
56698,MGCEO
56704,ON CRESUD CL. 40 VTO21/12/26 U$S CG
56781,YMCMO
56799,ON IRSA INVER Y REP C16 U$S V25/07/25
56815,ON IRSA INVER Y REP C15 U$S V25/03/25
56833,RZ8AO
56839,LEC90
56844,YFCEO
56848,ON TELECOM CL. 14 VTO10/02/28 U$S CG
56859,LOC1O
56868,CAC30
56885,OTS1O
56887,VSCJO
56888,VSCKO
56899,VD FF AMES 22 CL.A $ C.G
56908,ON PAN AMERICAN CL.25 V14/03/25 $ CG EF
56909,CP30O
56948,CS42O
56967,TBC9O
56974,ON P AGROFIN AGR S3 C2 U$S V13/4/25 CG
56978,PEC4O
56981,ON CENT.TERM/GEN.MED 21 U$S V17/04/25 CG
56982,OLC1O
56994,YMCOO
56995,YMCPO
56996,FOS30
57016,MGCHO
57030,ON EDESA CL. 1 VTO. 11/05/25 U$S CG
57037,ON PETROQUIMICA CL. N V16/05/25 U$S CG
57044,WNCGO
57045,RCCMO
57055,ON PYME AGRO COLON 9 CL2 U$S V23/5/25 CG
57062,CIC5O
57068,ON P MAIOCCO CER S1 C2 V30/11/25 U$S CG
57078,FF AGINCO II
57081,ON VISTA ENERGY 20 V20/07/25 U$S CG
57084,ON CREDICUOTAS CONS S5 C2 V05/12/24 $ CG
57085,TLCGO
57109,CP31O
57118,YMCQO
57124,LOC2O
57134,VA22P
57138,ON SAN MIGUEL 9
57167,ON P HECTOR BERT. S1 C2 V30/06/25 U$S CG
57178,AE10O
57187,OLC3O
57193,ON LIPSA 5
57194,GN39O
57195,ON GENNEIA 40
57196,ON GENNEIA CL. 41 VTO14/07/26 U$S CG EF
57200,MSSEO
57230,TLCHO
57275,PNRCO
57289,VSCMO
57304,ON PYME LANGE AGRO S1 V31/08/25 U$S CG
57326,MGCJO
57327,ON CAPEX CL.6 U$S V.07/09/26 C.G.
57328,CAC7O
57338,VD FF MIS 25 CL.A $ CG  - ISIN ARROSR600D65
57348,LOC3O
57377,ON ALBANESI ENERGIA 10 V21/09/25 U$S CG
57379,PQCOO
57390,ON PYME CNV CIGRA S.1 CL.2 V26/09/25 U$S
57399,ON CREDICUOTAS CONSUMO 6 V29/09/24 $ CG
57433,YMCTO
57440,MRCRO
57455,EAC1O
57459,GA01A
57485,TLCKO
57546,BYCEO
57557,ON NEWSAN 20 V01/02/25 $ CG
57560,ON BCO.SERV. FINANC. 24 V02/05/25 $ CG
57577,ON ALBANESI ENERGIA 14 V14/02/25 $ CG
57585,CP33O
57604,PECAO
57619,CIC6O
57639,HJCAO
57640,PZCDO
57644,GN43
57645,GN44O
57646,DNC3O
57647,DNC4O
57658,RUCAO
57663,LMS8O
57682,MGCLD
57697,OTS2O
57708,ON CREDICUOTAS CONSUMO 7 V23/04/25
57709,TTC7O
57720,PO22P
57730,DG02A
57736,VSCPO
57737,OZC1O
57739,ON INV. JURAMENTO CL. 4 V03/05/25 $ CG
57773,ON JOHN DEERE CRED CL12 V30/05/25 $ CG
57774,YMCVO
57785,ON GENE.MED/CEN. TERM.RO CL.32
57800,TLCLO
57803,IRCLO
57820,ON ARCOR CL.23 VTO11/06/25 $ CG
57828,YFCHO
57829,YFCIO
57838,DHS8O
57850,OLC4O
57855,YMCWO
57857,RZ9AO
57863,GN46O
57864,CP35O
57873,HJCEO
57874,ON LIPSA CL. 6 VTO 02/07/26 U$S CG
57878,PNZCO
57880,CACAO
57884,VSCQO
57895,PQCQO
57896,ON PYME ZUAMAR S.2 U$S V.17/07/27 C.G.
57919,MIC1O
57920,MIC2O
57928,DNC5O
57930,ON BCO SUPERVIELLE CL.H V. 02/08/25 $ CG
57937,TLCNO
57963,LECHO
57965,LECJO
57967,MR360
57969,MR38O
57980,ON P AGROTECN SALA S2CB V23/08/26 U$S CG
58003,VD FF SION CONECTA INF PRIV 1 UVAS CG
58027,LT15A
58040,ON PYME GARRO FABRIL S.1 C.A $ C.G.
58078,CVS1V
58082,BFCVO
58085,PN35O
58088,ON CREDICUOTAS CONSUMO 9 V27/09/25
58089,ON PYME RECARD S.2 VTO.30/09/26 $ CG
58096,ON PYME ZAFRA S 2 C.A V.04/10/26 $ CG
58107,MGCNO
58115,VDFF MERCADO CREDITO 27
58123,CP36O
58129,YMCYO
58130,YMCZD
58133,VSCRO
58135,SNSBO
58139,ON JOHN DEERE CRED CL15 V21/10/28
58167,ON PYME FERRET CENT S.1 V.25/04/26 $ CG
58168,VDFF MERCADO CREDITO 28
58177,VD FF WAYNIMOVIL 7 CL.A $ CG
58186,ON PYME CNV CAIMAN S.2 C.A $ V.30/10/26
58193,ON OILTANKING EBYTEM S3 V01/11/28 U$S CG
58217,ON PYME SION S.14 $ V.08/11/25 $ C.G.
58229,PN36O
58234,ON GPAT COMP FIN S.38 C.A V15/11/25
58247,ON TARJ NARANJA CL. 63 V28/11/25
58256,TLCOO
58264,ON CREDICUO CONS 10 CL.1 V28/11/25 $ CG
58265,ON CREDICUO CONS 10 CL.2 V28/05/25 $ CG
58307,ON BCO BBVA ARG CL.30 V.12/09/25 $ CG
58338,ON BANCO HIPOTECARIO CL.8 V20/12/25
58361,ON AEROP ARG 2000 11 V15/12/26 U$S CG
58394,ON CREDICUOT CONS S.11 V17/10/25
58399,BNCTO
58408,VD FF MERCADO CREDITO 32 $ CG
58415,PLC1O
58427,ON BANCO COMAFI CL.9 V30/07/25
58436,ON BCO DE SERV Y TRA 21 V05/08/25 U$S CG
58437,ON BCO SUPERVIELLE CL.K V07/08/25 U$S CG
58438,BPCLO
58440,ON BCO CMF C.18 V06/02/26
58447,PN38O
58449,BYCMO
58468,ON PETROQUIMICA CL.S V17/02/31
58472,BNCUO
58473,ZZC1O
58474,HBC9O
58477,ON EDESA CL. 2 VTO. 24/02/27
58482,MR42O
58484,YM35O
58497,PSSXO
58507,ON GENNEIA CL.48 V05/03/28 U$S CG
58508,MCC1O
58510,PN39O
58525,CP37O
58526,AFCBO
58528,BUC3O
58530,VBC1O
58535,ON BANCO INDUSTRIAL CL.1 V.08/09/25 U$S
58557,ON.CREDICUOTAS CONS.SA SXII C1
58558,CREDICUOTAS CONSUMO SERIE XII
58579,PN40O
58610,YM37O
58624,RCCRO
58626,VD FF WAYNIMOVIL 10 CL.A $ CG
58634,BPCNO
58656,BNCWO
58658,AFCGO
58661,TY34O
58663,TY36O
58669,ON PYME AGRONORTE S.3 A $ V29/05/27 $ CG
58680,BF35O
58686,BSCRO
58687,ZPC1O
58689,MM15A
58691,BF36O
58695,DT37A
58699,DHSEO
58710,ON PYME RDA RENTING S.5 V11/06/27 $ CG
58720,OLC5O
58723,BPCQO
58724,BPCRO
58728,ON CAPEX CL.11 U$S V.17/06/28 C.G.
58745,ON PYME MATIAS RUIZ S. 1 Vto. 30/06/27
58769,TLCQO
58770,EMC1O
58775,HVS1O
58779,ON PYME TRESNAL S.4 CL.A V14/07/27 $ CG
58785,BVCOO
58790,YM38O
58793,YM39O
58794,SXC1O
58796,TLCRO
58803,LOC5O
58809,MGCQO
58819,PECKO
58823,PECMO
58824,PECNO
58838,AFCHO
58847,ON PYME SUMATORIA C7 S2 $ V21/08/27 $ CG
58849,PN41O
58850,HBCAO
58855,COC1O
58858,YM40O
58866,CS49O
58877,ON PLAZA LOGISTICA CL.3 V03/09/27 U$S CG
58881,VBC2O
58885,DHSGO
58886,DHSHO
58900,SXC2O
58910,YFCNO
58919,ON YPF CL.41 08/01/27 USD
58930,VSCWO
58935,TTCBO
58947,VD FF MONI MOBILE 16 CL.A $
58947555,VD FF MONI MOBILE 16 CL.A $5555
58956,OTS5O
58974,AFCIO
58984,BGC4O
58986,BDCKO
59000,DHSIO
59003,DHSJO
59023,ON ICBC SAU ARG NUEVO PR CL 4
59029,GBS1L
59036,YM42O
59038,BF39O
59047,BPCUO
59048,ON CAPEX CL.12 04/06/29 USD
59050,OLC6O
59075,YFCOO
59087,ON CIA. GRAL. DE COMBUSTIBLES CL.39 29/03/27 USD
59130,ON JOHN DEERE CREDIT CIA. FINANCIERA CL.19 16/01/29 USD
59161,ON LOMA NEGRA CL.6 23/01/29 USD
59168,ON OTAMERICA EBYTEM S.6 29/07/29 USD
59172,ON CREDICUOTAS CONSUMO S.19 05/10/26 USD
59175,ON BANCO COMAFI CL.18 06/02/27 USD
59183,ON CNH IND. CAP. ARG. CL.11 09/02/29
59193,OLC7O
59196,SXC3O
5921,AL30
5922,AL35
5923,AE38
5924,BONO REP ARG 41
5925,TX26
59256,ON CIA. GENERAL DE COMBUSTIBLES CL.40 09/03/28 USD
5926,TX28
5927,AL29
59272,ON INCLUSION FINANCIERA INTEGRAL S.2 CL.2 17/09/27 $
59276,ON HECTOR A. BERTONE S.1 CL.1 20/03/28 $
5928,TV23
59315,ON PAMPA ENERGIA CL.27 01/04/29
59330,ON YPF S. A. CL.43 VTO. 14/04/30
59364,ON BANCO DE VALORES CL.3 24/10/26 $
59366,ON RIZOBACTER ARGENTINA S.11 CL.A 03/09/2029 USD
5937,T2V2
59373,NPCDO
59398,ON PECOM SERVICIOS ENERGIA CL.3 11/05/30 USD
59406,ON PYME GEORGALOS S.1 CL.1 12/07/28 $
59418,ON MERCADO PAGO SERVICIOS DE PROCESAMIENTO CL.5 18/11/26 $
59429,ON PYME AUTOMOTORES PAMPEANOS S.1 20/05/28 USD
59437,ON TECPETROL CL.13 21/05/29 USD
59445,ON.TARJETA NARANJA SAU CL67 S2
59455,ON CREDICUOTAS CONSUMO S.20 28/05/27 $
59456,ON CREDICUOTAS CONSUMO S.21 28/05/27 USD
59472,ON JOHN DEERE CREDIT COMPAÑIA FINANCIERA CL.20 08/12/28 USD
80567,TLC1O
80571,YFC2O
81086,GD30
81088,GD35
81090,GD38
81092,GD41
81093,GD46
81150,BA37D
81152,BONO PCIA BS AS REGS NEW U$S 2037 B
81274,GD29
81326,TLC5O
81398,CP17O
81435,PMM29
81894,MTCGO
81993,GNCXO
82078,ARC1O
82120,MRCAO
82336,ON EDENOR REGS
82404,IRFCFO
82445,MGC9O
82937,US TREASURY BILL ZCP V.22/02/24 U$S
83294,US TREASURY NOTE V.0.75% V.15/11/24 U$S
83431,US TREASURY BILL ZCP VTO.29/11/24
83480,US TREASURY BILL ZCP VTO 26/12/2024
83548,US TREASURY BILL ZCP VTO. 20/02/2025
83649,US TREASURY BILL ZCP VTO. 17/04/25
83742,US TREASURY BILL ZCP V. 12/06/25
83785,TLCMO
83801,TSC3O
83928,YMCXO
83929,MGCMO
83997,US TREASURY BILL ZCP VTO. 02/10/25
84023,YFCJO
84049,US TREASURY BILL  ZCP V. 30/10/25
84068,"US TREASURY NOTES 4,25% V 15/11/2034"
84114,RUCDO
84183,YM34O
84203,TTCAO
84313,IRCPO
84320,ON IRSA INVERSIONES Y REP 144A 8% V 31/03/2035
84410,ON TELECOM ARGENTINA SA REGS 9.25% V. 28/05/33
84413,ON PLUSPETROL SA CLASE IV V. 30/05/32
84434,VISTA ENERGY A REGS 8.5% 10/06/33
84444,ON PAN AMERICAN ENER 36 V13/11/31 U$S CG
84446,O N BANCO MACRO S A 8% VTO.23/06/2029
84457,CO32
84533,RC1CO
84857,ON PLUSPETROL S. A. Clase V 18/05/31
84877,"ON COMPANIA GENERAL DE 11,875 % VTO.  28/11/30"
84893,TITULO DE DEUDA DE GOV. PROV SANTA FE  8.1% 11/12/34
84974,ON PAN AM. ENERGY V. 15/01/37
85182,ON VISTA ENERGY ARGENT 7.875 08/04/38
85233,BONO  MUNI PROVINCIA DE CHUBUT 9.45 % VTO. 29/04/36
9120,TV24
9142,S28A3
9143,T2V3
9145,TDJ23
9147,TDS23
9156,TDF24
9157,TX31
91713,CO21D
91722,"BONO PCIA SALTA REGS 9,125% V 07/07/2024"
9174,D31O3
9178,"T3X4 - BONO DEL TESORO NACIONAL EN PESOS AJUSTADO POR CER 3,75% VENCIMIENTO 14 DE ABRIL DE 2024"
9179,T4X4 - BONO DEL TESORO NACIONAL EN PESOS AJUSTADO POR CER 4% VENCIMIENTO 14 DE OCTUBRE DE 2024
9180,T2X5
91841,YPCUO
9186,BONO DE LA NACION ARGENTINA EN MONEDA DUAL VENCIMIENTO 30 DE ABRIL DE 2024
91870,YCA6O
9195,T2V4
91952,BACAO
91977,MGC1O
9201,TDG24
9203,BONO NACION MONEDA DUAL 31/01/2025
9222,T6X4
9230,TDJ24
9231,TV25
9233,BPO27
9234,BPOA7
9235,BPOB7
9236,BPOC7
9237,BPOD7
9240,TZX26
9242,TZX28
9243,BPJ25
9244,TZX25
9246,TZV26
9247,BPY26
9248,TZXD5
9249,TZXD6
9250,TZXD7
92513,SF27D
9257,TZXM6
92587,"BONO PROV. NEUQUEN REGS 7,5% 27/04/2025"
92616,CO27D
9263,BONO TESORO NAC AJ CER V31/03/25 $ CG
9264,TZXM7
9265,LT REP ARGENTINA CAP V12/07/24 $ CG
92783,CAC2O
9282,BONO TESORO NACIONAL V15/12/25 U$S CG
92902,TSC2O
9312,BONO TESORO NACION AJ CER V31/10/25 $ CG
9313,TZXO6
9318,T30J6
9319,TTM26
9320,TTJ26
9321,TTS26
9323,TTD26
9331,BONO REP ARG. AJUST 1.80% V.09/11/25 $CG
9334,TY30P
9335,BPO28
9337,LT REP ARG V. AL U$S 0 CUPON V.31/10/25
9342,M16E6
9349,BPOA8
9350,BPOB8
9352,D30A6
9353,LET. TES. NAC. V. USD CERO C. 28/11/25
9354,LETRA TESORO NACIONAL VINC. USD CERO CUPON 30/01/26 USD
9355,S30O6
9356,T30A7
9366,AN29
9371,LETRA TESORO NACIONAL AJUSTABLE CER A DESCUENTO 30/11/26 $
9372,BONO TESORO NACIONAL CERO CUPON AJUSTABLE CER 31/05/27 $
9380,BONO TES. NAC. TAMAR 26/02/27
9383,TZV27
9385,BONO TESORO NACIONAL 6% 29/10/27 USD
9391,B. TES. NAC. CERO CUPON AJ. CER 30/09/27
9392,B. TES. NAC. CERO CUPON AJ. CER 29/09/28
9393,BONO TESORO NACIONAL VINC. USD CERO CUPON 30/06/28 USD
9396,BONO TESORO NAC. 6% 31/10/28
9398,BONO TESORO NACIONAL CERO CUPON AJUSTABLE CER 31/03/28 $
9399,BONO TESORO NACIONAL CERO CUPON AJUSTABLE CER 28/03/29 $
9403,BONO TESORO NACIONAL TAMAR 31/08/28 $
9404,BONO TESORO NACIONAL TASA DUAL CER/TAMAR 29/06/29 $
9405,TXMJ8
9406,LETRA TESORO NACIONAL CAPITALIZABLE 15/09/26 $
9410,LETRA TESORO NACIONAL VINC. USD CERO CUPON 31/03/27 USD
9413,BONO TESORO NACIONAL TASA DUAL CER/TAMAR 15/12/28 $
9415,BONO TESORO NACIONAL TASA DUAL CER/TAMAR 28/06/30 $
95610,YMCHO
95611,YMCJO
95612,YMCIO
95806,PNDCO
96504,RCCJO
32879,BDC24
42538,PBY24
42660,BGM24
42678,XBE24
42849,LT PCIA BS AS CAP V22/05/25 $ CG
42894,LT PCIA BSAS AJ CER DESC. V24/07/25 $ CG
42909,LT MUN. DE CORDOBA S.52 V28/11/25 $ CG
42914,PBA26
42929,BU4J6
42940,LT PCIA BSAS CAPIT 91 DS V.23/10/25 $ CG
42949,LT PCIA BSAS A DESC 91 DS V.18/12/25 $ CG
42984,LT PROV. BUENOS AIRES AJUSTABLE CER 24/09/26
42995,LT PROV. BUENOS AIRES A DESCUENTO 19/03/26 $
43037,LT. PROV. BS AS AJ CER 24/09/26 $
56786,MGCGO
57108,OLC2O
57192,ON TECPETROL S. 6 VTO13/01/25 $ CG
57539,CS43O
58700,ON CREDICUOT CONS S.14 V06/12/25 U$S CG
5949,X16G2-LETRA DEL TESORO NACIONAL EN PESOS AJUSTADA POR CER A DESCUENTO VENCIMIENTO 16 DE AGOSTO DE 2022
5969,X21O2-LETRA DEL TESORO NACIONAL EN PESOS AJUSTADA POR CER A DESCUENTO VENCIMIENTO 21 DE OCTUBRE DE 2022
9105,X20E3-LETRA DEL TESORO NACIONAL EN PESOS AJUSTADA POR CER A DESCUENTO CON VENCIMIENTO 20 DE ENERO DE 2023
9111,X17F3-LETRA DEL TESORO NACIONAL EN PESOS AJUSTADA POR CER A DESCUENTO CON VENCIMIENTO 17 DE FEBRERO DE 2023
9112,X16D2- LETRA DEL TESORO NACIONAL EN PESOS AJUSTADA POR CER A DESCUENTO VENCIMIENTO 16 DE DICIEMBRE DE 2022
9118,X21A3
9127,X19Y3- LETRA DEL TESORO NACIONAL EN PESOS AJUSTADA POR CER A DESCUENTO VENCIMIENTO 19 DE MAYO DE 2023
9146,TDL23
9152,X16J3
9155,X18S3 - LETRA DEL TESORO NACIONAL EN PESOS AJUSTADA POR CER A DESCUENTO CON VENCIMIENTO 18 DE SEPTIEMBRE DE 2023
9182,X18L3
9194,X18O3 - LETRA DEL TESORO NACIONAL EN PESOS AJUSTADA POR CER A DESCUENTO CON VENCIMIENTO 18 DE OCTUBRE DE 2023
9197,X23N3
9200,T5X4
9209,X20F4
9221,X18E4-LETRA DEL TESORO NACIONAL EN PESOS AJUSTADA POR CER A DESCUENTO CON VENCIMIENTO 18 DE ENERO DE 2024
9239,X20Y4
9241,TZX27
9245,BONO TESORO NACIONAL 30/06/25 U$S CG
9253,LT REP ARGENTINA CAP $ V28/02/25
9258,LT REP ARGENTINA CAP $ V14/06/24
9260,LT REP ARGENTINA CAP $ V01/07/24
9261,LT REP ARGENTINA CAP $ V26/07/24
9262,LT REP ARGENTINA CAP $ V30/08/24
9266,LECAP VTO. 16AGO24
9267,Letras del Tesoro Nacional capitalizables en pesos Vto. 13/09/24
9268,LECAP VTO. 30SEP24 (S30S4 - NUEVA)
9281,LECAP VTO. 13DIC24
9283,S17E5
9288,LT REP ARGENTINA CAP V18/06/25 $ CG
9293,LECAP VTO 11NOV24
9295,LECAP VTO 30JUN25
9296,LECAP VTO 29AGO25
9297,LETRAS DEL TESORO CAP $ 14/02/25
9298,LETRAS DEL TESORO CAP $ V 14/03/25
9299,LETRAS DEL TESORO CAP $ V 16/04/25
9300,Letra del Tesoro Nacional capitalizable en pesos Vto. 16/05/25
9301,Letra del Tesoro Nacional capitalizable en pesos Vto. 12/09/25
9302,LETRAS DEL TESORO CAP $ V 31/10/24
9303,LETRAS DEL TESORO CAP $ V28/04/25
9304,LETRAS DEL TESORO CAP $ V30/05/25
9305,LETRAS DEL TESORO CAP $ V31/07/25
9306,S30S5
9308,S15G5
9309,T17O5
9310,T15D5
9311,TZXY5
9314,T13F6
9315,S31O5
9316,T30E6
9324,S10N5
9325,T15E7
9326,S28N5
9327,D16E6
9330,M31L5
9332,M30A6
9333,S29Y6
9336,S10L5
9340,S16E6
9341,M10N5
9346,S27F6
9351,S30A6
9357,S31G6
9363,X29Y6
9367,S17A6
9368,S30N6
9370,T31Y7
9373,BONO TESORO NACIONAL CAPITALIZABLE 30/06/27 $
9374,LETRA TESORO NACIONAL VINC. USD CERO CUPON 27/02/26 USD
9377,LETRA TESORO NACIONAL CAPITALIZABLE 16/03/26 $
9378,LETRA TESORO NACIONAL CAPITALIZABLE 31/07/26 $
9379,L. T. NAC. AJ. CER A DES. 31/07/26
9382,L. TES. NAC. AJ. CER A DESC. 15/05/26 $
9386,S15Y6
9387,LETRA TESORO NACIONAL CAPITALIZABLE 30/09/26 $
9388,LECER VTO 30/09/2026
9389,L.T NA VINC USD CERO CUPON 30/09/26 USD
9390,L. TES. NAC. CAP. $ 17/07/26
9400,LETRA TESORO NACIONAL CAPITALIZABLE 14/08/26 $
9402,LETRA TESORO NACIONAL CAPITALIZABLE 12/06/26 $
9407,LETRA TESORO NACIONAL VINC. USD CERO CUPON 31/07/26 USD
no usar 9111,LETRA DEL TESORO NACIONAL EN PESOS AJUSTADA POR CER A DESCUENTO CON VENCIMIENTO 17 DE FEBRERO DE 2023
1443,DERECHOS SUSCRIPCION FIPLASTO
*ACI020100097,*ACI020100097
*ACI020100103,*ACI020100103
*ACI050300108,*ACI050300108
*ACI050400129,*ACI050400129
*ACI050500186,*ACI050500186
*ACI050900116,*ACI050900116
*ACI071100114,*ACI071100114
*ACI080400084,*ACI080400084
*ACI091000063,*ACI091000063
*ACI100600109,*ACI100600109
*ACI100600110,*ACI100600110
*ACI100600111,*ACI100600111
*ACI100600112,*ACI100600112
*ACI100600113,*ACI100600113
*ACI100600114,*ACI100600114
*ACI100600115,*ACI100600115
*ACI120300125,*ACI120300125
*ACI120400226,*ACI120400226
*ACI120500189,*ACI120500189
*ACI151100354,*ACI151100354
*ACI190500166,*ACI190500166
*ACI190500167,*ACI190500167
*ACI190500168,*ACI190500168
*ACI190500169,*ACI190500169
*ACI190500170,*ACI190500170
*ACI190500171,*ACI190500171
*ACI240200105,*ACI240200105
*ACI240300034,*ACI240300034
*ACI240300035,*ACI240300035
*ACI240300036,*ACI240300036
*ACI240300037,*ACI240300037
*ACI240400164,*ACI240400164
*ACI250300289,*ACI250300289
*ACI290300144,*ACI290300144
*ARP100200207,*ARP100200207
*ARP100600244,*ARP100600244
*ARP110400156,*ARP110400156
*ARP121200166,*ARP121200166
*ARP150400332,*ARP150400332
*ARP150500279,*ARP150500279
*ARP150600222,*ARP150600222
*ARP160100156,*ARP160100156
*ARP200600295,*ARP200600295
*ARP210200156,*ARP210200156
*ARP220800213,*ARP220800213
*ARP230400203,*ARP230400203
*ARP230400204,*ARP230400204
*ARP250600254,*ARP250600254
*ARP260200157,*ARP260200157
*ARP261200137,*ARP261200137
*ARP261200139,*ARP261200139
*ARP280400252,*ARP280400252
*ARP280400253,*ARP280400253
*ARP290800153,*ARP290800153
*ARP290800154,*ARP290800154
*ARP291200106,*ARP291200106
*ARP300300211,*ARP300300211
*ARP300400448,*ARP300400448
*ARP300500130,*ARP300500130
*ARP300600446,*ARP300600446
*ARP300700172,*ARP300700172
*ARP300700181,*ARP300700181
*ARP300700182,*ARP300700182
*ARP300700183,*ARP300700183
*ARP300800165,*ARP300800165
*ARP301100383,*ARP301100383
*ARP310700222,*ARP310700222
*BIN010400047,*BIN010400047
*BIN010400048,*BIN010400048
*BIN010400049,*BIN010400049
*BIN010400050,*BIN010400050
*BIN010400051,*BIN010400051
*BIN010400052,*BIN010400052
*BIN010700059,*BIN010700059
*BIN011200039,*BIN011200039
*BIN021200013,*BIN021200013
*BIN021200014,*BIN021200014
*BIN021200025,*BIN021200025
*BIN041200012,*BIN041200012
*BIN050400049,*BIN050400049
*BIN050400055,*BIN050400055
*BIN050600050,*BIN050600050
*BIN060200011,*BIN060200011
*BIN060600036,*BIN060600036
*BIN061100009,*BIN061100009
*BIN061100016,*BIN061100016
*BIN061200025,*BIN061200025
*BIN070100014,*BIN070100014
*BIN070400028,*BIN070400028
*BIN070600052,*BIN070600052
*BIN080100007,*BIN080100007
*BIN080300037,*BIN080300037
*BIN080500034,*BIN080500034
*BIN080500035,*BIN080500035
*BIN090100010,*BIN090100010
*BIN100100040,*BIN100100040
*BIN100100045,*BIN100100045
*BIN100600066,*BIN100600066
*BIN101200035,*BIN101200035
*BIN110600050,*BIN110600050
*BIN111200024,*BIN111200024
*BIN120100026,*BIN120100026
*BIN120100036,*BIN120100036
*BIN120200029,*BIN120200029
*BIN120300013,*BIN120300013
*BIN120400050,*BIN120400050
*BIN120400066,*BIN120400066
*BIN120500029,*BIN120500029
*BIN120600051,*BIN120600051
*BIN130200008,*BIN130200008
*BIN150100057,*BIN150100057
*BIN150200062,*BIN150200062
*BIN150200063,*BIN150200063
*BIN150200064,*BIN150200064
*BIN150200065,*BIN150200065
*BIN150200066,*BIN150200066
*BIN150200067,*BIN150200067
*BIN150200068,*BIN150200068
*BIN150200069,*BIN150200069
*BIN150200070,*BIN150200070
*BIN150200071,*BIN150200071
*BIN150200076,*BIN150200076
*BIN150300048,*BIN150300048
*BIN150400066,*BIN150400066
*BIN150400070,*BIN150400070
*BIN150500036,*BIN150500036
*BIN150600084,*BIN150600084
*BIN150900047,*BIN150900047
*BIN151000055,*BIN151000055
*BIN151100033,*BIN151100033
*BIN151100042,*BIN151100042
*BIN151200084,*BIN151200084
*BIN151200102,*BIN151200102
*BIN151200103,*BIN151200103
*BIN151200104,*BIN151200104
*BIN151200108,*BIN151200108
*BIN161200037,*BIN161200037
*BIN161200038,*BIN161200038
*BIN161200039,*BIN161200039
*BIN181200027,*BIN181200027
*BIN190200040,*BIN190200040
*BIN191200036,*BIN191200036
*BIN200200041,*BIN200200041
*BIN200200043,*BIN200200043
*BIN200400069,*BIN200400069
*BIN200400079,*BIN200400079
*BIN200700046,*BIN200700046
*BIN200800037,*BIN200800037
*BIN200900028,*BIN200900028
*BIN201000046,*BIN201000046
*BIN201100026,*BIN201100026
*BIN201200066,*BIN201200066
*BIN201200067,*BIN201200067
*BIN210300037,*BIN210300037
*BIN220500041,*BIN220500041
*BIN221100017,*BIN221100017
*BIN230200035,*BIN230200035
*BIN230500044,*BIN230500044
*BIN240300016,*BIN240300016
*BIN240300017,*BIN240300017
*BIN240300018,*BIN240300018
*BIN240300036,*BIN240300036
*BIN240500037,*BIN240500037
*BIN240500047,*BIN240500047
*BIN240700020,*BIN240700020
*BIN250400046,*BIN250400046
*BIN250500024,*BIN250500024
*BIN250600059,*BIN250600059
*BIN250600068,*BIN250600068
*BIN250700026,*BIN250700026
*BIN250900020,*BIN250900020
*BIN260100029,*BIN260100029
*BIN260300023,*BIN260300023
*BIN260400049,*BIN260400049
*BIN270400037,*BIN270400037
*BIN270700032,*BIN270700032
*BIN270900021,*BIN270900021
*BIN280200046,*BIN280200046
*BIN280200047,*BIN280200047
*BIN280200048,*BIN280200048
*BIN280200049,*BIN280200049
*BIN280200050,*BIN280200050
*BIN280200051,*BIN280200051
*BIN280200052,*BIN280200052
*BIN280200053,*BIN280200053
*BIN280200068,*BIN280200068
*BIN280300031,*BIN280300031
*BIN280500070,*BIN280500070
*BIN280600066,*BIN280600066
*BIN280700040,*BIN280700040
*BIN280900033,*BIN280900033
*BIN281000025,*BIN281000025
*BIN281200052,*BIN281200052
*BIN290300032,*BIN290300032
*BIN290300033,*BIN290300033
*BIN290300034,*BIN290300034
*BIN290400055,*BIN290400055
*BIN290500070,*BIN290500070
*BIN291200025,*BIN291200025
*BIN291200046,*BIN291200046
*BIN291200047,*BIN291200047
*BIN291200089,*BIN291200089
*BIN291200108,*BIN291200108
*BIN300400149,*BIN300400149
*BIN300500091,*BIN300500091
*BIN300500093,*BIN300500093
*BIN300600199,*BIN300600199
*BIN300900065,*BIN300900065
*BIN301200073,*BIN301200073
*BIN301200074,*BIN301200074
*BIN301200075,*BIN301200075
*BIN301200076,*BIN301200076
*BIN301200077,*BIN301200077
*BIN301200078,*BIN301200078
*BIN310500301,*BIN310500301
*BIN310500305,*BIN310500305
*BIN310700092,*BIN310700092
*BIN310800079,*BIN310800079
*BIN310800081,*BIN310800081
*BMA010600022,*BMA010600022
*BMA020600009,*BMA020600009
*BMA020600011,*BMA020600011
*BMA020600012,*BMA020600012
*BMA030700002,*BMA030700002
*BMA040700005,*BMA040700005
*BMA040700006,*BMA040700006
*BMA050600019,*BMA050600019
*BMA050600020,*BMA050600020
*BMA050700015,*BMA050700015
*BMA060700010,*BMA060700010
*BMA070600024,*BMA070600024
*BMA080600012,*BMA080600012
*BMA090600028,*BMA090600028
*BMA130600022,*BMA130600022
*BMA160600013,*BMA160600013
*BMA160600014,*BMA160600014
*BMA170600008,*BMA170600008
*BMA170600009,*BMA170600009
*BMA170600010,*BMA170600010
*BMA170600011,*BMA170600011
*BMA170600012,*BMA170600012
*BMA190500008,*BMA190500008
*BMA190500009,*BMA190500009
*BMA190500010,*BMA190500010
*BMA190500011,*BMA190500011
*BMA190600007,*BMA190600007
*BMA230600014,*BMA230600014
*BMA260500022,*BMA260500022
*BMA260500023,*BMA260500023
*BMA270500015,*BMA270500015
*BMA270600005,*BMA270600005
*BMA270600006,*BMA270600006
*BMA290500013,*BMA290500013
*BMA300500049,*BMA300500049
*BMA300600074,*BMA300600074
*BMA300600075,*BMA300600075
*BMA300600076,*BMA300600076
*BMA310500200,*BMA310500200
*BMA310500201,*BMA310500201
*BMA310500202,*BMA310500202
*BMA310500203,*BMA310500203
*BMA310500204,*BMA310500204
*BMA310500205,*BMA310500205
*BMA310500206,*BMA310500206
*BMA310500207,*BMA310500207
*BMA310500208,*BMA310500208
*BMA310500209,*BMA310500209
*COI100500001,*COI100500001
#COV250950001,#COV250950001
*CUY050500019,*CUY050500019
*CUY050500020,*CUY050500020
*CUY050800029,*CUY050800029
*CUY050800030,*CUY050800030
*CUY060800020,*CUY060800020
*CUY060800021,*CUY060800021
*CUY070800039,*CUY070800039
*CUY070800040,*CUY070800040
*CUY090600016,*CUY090600016
*CUY090600017,*CUY090600017
*CUY100800025,*CUY100800025
*CUY100800026,*CUY100800026
*CUY110600017,*CUY110600017
*CUY110800028,*CUY110800028
*CUY110800029,*CUY110800029
*CUY130400015,*CUY130400015
*CUY130600014,*CUY130600014
*CUY130600015,*CUY130600015
*CUY140400020,*CUY140400020
*CUY150100024,*CUY150100024
*CUY150400034,*CUY150400034
*CUY160100012,*CUY160100012
*CUY160400028,*CUY160400028
*CUY170400017,*CUY170400017
*CUY200100029,*CUY200100029
*CUY200400029,*CUY200400029
*CUY210100017,*CUY210100017
*CUY210400029,*CUY210400029
*CUY220100022,*CUY220100022
*CUY220400034,*CUY220400034
*CUY230100017,*CUY230100017
*CUY230400027,*CUY230400027
*CUY240400016,*CUY240400016
*CUY250300035,*CUY250300035
*CUY250500008,*CUY250500008
*CUY260100031,*CUY260100031
*CUY270100031,*CUY270100031
*CUY270400021,*CUY270400021
*CUY280400019,*CUY280400019
*CUY290400028,*CUY290400028
*CUY300400033,*CUY300400033
*CVA010800006,*CVA010800006
*CVA011000001,*CVA011000001
*CVA011100007,*CVA011100007
*CVA011200001,*CVA011200001
*CVA020600002,*CVA020600002
*CVA040600002,*CVA040600002
*CVA050900004,*CVA050900004
*CVA051200003,*CVA051200003
*CVA051200011,*CVA051200011
*CVA060500007,*CVA060500007
*CVA060800007,*CVA060800007
*CVA070200001,*CVA070200001
*CVA070200002,*CVA070200002
*CVA071000005,*CVA071000005
*CVA080200001,*CVA080200001
*CVA100700007,*CVA100700007
*CVA110800015,*CVA110800015
*CVA120600002,*CVA120600002
*CVA130200001,*CVA130200001
*CVA130500007,*CVA130500007
*CVA150500013,*CVA150500013
*CVA160200004,*CVA160200004
*CVA160600004,*CVA160600004
*CVA160800011,*CVA160800011
*CVA190600008,*CVA190600008
*CVA200200005,*CVA200200005
*CVA200400013,*CVA200400013
*CVA210400013,*CVA210400013
*CVA220500003,*CVA220500003
*CVA220600007,*CVA220600007
*CVA220700011,*CVA220700011
*CVA230500012,*CVA230500012
*CVA230900003,*CVA230900003
*CVA231100004,*CVA231100004
*CVA231200006,*CVA231200006
*CVA240200004,*CVA240200004
*CVA250200005,*CVA250200005
*CVA261200007,*CVA261200007
*CVA270300011,*CVA270300011
*CVA270700010,*CVA270700010
*CVA271200013,*CVA271200013
*CVA280200014,*CVA280200014
*CVA280400005,*CVA280400005
*CVA291100010,*CVA291100010
*CVA291200005,*CVA291200005
*CVA291200006,*CVA291200006
*CVA291200041,*CVA291200041
*CVA300500015,*CVA300500015
*CVA300700004,*CVA300700004
*CVA300700005,*CVA300700005
*CVA300900013,*CVA300900013
*CVA301200006,*CVA301200006
*CVA310100006,*CVA310100006
*CVA310100007,*CVA310100007
*CVA310100011,*CVA310100011
*CVA310300012,*CVA310300012
*CVA310300013,*CVA310300013
*CVA310300016,*CVA310300016
*CVA311000011,*CVA311000011
*CVA311200019,*CVA311200019
*FDE020300016,*FDE020300016
*FDE030300020,*FDE030300020
*FDE040300016,*FDE040300016
*FDE160600026,*FDE160600026
*FDE160600027,*FDE160600027
*FDE180600023,*FDE180600023
*FDE180600024,*FDE180600024
*FDE180800026,*FDE180800026
*FDE180800027,*FDE180800027
*FDE190800029,*FDE190800029
*FDE190800030,*FDE190800030
*FDE200600029,*FDE200600029
*FDE200600030,*FDE200600030
*FDE230200020,*FDE230200020
*FDE240200032,*FDE240200032
*FDE250200038,*FDE250200038
*FDE260200022,*FDE260200022
*FDE270200028,*FDE270200028
*FID171100027,*FID171100027
*GAR010900334,*GAR010900334
*GAR011000312,*GAR011000312
*GAR011100217,*GAR011100217
*GAR020400155,*GAR020400155
*GAR020900292,*GAR020900292
*GAR020900293,*GAR020900293
*GAR020900294,*GAR020900294
*GAR021000198,*GAR021000198
*GAR021000224,*GAR021000224
*GAR021000225,*GAR021000225
*GAR021000226,*GAR021000226
*GAR030100184,*GAR030100184
*GAR030100185,*GAR030100185
*GAR030100186,*GAR030100186
*GAR030100209,*GAR030100209
*GAR030200163,*GAR030200163
*GAR030200164,*GAR030200164
*GAR030200165,*GAR030200165
*GAR030200166,*GAR030200166
*GAR030200167,*GAR030200167
*GAR030200168,*GAR030200168
*GAR030300193,*GAR030300193
*GAR030700245,*GAR030700245
*GAR040300194,*GAR040300194
*GAR050300234,*GAR050300234
*GAR050900314,*GAR050900314
*GAR051000259,*GAR051000259
*GAR060200140,*GAR060200140
*GAR060200141,*GAR060200141
*GAR060300154,*GAR060300154
*GAR060700211,*GAR060700211
*GAR060800293,*GAR060800293
*GAR070200164,*GAR070200164
*GAR070200174,*GAR070200174
*GAR070200175,*GAR070200175
*GAR070300136,*GAR070300136
*GAR070700306,*GAR070700306
*GAR080100206,*GAR080100206
*GAR080500244,*GAR080500244
*GAR080900239,*GAR080900239
*GAR080900240,*GAR080900240
*GAR081100218,*GAR081100218
*GAR081200137,*GAR081200137
*GAR091000206,*GAR091000206
*GAR091000207,*GAR091000207
*GAR091000208,*GAR091000208
*GAR091000209,*GAR091000209
*GAR091200207,*GAR091200207
*GAR100200379,*GAR100200379
*GAR100200380,*GAR100200380
*GAR100600550,*GAR100600550
*GAR110200152,*GAR110200152
*GAR110200153,*GAR110200153
*GAR110700283,*GAR110700283
*GAR110700284,*GAR110700284
*GAR110700299,*GAR110700299
*GAR110700300,*GAR110700300
*GAR110700301,*GAR110700301
*GAR110700302,*GAR110700302
*GAR110700303,*GAR110700303
*GAR120200252,*GAR120200252
*GAR120200253,*GAR120200253
*GAR120500275,*GAR120500275
*GAR121200188,*GAR121200188
*GAR130200160,*GAR130200160
*GAR130200161,*GAR130200161
*GAR130300172,*GAR130300172
*GAR130600307,*GAR130600307
*GAR130700302,*GAR130700302
*GAR130700303,*GAR130700303
*GAR130700304,*GAR130700304
*GAR130700305,*GAR130700305
*GAR130700306,*GAR130700306
*GAR140200280,*GAR140200280
*GAR140200281,*GAR140200281
*GAR140200287,*GAR140200287
*GAR140300258,*GAR140300258
*GAR140700289,*GAR140700289
*GAR140900278,*GAR140900278
*GAR150200467,*GAR150200467
*GAR150700605,*GAR150700605
*GAR150700606,*GAR150700606
*GAR150700607,*GAR150700607
*GAR150700608,*GAR150700608
*GAR150700609,*GAR150700609
*GAR150700610,*GAR150700610
*GAR160100219,*GAR160100219
*GAR170200225,*GAR170200225
*GAR170200227,*GAR170200227
*GAR170200245,*GAR170200245
*GAR170300174,*GAR170300174
*GAR170300186,*GAR170300186
*GAR170400204,*GAR170400204
*GAR170500306,*GAR170500306
*GAR170600251,*GAR170600251
*GAR170700270,*GAR170700270
*GAR170900228,*GAR170900228
*GAR171000186,*GAR171000186
*GAR180200206,*GAR180200206
*GAR180200210,*GAR180200210
*GAR180300270,*GAR180300270
*GAR180700260,*GAR180700260
*GAR180700261,*GAR180700261
*GAR180800253,*GAR180800253
*GAR180900347,*GAR180900347
*GAR190200243,*GAR190200243
*GAR190200247,*GAR190200247
*GAR190300246,*GAR190300246
*GAR191200191,*GAR191200191
*GAR200200322,*GAR200200322
*GAR200200329,*GAR200200329
*GAR200600449,*GAR200600449
*GAR201100336,*GAR201100336
*GAR201100337,*GAR201100337
*GAR201100385,*GAR201100385
*GAR210100232,*GAR210100232
*GAR210200190,*GAR210200190
*GAR210200201,*GAR210200201
*GAR210200205,*GAR210200205
*GAR210700303,*GAR210700303
*GAR220800342,*GAR220800342
*GAR220900316,*GAR220900316
*GAR221000222,*GAR221000222
*GAR221000251,*GAR221000251
*GAR221100249,*GAR221100249
*GAR221200271,*GAR221200271
*GAR230100199,*GAR230100199
*GAR230100248,*GAR230100248
*GAR231000250,*GAR231000250
*GAR240200299,*GAR240200299
*GAR240600285,*GAR240600285
*GAR241200167,*GAR241200167
*GAR250200292,*GAR250200292
*GAR250900324,*GAR250900324
*GAR250900370,*GAR250900370
*GAR251000331,*GAR251000331
*GAR251100275,*GAR251100275
*GAR251100298,*GAR251100298
*GAR260200387,*GAR260200387
*GAR260300265,*GAR260300265
*GAR260700263,*GAR260700263
*GAR260800354,*GAR260800354
*GAR270200214,*GAR270200214
*GAR270600313,*GAR270600313
*GAR270800357,*GAR270800357
*GAR271100208,*GAR271100208
*GAR280200603,*GAR280200603
*GAR280700371,*GAR280700371
*GAR290100357,*GAR290100357
*GAR290800236,*GAR290800236
*GAR300601213,*GAR300601213
*GAR301000387,*GAR301000387
*GAR301200575,*GAR301200575
*GAR311200457,*GAR311200457
*GAR311200458,*GAR311200458
*GAR311200459,*GAR311200459
*MAV010600317,*MAV010600317
*MAV011100395,*MAV011100395
*MAV011200435,*MAV011200435
*MAV011200441,*MAV011200441
*MAV011200447,*MAV011200447
*MAV011200451,*MAV011200451
*MAV011200519,*MAV011200519
*MAV011200520,*MAV011200520
*MAV011200521,*MAV011200521
*MAV011200522,*MAV011200522
*MAV011200523,*MAV011200523
*MAV011200524,*MAV011200524
*MAV011200525,*MAV011200525
*MAV011200526,*MAV011200526
*MAV011200527,*MAV011200527
*MAV011200528,*MAV011200528
*MAV011200531,*MAV011200531
*MAV011200532,*MAV011200532
*MAV011200533,*MAV011200533
*MAV011200534,*MAV011200534
*MAV011200535,*MAV011200535
*MAV011200536,*MAV011200536
*MAV011200537,*MAV011200537
*MAV011200538,*MAV011200538
*MAV011200539,*MAV011200539
*MAV011200540,*MAV011200540
*MAV011200541,*MAV011200541
*MAV011200542,*MAV011200542
*MAV011200543,*MAV011200543
*MAV011200544,*MAV011200544
*MAV011200545,*MAV011200545
*MAV011200546,*MAV011200546
*MAV011200547,*MAV011200547
*MAV011200548,*MAV011200548
*MAV011200549,*MAV011200549
*MAV011200550,*MAV011200550
*MAV011200551,*MAV011200551
*MAV011200553,*MAV011200553
*MAV011200554,*MAV011200554
*MAV011200555,*MAV011200555
*MAV011200556,*MAV011200556
*MAV020100242,*MAV020100242
*MAV020100243,*MAV020100243
*MAV020100244,*MAV020100244
*MAV020100245,*MAV020100245
*MAV020100246,*MAV020100246
*MAV020100247,*MAV020100247
*MAV020100248,*MAV020100248
*MAV020100249,*MAV020100249
*MAV020100250,*MAV020100250
*MAV020100251,*MAV020100251
*MAV020100252,*MAV020100252
*MAV020100253,*MAV020100253
*MAV020100254,*MAV020100254
*MAV020100255,*MAV020100255
*MAV020100765,*MAV020100765
*MAV021100442,*MAV021100442
*MAV030200954,*MAV030200954
*MAV030600348,*MAV030600348
*MAV030600350,*MAV030600350
*MAV030600356,*MAV030600356
*MAV031100464,*MAV031100464
*MAV040300812,*MAV040300812
*MAV040400360,*MAV040400360
*MAV040600230,*MAV040600230
*MAV040600236,*MAV040600236
*MAV041100408,*MAV041100408
*MAV050400416,*MAV050400416
#MAV050550072,#MAV050550072
*MAV050600493,*MAV050600493
*MAV050600494,*MAV050600494
*MAV050600499,*MAV050600499
*MAV060600255,*MAV060600255
*MAV060600514,*MAV060600514
*MAV060600518,*MAV060600518
*MAV061000994,*MAV061000994
*MAV061000995,*MAV061000995
*MAV061100139,*MAV061100139
#MAV061140075,#MAV061140075
#MAV061240061,#MAV061240061
*MAV070600625,*MAV070600625
*MAV070600627,*MAV070600627
*MAV071000928,*MAV071000928
*MAV071000929,*MAV071000929
*MAV071200438,*MAV071200438
*MAV080400307,*MAV080400307
*MAV081000802,*MAV081000802
*MAV081000803,*MAV081000803
*MAV090100780,*MAV090100780
*MAV090400161,*MAV090400161
*MAV091000903,*MAV091000903
*MAV091000904,*MAV091000904
*MAV100201361,*MAV100201361
*MAV100600368,*MAV100600368
*MAV100600541,*MAV100600541
*MAV100600542,*MAV100600542
*MAV100600549,*MAV100600549
*MAV101001070,*MAV101001070
*MAV101001071,*MAV101001071
#MAV110350081,#MAV110350081
*MAV110600300,*MAV110600300
*MAV110600302,*MAV110600302
*MAV111200369,*MAV111200369
*MAV111200370,*MAV111200370
*MAV111200371,*MAV111200371
*MAV111200394,*MAV111200394
*MAV111200395,*MAV111200395
*MAV111200396,*MAV111200396
*MAV111200397,*MAV111200397
*MAV111200399,*MAV111200399
*MAV111200400,*MAV111200400
*MAV111200401,*MAV111200401
*MAV111200402,*MAV111200402
*MAV120200130,*MAV120200130
*MAV120200675,*MAV120200675
*MAV120300822,*MAV120300822
*MAV120600526,*MAV120600526
*MAV120600527,*MAV120600527
*MAV120600532,*MAV120600532
*MAV121200443,*MAV121200443
*MAV130400564,*MAV130400564
*MAV130400565,*MAV130400565
*MAV130400566,*MAV130400566
*MAV130400567,*MAV130400567
*MAV130400568,*MAV130400568
*MAV130400687,*MAV130400687
*MAV130500459,*MAV130500459
*MAV130600495,*MAV130600495
*MAV130600498,*MAV130600498
*MAV130700779,*MAV130700779
*MAV130700780,*MAV130700780
*MAV131200420,*MAV131200420
*MAV140500211,*MAV140500211
#MAV140550049,#MAV140550049
*MAV140600611,*MAV140600611
*MAV140600615,*MAV140600615
#MAV140830016,#MAV140830016
*MAV141200543,*MAV141200543
*MAV150101185,*MAV150101185
*MAV150301308,*MAV150301308
*MAV150500448,*MAV150500448
#MAV150550093,#MAV150550093
*MAV150600393,*MAV150600393
#MAV150830024,#MAV150830024
*MAV151100506,*MAV151100506
*MAV151100507,*MAV151100507
*MAV151100508,*MAV151100508
*MAV151100509,*MAV151100509
*MAV151200583,*MAV151200583
*MAV151200784,*MAV151200784
*MAV151200785,*MAV151200785
*MAV160500474,*MAV160500474
#MAV160650051,#MAV160650051
*MAV161200434,*MAV161200434
*MAV161200512,*MAV161200512
*MAV170301308,*MAV170301308
#MAV170350064,#MAV170350064
#MAV170830019,#MAV170830019
*MAV171200260,*MAV171200260
*MAV171200314,*MAV171200314
*MAV171200315,*MAV171200315
*MAV171200316,*MAV171200316
*MAV171200317,*MAV171200317
*MAV180300926,*MAV180300926
*MAV181200200,*MAV181200200
*MAV181200211,*MAV181200211
*MAV190300229,*MAV190300229
*MAV190500294,*MAV190500294
*MAV190500295,*MAV190500295
*MAV190500296,*MAV190500296
*MAV190500297,*MAV190500297
*MAV190500298,*MAV190500298
*MAV190500299,*MAV190500299
#MAV190550050,#MAV190550050
#MAV190650058,#MAV190650058
*MAV191200339,*MAV191200339
*MAV191200343,*MAV191200343
*MAV200500612,*MAV200500612
*MAV200500614,*MAV200500614
*MAV200500621,*MAV200500621
#MAV200550106,#MAV200550106
#MAV200550125,#MAV200550125
*MAV201200557,*MAV201200557
*MAV201200560,*MAV201200560
*MAV201200565,*MAV201200565
*MAV201200566,*MAV201200566
*MAV201200580,*MAV201200580
*MAV201200586,*MAV201200586
*MAV201200587,*MAV201200587
*MAV201200588,*MAV201200588
*MAV201200589,*MAV201200589
*MAV201200590,*MAV201200590
*MAV201200591,*MAV201200591
*MAV201200595,*MAV201200595
*MAV201200597,*MAV201200597
*MAV201200598,*MAV201200598
*MAV201200599,*MAV201200599
*MAV201200600,*MAV201200600
*MAV201200623,*MAV201200623
*MAV201200624,*MAV201200624
*MAV201200625,*MAV201200625
*MAV210100816,*MAV210100816
#MAV210150045,#MAV210150045
#MAV210250069,#MAV210250069
*MAV210500380,*MAV210500380
*MAV210500391,*MAV210500391
#MAV210550078,#MAV210550078
#MAV210750108,#MAV210750108
*MAV211200503,*MAV211200503
*MAV211200506,*MAV211200506
*MAV211200523,*MAV211200523
*MAV211200524,*MAV211200524
*MAV211200525,*MAV211200525
*MAV211200526,*MAV211200526
*MAV211200527,*MAV211200527
*MAV211200528,*MAV211200528
*MAV211200529,*MAV211200529
*MAV211200530,*MAV211200530
*MAV211200531,*MAV211200531
*MAV211200532,*MAV211200532
*MAV211200545,*MAV211200545
*MAV211200546,*MAV211200546
*MAV211200547,*MAV211200547
*MAV211200548,*MAV211200548
*MAV211200549,*MAV211200549
*MAV211200550,*MAV211200550
*MAV211200551,*MAV211200551
*MAV211200554,*MAV211200554
*MAV211200555,*MAV211200555
*MAV211200556,*MAV211200556
*MAV211200557,*MAV211200557
*MAV211200558,*MAV211200558
*MAV220300950,*MAV220300950
*MAV220500455,*MAV220500455
*MAV220500456,*MAV220500456
*MAV220500464,*MAV220500464
*MAV221000557,*MAV221000557
*MAV221200363,*MAV221200363
*MAV221200387,*MAV221200387
*MAV221200388,*MAV221200388
*MAV221200389,*MAV221200389
*MAV221200390,*MAV221200390
*MAV221200391,*MAV221200391
*MAV221200417,*MAV221200417
*MAV221200418,*MAV221200418
*MAV221200419,*MAV221200419
*MAV221200420,*MAV221200420
*MAV221200421,*MAV221200421
*MAV221200422,*MAV221200422
*MAV221200423,*MAV221200423
*MAV221200424,*MAV221200424
*MAV221200426,*MAV221200426
*MAV221200427,*MAV221200427
*MAV221200428,*MAV221200428
*MAV221200429,*MAV221200429
*MAV221200430,*MAV221200430
*MAV221200431,*MAV221200431
*MAV221200432,*MAV221200432
#MAV230150075,#MAV230150075
*MAV230500468,*MAV230500468
*MAV230500474,*MAV230500474
#MAV230650029,#MAV230650029
*MAV231200415,*MAV231200415
*MAV231200989,*MAV231200989
*MAV240300779,*MAV240300779
*MAV240500650,*MAV240500650
*MAV240500667,*MAV240500667
#MAV240650111,#MAV240650111
*MAV241100975,*MAV241100975
*MAV241100976,*MAV241100976
#MAV250950038,#MAV250950038
*MAV251101163,*MAV251101163
*MAV251200104,*MAV251200104
*MAV261100792,*MAV261100792
*MAV261100793,*MAV261100793
*MAV261100794,*MAV261100794
*MAV261100795,*MAV261100795
*MAV261100796,*MAV261100796
*MAV261200371,*MAV261200371
*MAV261200372,*MAV261200372
*MAV261200373,*MAV261200373
*MAV261200374,*MAV261200374
*MAV261200375,*MAV261200375
*MAV261200390,*MAV261200390
*MAV261200391,*MAV261200391
*MAV261200392,*MAV261200392
*MAV261200393,*MAV261200393
*MAV261200394,*MAV261200394
*MAV261200395,*MAV261200395
*MAV261200396,*MAV261200396
*MAV261200397,*MAV261200397
*MAV261200404,*MAV261200404
*MAV261200405,*MAV261200405
*MAV261200406,*MAV261200406
*MAV261200407,*MAV261200407
*MAV261200408,*MAV261200408
*MAV261200409,*MAV261200409
*MAV261200410,*MAV261200410
*MAV270100969,*MAV270100969
*MAV270101128,*MAV270101128
#MAV270150022,#MAV270150022
*MAV270500436,*MAV270500436
*MAV270500437,*MAV270500437
*MAV270500469,*MAV270500469
*MAV271100174,*MAV271100174
*MAV271100175,*MAV271100175
*MAV271100176,*MAV271100176
*MAV271100177,*MAV271100177
*MAV271100178,*MAV271100178
*MAV271200391,*MAV271200391
*MAV271200392,*MAV271200392
*MAV271200412,*MAV271200412
*MAV271200421,*MAV271200421
*MAV271200441,*MAV271200441
*MAV271200442,*MAV271200442
*MAV271200443,*MAV271200443
*MAV271200444,*MAV271200444
*MAV271200445,*MAV271200445
*MAV271200470,*MAV271200470
*MAV271200471,*MAV271200471
*MAV271200472,*MAV271200472
*MAV271200473,*MAV271200473
*MAV271200474,*MAV271200474
*MAV271200475,*MAV271200475
*MAV271200476,*MAV271200476
*MAV271200480,*MAV271200480
*MAV271200481,*MAV271200481
*MAV271200482,*MAV271200482
*MAV271200483,*MAV271200483
*MAV271200484,*MAV271200484
*MAV271200485,*MAV271200485
*MAV271200514,*MAV271200514
#MAV271240092,#MAV271240092
#MAV280150066,#MAV280150066
*MAV280200751,*MAV280200751
#MAV280250080,#MAV280250080
#MAV280250081,#MAV280250081
*MAV280500277,*MAV280500277
*MAV280500286,*MAV280500286
*MAV281200459,*MAV281200459
*MAV281200460,*MAV281200460
*MAV281200461,*MAV281200461
*MAV290300914,*MAV290300914
*MAV290500419,*MAV290500419
*MAV290500420,*MAV290500420
*MAV290500432,*MAV290500432
*MAV291100712,*MAV291100712
*MAV291200334,*MAV291200334
*MAV291200335,*MAV291200335
*MAV291200336,*MAV291200336
*MAV291200348,*MAV291200348
*MAV291200370,*MAV291200370
*MAV291200374,*MAV291200374
*MAV291200400,*MAV291200400
*MAV291200423,*MAV291200423
*MAV291200424,*MAV291200424
*MAV291200428,*MAV291200428
*MAV291200429,*MAV291200429
*MAV291200437,*MAV291200437
*MAV291200453,*MAV291200453
*MAV291200470,*MAV291200470
*MAV291200471,*MAV291200471
*MAV300400402,*MAV300400402
*MAV300400403,*MAV300400403
*MAV300400404,*MAV300400404
*MAV300400409,*MAV300400409
*MAV300400734,*MAV300400734
*MAV300500610,*MAV300500610
*MAV300500623,*MAV300500623
*MAV301100645,*MAV301100645
*MAV301100646,*MAV301100646
*MAV301100647,*MAV301100647
*MAV301100648,*MAV301100648
*MAV301100649,*MAV301100649
*MAV301100650,*MAV301100650
*MAV301100651,*MAV301100651
*MAV301100652,*MAV301100652
*MAV301100653,*MAV301100653
*MAV301100654,*MAV301100654
*MAV301100655,*MAV301100655
*MAV301100656,*MAV301100656
*MAV301100657,*MAV301100657
*MAV301100694,*MAV301100694
*MAV301100695,*MAV301100695
*MAV301100696,*MAV301100696
*MAV301100697,*MAV301100697
*MAV301100719,*MAV301100719
*MAV301100720,*MAV301100720
*MAV301100721,*MAV301100721
*MAV301200589,*MAV301200589
*MAV301200591,*MAV301200591
*MAV301200593,*MAV301200593
*MAV301200594,*MAV301200594
#MAV301240067,#MAV301240067
#MAV301240068,#MAV301240068
*MAV310100805,*MAV310100805
*MAV310300663,*MAV310300663
*MAV310301575,*MAV310301575
*MAV310500781,*MAV310500781
*MAV310500789,*MAV310500789
*MAV311000930,*MAV311000930
*MAV311200253,*MAV311200253
*MAV311200254,*MAV311200254
*MAV311200255,*MAV311200255
*MAV311200256,*MAV311200256
*MAV311200257,*MAV311200257
*MAV311200258,*MAV311200258
*MAV311200260,*MAV311200260
*MAV311200261,*MAV311200261
*MAV311200262,*MAV311200262
*MAV311200263,*MAV311200263
*MAV311200264,*MAV311200264
*MAV311200336,*MAV311200336
*NOV020200046,*NOV020200046
*NOV120800050,*NOV120800050
*NOV120800051,*NOV120800051
*NOV130800044,*NOV130800044
*NOV130800045,*NOV130800045
*NOV180200039,*NOV180200039
*NOV200200049,*NOV200200049
*NOV230600040,*NOV230600040
*NOV230600041,*NOV230600041
*NOV280100047,*NOV280100047
*NOV290100033,*NOV290100033
*NOV300100071,*NOV300100071
*POT010900080,*POT010900080
*POT040100034,*POT040100034
*POT050900064,*POT050900064
*POT080900081,*POT080900081
*POT130900063,*POT130900063
*POT151200103,*POT151200103
*POT160900072,*POT160900072
*POT201200071,*POT201200071
*RES250600022,*RES250600022
*RES250600023,*RES250600023
*RES260600019,*RES260600019
*RES260600020,*RES260600020
*RES270600020,*RES270600020
*RES270600021,*RES270600021
*TRD181200015,*TRD181200015
*TRD211200021,*TRD211200021
*TRD221200016,*TRD221200016
#TRD250950001,#TRD250950001
#UAC011040001,#UAC011040001
#UAC011040002,#UAC011040002
#UAC011040003,#UAC011040003
#UAC011040004,#UAC011040004
#UAC011040005,#UAC011040005
#UAC030760002,#UAC030760002
#UAC040560002,#UAC040560002
#UAC051160003,#UAC051160003
#UAC060860002,#UAC060860002
#UAC090670001,#UAC090670001
#UAC130850004,#UAC130850004
#UAC130860002,#UAC130860002
#UAC140570001,#UAC140570001
#UAC140960001,#UAC140960001
#UAC141160001,#UAC141160001
#UAC150170004,#UAC150170004
#UAC150360002,#UAC150360002
#UAC150460005,#UAC150460005
#UAC150460006,#UAC150460006
#UAC151060001,#UAC151060001
#UAC151160003,#UAC151160003
#UAC151260003,#UAC151260003
#UAC160760001,#UAC160760001
#UAC160760002,#UAC160760002
#UAC190740002,#UAC190740002
#UAC190740003,#UAC190740003
#UAC190740004,#UAC190740004
#UAC190740005,#UAC190740005
#UAC190740006,#UAC190740006
#UAC190740007,#UAC190740007
#UAC190740008,#UAC190740008
#UAC190740009,#UAC190740009
#UAC191060001,#UAC191060001
#UAC200560001,#UAC200560001
#UAC200960001,#UAC200960001
#UAC200960002,#UAC200960002
#UAC200960003,#UAC200960003
#UAC201160006,#UAC201160006
#UAC230460002,#UAC230460002
#UAC240370001,#UAC240370001
#UAC251160001,#UAC251160001
#UAC260560001,#UAC260560001
#UAC260640001,#UAC260640001
#UAC260640002,#UAC260640002
#UAC261160001,#UAC261160001
#UAC270740001,#UAC270740001
#UAC280460001,#UAC280460001
#UAC280460002,#UAC280460002
#UAC280460003,#UAC280460003
#UAC300360001,#UAC300360001
#UAC300460002,#UAC300460002
#UAC300460004,#UAC300460004
#UAC300660005,#UAC300660005
#UAC300660008,#UAC300660008
#UAC300760008,#UAC300760008
#UAC300760009,#UAC300760009
#UAC300760010,#UAC300760010
#UAC300760011,#UAC300760011
#UAC300860001,#UAC300860001
#UAC300860002,#UAC300860002
#UAC300860003,#UAC300860003
#UAC300960002,#UAC300960002
#UAC301160004,#UAC301160004
#UAC310370001,#UAC310370001
#UAC310560002,#UAC310560002
#UAC310860001,#UAC310860001
#UAF310350001,#UAF310350001
#UAG100460001,#UAG100460001
#UAG200460001,#UAG200460001
#UAG201260002,#UAG201260002
#UAG270560008,#UAG270560008
#UAG270560012,#UAG270560012
#UAG310360003,#UAG310360003
#UAR030570001,#UAR030570001
#UAR050570001,#UAR050570001
#UAR070570002,#UAR070570002
#UAR080570001,#UAR080570001
#UAR100650010,#UAR100650010
#UAR100860001,#UAR100860001
#UAR120570002,#UAR120570002
#UAR120640002,#UAR120640002
#UAR130570002,#UAR130570002
#UAR160760004,#UAR160760004
#UAR180570002,#UAR180570002
#UAR200460002,#UAR200460002
#UAR210670002,#UAR210670002
#UAR240550007,#UAR240550007
#UAR250860002,#UAR250860002
#UAR280240006,#UAR280240006
#UAR290240003,#UAR290240003
#UAR300460012,#UAR300460012
#UAR300460017,#UAR300460017
#UAR300550012,#UAR300550012
#UAU150850001,#UAU150850001
#UAU180270001,#UAU180270001
#UAU210450004,#UAU210450004
#UAU210750003,#UAU210750003
#UAU260950001,#UAU260950001
#UAU280650002,#UAU280650002
#UAU300550001,#UAU300550001
#UAV121160001,#UAV121160001
#UAV121260001,#UAV121260001
#UAV271160001,#UAV271160001
#UBI010340001,#UBI010340001
#UBI010340002,#UBI010340002
#UBI010750006,#UBI010750006
#UBI020670001,#UBI020670001
#UBI030540002,#UBI030540002
#UBI030650001,#UBI030650001
#UBI030750001,#UBI030750001
#UBI040340001,#UBI040340001
#UBI040340002,#UBI040340002
#UBI040340003,#UBI040340003
#UBI040340004,#UBI040340004
#UBI040640001,#UBI040640001
#UBI040670001,#UBI040670001
#UBI040740001,#UBI040740001
#UBI040740002,#UBI040740002
#UBI050750001,#UBI050750001
#UBI070560001,#UBI070560001
#UBI070640004,#UBI070640004
#UBI070660001,#UBI070660001
#UBI070760001,#UBI070760001
#UBI080740001,#UBI080740001
#UBI080740002,#UBI080740002
#UBI080850001,#UBI080850001
#UBI100170001,#UBI100170001
#UBI100440004,#UBI100440004
#UBI100440005,#UBI100440005
#UBI100640005,#UBI100640005
#UBI100660001,#UBI100660001
#UBI100670001,#UBI100670001
#UBI100740005,#UBI100740005
#UBI100740006,#UBI100740006
#UBI120740001,#UBI120740001
#UBI120740002,#UBI120740002
#UBI130340001,#UBI130340001
#UBI130640002,#UBI130640002
#UBI141150001,#UBI141150001
#UBI150270001,#UBI150270001
#UBI150340001,#UBI150340001
#UBI150460002,#UBI150460002
#UBI150550001,#UBI150550001
#UBI150550002,#UBI150550002
#UBI150560002,#UBI150560002
#UBI150560003,#UBI150560003
#UBI150750002,#UBI150750002
#UBI150750003,#UBI150750003
#UBI150760001,#UBI150760001
#UBI150850001,#UBI150850001
#UBI150850002,#UBI150850002
#UBI150850003,#UBI150850003
#UBI150850005,#UBI150850005
#UBI150950001,#UBI150950001
#UBI151050001,#UBI151050001
#UBI151260002,#UBI151260002
#UBI160640002,#UBI160640002
#UBI170240001,#UBI170240001
#UBI170240002,#UBI170240002
#UBI170240003,#UBI170240003
#UBI170240004,#UBI170240004
#UBI170240005,#UBI170240005
#UBI170250007,#UBI170250007
#UBI170250008,#UBI170250008
#UBI170750001,#UBI170750001
#UBI180170001,#UBI180170001
#UBI180340001,#UBI180340001
#UBI180650006,#UBI180650006
#UBI181040002,#UBI181040002
#UBI181260001,#UBI181260001
#UBI190240001,#UBI190240001
#UBI190240002,#UBI190240002
#UBI190240003,#UBI190240003
#UBI190240004,#UBI190240004
#UBI190240005,#UBI190240005
#UBI190340001,#UBI190340001
#UBI190440001,#UBI190440001
#UBI190440002,#UBI190440002
#UBI190440003,#UBI190440003
#UBI190440004,#UBI190440004
#UBI190440005,#UBI190440005
#UBI190440006,#UBI190440006
#UBI190440007,#UBI190440007
#UBI191230001,#UBI191230001
#UBI200340001,#UBI200340001
#UBI200340002,#UBI200340002
#UBI200340003,#UBI200340003
#UBI200340004,#UBI200340004
#UBI200340005,#UBI200340005
#UBI200340006,#UBI200340006
#UBI200340007,#UBI200340007
#UBI200340008,#UBI200340008
#UBI200340009,#UBI200340009
#UBI200550005,#UBI200550005
#UBI200570001,#UBI200570001
#UBI200640005,#UBI200640005
#UBI200850002,#UBI200850002
#UBI200850003,#UBI200850003
#UBI200950001,#UBI200950001
#UBI200950002,#UBI200950002
#UBI201060001,#UBI201060001
#UBI201260001,#UBI201260001
#UBI210170001,#UBI210170001
#UBI210340001,#UBI210340001
#UBI210560001,#UBI210560001
#UBI211160001,#UBI211160001
#UBI211230001,#UBI211230001
#UBI220170001,#UBI220170001
#UBI220340001,#UBI220340001
#UBI230660001,#UBI230660001
#UBI230960001,#UBI230960001
#UBI240140001,#UBI240140001
#UBI240950001,#UBI240950001
#UBI241050001,#UBI241050001
#UBI250170001,#UBI250170001
#UBI250270001,#UBI250270001
#UBI270640003,#UBI270640003
#UBI270850002,#UBI270850002
#UBI281230003,#UBI281230003
#UBI300440008,#UBI300440008
#UBI300460002,#UBI300460002
#UBI300460003,#UBI300460003
#UBI300460004,#UBI300460004
#UBI300550002,#UBI300550002
#UBI300550003,#UBI300550003
#UBI300550004,#UBI300550004
#UBI300640008,#UBI300640008
#UBI300650009,#UBI300650009
#UBI300650011,#UBI300650011
#UBI300740001,#UBI300740001
#UBI300840002,#UBI300840002
#UBI300950002,#UBI300950002
#UBI300960001,#UBI300960001
#UBI301130002,#UBI301130002
#UBI301130003,#UBI301130003
#UBI301130004,#UBI301130004
#UBI301130005,#UBI301130005
#UBI301150001,#UBI301150001
#UBI301160001,#UBI301160001
#UBI301250001,#UBI301250001
#UBI301250002,#UBI301250002
#UBI301250003,#UBI301250003
#UBI310750008,#UBI310750008
#UBI310750009,#UBI310750009
#UBI310750013,#UBI310750013
#UBI310750014,#UBI310750014
#UBI310750015,#UBI310750015
#UBI310750016,#UBI310750016
#UBI310750017,#UBI310750017
#UBI310750018,#UBI310750018
#UBI310750019,#UBI310750019
#UBI310750020,#UBI310750020
#UBI310840004,#UBI310840004
#UBS040670001,#UBS040670001
#UBS091260001,#UBS091260001
#UBS150660001,#UBS150660001
#UBS281150001,#UBS281150001
#UBS281150002,#UBS281150002
#UBS301060001,#UBS301060001
#UCC010260001,#UCC010260001
#UCC010550001,#UCC010550001
#UCC030740001,#UCC030740001
#UCC040740001,#UCC040740001
#UCC040740002,#UCC040740002
#UCC040740003,#UCC040740003
#UCC040740004,#UCC040740004
#UCC110670001,#UCC110670001
#UCC150550001,#UCC150550001
#UCC150560001,#UCC150560001
#UCC190740001,#UCC190740001
#UCC250560001,#UCC250560001
#UCC270560001,#UCC270560001
#UCC290560001,#UCC290560001
#UCC300450001,#UCC300450001
#UCC300650001,#UCC300650001
#UCC300660001,#UCC300660001
#UCC310550001,#UCC310550001
#UCC310570001,#UCC310570001
#UCE090840009,#UCE090840009
#UCE150550003,#UCE150550003
#UCE150650005,#UCE150650005
#UCE160840001,#UCE160840001
#UCE300450002,#UCE300450002
#UCF130850001,#UCF130850001
#UCF200850002,#UCF200850002
#UCM030460002,#UCM030460002
#UCN110560002,#UCN110560002
#UCN200360001,#UCN200360001
#UCN300460001,#UCN300460001
#UCO010340001,#UCO010340001
#UCO010740001,#UCO010740001
#UCO010830001,#UCO010830001
#UCO010860001,#UCO010860001
#UCO041230001,#UCO041230001
#UCO041230002,#UCO041230002
#UCO041250001,#UCO041250001
#UCO050640001,#UCO050640001
#UCO050640002,#UCO050640002
#UCO050740001,#UCO050740001
#UCO051250001,#UCO051250001
#UCO051250002,#UCO051250002
#UCO060740001,#UCO060740001
#UCO060740002,#UCO060740002
#UCO060940001,#UCO060940001
#UCO061040001,#UCO061040001
#UCO080740001,#UCO080740001
#UCO080840001,#UCO080840001
#UCO090840001,#UCO090840001
#UCO100860001,#UCO100860001
#UCO101260001,#UCO101260001
#UCO110740001,#UCO110740001
#UCO150160001,#UCO150160001
#UCO150460001,#UCO150460001
#UCO150470001,#UCO150470001
#UCO150750001,#UCO150750001
#UCO151260001,#UCO151260001
#UCO160740001,#UCO160740001
#UCO160830001,#UCO160830001
#UCO160830002,#UCO160830002
#UCO161160001,#UCO161160001
#UCO170740001,#UCO170740001
#UCO170740002,#UCO170740002
#UCO170840001,#UCO170840001
#UCO180730002,#UCO180730002
#UCO190860001,#UCO190860001
#UCO200440001,#UCO200440001
#UCO200760001,#UCO200760001
#UCO200760002,#UCO200760002
#UCO200930001,#UCO200930001
#UCO200930002,#UCO200930002
#UCO200930003,#UCO200930003
#UCO200940004,#UCO200940004
#UCO210960001,#UCO210960001
#UCO220750001,#UCO220750001
#UCO230760001,#UCO230760001
#UCO240740001,#UCO240740001
#UCO241260001,#UCO241260001
#UCO260640001,#UCO260640001
#UCO270740001,#UCO270740001
#UCO280860001,#UCO280860001
#UCO280860002,#UCO280860002
#UCO290750001,#UCO290750001
#UCO291260001,#UCO291260001
#UCO300370001,#UCO300370001
#UCO300440001,#UCO300440001
#UCO300460001,#UCO300460001
#UCO300470001,#UCO300470001
#UCO300560001,#UCO300560001
#UCO300740001,#UCO300740001
#UCO300940001,#UCO300940001
#UCO301160001,#UCO301160001
#UCO310350001,#UCO310350001
#UCO310360001,#UCO310360001
#UCO310760001,#UCO310760001
#UCO310760002,#UCO310760002
#UCO310760003,#UCO310760003
#UCO310760004,#UCO310760004
#UCU011260001,#UCU011260001
#UCU151260001,#UCU151260001
#UCU160450001,#UCU160450001
#UCU180450001,#UCU180450001
#UCU180450002,#UCU180450002
#UCU240950001,#UCU240950001
#UCU250740001,#UCU250740001
#UCU250950003,#UCU250950003
#UCU260950001,#UCU260950001
#UCU290950001,#UCU290950001
#UCU310560001,#UCU310560001
#UDO030750003,#UDO030750003
#UDO040660001,#UDO040660001
#UDO070650001,#UDO070650001
#UDO090860001,#UDO090860001
#UDO100660001,#UDO100660001
#UDO101050002,#UDO101050002
#UDO110960002,#UDO110960002
#UDO120860002,#UDO120860002
#UDO130650001,#UDO130650001
#UDO130960001,#UDO130960001
#UDO140650001,#UDO140650001
#UDO140760003,#UDO140760003
#UDO140860007,#UDO140860007
#UDO150550002,#UDO150550002
#UDO150550003,#UDO150550003
#UDO150550004,#UDO150550004
#UDO150560005,#UDO150560005
#UDO150560006,#UDO150560006
#UDO150660002,#UDO150660002
#UDO150660003,#UDO150660003
#UDO150760005,#UDO150760005
#UDO150860005,#UDO150860005
#UDO160650002,#UDO160650002
#UDO170550001,#UDO170550001
#UDO170750004,#UDO170750004
#UDO190470001,#UDO190470001
#UDO190650002,#UDO190650002
#UDO200160001,#UDO200160001
#UDO200450001,#UDO200450001
#UDO200550001,#UDO200550001
#UDO200750002,#UDO200750002
#UDO210550002,#UDO210550002
#UDO210750003,#UDO210750003
#UDO220560001,#UDO220560001
#UDO220560002,#UDO220560002
#UDO220560003,#UDO220560003
#UDO240550001,#UDO240550001
#UDO240550002,#UDO240550002
#UDO240560002,#UDO240560002
#UDO240560003,#UDO240560003
#UDO240750006,#UDO240750006
#UDO241050001,#UDO241050001
#UDO250450001,#UDO250450001
#UDO250650001,#UDO250650001
#UDO250750003,#UDO250750003
#UDO260550001,#UDO260550001
#UDO261250001,#UDO261250001
#UDO270550001,#UDO270550001
#UDO270550002,#UDO270550002
#UDO270550003,#UDO270550003
#UDO270550004,#UDO270550004
#UDO270560001,#UDO270560001
#UDO270560002,#UDO270560002
#UDO280550002,#UDO280550002
#UDO280550003,#UDO280550003
#UDO280550005,#UDO280550005
#UDO280550006,#UDO280550006
#UDO280760005,#UDO280760005
#UDO280860007,#UDO280860007
#UDO280960001,#UDO280960001
#UDO290550001,#UDO290550001
#UDO290550002,#UDO290550002
#UDO290550003,#UDO290550003
#UDO290550004,#UDO290550004
#UDO290560002,#UDO290560002
#UDO290750001,#UDO290750001
#UDO290860001,#UDO290860001
#UDO291260001,#UDO291260001
#UDO300160001,#UDO300160001
#UDO300450001,#UDO300450001
#UDO300450003,#UDO300450003
#UDO300450004,#UDO300450004
#UDO300460002,#UDO300460002
#UDO300550001,#UDO300550001
#UDO300550004,#UDO300550004
#UDO300550006,#UDO300550006
#UDO300550007,#UDO300550007
#UDO300550008,#UDO300550008
#UDO300560001,#UDO300560001
#UDO300560004,#UDO300560004
#UDO300560009,#UDO300560009
#UDO300560010,#UDO300560010
#UDO300560013,#UDO300560013
#UDO300650005,#UDO300650005
#UDO300750005,#UDO300750005
#UDO300750006,#UDO300750006
#UDO300750007,#UDO300750007
#UDO300760006,#UDO300760006
#UDO300850001,#UDO300850001
#UDO310550002,#UDO310550002
#UDO310550003,#UDO310550003
#UDO310550005,#UDO310550005
#UDO310550006,#UDO310550006
#UDO310560004,#UDO310560004
#UDO310560018,#UDO310560018
#UDO310560019,#UDO310560019
#UDO310560022,#UDO310560022
#UDO310560023,#UDO310560023
#UDO310750012,#UDO310750012
#UDO310750013,#UDO310750013
#UDO310750014,#UDO310750014
#UDO310750015,#UDO310750015
#UDO310750016,#UDO310750016
#UDO310750017,#UDO310750017
#UDO310750018,#UDO310750018
#UFE250860001,#UFE250860001
#UFM100450001,#UFM100450001
#UFM100450002,#UFM100450002
#UFM160950001,#UFM160950001
#UFM170450001,#UFM170450001
#UFM170450002,#UFM170450002
#UFM200550001,#UFM200550001
#UFM230550001,#UFM230550001
#UFM250360001,#UFM250360001
#UFM311250001,#UFM311250001
#UFM311250002,#UFM311250002
#UFR011260002,#UFR011260002
#UFR021260001,#UFR021260001
#UFR030540002,#UFR030540002
#UFR040560001,#UFR040560001
#UFR041260001,#UFR041260001
#UFR050560001,#UFR050560001
#UFR090560001,#UFR090560001
#UFR170460001,#UFR170460001
#UFR201250001,#UFR201250001
#UFR210560002,#UFR210560002
#UFR240460001,#UFR240460001
#UFR290460001,#UFR290460001
#UFR290460002,#UFR290460002
#UFR300460003,#UFR300460003
#UFT220660002,#UFT220660002
#UGA010950001,#UGA010950001
#UGA050350001,#UGA050350001
#UGA051060001,#UGA051060001
#UGA060370001,#UGA060370001
#UGA061260001,#UGA061260001
#UGA101060001,#UGA101060001
#UGA110650005,#UGA110650005
#UGA130460001,#UGA130460001
#UGA131050001,#UGA131050001
#UGA180650002,#UGA180650002
#UGA200550005,#UGA200550005
#UGA201160002,#UGA201160002
#UGA210450002,#UGA210450002
#UGA240550003,#UGA240550003
#UGA240560002,#UGA240560002
#UGA241050001,#UGA241050001
#UGA250650004,#UGA250650004
#UGA300860001,#UGA300860001
#UGA301160001,#UGA301160001
#UGC170760001,#UGC170760001
#UGC290760001,#UGC290760001
#UIG300350001,#UIG300350001
#UMF010750001,#UMF010750001
#UMF010850001,#UMF010850001
#UMF050550001,#UMF050550001
#UMF050550002,#UMF050550002
#UMF070550001,#UMF070550001
#UMF131240001,#UMF131240001
#UMF150750001,#UMF150750001
#UMF300750002,#UMF300750002
#UMF310750004,#UMF310750004
#UMF310750005,#UMF310750005
#UMF310750006,#UMF310750006
#UMO290460001,#UMO290460001
#UMO290460002,#UMO290460002
#UMO290460003,#UMO290460003
#UMV010450031,#UMV010450031
#UMV010750032,#UMV010750032
#UMV010750033,#UMV010750033
#UMV010860002,#UMV010860002
#UMV010860003,#UMV010860003
#UMV020260017,#UMV020260017
#UMV020660026,#UMV020660026
#UMV020840029,#UMV020840029
#UMV021050074,#UMV021050074
#UMV030750068,#UMV030750068
#UMV031040024,#UMV031040024
#UMV031150065,#UMV031150065
#UMV031150085,#UMV031150085
#UMV040650062,#UMV040650062
#UMV050160179,#UMV050160179
#UMV050170139,#UMV050170139
#UMV050640064,#UMV050640064
#UMV050640065,#UMV050640065
#UMV050640066,#UMV050640066
#UMV050640067,#UMV050640067
#UMV050840019,#UMV050840019
#UMV050840020,#UMV050840020
#UMV050840021,#UMV050840021
#UMV050940039,#UMV050940039
#UMV050940040,#UMV050940040
#UMV050940041,#UMV050940041
#UMV050940042,#UMV050940042
#UMV050940043,#UMV050940043
#UMV051140160,#UMV051140160
#UMV060460027,#UMV060460027
#UMV070160020,#UMV070160020
#UMV070340015,#UMV070340015
#UMV070650001,#UMV070650001
#UMV071150050,#UMV071150050
#UMV080150027,#UMV080150027
#UMV080550055,#UMV080550055
#UMV080550056,#UMV080550056
#UMV081250013,#UMV081250013
#UMV090550026,#UMV090550026
#UMV100540034,#UMV100540034
#UMV100740070,#UMV100740070
#UMV100760009,#UMV100760009
#UMV100760010,#UMV100760010
#UMV100760011,#UMV100760011
#UMV100940048,#UMV100940048
#UMV100940049,#UMV100940049
#UMV110740022,#UMV110740022
#UMV111230012,#UMV111230012
#UMV120640039,#UMV120640039
#UMV120850036,#UMV120850036
#UMV130460032,#UMV130460032
#UMV130570008,#UMV130570008
#UMV131230011,#UMV131230011
#UMV140840035,#UMV140840035
#UMV150150065,#UMV150150065
#UMV150440038,#UMV150440038
#UMV150460109,#UMV150460109
#UMV150540087,#UMV150540087
#UMV150540089,#UMV150540089
#UMV150550074,#UMV150550074
#UMV150550124,#UMV150550124
#UMV150550126,#UMV150550126
#UMV150550131,#UMV150550131
#UMV150560028,#UMV150560028
#UMV150760205,#UMV150760205
#UMV151160003,#UMV151160003
#UMV160450036,#UMV160450036
#UMV160450037,#UMV160450037
#UMV160450038,#UMV160450038
#UMV160550060,#UMV160550060
#UMV160840031,#UMV160840031
#UMV160940017,#UMV160940017
#UMV160940020,#UMV160940020
#UMV160940021,#UMV160940021
#UMV160940022,#UMV160940022
#UMV160940023,#UMV160940023
#UMV170440036,#UMV170440036
#UMV171060001,#UMV171060001
#UMV180640013,#UMV180640013
#UMV180640017,#UMV180640017
#UMV181140024,#UMV181140024
#UMV181230003,#UMV181230003
#UMV190850015,#UMV190850015
#UMV190850016,#UMV190850016
#UMV190850017,#UMV190850017
#UMV190850018,#UMV190850018
#UMV200640038,#UMV200640038
#UMV200940059,#UMV200940059
#UMV201230037,#UMV201230037
#UMV210440012,#UMV210440012
#UMV210460013,#UMV210460013
#UMV210560014,#UMV210560014
#UMV210570007,#UMV210570007
#UMV210640016,#UMV210640016
#UMV210640034,#UMV210640034
#UMV210660002,#UMV210660002
#UMV220150030,#UMV220150030
#UMV220550084,#UMV220550084
#UMV220550085,#UMV220550085
#UMV220550086,#UMV220550086
#UMV220550087,#UMV220550087
#UMV220550088,#UMV220550088
#UMV220550089,#UMV220550089
#UMV220550090,#UMV220550090
#UMV220550094,#UMV220550094
#UMV220550095,#UMV220550095
#UMV230360018,#UMV230360018
#UMV230550029,#UMV230550029
#UMV230740011,#UMV230740011
#UMV230740012,#UMV230740012
#UMV231050012,#UMV231050012
#UMV231050013,#UMV231050013
#UMV240740077,#UMV240740077
#UMV240750100,#UMV240750100
#UMV241050045,#UMV241050045
#UMV241050057,#UMV241050057
#UMV250360079,#UMV250360079
#UMV250740053,#UMV250740053
#UMV250940054,#UMV250940054
#UMV251030036,#UMV251030036
#UMV260360020,#UMV260360020
#UMV260640029,#UMV260640029
#UMV261160007,#UMV261160007
#UMV261160008,#UMV261160008
#UMV270240025,#UMV270240025
#UMV270240026,#UMV270240026
#UMV270560068,#UMV270560068
#UMV270840027,#UMV270840027
#UMV270840028,#UMV270840028
#UMV270850072,#UMV270850072
#UMV271240085,#UMV271240085
#UMV271240086,#UMV271240086
#UMV271240087,#UMV271240087
#UMV271240088,#UMV271240088
#UMV271240089,#UMV271240089
#UMV271240090,#UMV271240090
#UMV271240091,#UMV271240091
#UMV271240092,#UMV271240092
#UMV271240093,#UMV271240093
#UMV271240094,#UMV271240094
#UMV271240095,#UMV271240095
#UMV271240096,#UMV271240096
#UMV271240097,#UMV271240097
#UMV271240098,#UMV271240098
#UMV271240099,#UMV271240099
#UMV271240100,#UMV271240100
#UMV271240101,#UMV271240101
#UMV271240102,#UMV271240102
#UMV271240103,#UMV271240103
#UMV271240104,#UMV271240104
#UMV271240105,#UMV271240105
#UMV271240106,#UMV271240106
#UMV280150016,#UMV280150016
#UMV280440035,#UMV280440035
#UMV280470008,#UMV280470008
#UMV280550068,#UMV280550068
#UMV280550069,#UMV280550069
#UMV280550070,#UMV280550070
#UMV280550071,#UMV280550071
#UMV280550072,#UMV280550072
#UMV280550073,#UMV280550073
#UMV280550074,#UMV280550074
#UMV280550075,#UMV280550075
#UMV281060038,#UMV281060038
#UMV281060039,#UMV281060039
#UMV281060040,#UMV281060040
#UMV281230027,#UMV281230027
#UMV281230028,#UMV281230028
#UMV290540044,#UMV290540044
#UMV290740020,#UMV290740020
#UMV291130053,#UMV291130053
#UMV291130054,#UMV291130054
#UMV291240043,#UMV291240043
#UMV300140021,#UMV300140021
#UMV300140022,#UMV300140022
#UMV300360035,#UMV300360035
#UMV300440112,#UMV300440112
#UMV300460075,#UMV300460075
#UMV300460081,#UMV300460081
#UMV300460082,#UMV300460082
#UMV300550064,#UMV300550064
#UMV300650144,#UMV300650144
#UMV300740036,#UMV300740036
#UMV300860005,#UMV300860005
#UMV300960008,#UMV300960008
#UMV301060007,#UMV301060007
#UMV301060008,#UMV301060008
#UMV301160004,#UMV301160004
#UMV301250037,#UMV301250037
#UMV310340054,#UMV310340054
#UMV310360037,#UMV310360037
#UMV310540093,#UMV310540093
#UMV310540094,#UMV310540094
#UMV310540097,#UMV310540097
#UMV310550138,#UMV310550138
#UMV310550139,#UMV310550139
#UMV310550141,#UMV310550141
#UMV310550143,#UMV310550143
#UMV310550144,#UMV310550144
#UMV310550148,#UMV310550148
#UMV310560124,#UMV310560124
#UMV310740121,#UMV310740121
#UMV310740129,#UMV310740129
#UMV310740157,#UMV310740157
#UMV310840112,#UMV310840112
#UMV310840113,#UMV310840113
#UMV310840114,#UMV310840114
#UMV310840115,#UMV310840115
#UMV310840116,#UMV310840116
#UMV310840117,#UMV310840117
#UMV310840118,#UMV310840118
#UMV311030029,#UMV311030029
#UMV311030030,#UMV311030030
#UMV311030031,#UMV311030031
#UMV311030032,#UMV311030032
#UMV311030033,#UMV311030033
#UMV311030034,#UMV311030034
#UMV311030035,#UMV311030035
#UMV311030036,#UMV311030036
#UNE220760002,#UNE220760002
#UNO010960001,#UNO010960001
#UNO011050001,#UNO011050001
#UNO011260001,#UNO011260001
#UNO021050001,#UNO021050001
#UNO031050001,#UNO031050001
#UNO050550001,#UNO050550001
#UNO070560002,#UNO070560002
#UNO070570002,#UNO070570002
#UNO070760002,#UNO070760002
#UNO070960001,#UNO070960001
#UNO071150001,#UNO071150001
#UNO080560001,#UNO080560001
#UNO090470002,#UNO090470002
#UNO100260002,#UNO100260002
#UNO100360001,#UNO100360001
#UNO101250002,#UNO101250002
#UNO120560001,#UNO120560001
#UNO140450001,#UNO140450001
#UNO140450002,#UNO140450002
#UNO140570001,#UNO140570001
#UNO140570002,#UNO140570002
#UNO140570003,#UNO140570003
#UNO140950001,#UNO140950001
#UNO140960001,#UNO140960001
#UNO150350001,#UNO150350001
#UNO150550002,#UNO150550002
#UNO150570001,#UNO150570001
#UNO150760004,#UNO150760004
#UNO160470001,#UNO160470001
#UNO160950001,#UNO160950001
#UNO200360001,#UNO200360001
#UNO200550004,#UNO200550004
#UNO200550005,#UNO200550005
#UNO200760003,#UNO200760003
#UNO210350001,#UNO210350001
#UNO230470001,#UNO230470001
#UNO260260001,#UNO260260001
#UNO270460005,#UNO270460005
#UNO290560004,#UNO290560004
#UNO291260003,#UNO291260003
#UNO300350001,#UNO300350001
#UNO300450004,#UNO300450004
#UNO300460002,#UNO300460002
#UNO300460003,#UNO300460003
#UNO300470001,#UNO300470001
#UNO300660003,#UNO300660003
#UNO300950001,#UNO300950001
#UNO310360002,#UNO310360002
#UNO310560005,#UNO310560005
#UNO310560006,#UNO310560006
#UPO011050001,#UPO011050001
#UPO011150004,#UPO011150004
#UPO011250001,#UPO011250001
#UPO020560001,#UPO020560001
#UPO021040001,#UPO021040001
#UPO030450001,#UPO030450001
#UPO031160001,#UPO031160001
#UPO040960002,#UPO040960002
#UPO050550004,#UPO050550004
#UPO050660004,#UPO050660004
#UPO050660008,#UPO050660008
#UPO060460005,#UPO060460005
#UPO070640003,#UPO070640003
#UPO070760001,#UPO070760001
#UPO081050001,#UPO081050001
#UPO090560003,#UPO090560003
#UPO090850001,#UPO090850001
#UPO140640001,#UPO140640001
#UPO150760002,#UPO150760002
#UPO150950004,#UPO150950004
#UPO150960001,#UPO150960001
#UPO151050001,#UPO151050001
#UPO151250001,#UPO151250001
#UPO160560001,#UPO160560001
#UPO181160001,#UPO181160001
#UPO181260001,#UPO181260001
#UPO200570001,#UPO200570001
#UPO200850003,#UPO200850003
#UPO200950001,#UPO200950001
#UPO210170001,#UPO210170001
#UPO210860001,#UPO210860001
#UPO220950002,#UPO220950002
#UPO220950003,#UPO220950003
#UPO221050001,#UPO221050001
#UPO230560001,#UPO230560001
#UPO230650001,#UPO230650001
#UPO230950002,#UPO230950002
#UPO240460002,#UPO240460002
#UPO250950002,#UPO250950002
#UPO251050001,#UPO251050001
#UPO270170001,#UPO270170001
#UPO270750002,#UPO270750002
#UPO270750003,#UPO270750003
#UPO270960001,#UPO270960001
#UPO280470001,#UPO280470001
#UPO280670001,#UPO280670001
#UPO280860001,#UPO280860001
#UPO290370001,#UPO290370001
#UPO290850002,#UPO290850002
#UPO290950001,#UPO290950001
#UPO300170002,#UPO300170002
#UPO300450022,#UPO300450022
#UPO300460005,#UPO300460005
#UPO300460006,#UPO300460006
#UPO300560003,#UPO300560003
#UPO300560004,#UPO300560004
#UPO300570001,#UPO300570001
#UPO300660011,#UPO300660011
#UPO301160010,#UPO301160010
#UPO311060001,#UPO311060001
#URE110450001,#URE110450001
#URE110450002,#URE110450002
#URE150450002,#URE150450002
#URE150450003,#URE150450003
#USO090550001,#USO090550001
#USO090550002,#USO090550002
#USO101060001,#USO101060001
#USO110560001,#USO110560001
#USO150550002,#USO150550002
#USO150550003,#USO150550003
#USO150560002,#USO150560002
#USO150760002,#USO150760002
#USO150960001,#USO150960001
#USO150960002,#USO150960002
#USO150960003,#USO150960003
#USO151060001,#USO151060001
#USO151160001,#USO151160001
#USO160760004,#USO160760004
#USO170860001,#USO170860001
#USO180760001,#USO180760001
#USO181060001,#USO181060001
#USO250450001,#USO250450001
#USO251060001,#USO251060001
#USO251060002,#USO251060002
#USO251160001,#USO251160001
#USO280350001,#USO280350001
#USO280860001,#USO280860001
#USO300450003,#USO300450003
#USO300450004,#USO300450004
#USO300450006,#USO300450006
#USO300460003,#USO300460003
#USO300550017,#USO300550017
#USO300550018,#USO300550018
#USO300760005,#USO300760005
#USO300860010,#USO300860010
#USO300960007,#USO300960007
#USO300960009,#USO300960009
#USO300960010,#USO300960010
#USO300960011,#USO300960011
#USO300960013,#USO300960013
#USO301060002,#USO301060002
#USO301060004,#USO301060004
#USO301060005,#USO301060005
#USO301160004,#USO301160004
#USO310350002,#USO310350002
#USO310860037,#USO310860037
#USO311060002,#USO311060002
#UST280460001,#UST280460001
#UTD010750001,#UTD010750001
#UTD010770001,#UTD010770001
#UTD011060001,#UTD011060001
#UTD050870001,#UTD050870001
#UTD080770001,#UTD080770001
#UTD100460001,#UTD100460001
#UTD100670001,#UTD100670001
#UTD120560001,#UTD120560001
#UTD120870001,#UTD120870001
#UTD160770001,#UTD160770001
#UTD170670001,#UTD170670001
#UTD180560002,#UTD180560002
#UTD180560003,#UTD180560003
#UTD180870001,#UTD180870001
#UTD200560002,#UTD200560002
#UTD200560003,#UTD200560003
#UTD200760001,#UTD200760001
#UTD220550002,#UTD220550002
#UTD220770001,#UTD220770001
#UTD240670001,#UTD240670001
#UTD250560003,#UTD250560003
#UTD250560004,#UTD250560004
#UTD270560001,#UTD270560001
#UTD300470001,#UTD300470001
#UVA010550001,#UVA010550001
#UVA020160001,#UVA020160001
#UVA020750002,#UVA020750002
#UVA020750003,#UVA020750003
#UVA031160001,#UVA031160001
#UVA040460003,#UVA040460003
#UVA040460004,#UVA040460004
#UVA050650001,#UVA050650001
#UVA050750005,#UVA050750005
#UVA050750006,#UVA050750006
#UVA060460001,#UVA060460001
#UVA060550001,#UVA060550001
#UVA061160001,#UVA061160001
#UVA101260001,#UVA101260001
#UVA120560003,#UVA120560003
#UVA130460001,#UVA130460001
#UVA150260002,#UVA150260002
#UVA150260003,#UVA150260003
#UVA150550006,#UVA150550006
#UVA151260002,#UVA151260002
#UVA181150001,#UVA181150001
#UVA200460003,#UVA200460003
#UVA200560004,#UVA200560004
#UVA200560005,#UVA200560005
#UVA201250002,#UVA201250002
#UVA201260003,#UVA201260003
#UVA250460002,#UVA250460002
#UVA250460003,#UVA250460003
#UVA250560002,#UVA250560002
#UVA250560003,#UVA250560003
#UVA270360001,#UVA270360001
#UVA270550001,#UVA270550001
#UVA280460001,#UVA280460001
#UVA300460001,#UVA300460001
#UVA300560002,#UVA300560002
#UVA300660002,#UVA300660002
#UVA311060001,#UVA311060001
XROXSUB1000040/201,Lote s/subasta 1000040
XROXSUB1000040/492,Lote s/subasta 1000040
XROXSUB1001134/451,Lote s/subasta 1001134
XROXSUB1004015/177,Lote s/subasta 1004015
XROXSUB1007376/670,Lote s/subasta 1007376
XROXSUB1007378/676,Lote s/subasta 1007378
XROXSUB1007380/672,Lote s/subasta 1007380
XROXSUB1007381/671,Lote s/subasta 1007381
XROXSUB1009671/146,Lote s/subasta 1009671
XROXSUB1009674/146,Lote s/subasta 1009674
XROXSUB1011101/155,Lote s/subasta 1011101
XROXSUB1011180/146,Lote s/subasta 1011180
XROXSUB1011182/146,Lote s/subasta 1011182
XROXSUB1013223/207,Lote s/subasta 1013223
XROXSUB1014457/101,Lote s/subasta 1014457
XROXSUB1014723/101,Lote s/subasta 1014723
XROXSUB1014723/308,Lote s/subasta 1014723
XROXSUB1014724/101,Lote s/subasta 1014724
XROXSUB1014724/308,Lote s/subasta 1014724
XROXSUB1014726/101,Lote s/subasta 1014726
XROXSUB1014726/308,Lote s/subasta 1014726
XROXSUB1014939/529,Lote s/subasta 1014939
XROXSUB1015530/152,Lote s/subasta 1015530
XROXSUB1015530/186,Lote s/subasta 1015530
XROXSUB1015531/152,Lote s/subasta 1015531
XROXSUB1015531/208,Lote s/subasta 1015531
XROXSUB1015532/208,Lote s/subasta 1015532
XROXSUB1015532/210,Lote s/subasta 1015532
XROXSUB1015533/208,Lote s/subasta 1015533
XROXSUB1015533/210,Lote s/subasta 1015533
XROXSUB1015641/708,Lote s/subasta 1015641
XROXSUB1015642/709,Lote s/subasta 1015642
XROXSUB1015643/710,Lote s/subasta 1015643
XROXSUB1016222/177,Lote s/subasta 1016222
XROXSUB1016535/294,Lote s/subasta 1016535
XROXSUB1021120/184,Lote s/subasta 1021120
XROXSUB1021120/421,Lote s/subasta 1021120
XROXSUB1021984/188,Lote s/subasta 1021984
XROXSUB1023888/150,Lote s/subasta 1023888
XROXSUB1024041/150,Lote s/subasta 1024041
XROXSUB1024114/201,Lote s/subasta 1024114
XROXSUB1024239/100,Lote s/subasta 1024239
XROXSUB1024488/177,Lote s/subasta 1024488
XROXSUB1025066/201,Lote s/subasta 1025066
XROXSUB1026207/525,Lote s/subasta 1026207
XROXSUB1026934/100,Lote s/subasta 1026934
XROXSUB1026934/157,Lote s/subasta 1026934
XROXSUB1027046/476,Lote s/subasta 1027046
XROXSUB1027274/157,Lote s/subasta 1027274
XROXSUB1027274/492,Lote s/subasta 1027274
XROXSUB1027788/157,Lote s/subasta 1027788
XROXSUB1027788/492,Lote s/subasta 1027788
XROXSUB1028606/177,Lote s/subasta 1028606
XROXSUB1029680/157,Lote s/subasta 1029680
XROXSUB1029680/492,Lote s/subasta 1029680
XROXSUB1030299/476,Lote s/subasta 1030299
XROXSUB1031982/209,Lote s/subasta 1031982
XROXSUB1031982/260,Lote s/subasta 1031982
XROXSUB1032057/476,Lote s/subasta 1032057
XROXSUB1032063/177,Lote s/subasta 1032063
XROXSUB1032074/182,Lote s/subasta 1032074
XROXSUB1032078/327,Lote s/subasta 1032078
XROXSUB1032232/155,Lote s/subasta 1032232
XROXSUB1033092/451,Lote s/subasta 1033092
XROXSUB1033615/167,Lote s/subasta 1033615
XROXSUB1034278/476,Lote s/subasta 1034278
XROXSUB1036767/163,Lote s/subasta 1036767
XROXSUB1037356/155,Lote s/subasta 1037356
XROXSUB1037839/294,Lote s/subasta 1037839
XROXSUB1039436/257,Lote s/subasta 1039436
XROXSUB1039439/257,Lote s/subasta 1039439
XROXSUB1039606/239,Lote s/subasta 1039606
XROXSUB1039606/753,Lote s/subasta 1039606
XROXSUB1040071/257,Lote s/subasta 1040071
XROXSUB1040073/257,Lote s/subasta 1040073
XROXSUB1041908/239,Lote s/subasta 1041908
XROXSUB1041908/754,Lote s/subasta 1041908
XROXSUB1042583/177,Lote s/subasta 1042583
XROXSUB1043670/257,Lote s/subasta 1043670
XROXSUB1043670/421,Lote s/subasta 1043670
XROXSUB1043671/257,Lote s/subasta 1043671
XROXSUB1043671/421,Lote s/subasta 1043671
XROXSUB1043673/257,Lote s/subasta 1043673
XROXSUB1043673/421,Lote s/subasta 1043673
XROXSUB1046165/211,Lote s/subasta 1046165
XROXSUB1046167/101,Lote s/subasta 1046167
XROXSUB1047653/239,Lote s/subasta 1047653
XROXSUB1047653/760,Lote s/subasta 1047653
XROXSUB1048868/152,Lote s/subasta 1048868
XROXSUB1048868/197,Lote s/subasta 1048868
XROXSUB1050918/153,Lote s/subasta 1050918
XROXSUB1050918/197,Lote s/subasta 1050918
XROXSUB1051149/184,Lote s/subasta 1051149
XROXSUB1051149/240,Lote s/subasta 1051149
XROXSUB1051285/257,Lote s/subasta 1051285
XROXSUB1051554/144,Lote s/subasta 1051554
XROXSUB1051652/184,Lote s/subasta 1051652
XROXSUB1051652/421,Lote s/subasta 1051652
XROXSUB1053138/184,Lote s/subasta 1053138
XROXSUB1053141/184,Lote s/subasta 1053141
XROXSUB1056243/476,Lote s/subasta 1056243
XROXSUB1057852/145,Lote s/subasta 1057852
XROXSUB1057852/795,Lote s/subasta 1057852
XROXSUB1057854/101,Lote s/subasta 1057854
XROXSUB1057854/795,Lote s/subasta 1057854
XROXSUB1057864/186,Lote s/subasta 1057864
XROXSUB1057864/208,Lote s/subasta 1057864
XROXSUB1057864/795,Lote s/subasta 1057864
XROXSUB1061208/261,Lote s/subasta 1061208
XROXSUB1061208/821,Lote s/subasta 1061208
XROXSUB1063403/155,Lote s/subasta 1063403
XROXSUB1067297/177,Lote s/subasta 1067297
XROXSUB1071178/163,Lote s/subasta 1071178
XROXSUB1071181/101,Lote s/subasta 1071181
XROXSUB1073430/177,Lote s/subasta 1073430
XROXSUB1074101/101,Lote s/subasta 1074101
XROXSUB1074101/671,Lote s/subasta 1074101
XROXSUB1074188/851,Lote s/subasta 1074188
XROXSUB1077078/835,Lote s/subasta 1077078
XROXSUB1079664/421,Lote s/subasta 1079664
XROXSUB1079664/862,Lote s/subasta 1079664
XROXSUB1079919/835,Lote s/subasta 1079919
XROXSUB1080411/476,Lote s/subasta 1080411
XROXSUB1080445/456,Lote s/subasta 1080445
XROXSUB1080481/101,Lote s/subasta 1080481
XROXSUB1080481/169,Lote s/subasta 1080481
XROXSUB1081947/152,Lote s/subasta 1081947
XROXSUB1081947/421,Lote s/subasta 1081947
XROXSUB1082159/152,Lote s/subasta 1082159
XROXSUB1082160/152,Lote s/subasta 1082160
XROXSUB1082347/101,Lote s/subasta 1082347
XROXSUB1082347/182,Lote s/subasta 1082347
XROXSUB1082871/177,Lote s/subasta 1082871
XROXSUB1082934/177,Lote s/subasta 1082934
XROXSUB1084899/456,Lote s/subasta 1084899
XROXSUB1086357/795,Lote s/subasta 1086357
XROXSUB1086357/889,Lote s/subasta 1086357
XROXSUB1086390/194,Lote s/subasta 1086390
XROXSUB1086390/551,Lote s/subasta 1086390
XROXSUB1086544/197,Lote s/subasta 1086544
XROXSUB1086559/469,Lote s/subasta 1086559
XROXSUB1086560/478,Lote s/subasta 1086560
XROXSUB1086571/163,Lote s/subasta 1086571
XROXSUB1087186/828,Lote s/subasta 1087186
XROXSUB1087933/188,Lote s/subasta 1087933
XROXSUB1088071/101,Lote s/subasta 1088071
XROXSUB1088071/870,Lote s/subasta 1088071
XROXSUB1088949/332,Lote s/subasta 1088949
XROXSUB1090036/240,Lote s/subasta 1090036
XROXSUB1090036/534,Lote s/subasta 1090036
XROXSUB1090101/257,Lote s/subasta 1090101
XROXSUB1091407/240,Lote s/subasta 1091407
XROXSUB1091407/534,Lote s/subasta 1091407
XROXSUB1091440/455,Lote s/subasta 1091440
XROXSUB1092330/101,Lote s/subasta 1092330
XROXSUB1092330/795,Lote s/subasta 1092330
XROXSUB1093678/181,Lote s/subasta 1093678
XROXSUB1095068/201,Lote s/subasta 1095068
XROXSUB1095364/230,Lote s/subasta 1095364
XROXSUB1095560/194,Lote s/subasta 1095560
XROXSUB1095560/201,Lote s/subasta 1095560
XROXSUB1095566/201,Lote s/subasta 1095566
XROXSUB1095566/821,Lote s/subasta 1095566
XROXSUB1097665/193,Lote s/subasta 1097665
XROXSUB1097665/194,Lote s/subasta 1097665
XROXSUB1097883/326,Lote s/subasta 1097883
XROXSUB1097903/917,Lote s/subasta 1097903
XROXSUB1098586/194,Lote s/subasta 1098586
XROXSUB1098586/260,Lote s/subasta 1098586
XROXSUB1098648/230,Lote s/subasta 1098648
XROXSUB1098648/455,Lote s/subasta 1098648
XROXSUB1099610/919,Lote s/subasta 1099610
XROXSUB1100035/101,Lote s/subasta 1100035
XROXSUB1100035/169,Lote s/subasta 1100035
XROXSUB1100874/101,Lote s/subasta 1100874
XROXSUB1100874/182,Lote s/subasta 1100874
XROXSUB1100995/194,Lote s/subasta 1100995
XROXSUB1100995/326,Lote s/subasta 1100995
XROXSUB1102470/177,Lote s/subasta 1102470
XROXSUB1103291/937,Lote s/subasta 1103291
XROXSUB1103525/455,Lote s/subasta 1103525
XROXSUB1103574/455,Lote s/subasta 1103574
XROXSUB1104129/332,Lote s/subasta 1104129
XROXSUB1104166/207,Lote s/subasta 1104166
XROXSUB1104989/177,Lote s/subasta 1104989
XROXSUB1104989/821,Lote s/subasta 1104989
XROXSUB1105092/332,Lote s/subasta 1105092
XROXSUB1105536/101,Lote s/subasta 1105536
XROXSUB1105949/194,Lote s/subasta 1105949
XROXSUB1105949/201,Lote s/subasta 1105949
XROXSUB1106796/332,Lote s/subasta 1106796
XROXSUB1106798/185,Lote s/subasta 1106798
XROXSUB1106798/948,Lote s/subasta 1106798
XROXSUB1108252/101,Lote s/subasta 1108252
XROXSUB1108252/492,Lote s/subasta 1108252
XROXSUB1108873/244,Lote s/subasta 1108873
XROXSUB1108873/976,Lote s/subasta 1108873
XROXSUB1110460/194,Lote s/subasta 1110460
XROXSUB1110460/917,Lote s/subasta 1110460
XROXSUB1110763/194,Lote s/subasta 1110763
XROXSUB1110763/524,Lote s/subasta 1110763
XROXSUB1110765/194,Lote s/subasta 1110765
XROXSUB1110765/520,Lote s/subasta 1110765
XROXSUB1110835/194,Lote s/subasta 1110835
XROXSUB1110835/944,Lote s/subasta 1110835
XROXSUB1111755/455,Lote s/subasta 1111755
XROXSUB1111755/492,Lote s/subasta 1111755
XROXSUB1114657/101,Lote s/subasta 1114657
XROXSUB1115184/182,Lote s/subasta 1115184
XROXSUB1115352/476,Lote s/subasta 1115352
XROXSUB1115356/182,Lote s/subasta 1115356
XROXSUB1116492/201,Lote s/subasta 1116492
XROXSUB1116493/201,Lote s/subasta 1116493
XROXSUB1116935/239,Lote s/subasta 1116935
XROXSUB1116935/754,Lote s/subasta 1116935
XROXSUB1117987/101,Lote s/subasta 1117987
XROXSUB1117987/201,Lote s/subasta 1117987
XROXSUB1120824/101,Lote s/subasta 1120824
XROXSUB1120824/182,Lote s/subasta 1120824
XROXSUB1122699/476,Lote s/subasta 1122699
XROXSUB1123539/1002,Lote s/subasta 1123539
XROXSUB1123539/194,Lote s/subasta 1123539
XROXSUB1123719/194,Lote s/subasta 1123719
XROXSUB1123719/835,Lote s/subasta 1123719
XROXSUB1124487/194,Lote s/subasta 1124487
XROXSUB1124487/496,Lote s/subasta 1124487
XROXSUB1125119/240,Lote s/subasta 1125119
XROXSUB1125119/486,Lote s/subasta 1125119
XROXSUB1127653/194,Lote s/subasta 1127653
XROXSUB1127653/892,Lote s/subasta 1127653
XROXSUB1127881/155,Lote s/subasta 1127881
XROXSUB1127881/194,Lote s/subasta 1127881
XROXSUB1128136/194,Lote s/subasta 1128136
XROXSUB1128137/194,Lote s/subasta 1128137
XROXSUB1128253/194,Lote s/subasta 1128253
XROXSUB1128253/795,Lote s/subasta 1128253
XROXSUB1128363/169,Lote s/subasta 1128363
XROXSUB1129089/101,Lote s/subasta 1129089
XROXSUB1129089/1037,Lote s/subasta 1129089
XROXSUB1129090/1030,Lote s/subasta 1129090
XROXSUB1129090/163,Lote s/subasta 1129090
XROXSUB1129490/194,Lote s/subasta 1129490
XROXSUB1129491/194,Lote s/subasta 1129491
XROXSUB1129801/194,Lote s/subasta 1129801
XROXSUB1130098/197,Lote s/subasta 1130098
XROXSUB1130674/194,Lote s/subasta 1130674
XROXSUB1130712/194,Lote s/subasta 1130712
XROXSUB1130833/194,Lote s/subasta 1130833
XROXSUB1130833/835,Lote s/subasta 1130833
XROXSUB1131395/1045,Lote s/subasta 1131395
XROXSUB1133673/144,Lote s/subasta 1133673
XROXSUB1134258/101,Lote s/subasta 1134258
XROXSUB1135097/164,Lote s/subasta 1135097
XROXSUB1136107/165,Lote s/subasta 1136107
XROXSUB1136110/101,Lote s/subasta 1136110
XROXSUB1136111/144,Lote s/subasta 1136111
XROXSUB1136112/189,Lote s/subasta 1136112
XROXSUB1136114/147,Lote s/subasta 1136114
XROXSUB1136442/164,Lote s/subasta 1136442
XROXSUB1136470/147,Lote s/subasta 1136470
XROXSUB1136600/147,Lote s/subasta 1136600
XROXSUB1137187/144,Lote s/subasta 1137187
XROXSUB1137187/254,Lote s/subasta 1137187
XROXSUB1137193/164,Lote s/subasta 1137193
XROXSUB1137193/254,Lote s/subasta 1137193
XROXSUB1137198/197,Lote s/subasta 1137198
XROXSUB1137198/254,Lote s/subasta 1137198
XROXSUB1137567/1108,Lote s/subasta 1137567
XROXSUB1137567/147,Lote s/subasta 1137567
XROXSUB1137569/1108,Lote s/subasta 1137569
XROXSUB1137569/147,Lote s/subasta 1137569
XROXSUB1137678/157,Lote s/subasta 1137678
XROXSUB1137690/157,Lote s/subasta 1137690
XROXSUB1138029/1110,Lote s/subasta 1138029
XROXSUB1138029/147,Lote s/subasta 1138029
XROXSUB1138030/1110,Lote s/subasta 1138030
XROXSUB1138030/147,Lote s/subasta 1138030
XROXSUB1138314/157,Lote s/subasta 1138314
XROXSUB1138315/157,Lote s/subasta 1138315
XROXSUB1138322/157,Lote s/subasta 1138322
XROXSUB1138323/157,Lote s/subasta 1138323
XROXSUB1138324/157,Lote s/subasta 1138324
XROXSUB1138325/157,Lote s/subasta 1138325
XROXSUB1138326/157,Lote s/subasta 1138326
XROXSUB1138458/1103,Lote s/subasta 1138458
XROXSUB1138649/1030,Lote s/subasta 1138649
XROXSUB1138649/152,Lote s/subasta 1138649
XROXSUB1138760/157,Lote s/subasta 1138760
XROXSUB1138761/157,Lote s/subasta 1138761
XROXSUB1138762/144,Lote s/subasta 1138762
XROXSUB1138867/157,Lote s/subasta 1138867
XROXSUB1138878/1108,Lote s/subasta 1138878
XROXSUB1138878/147,Lote s/subasta 1138878
XROXSUB1139206/1110,Lote s/subasta 1139206
XROXSUB1139206/147,Lote s/subasta 1139206
XROXSUB1139314/144,Lote s/subasta 1139314
XROXSUB1139415/101,Lote s/subasta 1139415
XROXSUB1139415/189,Lote s/subasta 1139415
XROXSUB1139470/144,Lote s/subasta 1139470
XROXSUB1139472/157,Lote s/subasta 1139472
XROXSUB1139511/197,Lote s/subasta 1139511
XROXSUB1139842/1110,Lote s/subasta 1139842
XROXSUB1139842/147,Lote s/subasta 1139842
XROXSUB1139875/147,Lote s/subasta 1139875
XROXSUB1140114/147,Lote s/subasta 1140114
XROXSUB1140922/276,Lote s/subasta 1140922
XROXSUB1141027/163,Lote s/subasta 1141027
XROXSUB1141028/276,Lote s/subasta 1141028
XROXSUB1141029/276,Lote s/subasta 1141029
XROXSUB1141118/194,Lote s/subasta 1141118
XROXSUB1141119/194,Lote s/subasta 1141119
XROXSUB1141155/186,Lote s/subasta 1141155
XROXSUB1141155/188,Lote s/subasta 1141155
XROXSUB1141305/194,Lote s/subasta 1141305
XROXSUB1141542/1108,Lote s/subasta 1141542
XROXSUB1141542/147,Lote s/subasta 1141542
XROXSUB1141546/1110,Lote s/subasta 1141546
XROXSUB1141546/147,Lote s/subasta 1141546
XROXSUB1141600/1056,Lote s/subasta 1141600
XROXSUB1141600/276,Lote s/subasta 1141600
XROXSUB1141666/101,Lote s/subasta 1141666
XROXSUB1141666/147,Lote s/subasta 1141666
XROXSUB1141983/101,Lote s/subasta 1141983
XROXSUB1141983/194,Lote s/subasta 1141983
XROXSUB1141993/1045,Lote s/subasta 1141993
XROXSUB1142037/276,Lote s/subasta 1142037
XROXSUB1142037/360,Lote s/subasta 1142037
XROXSUB1142693/155,Lote s/subasta 1142693
XROXSUB1142894/301,Lote s/subasta 1142894
XROXSUB1142955/157,Lote s/subasta 1142955
XROXSUB1142955/795,Lote s/subasta 1142955
XROXSUB1142957/276,Lote s/subasta 1142957
XROXSUB1143572/327,Lote s/subasta 1143572
XROXSUB1144056/1045,Lote s/subasta 1144056
XROXSUB1144466/239,Lote s/subasta 1144466
XROXSUB1144466/754,Lote s/subasta 1144466
XROXSUB1144589/157,Lote s/subasta 1144589
XROXSUB1144589/201,Lote s/subasta 1144589
XROXSUB1144705/150,Lote s/subasta 1144705
XROXSUB1144705/201,Lote s/subasta 1144705
XROXSUB1144769/194,Lote s/subasta 1144769
XROXSUB1144769/201,Lote s/subasta 1144769
XROXSUB1145006/197,Lote s/subasta 1145006
XROXSUB1145056/327,Lote s/subasta 1145056
XROXSUB1145132/169,Lote s/subasta 1145132
XROXSUB1145189/169,Lote s/subasta 1145189
XROXSUB1145190/211,Lote s/subasta 1145190
XROXSUB1145512/194,Lote s/subasta 1145512
XROXSUB1145550/157,Lote s/subasta 1145550
XROXSUB1145738/211,Lote s/subasta 1145738
XROXSUB1145739/194,Lote s/subasta 1145739
XROXSUB1145906/1045,Lote s/subasta 1145906
XROXSUB1145906/991,Lote s/subasta 1145906
XROXSUB1146396/147,Lote s/subasta 1146396
XROXSUB1146482/150,Lote s/subasta 1146482
XROXSUB1148079/172,Lote s/subasta 1148079
XROXSUB1148080/172,Lote s/subasta 1148080
XROXSUB1148116/1045,Lote s/subasta 1148116
XROXSUB1148333/274,Lote s/subasta 1148333
XROXSUB1148468/161,Lote s/subasta 1148468
XROXSUB1148469/161,Lote s/subasta 1148469
XROXSUB1148493/206,Lote s/subasta 1148493
XROXSUB1148502/177,Lote s/subasta 1148502
XROXSUB1148885/157,Lote s/subasta 1148885
XROXSUB1148980/274,Lote s/subasta 1148980
XROXSUB1149050/178,Lote s/subasta 1149050
XROXSUB1149180/144,Lote s/subasta 1149180
XROXSUB1149180/164,Lote s/subasta 1149180
XROXSUB1149815/157,Lote s/subasta 1149815
XROXSUB1149865/157,Lote s/subasta 1149865
XROXSUB1150767/476,Lote s/subasta 1150767
XROXSUB1151526/101,Lote s/subasta 1151526
XROXSUB1151526/1037,Lote s/subasta 1151526
XROXSUB1151874/1056,Lote s/subasta 1151874
XROXSUB1151874/210,Lote s/subasta 1151874
XROXSUB1151875/1056,Lote s/subasta 1151875
XROXSUB1151875/1166,Lote s/subasta 1151875
XROXSUB1151876/100,Lote s/subasta 1151876
XROXSUB1151876/1056,Lote s/subasta 1151876
XROXSUB1151933/823,Lote s/subasta 1151933
XROXSUB1152037/823,Lote s/subasta 1152037
XROXSUB1152045/823,Lote s/subasta 1152045
XROXSUB1152052/157,Lote s/subasta 1152052
XROXSUB1152064/211,Lote s/subasta 1152064
XROXSUB1152278/100,Lote s/subasta 1152278
XROXSUB1152278/274,Lote s/subasta 1152278
XROXSUB1152463/1056,Lote s/subasta 1152463
XROXSUB1152463/187,Lote s/subasta 1152463
XROXSUB1152950/211,Lote s/subasta 1152950
XROXSUB1153018/186,Lote s/subasta 1153018
XROXSUB1153018/476,Lote s/subasta 1153018
XROXSUB1154240/1035,Lote s/subasta 1154240
XROXSUB1154240/991,Lote s/subasta 1154240
XROXSUB1154491/211,Lote s/subasta 1154491
XROXSUB1154792/243,Lote s/subasta 1154792
XROXSUB1154843/518,Lote s/subasta 1154843
XROXSUB1154870/158,Lote s/subasta 1154870
XROXSUB1154872/158,Lote s/subasta 1154872
XROXSUB1154964/243,Lote s/subasta 1154964
XROXSUB1155150/823,Lote s/subasta 1155150
XROXSUB1156221/101,Lote s/subasta 1156221
XROXSUB1156221/1037,Lote s/subasta 1156221
XROXSUB1156406/100,Lote s/subasta 1156406
XROXSUB1157013/440,Lote s/subasta 1157013
XROXSUB1157377/1143,Lote s/subasta 1157377
XROXSUB1157377/991,Lote s/subasta 1157377
XROXSUB1157623/100,Lote s/subasta 1157623
XROXSUB1158174/196,Lote s/subasta 1158174
XROXSUB1158895/164,Lote s/subasta 1158895
XROXSUB1158896/164,Lote s/subasta 1158896
XROXSUB1158913/1045,Lote s/subasta 1158913
XROXSUB1158980/101,Lote s/subasta 1158980
XROXSUB1159615/100,Lote s/subasta 1159615
XROXSUB1159615/158,Lote s/subasta 1159615
XROXSUB1159668/197,Lote s/subasta 1159668
XROXSUB1159668/930,Lote s/subasta 1159668
XROXSUB1160965/157,Lote s/subasta 1160965
XROXSUB1160982/1143,Lote s/subasta 1160982
XROXSUB1161625/476,Lote s/subasta 1161625
XROXSUB1161881/1071,Lote s/subasta 1161881
XROXSUB1161881/157,Lote s/subasta 1161881
XROXSUB1162412/169,Lote s/subasta 1162412
XROXSUB1165099/177,Lote s/subasta 1165099
XROXSUB1165099/991,Lote s/subasta 1165099
XROXSUB1165149/1178,Lote s/subasta 1165149
XROXSUB1165149/201,Lote s/subasta 1165149
XROXSUB1165923/167,Lote s/subasta 1165923
XROXSUB1166011/180,Lote s/subasta 1166011
XROXSUB1166011/189,Lote s/subasta 1166011
XROXSUB1169311/518,Lote s/subasta 1169311
XROXSUB1170523/1133,Lote s/subasta 1170523
XROXSUB1170527/1133,Lote s/subasta 1170527
XROXSUB1173026/201,Lote s/subasta 1173026
XROXSUB1173027/201,Lote s/subasta 1173027
XROXSUB1174817/301,Lote s/subasta 1174817
XROXSUB1174818/301,Lote s/subasta 1174818
XROXSUB1174821/169,Lote s/subasta 1174821
XROXSUB1175119/209,Lote s/subasta 1175119
XROXSUB1175119/476,Lote s/subasta 1175119
XROXSUB1175403/209,Lote s/subasta 1175403
XROXSUB1175778/181,Lote s/subasta 1175778
XROXSUB1178633/476,Lote s/subasta 1178633
XROXSUB1179730/101,Lote s/subasta 1179730
XROXSUB1179730/1030,Lote s/subasta 1179730
XROXSUB1180186/181,Lote s/subasta 1180186
XROXSUB1180188/181,Lote s/subasta 1180188
XROXSUB1182739/1329,Lote s/subasta 1182739
XROXSUB1182739/189,Lote s/subasta 1182739
XROXSUB1186864/102,Lote s/subasta 1186864
XROXSUB1186864/1030,Lote s/subasta 1186864
XROXSUB1186887/161,Lote s/subasta 1186887
XROXSUB1186941/177,Lote s/subasta 1186941
XROXSUB1186941/186,Lote s/subasta 1186941
XROXSUB1190794/161,Lote s/subasta 1190794
XROXSUB1190908/1329,Lote s/subasta 1190908
XROXSUB1190908/209,Lote s/subasta 1190908
XROXSUB1196451/1035,Lote s/subasta 1196451
XROXSUB1196451/1178,Lote s/subasta 1196451
XROXSUB1196572/1178,Lote s/subasta 1196572
XROXSUB1196572/177,Lote s/subasta 1196572
XROXSUB1198148/1143,Lote s/subasta 1198148
XROXSUB1198148/186,Lote s/subasta 1198148
XROXSUB1202300/1030,Lote s/subasta 1202300
XROXSUB1202300/105,Lote s/subasta 1202300
XROXSUB1202776/440,Lote s/subasta 1202776
XROXSUB1203019/243,Lote s/subasta 1203019
XROXSUB1203019/261,Lote s/subasta 1203019
XROXSUB1203838/181,Lote s/subasta 1203838
XROXSUB1205035/186,Lote s/subasta 1205035
XROXSUB1205035/476,Lote s/subasta 1205035
XROXSUB1206811/186,Lote s/subasta 1206811
XROXSUB1206811/254,Lote s/subasta 1206811
XROXSUB1206813/186,Lote s/subasta 1206813
XROXSUB1206813/261,Lote s/subasta 1206813
XROXSUB1208692/1108,Lote s/subasta 1208692
XROXSUB1208693/1110,Lote s/subasta 1208693
XROXSUB1210006/165,Lote s/subasta 1210006
XROXSUB1210006/261,Lote s/subasta 1210006
XROXSUB1210128/1143,Lote s/subasta 1210128
XROXSUB1210129/1110,Lote s/subasta 1210129
XROXSUB1210129/165,Lote s/subasta 1210129
XROXSUB1210130/1108,Lote s/subasta 1210130
XROXSUB1210130/165,Lote s/subasta 1210130
XROXSUB1216377/1444,Lote s/subasta 1216377
XROXSUB1216792/1143,Lote s/subasta 1216792
XROXSUB1217998/105,Lote s/subasta 1217998
XROXSUB1217998/976,Lote s/subasta 1217998
XROXSUB1220173/209,Lote s/subasta 1220173
XROXSUB1220173/261,Lote s/subasta 1220173
XROXSUB1220327/1438,Lote s/subasta 1220327
XROXSUB1220642/209,Lote s/subasta 1220642
XROXSUB1220642/261,Lote s/subasta 1220642
XROXSUB1220977/101,Lote s/subasta 1220977
XROXSUB1220977/795,Lote s/subasta 1220977
XROXSUB1220988/145,Lote s/subasta 1220988
XROXSUB1220988/795,Lote s/subasta 1220988
XROXSUB1221749/186,Lote s/subasta 1221749
XROXSUB1221749/795,Lote s/subasta 1221749
XROXSUB1222635/1110,Lote s/subasta 1222635
XROXSUB1222658/1108,Lote s/subasta 1222658
XROXSUB1222658/189,Lote s/subasta 1222658
XROXSUB1222660/1108,Lote s/subasta 1222660
XROXSUB1222871/1110,Lote s/subasta 1222871
XROXSUB1222873/1108,Lote s/subasta 1222873
XROXSUB1223464/1110,Lote s/subasta 1223464
XROXSUB1223464/153,Lote s/subasta 1223464
XROXSUB1223465/1110,Lote s/subasta 1223465
XROXSUB1223465/153,Lote s/subasta 1223465
XROXSUB1223576/1110,Lote s/subasta 1223576
XROXSUB1223576/165,Lote s/subasta 1223576
XROXSUB1223578/1108,Lote s/subasta 1223578
XROXSUB1223578/165,Lote s/subasta 1223578
XROXSUB1223982/1110,Lote s/subasta 1223982
XROXSUB1223982/867,Lote s/subasta 1223982
XROXSUB1230398/1473,Lote s/subasta 1230398
XROXSUB1230398/165,Lote s/subasta 1230398
XROXSUB1230602/1178,Lote s/subasta 1230602
XROXSUB1230602/1473,Lote s/subasta 1230602
XROXSUB1231704/1473,Lote s/subasta 1231704
XROXSUB1231704/1478,Lote s/subasta 1231704
XROXSUB1232744/186,Lote s/subasta 1232744
XROXSUB1232744/476,Lote s/subasta 1232744
XROXSUB1233432/240,Lote s/subasta 1233432
XROXSUB1233432/795,Lote s/subasta 1233432
XROXSUB1234079/1473,Lote s/subasta 1234079
XROXSUB1234079/186,Lote s/subasta 1234079
XROXSUB1236252/1473,Lote s/subasta 1236252
XROXSUB1239223/1143,Lote s/subasta 1239223
XROXSUB1243109/169,Lote s/subasta 1243109
XROXSUB1243109/409,Lote s/subasta 1243109
XROXSUB1243111/169,Lote s/subasta 1243111
XROXSUB1243111/409,Lote s/subasta 1243111
XROXSUB1243127/1178,Lote s/subasta 1243127
XROXSUB1243127/155,Lote s/subasta 1243127
XROXSUB1243291/165,Lote s/subasta 1243291
XROXSUB1243291/437,Lote s/subasta 1243291
XROXSUB1243684/153,Lote s/subasta 1243684
XROXSUB1243684/197,Lote s/subasta 1243684
XROXSUB1243686/152,Lote s/subasta 1243686
XROXSUB1243686/197,Lote s/subasta 1243686
XROXSUB1246693/153,Lote s/subasta 1246693
XROXSUB1246693/518,Lote s/subasta 1246693
XROXSUB1247551/101,Lote s/subasta 1247551
XROXSUB1247551/965,Lote s/subasta 1247551
XROXSUB1248852/455,Lote s/subasta 1248852
XROXSUB1252032/146,Lote s/subasta 1252032
XROXSUB1252032/259,Lote s/subasta 1252032
XROXSUB1252379/146,Lote s/subasta 1252379
XROXSUB1252379/795,Lote s/subasta 1252379
XROXSUB1253068/1535,Lote s/subasta 1253068
XROXSUB1253366/165,Lote s/subasta 1253366
XROXSUB1253366/437,Lote s/subasta 1253366
XROXSUB1253928/181,Lote s/subasta 1253928
XROXSUB1254406/339,Lote s/subasta 1254406
XROXSUB1254406/476,Lote s/subasta 1254406
XROXSUB1255182/1473,Lote s/subasta 1255182
XROXSUB1255182/186,Lote s/subasta 1255182
XROXSUB1255514/211,Lote s/subasta 1255514
XROXSUB1255514/799,Lote s/subasta 1255514
XROXSUB1255516/211,Lote s/subasta 1255516
XROXSUB1255516/799,Lote s/subasta 1255516
XROXSUB1256983/168,Lote s/subasta 1256983
XROXSUB1257114/105,Lote s/subasta 1257114
XROXSUB1257114/976,Lote s/subasta 1257114
XROXSUB1257247/196,Lote s/subasta 1257247
XROXSUB1257247/201,Lote s/subasta 1257247
XROXSUB1258486/146,Lote s/subasta 1258486
XROXSUB1258486/1542,Lote s/subasta 1258486
XROXSUB1259346/1178,Lote s/subasta 1259346
XROXSUB1259346/437,Lote s/subasta 1259346
XROXSUB1261904/1178,Lote s/subasta 1261904
XROXSUB1261904/795,Lote s/subasta 1261904
XROXSUB1262084/795,Lote s/subasta 1262084
XROXSUB1262084/902,Lote s/subasta 1262084
XROXSUB1262214/101,Lote s/subasta 1262214
XROXSUB1262214/795,Lote s/subasta 1262214
XROXSUB1262241/197,Lote s/subasta 1262241
XROXSUB1262241/201,Lote s/subasta 1262241
XROXSUB1263044/1473,Lote s/subasta 1263044
XROXSUB1263044/186,Lote s/subasta 1263044
XROXSUB1265797/1473,Lote s/subasta 1265797
XROXSUB1265797/186,Lote s/subasta 1265797
XROXSUB1266074/1143,Lote s/subasta 1266074
XROXSUB1266074/1178,Lote s/subasta 1266074
XROXSUB1266113/146,Lote s/subasta 1266113
XROXSUB1266113/243,Lote s/subasta 1266113
XROXSUB1268559/153,Lote s/subasta 1268559
XROXSUB1268679/153,Lote s/subasta 1268679
XROXSUB1268680/153,Lote s/subasta 1268680
XROXSUB1270222/152,Lote s/subasta 1270222
XROXSUB1270222/186,Lote s/subasta 1270222
XROXSUB1270223/152,Lote s/subasta 1270223
XROXSUB1270223/948,Lote s/subasta 1270223
XROXSUB1270271/153,Lote s/subasta 1270271
XROXSUB1270400/165,Lote s/subasta 1270400
XROXSUB1270400/201,Lote s/subasta 1270400
XROXSUB1274126/215,Lote s/subasta 1274126
XROXSUB1275308/1503,Lote s/subasta 1275308
XROXSUB1275739/181,Lote s/subasta 1275739
XROXSUB1278072/169,Lote s/subasta 1278072
XROXSUB1278279/146,Lote s/subasta 1278279
XROXSUB1278279/165,Lote s/subasta 1278279
XROXSUB1280117/105,Lote s/subasta 1280117
XROXSUB1280117/976,Lote s/subasta 1280117
XROXSUB1280202/105,Lote s/subasta 1280202
XROXSUB1280202/976,Lote s/subasta 1280202
XROXSUB1288120/165,Lote s/subasta 1288120
XROXSUB1288120/177,Lote s/subasta 1288120
XROXSUB1289392/169,Lote s/subasta 1289392
XROXSUB1291304/1178,Lote s/subasta 1291304
XROXSUB1291304/1473,Lote s/subasta 1291304
XROXSUB1298260/197,Lote s/subasta 1298260
XROXSUB1298260/442,Lote s/subasta 1298260
XROXSUB1298280/197,Lote s/subasta 1298280
XROXSUB1298280/201,Lote s/subasta 1298280
XROXSUB1298362/197,Lote s/subasta 1298362
XROXSUB1298362/201,Lote s/subasta 1298362
XROXSUB1298604/172,Lote s/subasta 1298604
XROXSUB1299083/1071,Lote s/subasta 1299083
XROXSUB1299083/172,Lote s/subasta 1299083
XROXSUB1299086/172,Lote s/subasta 1299086
XROXSUB1299518/197,Lote s/subasta 1299518
XROXSUB1299541/197,Lote s/subasta 1299541
XROXSUB1299638/197,Lote s/subasta 1299638
XROXSUB1299642/197,Lote s/subasta 1299642
XROXSUB1300032/197,Lote s/subasta 1300032
XROXSUB1300075/1473,Lote s/subasta 1300075
XROXSUB1300923/184,Lote s/subasta 1300923
XROXSUB1300924/184,Lote s/subasta 1300924
XROXSUB1303062/181,Lote s/subasta 1303062
XROXSUB1303897/147,Lote s/subasta 1303897
XROXSUB1303898/147,Lote s/subasta 1303898
XROXSUB1303900/147,Lote s/subasta 1303900
XROXSUB1303951/147,Lote s/subasta 1303951
XROXSUB1304663/147,Lote s/subasta 1304663
XROXSUB1305011/193,Lote s/subasta 1305011
XROXSUB1305012/193,Lote s/subasta 1305012
XROXSUB1305468/1473,Lote s/subasta 1305468
XROXSUB1305828/165,Lote s/subasta 1305828
XROXSUB1307970/1318,Lote s/subasta 1307970
XROXSUB1309364/518,Lote s/subasta 1309364
XROXSUB1310614/147,Lote s/subasta 1310614
XROXSUB1312347/147,Lote s/subasta 1312347
XROXSUB1312347/451,Lote s/subasta 1312347
XROXSUB1312403/147,Lote s/subasta 1312403
XROXSUB1312405/147,Lote s/subasta 1312405
XROXSUB1312864/259,Lote s/subasta 1312864
XROXSUB1314326/165,Lote s/subasta 1314326
XROXSUB1314326/930,Lote s/subasta 1314326
XROXSUB1315600/288,Lote s/subasta 1315600
XROXSUB1316044/288,Lote s/subasta 1316044
XROXSUB1316044/425,Lote s/subasta 1316044
XROXSUB1317459/691,Lote s/subasta 1317459
XROXSUB1317661/259,Lote s/subasta 1317661
XROXSUB1317846/210,Lote s/subasta 1317846
XROXSUB1318100/167,Lote s/subasta 1318100
XROXSUB1318186/147,Lote s/subasta 1318186
XROXSUB1318295/167,Lote s/subasta 1318295
XROXSUB1318297/167,Lote s/subasta 1318297
XROXSUB1318794/187,Lote s/subasta 1318794
XROXSUB1318794/259,Lote s/subasta 1318794
XROXSUB1319107/210,Lote s/subasta 1319107
XROXSUB1319107/931,Lote s/subasta 1319107
XROXSUB1319723/147,Lote s/subasta 1319723
XROXSUB1319730/147,Lote s/subasta 1319730
XROXSUB1320669/1178,Lote s/subasta 1320669
XROXSUB1320669/150,Lote s/subasta 1320669
XROXSUB1320674/150,Lote s/subasta 1320674
XROXSUB1320746/326,Lote s/subasta 1320746
XROXSUB1320891/1646,Lote s/subasta 1320891
XROXSUB1321211/1646,Lote s/subasta 1321211
XROXSUB1321266/1646,Lote s/subasta 1321266
XROXSUB1321577/176,Lote s/subasta 1321577
XROXSUB1322036/176,Lote s/subasta 1322036
XROXSUB1322073/187,Lote s/subasta 1322073
XROXSUB1322073/259,Lote s/subasta 1322073
XROXSUB1322186/147,Lote s/subasta 1322186
XROXSUB1322369/691,Lote s/subasta 1322369
XROXSUB1323408/147,Lote s/subasta 1323408
XROXSUB1324101/165,Lote s/subasta 1324101
XROXSUB1324101/919,Lote s/subasta 1324101
XROXSUB1324102/165,Lote s/subasta 1324102
XROXSUB1324102/917,Lote s/subasta 1324102
XROXSUB1324594/147,Lote s/subasta 1324594
XROXSUB1324819/181,Lote s/subasta 1324819
XROXSUB1325590/209,Lote s/subasta 1325590
XROXSUB1325590/873,Lote s/subasta 1325590
XROXSUB1326353/1598,Lote s/subasta 1326353
XROXSUB1326353/308,Lote s/subasta 1326353
XROXSUB1326361/209,Lote s/subasta 1326361
XROXSUB1326361/308,Lote s/subasta 1326361
XROXSUB1326748/157,Lote s/subasta 1326748
XROXSUB1326748/243,Lote s/subasta 1326748
XROXSUB1326768/176,Lote s/subasta 1326768
XROXSUB1327192/157,Lote s/subasta 1327192
XROXSUB1327196/157,Lote s/subasta 1327196
XROXSUB1327465/157,Lote s/subasta 1327465
XROXSUB1327465/551,Lote s/subasta 1327465
XROXSUB1329623/259,Lote s/subasta 1329623
XROXSUB1330850/264,Lote s/subasta 1330850
XROXSUB1331818/257,Lote s/subasta 1331818
XROXSUB1331964/197,Lote s/subasta 1331964
XROXSUB1331964/257,Lote s/subasta 1331964
XROXSUB1332248/164,Lote s/subasta 1332248
XROXSUB1332514/157,Lote s/subasta 1332514
XROXSUB1332603/194,Lote s/subasta 1332603
XROXSUB1332843/157,Lote s/subasta 1332843
XROXSUB1332887/157,Lote s/subasta 1332887
XROXSUB1332888/1178,Lote s/subasta 1332888
XROXSUB1333219/197,Lote s/subasta 1333219
XROXSUB1334827/157,Lote s/subasta 1334827
XROXSUB1335220/157,Lote s/subasta 1335220
XROXSUB1336084/186,Lote s/subasta 1336084
XROXSUB1336332/186,Lote s/subasta 1336332
XROXSUB1339570/164,Lote s/subasta 1339570
XROXSUB1339591/164,Lote s/subasta 1339591
XROXSUB1339591/259,Lote s/subasta 1339591
XROXSUB1339814/186,Lote s/subasta 1339814
XROXSUB1339814/795,Lote s/subasta 1339814
XROXSUB1339818/145,Lote s/subasta 1339818
XROXSUB1339818/795,Lote s/subasta 1339818
XROXSUB1339820/101,Lote s/subasta 1339820
XROXSUB1339820/795,Lote s/subasta 1339820
XROXSUB1340452/101,Lote s/subasta 1340452
XROXSUB1340604/164,Lote s/subasta 1340604
XROXSUB1340904/188,Lote s/subasta 1340904
XROXSUB1340918/164,Lote s/subasta 1340918
XROXSUB1341580/164,Lote s/subasta 1341580
XROXSUB1342685/150,Lote s/subasta 1342685
XROXSUB1342685/209,Lote s/subasta 1342685
XROXSUB1343226/164,Lote s/subasta 1343226
XROXSUB1343360/164,Lote s/subasta 1343360
XROXSUB1343397/164,Lote s/subasta 1343397
XROXSUB1343401/164,Lote s/subasta 1343401
XROXSUB1343403/164,Lote s/subasta 1343403
XROXSUB1343423/150,Lote s/subasta 1343423
XROXSUB1343423/799,Lote s/subasta 1343423
XROXSUB1343537/164,Lote s/subasta 1343537
XROXSUB1343873/164,Lote s/subasta 1343873
XROXSUB1344052/164,Lote s/subasta 1344052
XROXSUB1344408/150,Lote s/subasta 1344408
XROXSUB1344408/219,Lote s/subasta 1344408
XROXSUB1344661/164,Lote s/subasta 1344661
XROXSUB1344743/181,Lote s/subasta 1344743
XROXSUB1345124/164,Lote s/subasta 1345124
XROXSUB1345236/1178,Lote s/subasta 1345236
XROXSUB1345236/1726,Lote s/subasta 1345236
XROXSUB1345240/1726,Lote s/subasta 1345240
XROXSUB1345240/186,Lote s/subasta 1345240
XROXSUB1345510/210,Lote s/subasta 1345510
XROXSUB1346626/150,Lote s/subasta 1346626
XROXSUB1346626/194,Lote s/subasta 1346626
XROXSUB1346962/210,Lote s/subasta 1346962
XROXSUB1347668/157,Lote s/subasta 1347668
XROXSUB1347838/150,Lote s/subasta 1347838
XROXSUB1347838/799,Lote s/subasta 1347838
XROXSUB1347976/150,Lote s/subasta 1347976
XROXSUB1347976/867,Lote s/subasta 1347976
XROXSUB1348674/1108,Lote s/subasta 1348674
XROXSUB1348682/1726,Lote s/subasta 1348682
XROXSUB1348682/954,Lote s/subasta 1348682
XROXSUB1348694/1108,Lote s/subasta 1348694
XROXSUB1348800/194,Lote s/subasta 1348800
XROXSUB1348802/194,Lote s/subasta 1348802
XROXSUB1348813/1178,Lote s/subasta 1348813
XROXSUB1349323/186,Lote s/subasta 1349323
XROXSUB1349719/1108,Lote s/subasta 1349719
XROXSUB1349720/1110,Lote s/subasta 1349720
XROXSUB1350460/157,Lote s/subasta 1350460
XROXSUB1350737/157,Lote s/subasta 1350737
XROXSUB1350832/194,Lote s/subasta 1350832
XROXSUB1352022/1110,Lote s/subasta 1352022
XROXSUB1353717/157,Lote s/subasta 1353717
XROXSUB1353717/760,Lote s/subasta 1353717
XROXSUB1354091/157,Lote s/subasta 1354091
XROXSUB1354759/1133,Lote s/subasta 1354759
XROXSUB1354759/254,Lote s/subasta 1354759
XROXSUB1354820/259,Lote s/subasta 1354820
XROXSUB1354823/263,Lote s/subasta 1354823
XROXSUB1354823/760,Lote s/subasta 1354823
XROXSUB1355664/157,Lote s/subasta 1355664
XROXSUB1355664/760,Lote s/subasta 1355664
XROXSUB1355921/157,Lote s/subasta 1355921
XROXSUB1355921/257,Lote s/subasta 1355921
XROXSUB1356831/155,Lote s/subasta 1356831
XROXSUB1356831/254,Lote s/subasta 1356831
XROXSUB1356832/189,Lote s/subasta 1356832
XROXSUB1356832/254,Lote s/subasta 1356832
XROXSUB1356855/242,Lote s/subasta 1356855
XROXSUB1357049/189,Lote s/subasta 1357049
XROXSUB1357049/259,Lote s/subasta 1357049
XROXSUB1358185/168,Lote s/subasta 1358185
XROXSUB1358185/189,Lote s/subasta 1358185
XROXSUB1358371/795,Lote s/subasta 1358371
XROXSUB1358371/832,Lote s/subasta 1358371
XROXSUB1358596/1513,Lote s/subasta 1358596
XROXSUB1358596/189,Lote s/subasta 1358596
XROXSUB1359018/1513,Lote s/subasta 1359018
XROXSUB1359018/189,Lote s/subasta 1359018
XROXSUB1361150/263,Lote s/subasta 1361150
XROXSUB1361150/795,Lote s/subasta 1361150
XROXSUB1361737/242,Lote s/subasta 1361737
XROXSUB1362214/457,Lote s/subasta 1362214
XROXSUB1362418/1108,Lote s/subasta 1362418
XROXSUB1362418/240,Lote s/subasta 1362418
XROXSUB1362419/1110,Lote s/subasta 1362419
XROXSUB1362419/240,Lote s/subasta 1362419
XROXSUB1363042/1513,Lote s/subasta 1363042
XROXSUB1363042/242,Lote s/subasta 1363042
XROXSUB1363113/192,Lote s/subasta 1363113
XROXSUB1363355/242,Lote s/subasta 1363355
XROXSUB1363356/242,Lote s/subasta 1363356
XROXSUB1363365/242,Lote s/subasta 1363365
XROXSUB1363395/164,Lote s/subasta 1363395
XROXSUB1363395/931,Lote s/subasta 1363395
XROXSUB1363399/192,Lote s/subasta 1363399
XROXSUB1363399/931,Lote s/subasta 1363399
XROXSUB1364407/189,Lote s/subasta 1364407
XROXSUB1364407/208,Lote s/subasta 1364407
XROXSUB1364407/308,Lote s/subasta 1364407
XROXSUB1365028/189,Lote s/subasta 1365028
XROXSUB1365372/1110,Lote s/subasta 1365372
XROXSUB1365373/1108,Lote s/subasta 1365373
XROXSUB1366036/164,Lote s/subasta 1366036
XROXSUB1366192/164,Lote s/subasta 1366192
XROXSUB1366665/288,Lote s/subasta 1366665
XROXSUB1366666/164,Lote s/subasta 1366666
XROXSUB1367355/1178,Lote s/subasta 1367355
XROXSUB1367355/437,Lote s/subasta 1367355
XROXSUB1368011/243,Lote s/subasta 1368011
XROXSUB1368014/243,Lote s/subasta 1368014
XROXSUB1368019/243,Lote s/subasta 1368019
XROXSUB1368529/243,Lote s/subasta 1368529
XROXSUB1368534/243,Lote s/subasta 1368534
XROXSUB1368669/177,Lote s/subasta 1368669
XROXSUB1368669/186,Lote s/subasta 1368669
XROXSUB1370773/153,Lote s/subasta 1370773
XROXSUB1371131/181,Lote s/subasta 1371131
XROXSUB1372034/194,Lote s/subasta 1372034
XROXSUB1372034/795,Lote s/subasta 1372034
XROXSUB1372835/192,Lote s/subasta 1372835
XROXSUB1372836/192,Lote s/subasta 1372836
XROXSUB1374115/192,Lote s/subasta 1374115
XROXSUB1374230/263,Lote s/subasta 1374230
XROXSUB1374230/795,Lote s/subasta 1374230
XROXSUB1374663/194,Lote s/subasta 1374663
XROXSUB1374691/263,Lote s/subasta 1374691
XROXSUB1374894/192,Lote s/subasta 1374894
XROXSUB1374896/192,Lote s/subasta 1374896
XROXSUB1374899/192,Lote s/subasta 1374899
XROXSUB1374902/192,Lote s/subasta 1374902
XROXSUB1374905/192,Lote s/subasta 1374905
XROXSUB1375312/192,Lote s/subasta 1375312
XROXSUB1375314/192,Lote s/subasta 1375314
XROXSUB1375315/192,Lote s/subasta 1375315
XROXSUB1375316/192,Lote s/subasta 1375316
XROXSUB1375317/192,Lote s/subasta 1375317
XROXSUB1375524/192,Lote s/subasta 1375524
XROXSUB1375525/192,Lote s/subasta 1375525
XROXSUB1375526/192,Lote s/subasta 1375526
XROXSUB1375529/192,Lote s/subasta 1375529
XROXSUB1375531/192,Lote s/subasta 1375531
XROXSUB1375532/192,Lote s/subasta 1375532
XROXSUB1375560/192,Lote s/subasta 1375560
XROXSUB1375562/192,Lote s/subasta 1375562
XROXSUB1375563/192,Lote s/subasta 1375563
XROXSUB1375717/192,Lote s/subasta 1375717
XROXSUB1375764/192,Lote s/subasta 1375764
XROXSUB1376372/192,Lote s/subasta 1376372
XROXSUB1376734/194,Lote s/subasta 1376734
XROXSUB1376824/242,Lote s/subasta 1376824
XROXSUB1376856/242,Lote s/subasta 1376856
XROXSUB1376875/242,Lote s/subasta 1376875
XROXSUB1378707/263,Lote s/subasta 1378707
XROXSUB1379149/263,Lote s/subasta 1379149
XROXSUB1379363/263,Lote s/subasta 1379363
XROXSUB1379651/263,Lote s/subasta 1379651
XROXSUB1379769/101,Lote s/subasta 1379769
XROXSUB1379769/965,Lote s/subasta 1379769
XROXSUB1379939/437,Lote s/subasta 1379939
XROXSUB1380204/193,Lote s/subasta 1380204
XROXSUB1380206/193,Lote s/subasta 1380206
XROXSUB1382352/157,Lote s/subasta 1382352
XROXSUB1382355/157,Lote s/subasta 1382355
XROXSUB1382390/186,Lote s/subasta 1382390
XROXSUB1382390/474,Lote s/subasta 1382390
XROXSUB1382711/1790,Lote s/subasta 1382711
XROXSUB1384381/239,Lote s/subasta 1384381
XROXSUB1384628/187,Lote s/subasta 1384628
XROXSUB1384799/187,Lote s/subasta 1384799
XROXSUB1384874/187,Lote s/subasta 1384874
XROXSUB1385095/1726,Lote s/subasta 1385095
XROXSUB1385095/954,Lote s/subasta 1385095
XROXSUB1385771/162,Lote s/subasta 1385771
XROXSUB1386511/193,Lote s/subasta 1386511
XROXSUB1386719/1321,Lote s/subasta 1386719
XROXSUB1386719/1646,Lote s/subasta 1386719
XROXSUB1386775/193,Lote s/subasta 1386775
XROXSUB1386776/193,Lote s/subasta 1386776
XROXSUB1387890/1321,Lote s/subasta 1387890
XROXSUB1387890/157,Lote s/subasta 1387890
XROXSUB1388441/1646,Lote s/subasta 1388441
XROXSUB1389134/214,Lote s/subasta 1389134
XROXSUB1389138/214,Lote s/subasta 1389138
XROXSUB1389144/214,Lote s/subasta 1389144
XROXSUB1389145/214,Lote s/subasta 1389145
XROXSUB1389150/214,Lote s/subasta 1389150
XROXSUB1389152/214,Lote s/subasta 1389152
XROXSUB1389155/214,Lote s/subasta 1389155
XROXSUB1389209/214,Lote s/subasta 1389209
XROXSUB1389212/214,Lote s/subasta 1389212
XROXSUB1389216/214,Lote s/subasta 1389216
XROXSUB1389220/214,Lote s/subasta 1389220
XROXSUB1389221/214,Lote s/subasta 1389221
XROXSUB1389225/214,Lote s/subasta 1389225
XROXSUB1389304/1178,Lote s/subasta 1389304
XROXSUB1389304/425,Lote s/subasta 1389304
XROXSUB1389963/193,Lote s/subasta 1389963
XROXSUB1389963/254,Lote s/subasta 1389963
XROXSUB1390592/170,Lote s/subasta 1390592
XROXSUB1390936/1646,Lote s/subasta 1390936
XROXSUB1391179/153,Lote s/subasta 1391179
XROXSUB1391179/937,Lote s/subasta 1391179
XROXSUB1391409/1728,Lote s/subasta 1391409
XROXSUB1391756/193,Lote s/subasta 1391756
XROXSUB1391756/201,Lote s/subasta 1391756
XROXSUB1391792/177,Lote s/subasta 1391792
XROXSUB1391813/1646,Lote s/subasta 1391813
XROXSUB1392277/180,Lote s/subasta 1392277
XROXSUB1392278/180,Lote s/subasta 1392278
XROXSUB1392577/1646,Lote s/subasta 1392577
XROXSUB1392770/1646,Lote s/subasta 1392770
XROXSUB1393022/1108,Lote s/subasta 1393022
XROXSUB1393023/1110,Lote s/subasta 1393023
XROXSUB1393387/180,Lote s/subasta 1393387
XROXSUB1393391/437,Lote s/subasta 1393391
XROXSUB1393685/1646,Lote s/subasta 1393685
XROXSUB1393685/1728,Lote s/subasta 1393685
XROXSUB1393791/1646,Lote s/subasta 1393791
XROXSUB1394181/425,Lote s/subasta 1394181
XROXSUB1396232/181,Lote s/subasta 1396232
XROXSUB1396629/437,Lote s/subasta 1396629
XROXSUB1396805/180,Lote s/subasta 1396805
XROXSUB1396805/254,Lote s/subasta 1396805
XROXSUB1396811/1321,Lote s/subasta 1396811
XROXSUB1396811/967,Lote s/subasta 1396811
XROXSUB1397249/193,Lote s/subasta 1397249
XROXSUB1397249/734,Lote s/subasta 1397249
XROXSUB1397673/1110,Lote s/subasta 1397673
XROXSUB1397673/1178,Lote s/subasta 1397673
XROXSUB1397674/1108,Lote s/subasta 1397674
XROXSUB1397674/1178,Lote s/subasta 1397674
XROXSUB1398563/181,Lote s/subasta 1398563
XROXSUB1401750/194,Lote s/subasta 1401750
XROXSUB1401750/201,Lote s/subasta 1401750
XROXSUB1403285/194,Lote s/subasta 1403285
XROXSUB1407167/1812,Lote s/subasta 1407167
XROXSUB1407167/1840,Lote s/subasta 1407167
XROXSUB1408524/1840,Lote s/subasta 1408524
XROXSUB1413141/188,Lote s/subasta 1413141
XROXSUB1413141/991,Lote s/subasta 1413141
XROXSUB1414953/437,Lote s/subasta 1414953
XROXSUB1415746/164,Lote s/subasta 1415746
XROXSUB1416373/1178,Lote s/subasta 1416373
XROXSUB1416373/1726,Lote s/subasta 1416373
XROXSUB1416932/1178,Lote s/subasta 1416932
XROXSUB1416932/186,Lote s/subasta 1416932
XROXSUB1417122/164,Lote s/subasta 1417122
XROXSUB1417122/259,Lote s/subasta 1417122
XROXSUB1417129/164,Lote s/subasta 1417129
XROXSUB1418691/164,Lote s/subasta 1418691
XROXSUB1420649/144,Lote s/subasta 1420649
XROXSUB1423270/164,Lote s/subasta 1423270
XROXSUB1423878/170,Lote s/subasta 1423878
XROXSUB1423991/170,Lote s/subasta 1423991
XROXSUB1424519/170,Lote s/subasta 1424519
XROXSUB1424520/170,Lote s/subasta 1424520
XROXSUB1425207/164,Lote s/subasta 1425207
XROXSUB1425266/170,Lote s/subasta 1425266
XROXSUB1426421/144,Lote s/subasta 1426421
XROXSUB1427028/144,Lote s/subasta 1427028
XROXSUB1429418/194,Lote s/subasta 1429418
XROXSUB1430047/170,Lote s/subasta 1430047
XROXSUB1432626/170,Lote s/subasta 1432626
XROXSUB1433979/147,Lote s/subasta 1433979
XROXSUB1434130/170,Lote s/subasta 1434130
XROXSUB1437061/170,Lote s/subasta 1437061
XROXSUB1437227/194,Lote s/subasta 1437227
XROXSUB1438916/170,Lote s/subasta 1438916
XROXSUB1439649/170,Lote s/subasta 1439649
XROXSUB1439653/194,Lote s/subasta 1439653
XROXSUB1441543/1178,Lote s/subasta 1441543
XROXSUB1441543/186,Lote s/subasta 1441543
XROXSUB1442936/147,Lote s/subasta 1442936
XROXSUB1442938/147,Lote s/subasta 1442938
XROXSUB1443305/150,Lote s/subasta 1443305
XROXSUB1444003/157,Lote s/subasta 1444003
XROXSUB1444003/255,Lote s/subasta 1444003
XROXSUB1444081/1021,Lote s/subasta 1444081
XROXSUB1444081/194,Lote s/subasta 1444081
XROXSUB1446028/194,Lote s/subasta 1446028
XROXSUB1448394/194,Lote s/subasta 1448394
XROXSUB1448394/425,Lote s/subasta 1448394
XROXSUB1448643/105,Lote s/subasta 1448643
XROXSUB1448643/795,Lote s/subasta 1448643
XROXSUB1451199/194,Lote s/subasta 1451199
XROXSUB1457523/1108,Lote s/subasta 1457523
XROXSUB1457526/1110,Lote s/subasta 1457526
XROXSUB1457696/1178,Lote s/subasta 1457696
XROXSUB1457696/1892,Lote s/subasta 1457696
XROXSUB1457697/1178,Lote s/subasta 1457697
XROXSUB1457697/1892,Lote s/subasta 1457697
XROXSUB1458079/105,Lote s/subasta 1458079
XROXSUB1458079/795,Lote s/subasta 1458079
XROXSUB1458319/147,Lote s/subasta 1458319
XROXSUB1458770/1110,Lote s/subasta 1458770
XROXSUB1459195/1108,Lote s/subasta 1459195
XROXSUB1459296/147,Lote s/subasta 1459296
XROXSUB1459309/147,Lote s/subasta 1459309
XROXSUB1459311/147,Lote s/subasta 1459311
XROXSUB1459316/147,Lote s/subasta 1459316
XROXSUB1459397/147,Lote s/subasta 1459397
XROXSUB1459433/1892,Lote s/subasta 1459433
XROXSUB1460024/187,Lote s/subasta 1460024
XROXSUB1460126/147,Lote s/subasta 1460126
XROXSUB1460340/147,Lote s/subasta 1460340
XROXSUB1461824/147,Lote s/subasta 1461824
XROXSUB1461825/147,Lote s/subasta 1461825
XROXSUB1461863/147,Lote s/subasta 1461863
XROXSUB1462471/147,Lote s/subasta 1462471
XROXSUB1463262/147,Lote s/subasta 1463262
XROXSUB1464593/1108,Lote s/subasta 1464593
XROXSUB1465101/146,Lote s/subasta 1465101
XROXSUB1465101/201,Lote s/subasta 1465101
XROXSUB1465360/105,Lote s/subasta 1465360
XROXSUB1465360/795,Lote s/subasta 1465360
XROXSUB1465899/1110,Lote s/subasta 1465899
XROXSUB1465899/146,Lote s/subasta 1465899
XROXSUB1467590/168,Lote s/subasta 1467590
XROXSUB1468790/101,Lote s/subasta 1468790
XROXSUB1468790/240,Lote s/subasta 1468790
XROXSUB1470510/187,Lote s/subasta 1470510
XROXSUB1470593/187,Lote s/subasta 1470593
XROXSUB1471641/101,Lote s/subasta 1471641
XROXSUB1471641/1178,Lote s/subasta 1471641
XROXSUB1471932/187,Lote s/subasta 1471932
XROXSUB1472389/1673,Lote s/subasta 1472389
XROXSUB1474497/101,Lote s/subasta 1474497
XROXSUB1474497/1478,Lote s/subasta 1474497
XROXSUB1474827/172,Lote s/subasta 1474827
XROXSUB1474843/187,Lote s/subasta 1474843
XROXSUB1475044/172,Lote s/subasta 1475044
XROXSUB1475445/187,Lote s/subasta 1475445
XROXSUB1475630/157,Lote s/subasta 1475630
XROXSUB1475690/101,Lote s/subasta 1475690
XROXSUB1475690/1478,Lote s/subasta 1475690
XROXSUB1475748/187,Lote s/subasta 1475748
XROXSUB1475857/172,Lote s/subasta 1475857
XROXSUB1476233/167,Lote s/subasta 1476233
XROXSUB1476233/172,Lote s/subasta 1476233
XROXSUB1476593/187,Lote s/subasta 1476593
XROXSUB1477502/172,Lote s/subasta 1477502
XROXSUB1477600/157,Lote s/subasta 1477600
XROXSUB1477600/201,Lote s/subasta 1477600
XROXSUB1477686/187,Lote s/subasta 1477686
XROXSUB1477686/370,Lote s/subasta 1477686
XROXSUB1479355/168,Lote s/subasta 1479355
XROXSUB1479355/187,Lote s/subasta 1479355
XROXSUB816338/150,Lote s/subasta 816338
XROXSUB816444/153,Lote s/subasta 816444
XROXSUB816638/150,Lote s/subasta 816638
XROXSUB817486/150,Lote s/subasta 817486
XROXSUB817489/150,Lote s/subasta 817489
XROXSUB818527/155,Lote s/subasta 818527
XROXSUB818859/155,Lote s/subasta 818859
XROXSUB835971/152,Lote s/subasta 835971
XROXSUB836126/152,Lote s/subasta 836126
XROXSUB836712/155,Lote s/subasta 836712
XROXSUB843096/177,Lote s/subasta 843096
XROXSUB845204/157,Lote s/subasta 845204
XROXSUB850724/152,Lote s/subasta 850724
XROXSUB850724/186,Lote s/subasta 850724
XROXSUB851072/152,Lote s/subasta 851072
XROXSUB851072/186,Lote s/subasta 851072
XROXSUB851073/152,Lote s/subasta 851073
XROXSUB851073/186,Lote s/subasta 851073
XROXSUB851074/152,Lote s/subasta 851074
XROXSUB851074/186,Lote s/subasta 851074
XROXSUB858597/157,Lote s/subasta 858597
XROXSUB858597/186,Lote s/subasta 858597
XROXSUB863196/157,Lote s/subasta 863196
XROXSUB863196/186,Lote s/subasta 863196
XROXSUB866046/155,Lote s/subasta 866046
XROXSUB872103/184,Lote s/subasta 872103
XROXSUB872103/186,Lote s/subasta 872103
XROXSUB872406/184,Lote s/subasta 872406
XROXSUB872406/208,Lote s/subasta 872406
XROXSUB874495/101,Lote s/subasta 874495
XROXSUB874916/101,Lote s/subasta 874916
XROXSUB874916/187,Lote s/subasta 874916
XROXSUB875683/101,Lote s/subasta 875683
XROXSUB875683/187,Lote s/subasta 875683
XROXSUB876081/101,Lote s/subasta 876081
XROXSUB876081/146,Lote s/subasta 876081
XROXSUB876083/101,Lote s/subasta 876083
XROXSUB876083/146,Lote s/subasta 876083
XROXSUB877231/101,Lote s/subasta 877231
XROXSUB877231/211,Lote s/subasta 877231
XROXSUB877233/101,Lote s/subasta 877233
XROXSUB877233/201,Lote s/subasta 877233
XROXSUB878295/157,Lote s/subasta 878295
XROXSUB878303/157,Lote s/subasta 878303
XROXSUB878303/218,Lote s/subasta 878303
XROXSUB882627/230,Lote s/subasta 882627
XROXSUB882780/145,Lote s/subasta 882780
XROXSUB882780/177,Lote s/subasta 882780
XROXSUB882964/230,Lote s/subasta 882964
XROXSUB882964/231,Lote s/subasta 882964
XROXSUB886043/194,Lote s/subasta 886043
XROXSUB886043/230,Lote s/subasta 886043
XROXSUB886878/150,Lote s/subasta 886878
XROXSUB886887/150,Lote s/subasta 886887
XROXSUB886887/186,Lote s/subasta 886887
XROXSUB887973/155,Lote s/subasta 887973
XROXSUB890301/163,Lote s/subasta 890301
XROXSUB890305/189,Lote s/subasta 890305
XROXSUB890781/201,Lote s/subasta 890781
XROXSUB891660/244,Lote s/subasta 891660
XROXSUB891671/212,Lote s/subasta 891671
XROXSUB891707/152,Lote s/subasta 891707
XROXSUB891721/152,Lote s/subasta 891721
XROXSUB891733/152,Lote s/subasta 891733
XROXSUB892129/155,Lote s/subasta 892129
XROXSUB892277/155,Lote s/subasta 892277
XROXSUB894865/157,Lote s/subasta 894865
XROXSUB894865/186,Lote s/subasta 894865
XROXSUB895718/163,Lote s/subasta 895718
XROXSUB895974/244,Lote s/subasta 895974
XROXSUB897225/144,Lote s/subasta 897225
XROXSUB897227/144,Lote s/subasta 897227
XROXSUB898204/168,Lote s/subasta 898204
XROXSUB899824/157,Lote s/subasta 899824
XROXSUB899934/244,Lote s/subasta 899934
XROXSUB900852/148,Lote s/subasta 900852
XROXSUB901151/177,Lote s/subasta 901151
XROXSUB902255/180,Lote s/subasta 902255
XROXSUB902840/153,Lote s/subasta 902840
XROXSUB908949/144,Lote s/subasta 908949
XROXSUB910983/206,Lote s/subasta 910983
XROXSUB911145/181,Lote s/subasta 911145
XROXSUB911145/260,Lote s/subasta 911145
XROXSUB911826/155,Lote s/subasta 911826
XROXSUB912386/261,Lote s/subasta 912386
XROXSUB913152/101,Lote s/subasta 913152
XROXSUB913328/168,Lote s/subasta 913328
XROXSUB916047/155,Lote s/subasta 916047
XROXSUB917561/148,Lote s/subasta 917561
XROXSUB919977/186,Lote s/subasta 919977
XROXSUB919977/296,Lote s/subasta 919977
XROXSUB919979/186,Lote s/subasta 919979
XROXSUB919979/296,Lote s/subasta 919979
XROXSUB919980/208,Lote s/subasta 919980
XROXSUB919980/296,Lote s/subasta 919980
XROXSUB920128/181,Lote s/subasta 920128
XROXSUB920753/148,Lote s/subasta 920753
XROXSUB920753/300,Lote s/subasta 920753
XROXSUB923387/101,Lote s/subasta 923387
XROXSUB923387/308,Lote s/subasta 923387
XROXSUB924158/201,Lote s/subasta 924158
XROXSUB924620/148,Lote s/subasta 924620
XROXSUB925669/296,Lote s/subasta 925669
XROXSUB928450/187,Lote s/subasta 928450
XROXSUB928450/261,Lote s/subasta 928450
XROXSUB929397/303,Lote s/subasta 929397
XROXSUB929403/197,Lote s/subasta 929403
XROXSUB929403/208,Lote s/subasta 929403
XROXSUB931902/152,Lote s/subasta 931902
XROXSUB932115/296,Lote s/subasta 932115
XROXSUB932801/186,Lote s/subasta 932801
XROXSUB932801/296,Lote s/subasta 932801
XROXSUB933060/326,Lote s/subasta 933060
XROXSUB933979/148,Lote s/subasta 933979
XROXSUB935769/148,Lote s/subasta 935769
XROXSUB937174/193,Lote s/subasta 937174
XROXSUB938043/342,Lote s/subasta 938043
XROXSUB938170/302,Lote s/subasta 938170
XROXSUB938720/263,Lote s/subasta 938720
XROXSUB939316/186,Lote s/subasta 939316
XROXSUB939316/340,Lote s/subasta 939316
XROXSUB939409/148,Lote s/subasta 939409
XROXSUB940224/366,Lote s/subasta 940224
XROXSUB940225/148,Lote s/subasta 940225
XROXSUB940512/152,Lote s/subasta 940512
XROXSUB941424/363,Lote s/subasta 941424
XROXSUB943603/346,Lote s/subasta 943603
XROXSUB943604/347,Lote s/subasta 943604
XROXSUB944650/239,Lote s/subasta 944650
XROXSUB944969/302,Lote s/subasta 944969
XROXSUB944969/361,Lote s/subasta 944969
XROXSUB945019/302,Lote s/subasta 945019
XROXSUB945456/201,Lote s/subasta 945456
XROXSUB945650/201,Lote s/subasta 945650
XROXSUB945683/181,Lote s/subasta 945683
XROXSUB945683/365,Lote s/subasta 945683
XROXSUB945684/181,Lote s/subasta 945684
XROXSUB945684/364,Lote s/subasta 945684
XROXSUB945685/181,Lote s/subasta 945685
XROXSUB945685/348,Lote s/subasta 945685
XROXSUB945971/201,Lote s/subasta 945971
XROXSUB946131/181,Lote s/subasta 946131
XROXSUB946131/303,Lote s/subasta 946131
XROXSUB946214/201,Lote s/subasta 946214
XROXSUB946215/201,Lote s/subasta 946215
XROXSUB946627/302,Lote s/subasta 946627
XROXSUB946696/186,Lote s/subasta 946696
XROXSUB946696/194,Lote s/subasta 946696
XROXSUB947281/185,Lote s/subasta 947281
XROXSUB947283/185,Lote s/subasta 947283
XROXSUB947285/185,Lote s/subasta 947285
XROXSUB947287/201,Lote s/subasta 947287
XROXSUB947664/302,Lote s/subasta 947664
XROXSUB947667/185,Lote s/subasta 947667
XROXSUB947670/185,Lote s/subasta 947670
XROXSUB948049/185,Lote s/subasta 948049
XROXSUB948051/185,Lote s/subasta 948051
XROXSUB948052/185,Lote s/subasta 948052
XROXSUB948200/367,Lote s/subasta 948200
XROXSUB948201/408,Lote s/subasta 948201
XROXSUB948847/155,Lote s/subasta 948847
XROXSUB948847/186,Lote s/subasta 948847
XROXSUB948949/304,Lote s/subasta 948949
XROXSUB948950/302,Lote s/subasta 948950
XROXSUB950494/405,Lote s/subasta 950494
XROXSUB950774/155,Lote s/subasta 950774
XROXSUB950984/406,Lote s/subasta 950984
XROXSUB951499/186,Lote s/subasta 951499
XROXSUB951499/427,Lote s/subasta 951499
XROXSUB951551/303,Lote s/subasta 951551
XROXSUB951597/229,Lote s/subasta 951597
XROXSUB951699/302,Lote s/subasta 951699
XROXSUB952110/261,Lote s/subasta 952110
XROXSUB952748/101,Lote s/subasta 952748
XROXSUB952748/231,Lote s/subasta 952748
XROXSUB952749/187,Lote s/subasta 952749
XROXSUB952749/231,Lote s/subasta 952749
XROXSUB952775/181,Lote s/subasta 952775
XROXSUB952775/194,Lote s/subasta 952775
XROXSUB953841/229,Lote s/subasta 953841
XROXSUB953844/219,Lote s/subasta 953844
XROXSUB953893/211,Lote s/subasta 953893
XROXSUB953893/441,Lote s/subasta 953893
XROXSUB954112/426,Lote s/subasta 954112
XROXSUB954115/201,Lote s/subasta 954115
XROXSUB954288/181,Lote s/subasta 954288
XROXSUB954288/260,Lote s/subasta 954288
XROXSUB954407/421,Lote s/subasta 954407
XROXSUB954407/437,Lote s/subasta 954407
XROXSUB955234/197,Lote s/subasta 955234
XROXSUB956022/194,Lote s/subasta 956022
XROXSUB956022/438,Lote s/subasta 956022
XROXSUB957592/186,Lote s/subasta 957592
XROXSUB957592/197,Lote s/subasta 957592
XROXSUB959588/302,Lote s/subasta 959588
XROXSUB959592/302,Lote s/subasta 959592
XROXSUB959592/421,Lote s/subasta 959592
XROXSUB959604/185,Lote s/subasta 959604
XROXSUB959614/185,Lote s/subasta 959614
XROXSUB959832/189,Lote s/subasta 959832
XROXSUB960605/177,Lote s/subasta 960605
XROXSUB960888/442,Lote s/subasta 960888
XROXSUB961733/197,Lote s/subasta 961733
XROXSUB961733/208,Lote s/subasta 961733
XROXSUB962234/148,Lote s/subasta 962234
XROXSUB962405/186,Lote s/subasta 962405
XROXSUB962405/440,Lote s/subasta 962405
XROXSUB963303/230,Lote s/subasta 963303
XROXSUB965435/264,Lote s/subasta 965435
XROXSUB966185/168,Lote s/subasta 966185
XROXSUB966306/184,Lote s/subasta 966306
XROXSUB966306/240,Lote s/subasta 966306
XROXSUB966497/168,Lote s/subasta 966497
XROXSUB966500/325,Lote s/subasta 966500
XROXSUB966802/155,Lote s/subasta 966802
XROXSUB966832/292,Lote s/subasta 966832
XROXSUB966832/421,Lote s/subasta 966832
XROXSUB966946/184,Lote s/subasta 966946
XROXSUB966962/468,Lote s/subasta 966962
XROXSUB967059/457,Lote s/subasta 967059
XROXSUB967954/148,Lote s/subasta 967954
XROXSUB968275/477,Lote s/subasta 968275
XROXSUB969275/184,Lote s/subasta 969275
XROXSUB969275/186,Lote s/subasta 969275
XROXSUB969308/207,Lote s/subasta 969308
XROXSUB970194/194,Lote s/subasta 970194
XROXSUB970549/157,Lote s/subasta 970549
XROXSUB970549/208,Lote s/subasta 970549
XROXSUB971338/194,Lote s/subasta 971338
XROXSUB971338/492,Lote s/subasta 971338
XROXSUB971346/101,Lote s/subasta 971346
XROXSUB971346/492,Lote s/subasta 971346
XROXSUB971941/194,Lote s/subasta 971941
XROXSUB971941/254,Lote s/subasta 971941
XROXSUB972145/264,Lote s/subasta 972145
XROXSUB972908/186,Lote s/subasta 972908
XROXSUB972908/468,Lote s/subasta 972908
XROXSUB973002/457,Lote s/subasta 973002
XROXSUB973004/487,Lote s/subasta 973004
XROXSUB973005/475,Lote s/subasta 973005
XROXSUB973456/194,Lote s/subasta 973456
XROXSUB973456/196,Lote s/subasta 973456
XROXSUB973762/194,Lote s/subasta 973762
XROXSUB973764/194,Lote s/subasta 973764
XROXSUB973765/194,Lote s/subasta 973765
XROXSUB974276/197,Lote s/subasta 974276
XROXSUB975401/458,Lote s/subasta 975401
XROXSUB975870/487,Lote s/subasta 975870
XROXSUB975891/163,Lote s/subasta 975891
XROXSUB975891/492,Lote s/subasta 975891
XROXSUB977176/491,Lote s/subasta 977176
XROXSUB977723/487,Lote s/subasta 977723
XROXSUB977963/457,Lote s/subasta 977963
XROXSUB978140/186,Lote s/subasta 978140
XROXSUB978140/293,Lote s/subasta 978140
XROXSUB978149/484,Lote s/subasta 978149
XROXSUB978191/293,Lote s/subasta 978191
XROXSUB978200/101,Lote s/subasta 978200
XROXSUB978200/401,Lote s/subasta 978200
XROXSUB978983/455,Lote s/subasta 978983
XROXSUB978983/492,Lote s/subasta 978983
XROXSUB979548/146,Lote s/subasta 979548
XROXSUB979548/492,Lote s/subasta 979548
XROXSUB980464/303,Lote s/subasta 980464
XROXSUB980464/455,Lote s/subasta 980464
XROXSUB980467/293,Lote s/subasta 980467
XROXSUB980497/184,Lote s/subasta 980497
XROXSUB980908/495,Lote s/subasta 980908
XROXSUB981106/293,Lote s/subasta 981106
XROXSUB983151/523,Lote s/subasta 983151
XROXSUB983235/184,Lote s/subasta 983235
XROXSUB983395/455,Lote s/subasta 983395
XROXSUB983933/184,Lote s/subasta 983933
XROXSUB984122/455,Lote s/subasta 984122
XROXSUB984181/332,Lote s/subasta 984181
XROXSUB984197/456,Lote s/subasta 984197
XROXSUB984197/527,Lote s/subasta 984197
XROXSUB984198/302,Lote s/subasta 984198
XROXSUB984198/527,Lote s/subasta 984198
XROXSUB984635/192,Lote s/subasta 984635
XROXSUB985126/456,Lote s/subasta 985126
XROXSUB985126/527,Lote s/subasta 985126
XROXSUB985895/240,Lote s/subasta 985895
XROXSUB985895/480,Lote s/subasta 985895
XROXSUB986202/192,Lote s/subasta 986202
XROXSUB986731/184,Lote s/subasta 986731
XROXSUB986731/421,Lote s/subasta 986731
XROXSUB987521/184,Lote s/subasta 987521
XROXSUB987556/184,Lote s/subasta 987556
XROXSUB987994/532,Lote s/subasta 987994
XROXSUB987995/533,Lote s/subasta 987995
XROXSUB988046/264,Lote s/subasta 988046
XROXSUB988283/294,Lote s/subasta 988283
XROXSUB988564/520,Lote s/subasta 988564
XROXSUB988566/524,Lote s/subasta 988566
XROXSUB990185/264,Lote s/subasta 990185
XROXSUB990237/444,Lote s/subasta 990237
XROXSUB990241/444,Lote s/subasta 990241
XROXSUB990638/547,Lote s/subasta 990638
XROXSUB991509/476,Lote s/subasta 991509
XROXSUB991510/476,Lote s/subasta 991510
XROXSUB991511/476,Lote s/subasta 991511
XROXSUB994504/184,Lote s/subasta 994504
XROXSUB996727/184,Lote s/subasta 996727
XROXSUB996727/240,Lote s/subasta 996727
XROXSUB997216/184,Lote s/subasta 997216
XROXSUB997216/208,Lote s/subasta 997216
XROXSUB998556/167,Lote s/subasta 998556
XROXSUB999615/201,Lote s/subasta 999615
XROXSUB999615/492,Lote s/subasta 999615
XROXSUB999620/155,Lote s/subasta 999620
.,.
COMC17929J,COMC17929J
COMC180.AB,COMC180.AB
COMC250.FE,COMC250.FE
COMC290.FE,COMC290.FE
COMC300.FE,COMC300.FE
COMC330.FE,COMC330.FE
COMC55.0AB,COMC55.0AB
CRN.CME/ABR25,
CRN.CME/AGO26,
CRN.CME/NOV24,
CRN.CME/NOV25,
DLR012022,
DLR012023,
DLR012024,
DLR012025,
DLR012026,
DLR022022,
DLR022023,
DLR022024,
DLR022025,
DLR022026,
DLR032023,
DLR032024,
DLR032025,
DLR032026,
DLR032027,
DLR042023,
DLR042024,
DLR042025,
DLR042026,
DLR052023,
DLR052024,
DLR052025,
DLR052026,
DLR062024,
DLR062025,
DLR062026,
DLR072022,
DLR072023,
DLR072024,
DLR072025,
DLR072026,
DLR082022,
DLR082024,
DLR082025,
DLR082026,
DLR092022,
DLR092023,
DLR092024,
DLR092025,
DLR092026,
DLR102022,
DLR102023,
DLR102024,
DLR102025,
DLR102026,
DLR112022,
DLR112023,
DLR112024,
DLR112025,
DLR122022,
DLR122023,
DLR122024,
DLR122025,
DLR122026,
GFGC10035O,GFGC10035O
GFGC10078F,GFGC10078F
GFGC10578F,GFGC10578F
GFGC11078A,GFGC11078A
GFGC59558D,GFGC59558D
GFGC65343O,GFGC65343O
GFGC65452J,GFGC65452J
GFGC67025G,GFGC67025G
GFGC67343O,GFGC67343O
GFGC67452J,GFGC67452J
GFGC6800JU,GFGC6800JU
GFGC68806J,GFGC68806J
GFGC69025G,GFGC69025G
GFGC69054F,GFGC69054F
GFGC71025G,GFGC71025G
GFGC71282F,GFGC71282F
GFGC71343O,GFGC71343O
GFGC71452J,GFGC71452J
GFGC73025G,GFGC73025G
GFGC73131O,GFGC73131O
GFGC73515F,GFGC73515F
GFGC75131O,GFGC75131O
GFGC75282A,GFGC75282A
GFGC75783A,GFGC75783A
GFGC77025G,GFGC77025G
GFGC77573O,GFGC77573O
GFGC77783F,GFGC77783F
GFGC79783F,GFGC79783F
GFGC8000AG,GFGC8000AG
GFGC81806O,GFGC81806O
GFGC82025G,GFGC82025G
GFGC82539D,GFGC82539D
GFGC82783A,GFGC82783A
GFGC82783F,GFGC82783F
GFGC85025G,GFGC85025G
GFGC8530FE,GFGC8530FE
GFGC85452J,GFGC85452J
GFGC85783A,GFGC85783A
GFGC85783F,GFGC85783F
GFGC85785G,GFGC85785G
GFGC8600JU,GFGC8600JU
GFGC88783F,GFGC88783F
GFGC91343D,GFGC91343D
GFGC91566D,GFGC91566D
GFGC91783A,GFGC91783A
GFGC91783F,GFGC91783F
GFGC94025G,GFGC94025G
GFGC94235J,GFGC94235J
GFGC94566O,GFGC94566O
GFGC94573D,GFGC94573D
GFGC94783F,GFGC94783F
GFGC97025G,GFGC97025G
GFGC97354O,GFGC97354O
GFGC97783F,GFGC97783F
GFGC9800DI,GFGC9800DI
GFGV59754A,GFGV59754A
GFGV61515A,GFGV61515A
GFGV6600AB,GFGV6600AB
GFGV69282A,GFGV69282A
GFGV71282F,GFGV71282F
GFGV71783F,GFGV71783F
GFGV72553J,GFGV72553J
GFGV73515F,GFGV73515F
GFGV75282A,GFGV75282A
MAI.MIN/ABR24,
MAI.MIN/ABR26,
MAI.MIN/DIC23,
MAI.MIN/DIC24,
MAI.MIN/DIC25,
MAI.MIN/JUL24,
MAI.MIN/JUL25,
MAI.MIN/JUL26,
MAI.MIN/SEP24,
MAI.ROS/ABR22,
MAI.ROS/ABR23,
MAI.ROS/ABR23 240 C,MAI.ROS/ABR23 240 C
MAI.ROS/ABR23 240 P,MAI.ROS/ABR23 240 P
MAI.ROS/ABR23 244 C,MAI.ROS/ABR23 244 C
MAI.ROS/ABR23 244 P,MAI.ROS/ABR23 244 P
MAI.ROS/ABR23 248 C,MAI.ROS/ABR23 248 C
MAI.ROS/ABR23 248 P,MAI.ROS/ABR23 248 P
MAI.ROS/ABR23 268 C,MAI.ROS/ABR23 268 C
MAI.ROS/ABR23 272 C,MAI.ROS/ABR23 272 C
MAI.ROS/ABR23 276 C,MAI.ROS/ABR23 276 C
MAI.ROS/ABR23 280 C,MAI.ROS/ABR23 280 C
MAI.ROS/ABR23 288 C,MAI.ROS/ABR23 288 C
MAI.ROS/ABR23 292 C,MAI.ROS/ABR23 292 C
MAI.ROS/ABR23 300 C,MAI.ROS/ABR23 300 C
MAI.ROS/ABR24,
MAI.ROS/ABR24 192 C,MAI.ROS/ABR24 192 C
MAI.ROS/ABR24 200 C,MAI.ROS/ABR24 200 C
MAI.ROS/ABR24 208 C,MAI.ROS/ABR24 208 C
MAI.ROS/ABR24 216 C,MAI.ROS/ABR24 216 C
MAI.ROS/ABR24 220 C,MAI.ROS/ABR24 220 C
MAI.ROS/ABR25,
MAI.ROS/ABR25 160 P,MAI.ROS/ABR25 160 P
MAI.ROS/ABR25 164 P,MAI.ROS/ABR25 164 P
MAI.ROS/ABR25 168 P,MAI.ROS/ABR25 168 P
MAI.ROS/ABR25 172 P,MAI.ROS/ABR25 172 P
MAI.ROS/ABR25 176 P,MAI.ROS/ABR25 176 P
MAI.ROS/ABR25 180 C,MAI.ROS/ABR25 180 C
MAI.ROS/ABR25 180 P,MAI.ROS/ABR25 180 P
MAI.ROS/ABR25 184 C,MAI.ROS/ABR25 184 C
MAI.ROS/ABR25 184 P,MAI.ROS/ABR25 184 P
MAI.ROS/ABR25 188 C,MAI.ROS/ABR25 188 C
MAI.ROS/ABR25 192 C,MAI.ROS/ABR25 192 C
MAI.ROS/ABR25 192 P,MAI.ROS/ABR25 192 P
MAI.ROS/ABR25 196 C,MAI.ROS/ABR25 196 C
MAI.ROS/ABR25 196 P,MAI.ROS/ABR25 196 P
MAI.ROS/ABR25 200 C,MAI.ROS/ABR25 200 C
MAI.ROS/ABR25 204 C,MAI.ROS/ABR25 204 C
MAI.ROS/ABR25 212 C,MAI.ROS/ABR25 212 C
MAI.ROS/ABR25 224 C,MAI.ROS/ABR25 224 C
MAI.ROS/ABR26,
MAI.ROS/ABR26 172 P,MAI.ROS/ABR26 172 P
MAI.ROS/ABR26 176 C,MAI.ROS/ABR26 176 C
MAI.ROS/ABR26 176 P,MAI.ROS/ABR26 176 P
MAI.ROS/ABR26 180 C,MAI.ROS/ABR26 180 C
MAI.ROS/ABR26 180 P,MAI.ROS/ABR26 180 P
MAI.ROS/ABR26 184 C,MAI.ROS/ABR26 184 C
MAI.ROS/ABR26 184 P,MAI.ROS/ABR26 184 P
MAI.ROS/ABR26 188 C,MAI.ROS/ABR26 188 C
MAI.ROS/ABR26 192 C,MAI.ROS/ABR26 192 C
MAI.ROS/ABR26 196 C,MAI.ROS/ABR26 196 C
MAI.ROS/ABR26 200 C,MAI.ROS/ABR26 200 C
MAI.ROS/ABR27,
MAI.ROS/ABR27 184 P,MAI.ROS/ABR27 184 P
MAI.ROS/ABR27 200 C,MAI.ROS/ABR27 200 C
MAI.ROS/DIC22,
MAI.ROS/DIC22 204,MAI.ROS/DIC22 204
MAI.ROS/DIC22 204 P,MAI.ROS/DIC22 204 P
MAI.ROS/DIC22 216,MAI.ROS/DIC22 216
MAI.ROS/DIC22 216 P,MAI.ROS/DIC22 216 P
MAI.ROS/DIC22 228 P,MAI.ROS/DIC22 228 P
MAI.ROS/DIC22 252 C,MAI.ROS/DIC22 252 C
MAI.ROS/DIC22 256 C,MAI.ROS/DIC22 256 C
MAI.ROS/DIC22 276 C,MAI.ROS/DIC22 276 C
MAI.ROS/DIC22 308 C,MAI.ROS/DIC22 308 C
MAI.ROS/DIC23,
MAI.ROS/DIC23 200 P,MAI.ROS/DIC23 200 P
MAI.ROS/DIC23 204 P,MAI.ROS/DIC23 204 P
MAI.ROS/DIC23 216 C,MAI.ROS/DIC23 216 C
MAI.ROS/DIC23 220 C,MAI.ROS/DIC23 220 C
MAI.ROS/DIC23 224 C,MAI.ROS/DIC23 224 C
MAI.ROS/DIC23 232 C,MAI.ROS/DIC23 232 C
MAI.ROS/DIC23 236 C,MAI.ROS/DIC23 236 C
MAI.ROS/DIC24,
MAI.ROS/DIC24 168 P,MAI.ROS/DIC24 168 P
MAI.ROS/DIC24 172 P,MAI.ROS/DIC24 172 P
MAI.ROS/DIC24 180 C,MAI.ROS/DIC24 180 C
MAI.ROS/DIC24 184 C,MAI.ROS/DIC24 184 C
MAI.ROS/DIC24 188 C,MAI.ROS/DIC24 188 C
MAI.ROS/DIC24 192 C,MAI.ROS/DIC24 192 C
MAI.ROS/DIC24 200 C,MAI.ROS/DIC24 200 C
MAI.ROS/DIC24 212 C,MAI.ROS/DIC24 212 C
MAI.ROS/DIC24 220 C,MAI.ROS/DIC24 220 C
MAI.ROS/DIC25,
MAI.ROS/DIC25 176 P,MAI.ROS/DIC25 176 P
MAI.ROS/DIC25 180 P,MAI.ROS/DIC25 180 P
MAI.ROS/DIC25 184 C,MAI.ROS/DIC25 184 C
MAI.ROS/DIC25 184 P,MAI.ROS/DIC25 184 P
MAI.ROS/DIC25 188 C,MAI.ROS/DIC25 188 C
MAI.ROS/DIC25 188 P,MAI.ROS/DIC25 188 P
MAI.ROS/DIC25 196 C,MAI.ROS/DIC25 196 C
MAI.ROS/DIC25 200 C,MAI.ROS/DIC25 200 C
MAI.ROS/DIC25 204 C,MAI.ROS/DIC25 204 C
MAI.ROS/DIC26,
MAI.ROS/DIC26 180 P,MAI.ROS/DIC26 180 P
MAI.ROS/DIC26 196 C,MAI.ROS/DIC26 196 C
MAI.ROS/DIC26 200 C,MAI.ROS/DIC26 200 C
MAI.ROS/DIC26 204 C,MAI.ROS/DIC26 204 C
MAI.ROS/DIC26 208 C,MAI.ROS/DIC26 208 C
MAI.ROS/ENE23,
MAI.ROS/ENE25,
MAI.ROS/ENE26,
MAI.ROS/FEB23,
MAI.ROS/FEB26,
MAI.ROS/JUL22,
MAI.ROS/JUL23,
MAI.ROS/JUL23 204 P,MAI.ROS/JUL23 204 P
MAI.ROS/JUL23 208 P,MAI.ROS/JUL23 208 P
MAI.ROS/JUL23 212 P,MAI.ROS/JUL23 212 P
MAI.ROS/JUL23 216 P,MAI.ROS/JUL23 216 P
MAI.ROS/JUL23 240 C,MAI.ROS/JUL23 240 C
MAI.ROS/JUL23 244 C,MAI.ROS/JUL23 244 C
MAI.ROS/JUL23 260 C,MAI.ROS/JUL23 260 C
MAI.ROS/JUL23 264 C,MAI.ROS/JUL23 264 C
MAI.ROS/JUL23 268 C,MAI.ROS/JUL23 268 C
MAI.ROS/JUL23 272 C,MAI.ROS/JUL23 272 C
MAI.ROS/JUL23 276 C,MAI.ROS/JUL23 276 C
MAI.ROS/JUL23 280 C,MAI.ROS/JUL23 280 C
MAI.ROS/JUL23 284 C,MAI.ROS/JUL23 284 C
MAI.ROS/JUL24,
MAI.ROS/JUL24 160 P,MAI.ROS/JUL24 160 P
MAI.ROS/JUL24 164 C,MAI.ROS/JUL24 164 C
MAI.ROS/JUL24 168 C,MAI.ROS/JUL24 168 C
MAI.ROS/JUL24 172 C,MAI.ROS/JUL24 172 C
MAI.ROS/JUL24 176 C,MAI.ROS/JUL24 176 C
MAI.ROS/JUL24 180 C,MAI.ROS/JUL24 180 C
MAI.ROS/JUL24 188 C,MAI.ROS/JUL24 188 C
MAI.ROS/JUL24 200 C,MAI.ROS/JUL24 200 C
MAI.ROS/JUL25,
MAI.ROS/JUL25 160 P,MAI.ROS/JUL25 160 P
MAI.ROS/JUL25 164 P,MAI.ROS/JUL25 164 P
MAI.ROS/JUL25 168 P,MAI.ROS/JUL25 168 P
MAI.ROS/JUL25 172 P,MAI.ROS/JUL25 172 P
MAI.ROS/JUL25 176 P,MAI.ROS/JUL25 176 P
MAI.ROS/JUL25 180 C,MAI.ROS/JUL25 180 C
MAI.ROS/JUL25 180 P,MAI.ROS/JUL25 180 P
MAI.ROS/JUL25 184 C,MAI.ROS/JUL25 184 C
MAI.ROS/JUL25 184 P,MAI.ROS/JUL25 184 P
MAI.ROS/JUL25 188 C,MAI.ROS/JUL25 188 C
MAI.ROS/JUL25 192 C,MAI.ROS/JUL25 192 C
MAI.ROS/JUL25 196 C,MAI.ROS/JUL25 196 C
MAI.ROS/JUL25 200 C,MAI.ROS/JUL25 200 C
MAI.ROS/JUL25 204 C,MAI.ROS/JUL25 204 C
MAI.ROS/JUL25 208 C,MAI.ROS/JUL25 208 C
MAI.ROS/JUL25 212 C,MAI.ROS/JUL25 212 C
MAI.ROS/JUL26,
MAI.ROS/JUL26 164 P,MAI.ROS/JUL26 164 P
MAI.ROS/JUL26 168 P,MAI.ROS/JUL26 168 P
MAI.ROS/JUL26 172 P,MAI.ROS/JUL26 172 P
MAI.ROS/JUL26 176 C,MAI.ROS/JUL26 176 C
MAI.ROS/JUL26 176 P,MAI.ROS/JUL26 176 P
MAI.ROS/JUL26 180 C,MAI.ROS/JUL26 180 C
MAI.ROS/JUL26 184 C,MAI.ROS/JUL26 184 C
MAI.ROS/JUL26 188 C,MAI.ROS/JUL26 188 C
MAI.ROS/JUL26 192 C,MAI.ROS/JUL26 192 C
MAI.ROS/JUL26 200 C,MAI.ROS/JUL26 200 C
MAI.ROS/JUL27,
MAI.ROS/JUN25,
MAI.ROS/JUN26,
MAI.ROS/MAR23,
MAI.ROS/MAR24,
MAI.ROS/MAR25,
MAI.ROS/MAR26,
MAI.ROS/MAY23,
MAI.ROS/MAY26,
MAI.ROS/NOV22,
MAI.ROS/OCT22,
MAI.ROS.P/DIS22,
MAI.ROS.P/DIS23,
MAI.ROS.P/DIS23.,
MAI.ROS.P/DIS24,
MAI.ROS.P/DIS25,
MAI.ROS.P/DIS26,
MAI.ROS/SEP22,
MAI.ROS/SEP23,
MAI.ROS/SEP24,
MAI.ROS/SEP24 172 C,MAI.ROS/SEP24 172 C
MAI.ROS/SEP24 184 C,MAI.ROS/SEP24 184 C
MAI.ROS/SEP24 188 C,MAI.ROS/SEP24 188 C
MAI.ROS/SEP24 192 C,MAI.ROS/SEP24 192 C
MAI.ROS/SEP24 196 C,MAI.ROS/SEP24 196 C
MAI.ROS/SEP24 200 C,MAI.ROS/SEP24 200 C
MAI.ROS/SEP25,
MAI.ROS/SEP25 180 P,MAI.ROS/SEP25 180 P
MAI.ROS/SEP25 200 C,MAI.ROS/SEP25 200 C
MAI.ROS/SEP25 204 C,MAI.ROS/SEP25 204 C
MAI.ROS/SEP25 208 C,MAI.ROS/SEP25 208 C
MAI.ROS/SEP26,
MAI.ROS/SEP26 176 P,MAI.ROS/SEP26 176 P
MAI.ROS/SEP26 180 P,MAI.ROS/SEP26 180 P
MAI.ROS/SEP26 192 C,MAI.ROS/SEP26 192 C
METC2500DI,METC2500DI
METC2700FE,METC2700FE
METC2900FE,METC2900FE
METC3100FE,METC3100FE
METC3300FE,METC3300FE
METC3500FE,METC3500FE
ORO032026,
ORO052026,
OTC - CRN.CME/ABR25,
OTC - CRN.CME/AGO26,
OTC - CRN.CME/NOV24,
OTC - CRN.CME/NOV24 no usar,
OTC - DLR012026,
OTC - DLR022026,
OTC - DLR032026,
OTC - DLR032027,
OTC - DLR042025,
OTC - DLR042026,
OTC - DLR052025,
OTC - DLR052026,
OTC - DLR062026,
OTC - DLR072025,
OTC - DLR072026,
OTC - DLR082025,
OTC - DLR092025,
OTC - DLR102025,
OTC - DLR112025,
OTC - DLR122025,
OTC - DLR122026,
OTC - MAI.MIN/ABR24,
OTC - MAI.MIN/ABR26,
OTC - MAI.MIN/DIC24,
OTC - MAI.MIN/JUL24,
OTC - MAI.MIN/JUL25,
OTC - MAI.MIN/SEP24,
OTC - MAI.ROS/ABR24,
OTC - MAI.ROS/ABR24 160 P,OTC - MAI.ROS/ABR24 160 P
OTC - MAI.ROS/ABR24 164 P,OTC - MAI.ROS/ABR24 164 P
OTC - MAI.ROS/ABR24 168 P,OTC - MAI.ROS/ABR24 168 P
OTC - MAI.ROS/ABR24 172 P,OTC - MAI.ROS/ABR24 172 P
OTC - MAI.ROS/ABR24 176 P,OTC - MAI.ROS/ABR24 176 P
OTC - MAI.ROS/ABR24 180 P,OTC - MAI.ROS/ABR24 180 P
OTC - MAI.ROS/ABR24 184 P,OTC - MAI.ROS/ABR24 184 P
OTC - MAI.ROS/ABR24 188 C,OTC - MAI.ROS/ABR24 188 C
OTC - MAI.ROS/ABR24 188 P,OTC - MAI.ROS/ABR24 188 P
OTC - MAI.ROS/ABR24 192 C,OTC - MAI.ROS/ABR24 192 C
OTC - MAI.ROS/ABR24 192 P,OTC - MAI.ROS/ABR24 192 P
OTC - MAI.ROS/ABR24 196 C,OTC - MAI.ROS/ABR24 196 C
OTC - MAI.ROS/ABR24 200 C,OTC - MAI.ROS/ABR24 200 C
OTC - MAI.ROS/ABR24 204 C,OTC - MAI.ROS/ABR24 204 C
OTC - MAI.ROS/ABR24 208 C,OTC - MAI.ROS/ABR24 208 C
OTC - MAI.ROS/ABR24 212 C,OTC - MAI.ROS/ABR24 212 C
OTC - MAI.ROS/ABR24 216 C,OTC - MAI.ROS/ABR24 216 C
OTC - MAI.ROS/ABR24 220 C,OTC - MAI.ROS/ABR24 220 C
OTC - MAI.ROS/ABR24 224 C,OTC - MAI.ROS/ABR24 224 C
OTC - MAI.ROS/ABR24 232 C,OTC - MAI.ROS/ABR24 232 C
OTC - MAI.ROS/ABR24 236 C,OTC - MAI.ROS/ABR24 236 C
OTC - MAI.ROS/ABR24 240 C,OTC - MAI.ROS/ABR24 240 C
OTC - MAI.ROS/ABR24 264 C,OTC - MAI.ROS/ABR24 264 C
OTC - MAI.ROS/ABR25,
OTC - MAI.ROS/ABR25 160 P,OTC - MAI.ROS/ABR25 160 P
OTC - MAI.ROS/ABR25 164 P,OTC - MAI.ROS/ABR25 164 P
OTC - MAI.ROS/ABR25 168 P,OTC - MAI.ROS/ABR25 168 P
OTC - MAI.ROS/ABR25 172 P,OTC - MAI.ROS/ABR25 172 P
OTC - MAI.ROS/ABR25 176 P,OTC - MAI.ROS/ABR25 176 P
OTC - MAI.ROS/ABR25 180 C,OTC - MAI.ROS/ABR25 180 C
OTC - MAI.ROS/ABR25 180 P,OTC - MAI.ROS/ABR25 180 P
OTC - MAI.ROS/ABR25 184 C,OTC - MAI.ROS/ABR25 184 C
OTC - MAI.ROS/ABR25 184 P,OTC - MAI.ROS/ABR25 184 P
OTC - MAI.ROS/ABR25 188 C,OTC - MAI.ROS/ABR25 188 C
OTC - MAI.ROS/ABR25 192 C,OTC - MAI.ROS/ABR25 192 C
OTC - MAI.ROS/ABR25 192 P,OTC - MAI.ROS/ABR25 192 P
OTC - MAI.ROS/ABR25 196 C,OTC - MAI.ROS/ABR25 196 C
OTC - MAI.ROS/ABR25 196 P,OTC - MAI.ROS/ABR25 196 P
OTC - MAI.ROS/ABR25 200 C,OTC - MAI.ROS/ABR25 200 C
OTC - MAI.ROS/ABR25 204 C,OTC - MAI.ROS/ABR25 204 C
OTC - MAI.ROS/ABR25 212 C,OTC - MAI.ROS/ABR25 212 C
OTC - MAI.ROS/ABR25 224 C,OTC - MAI.ROS/ABR25 224 C
OTC - MAI.ROS/ABR26,
OTC - MAI.ROS/ABR26 172 P,OTC - MAI.ROS/ABR26 172 P
OTC - MAI.ROS/ABR26 176 C,OTC - MAI.ROS/ABR26 176 C
OTC - MAI.ROS/ABR26 176 P,OTC - MAI.ROS/ABR26 176 P
OTC - MAI.ROS/ABR26 180 C,OTC - MAI.ROS/ABR26 180 C
OTC - MAI.ROS/ABR26 180 P,OTC - MAI.ROS/ABR26 180 P
OTC - MAI.ROS/ABR26 184 C,OTC - MAI.ROS/ABR26 184 C
OTC - MAI.ROS/ABR26 184 P,OTC - MAI.ROS/ABR26 184 P
OTC - MAI.ROS/ABR26 188 C,OTC - MAI.ROS/ABR26 188 C
OTC - MAI.ROS/ABR26 192 C,OTC - MAI.ROS/ABR26 192 C
OTC - MAI.ROS/ABR26 196 C,OTC - MAI.ROS/ABR26 196 C
OTC - MAI.ROS/ABR26 200 C,OTC - MAI.ROS/ABR26 200 C
OTC - MAI.ROS/ABR27,
OTC - MAI.ROS/ABR27 184 P,OTC - MAI.ROS/ABR27 184 P
OTC - MAI.ROS/ABR27 200 C,OTC - MAI.ROS/ABR27 200 C
OTC - MAI.ROS/DIC23,
OTC - MAI.ROS/DIC23 156 P,OTC - MAI.ROS/DIC23 156 P
OTC - MAI.ROS/DIC23 160 P,OTC - MAI.ROS/DIC23 160 P
OTC - MAI.ROS/DIC23 168 P,OTC - MAI.ROS/DIC23 168 P
OTC - MAI.ROS/DIC23 172 P,OTC - MAI.ROS/DIC23 172 P
OTC - MAI.ROS/DIC23 176 P,OTC - MAI.ROS/DIC23 176 P
OTC - MAI.ROS/DIC23 180 P,OTC - MAI.ROS/DIC23 180 P
OTC - MAI.ROS/DIC23 184 P,OTC - MAI.ROS/DIC23 184 P
OTC - MAI.ROS/DIC23 188 C,OTC - MAI.ROS/DIC23 188 C
OTC - MAI.ROS/DIC23 188 P,OTC - MAI.ROS/DIC23 188 P
OTC - MAI.ROS/DIC23 192 C,OTC - MAI.ROS/DIC23 192 C
OTC - MAI.ROS/DIC23 192 P,OTC - MAI.ROS/DIC23 192 P
OTC - MAI.ROS/DIC23 196 C,OTC - MAI.ROS/DIC23 196 C
OTC - MAI.ROS/DIC23 196 P,OTC - MAI.ROS/DIC23 196 P
OTC - MAI.ROS/DIC23 200 C,OTC - MAI.ROS/DIC23 200 C
OTC - MAI.ROS/DIC23 200 P,OTC - MAI.ROS/DIC23 200 P
OTC - MAI.ROS/DIC23 204 C,OTC - MAI.ROS/DIC23 204 C
OTC - MAI.ROS/DIC23 204 P,OTC - MAI.ROS/DIC23 204 P
OTC - MAI.ROS/DIC23 208 C,OTC - MAI.ROS/DIC23 208 C
OTC - MAI.ROS/DIC23 208 P,OTC - MAI.ROS/DIC23 208 P
OTC - MAI.ROS/DIC23 212 C,OTC - MAI.ROS/DIC23 212 C
OTC - MAI.ROS/DIC23 212 P,OTC - MAI.ROS/DIC23 212 P
OTC - MAI.ROS/DIC23 216 C,OTC - MAI.ROS/DIC23 216 C
OTC - MAI.ROS/DIC23 216 P,OTC - MAI.ROS/DIC23 216 P
OTC - MAI.ROS/DIC23 220 C,OTC - MAI.ROS/DIC23 220 C
OTC - MAI.ROS/DIC23 220 P,OTC - MAI.ROS/DIC23 220 P
OTC - MAI.ROS/DIC23 224 C,OTC - MAI.ROS/DIC23 224 C
OTC - MAI.ROS/DIC23 224 P,OTC - MAI.ROS/DIC23 224 P
OTC - MAI.ROS/DIC23 228 C,OTC - MAI.ROS/DIC23 228 C
OTC - MAI.ROS/DIC23 228 P,OTC - MAI.ROS/DIC23 228 P
OTC - MAI.ROS/DIC23 232 C,OTC - MAI.ROS/DIC23 232 C
OTC - MAI.ROS/DIC23 232 P,OTC - MAI.ROS/DIC23 232 P
OTC - MAI.ROS/DIC23 236 C,OTC - MAI.ROS/DIC23 236 C
OTC - MAI.ROS/DIC23 236 P,OTC - MAI.ROS/DIC23 236 P
OTC - MAI.ROS/DIC23 240 C,OTC - MAI.ROS/DIC23 240 C
OTC - MAI.ROS/DIC23 244 C,OTC - MAI.ROS/DIC23 244 C
OTC - MAI.ROS/DIC23 248 C,OTC - MAI.ROS/DIC23 248 C
OTC - MAI.ROS/DIC23 252 C,OTC - MAI.ROS/DIC23 252 C
OTC - MAI.ROS/DIC23 256 C,OTC - MAI.ROS/DIC23 256 C
OTC - MAI.ROS/DIC23 260 C,OTC - MAI.ROS/DIC23 260 C
OTC - MAI.ROS/DIC23 264 C,OTC - MAI.ROS/DIC23 264 C
OTC - MAI.ROS/DIC23 268 C,OTC - MAI.ROS/DIC23 268 C
OTC - MAI.ROS/DIC23 272 C,OTC - MAI.ROS/DIC23 272 C
OTC - MAI.ROS/DIC23 276 C,OTC - MAI.ROS/DIC23 276 C
OTC - MAI.ROS/DIC23 280 C,OTC - MAI.ROS/DIC23 280 C
OTC - MAI.ROS/DIC23 288 C,OTC - MAI.ROS/DIC23 288 C
OTC - MAI.ROS/DIC23 292 C,OTC - MAI.ROS/DIC23 292 C
OTC - MAI.ROS/DIC23 296 C,OTC - MAI.ROS/DIC23 296 C
OTC - MAI.ROS/DIC23 300 C,OTC - MAI.ROS/DIC23 300 C
OTC - MAI.ROS/DIC24,
OTC - MAI.ROS/DIC24 168 P,OTC - MAI.ROS/DIC24 168 P
OTC - MAI.ROS/DIC24 172 P,OTC - MAI.ROS/DIC24 172 P
OTC - MAI.ROS/DIC24 180 C,OTC - MAI.ROS/DIC24 180 C
OTC - MAI.ROS/DIC24 184 C,OTC - MAI.ROS/DIC24 184 C
OTC - MAI.ROS/DIC24 188 C,OTC - MAI.ROS/DIC24 188 C
OTC - MAI.ROS/DIC24 192 C,OTC - MAI.ROS/DIC24 192 C
OTC - MAI.ROS/DIC24 200 C,OTC - MAI.ROS/DIC24 200 C
OTC - MAI.ROS/DIC24 212 C,OTC - MAI.ROS/DIC24 212 C
OTC - MAI.ROS/DIC25,
OTC - MAI.ROS/DIC25 176 P,OTC - MAI.ROS/DIC25 176 P
OTC - MAI.ROS/DIC25 180 P,OTC - MAI.ROS/DIC25 180 P
OTC - MAI.ROS/DIC25 184 C,OTC - MAI.ROS/DIC25 184 C
OTC - MAI.ROS/DIC25 188 C,OTC - MAI.ROS/DIC25 188 C
OTC - MAI.ROS/DIC25 196 C,OTC - MAI.ROS/DIC25 196 C
OTC - MAI.ROS/DIC25 200 C,OTC - MAI.ROS/DIC25 200 C
OTC - MAI.ROS/DIC25 204 C,OTC - MAI.ROS/DIC25 204 C
OTC - MAI.ROS/DIC26,
OTC - MAI.ROS/DIC26 180 P,OTC - MAI.ROS/DIC26 180 P
OTC - MAI.ROS/DIC26 196 C,OTC - MAI.ROS/DIC26 196 C
OTC - MAI.ROS/DIC26 200 C,OTC - MAI.ROS/DIC26 200 C
OTC - MAI.ROS/DIC26 204 C,OTC - MAI.ROS/DIC26 204 C
OTC - MAI.ROS/DIC26 208 C,OTC - MAI.ROS/DIC26 208 C
OTC - MAI.ROS/ENE25,
OTC - MAI.ROS/ENE26,
OTC - MAI.ROS/JUL23,
OTC - MAI.ROS/JUL24,
OTC - MAI.ROS/JUL24 132 P,OTC - MAI.ROS/JUL24 132 P
OTC - MAI.ROS/JUL24 136 P,OTC - MAI.ROS/JUL24 136 P
OTC - MAI.ROS/JUL24 144 P,OTC - MAI.ROS/JUL24 144 P
OTC - MAI.ROS/JUL24 148 P,OTC - MAI.ROS/JUL24 148 P
OTC - MAI.ROS/JUL24 152 P,OTC - MAI.ROS/JUL24 152 P
OTC - MAI.ROS/JUL24 156 P,OTC - MAI.ROS/JUL24 156 P
OTC - MAI.ROS/JUL24 160 P,OTC - MAI.ROS/JUL24 160 P
OTC - MAI.ROS/JUL24 164 P,OTC - MAI.ROS/JUL24 164 P
OTC - MAI.ROS/JUL24 168 C,OTC - MAI.ROS/JUL24 168 C
OTC - MAI.ROS/JUL24 172 C,OTC - MAI.ROS/JUL24 172 C
OTC - MAI.ROS/JUL24 176 C,OTC - MAI.ROS/JUL24 176 C
OTC - MAI.ROS/JUL24 176 P,OTC - MAI.ROS/JUL24 176 P
OTC - MAI.ROS/JUL24 180 C,OTC - MAI.ROS/JUL24 180 C
OTC - MAI.ROS/JUL24 184 C,OTC - MAI.ROS/JUL24 184 C
OTC - MAI.ROS/JUL24 188 C,OTC - MAI.ROS/JUL24 188 C
OTC - MAI.ROS/JUL24 192 C,OTC - MAI.ROS/JUL24 192 C
OTC - MAI.ROS/JUL24 196 C,OTC - MAI.ROS/JUL24 196 C
OTC - MAI.ROS/JUL24 200 C,OTC - MAI.ROS/JUL24 200 C
OTC - MAI.ROS/JUL24 204 C,OTC - MAI.ROS/JUL24 204 C
OTC - MAI.ROS/JUL24 208 C,OTC - MAI.ROS/JUL24 208 C
OTC - MAI.ROS/JUL24 212 C,OTC - MAI.ROS/JUL24 212 C
OTC - MAI.ROS/JUL24 216 C,OTC - MAI.ROS/JUL24 216 C
OTC - MAI.ROS/JUL24 220 C,OTC - MAI.ROS/JUL24 220 C
OTC - MAI.ROS/JUL25,
OTC - MAI.ROS/JUL25 160 P,OTC - MAI.ROS/JUL25 160 P
OTC - MAI.ROS/JUL25 164 P,OTC - MAI.ROS/JUL25 164 P
OTC - MAI.ROS/JUL25 168 P,OTC - MAI.ROS/JUL25 168 P
OTC - MAI.ROS/JUL25 172 P,OTC - MAI.ROS/JUL25 172 P
OTC - MAI.ROS/JUL25 176 P,OTC - MAI.ROS/JUL25 176 P
OTC - MAI.ROS/JUL25 180 C,OTC - MAI.ROS/JUL25 180 C
OTC - MAI.ROS/JUL25 180 P,OTC - MAI.ROS/JUL25 180 P
OTC - MAI.ROS/JUL25 184 C,OTC - MAI.ROS/JUL25 184 C
OTC - MAI.ROS/JUL25 188 C,OTC - MAI.ROS/JUL25 188 C
OTC - MAI.ROS/JUL25 192 C,OTC - MAI.ROS/JUL25 192 C
OTC - MAI.ROS/JUL25 196 C,OTC - MAI.ROS/JUL25 196 C
OTC - MAI.ROS/JUL25 200 C,OTC - MAI.ROS/JUL25 200 C
OTC - MAI.ROS/JUL25 204 C,OTC - MAI.ROS/JUL25 204 C
OTC - MAI.ROS/JUL25 208 C,OTC - MAI.ROS/JUL25 208 C
OTC - MAI.ROS/JUL25 212 C,OTC - MAI.ROS/JUL25 212 C
OTC - MAI.ROS/JUL26,
OTC - MAI.ROS/JUL26 164 P,OTC - MAI.ROS/JUL26 164 P
OTC - MAI.ROS/JUL26 168 P,OTC - MAI.ROS/JUL26 168 P
OTC - MAI.ROS/JUL26 172 P,OTC - MAI.ROS/JUL26 172 P
OTC - MAI.ROS/JUL26 176 C,OTC - MAI.ROS/JUL26 176 C
OTC - MAI.ROS/JUL26 176 P,OTC - MAI.ROS/JUL26 176 P
OTC - MAI.ROS/JUL26 180 C,OTC - MAI.ROS/JUL26 180 C
OTC - MAI.ROS/JUL26 184 C,OTC - MAI.ROS/JUL26 184 C
OTC - MAI.ROS/JUL26 188 C,OTC - MAI.ROS/JUL26 188 C
OTC - MAI.ROS/JUL26 192 C,OTC - MAI.ROS/JUL26 192 C
OTC - MAI.ROS/JUL27,
OTC - MAI.ROS/JUN26,
OTC - MAI.ROS/MAR24,
OTC - MAI.ROS/MAR25,
OTC - MAI.ROS/MAR26,
OTC - MAI.ROS/SEP24,
OTC - MAI.ROS/SEP24 156 P,OTC - MAI.ROS/SEP24 156 P
OTC - MAI.ROS/SEP24 188 C,OTC - MAI.ROS/SEP24 188 C
OTC - MAI.ROS/SEP24 192 C,OTC - MAI.ROS/SEP24 192 C
OTC - MAI.ROS/SEP24 196 C,OTC - MAI.ROS/SEP24 196 C
OTC - MAI.ROS/SEP24 200 C,OTC - MAI.ROS/SEP24 200 C
OTC - MAI.ROS/SEP24 204 C,OTC - MAI.ROS/SEP24 204 C
OTC - MAI.ROS/SEP25,
OTC - MAI.ROS/SEP25 180 P,OTC - MAI.ROS/SEP25 180 P
OTC - MAI.ROS/SEP25 200 C,OTC - MAI.ROS/SEP25 200 C
OTC - MAI.ROS/SEP25 204 C,OTC - MAI.ROS/SEP25 204 C
OTC - MAI.ROS/SEP25 208 C,OTC - MAI.ROS/SEP25 208 C
OTC - MAI.ROS/SEP26,
OTC - MAI.ROS/SEP26 180 P,OTC - MAI.ROS/SEP26 180 P
OTC - MAI.ROS/SEP26 192 C,OTC - MAI.ROS/SEP26 192 C
OTC - SOJ.MIN/JUL24,
OTC - SOJ.MIN/JUL25,
OTC - SOJ.MIN/MAY24,
OTC - SOJ.MIN/MAY25,
OTC - SOJ.MIN/MAY26,
OTC - SOJ.MIN/NOV24,
OTC - SOJ.MIN/NOV26,
OTC - SOJ.ROS/ABR24,
OTC - SOJ.ROS/ABR25,
OTC - SOJ.ROS/ABR26,
OTC - SOJ.ROS/ENE24,
OTC - SOJ.ROS/ENE24 338 P,OTC - SOJ.ROS/ENE24 338 P
OTC - SOJ.ROS/ENE24 342 P,OTC - SOJ.ROS/ENE24 342 P
OTC - SOJ.ROS/ENE24 346 P,OTC - SOJ.ROS/ENE24 346 P
OTC - SOJ.ROS/ENE24 350 P,OTC - SOJ.ROS/ENE24 350 P
OTC - SOJ.ROS/ENE24 366 P,OTC - SOJ.ROS/ENE24 366 P
OTC - SOJ.ROS/ENE24 370 P,OTC - SOJ.ROS/ENE24 370 P
OTC - SOJ.ROS/ENE24 374 P,OTC - SOJ.ROS/ENE24 374 P
OTC - SOJ.ROS/ENE24 378 P,OTC - SOJ.ROS/ENE24 378 P
OTC - SOJ.ROS/ENE24 382 C,OTC - SOJ.ROS/ENE24 382 C
OTC - SOJ.ROS/ENE24 386 C,OTC - SOJ.ROS/ENE24 386 C
OTC - SOJ.ROS/ENE24 390 C,OTC - SOJ.ROS/ENE24 390 C
OTC - SOJ.ROS/ENE24 390 P,OTC - SOJ.ROS/ENE24 390 P
OTC - SOJ.ROS/ENE24 394 C,OTC - SOJ.ROS/ENE24 394 C
OTC - SOJ.ROS/ENE24 398 C,OTC - SOJ.ROS/ENE24 398 C
OTC - SOJ.ROS/ENE24 402 C,OTC - SOJ.ROS/ENE24 402 C
OTC - SOJ.ROS/ENE24 406 C,OTC - SOJ.ROS/ENE24 406 C
OTC - SOJ.ROS/ENE24 410 C,OTC - SOJ.ROS/ENE24 410 C
OTC - SOJ.ROS/ENE24 414 C,OTC - SOJ.ROS/ENE24 414 C
OTC - SOJ.ROS/ENE25,
OTC - SOJ.ROS/ENE26,
OTC - SOJ.ROS/JUL24,
OTC - SOJ.ROS/JUL24 276 P,OTC - SOJ.ROS/JUL24 276 P
OTC - SOJ.ROS/JUL24 284 P,OTC - SOJ.ROS/JUL24 284 P
OTC - SOJ.ROS/JUL24 288 P,OTC - SOJ.ROS/JUL24 288 P
OTC - SOJ.ROS/JUL24 304 P,OTC - SOJ.ROS/JUL24 304 P
OTC - SOJ.ROS/JUL24 308 C,OTC - SOJ.ROS/JUL24 308 C
OTC - SOJ.ROS/JUL24 308 P,OTC - SOJ.ROS/JUL24 308 P
OTC - SOJ.ROS/JUL24 312 C,OTC - SOJ.ROS/JUL24 312 C
OTC - SOJ.ROS/JUL24 312 P,OTC - SOJ.ROS/JUL24 312 P
OTC - SOJ.ROS/JUL24 316 P,OTC - SOJ.ROS/JUL24 316 P
OTC - SOJ.ROS/JUL24 320 C,OTC - SOJ.ROS/JUL24 320 C
OTC - SOJ.ROS/JUL24 320 P,OTC - SOJ.ROS/JUL24 320 P
OTC - SOJ.ROS/JUL24 356 C,OTC - SOJ.ROS/JUL24 356 C
OTC - SOJ.ROS/JUL24 360 C,OTC - SOJ.ROS/JUL24 360 C
OTC - SOJ.ROS/JUL24 364 C,OTC - SOJ.ROS/JUL24 364 C
OTC - SOJ.ROS/JUL24 368 C,OTC - SOJ.ROS/JUL24 368 C
OTC - SOJ.ROS/JUL24 372 C,OTC - SOJ.ROS/JUL24 372 C
OTC - SOJ.ROS/JUL24 376 C,OTC - SOJ.ROS/JUL24 376 C
OTC - SOJ.ROS/JUL24 380 C,OTC - SOJ.ROS/JUL24 380 C
OTC - SOJ.ROS/JUL24 384 C,OTC - SOJ.ROS/JUL24 384 C
OTC - SOJ.ROS/JUL24 396 C,OTC - SOJ.ROS/JUL24 396 C
OTC - SOJ.ROS/JUL25,
OTC - SOJ.ROS/JUL25 260 P,OTC - SOJ.ROS/JUL25 260 P
OTC - SOJ.ROS/JUL25 268 P,OTC - SOJ.ROS/JUL25 268 P
OTC - SOJ.ROS/JUL25 280 C,OTC - SOJ.ROS/JUL25 280 C
OTC - SOJ.ROS/JUL25 280 P,OTC - SOJ.ROS/JUL25 280 P
OTC - SOJ.ROS/JUL25 284 P,OTC - SOJ.ROS/JUL25 284 P
OTC - SOJ.ROS/JUL25 288 P,OTC - SOJ.ROS/JUL25 288 P
OTC - SOJ.ROS/JUL25 292 C,OTC - SOJ.ROS/JUL25 292 C
OTC - SOJ.ROS/JUL25 300 C,OTC - SOJ.ROS/JUL25 300 C
OTC - SOJ.ROS/JUL25 304 C,OTC - SOJ.ROS/JUL25 304 C
OTC - SOJ.ROS/JUL25 308 C,OTC - SOJ.ROS/JUL25 308 C
OTC - SOJ.ROS/JUL25 312 C,OTC - SOJ.ROS/JUL25 312 C
OTC - SOJ.ROS/JUL25 320 C,OTC - SOJ.ROS/JUL25 320 C
OTC - SOJ.ROS/JUL26,
OTC - SOJ.ROS/JUL26 280 P,OTC - SOJ.ROS/JUL26 280 P
OTC - SOJ.ROS/JUL26 316 P,OTC - SOJ.ROS/JUL26 316 P
OTC - SOJ.ROS/JUL26 320 P,OTC - SOJ.ROS/JUL26 320 P
OTC - SOJ.ROS/JUL26 324 P,OTC - SOJ.ROS/JUL26 324 P
OTC - SOJ.ROS/JUL26 336 C,OTC - SOJ.ROS/JUL26 336 C
OTC - SOJ.ROS/JUL26 340 C,OTC - SOJ.ROS/JUL26 340 C
OTC - SOJ.ROS/JUL26 348 C,OTC - SOJ.ROS/JUL26 348 C
OTC - SOJ.ROS/JUL26 352 C,OTC - SOJ.ROS/JUL26 352 C
OTC - SOJ.ROS/JUL26 356 C,OTC - SOJ.ROS/JUL26 356 C
OTC - SOJ.ROS/JUL26 360 C,OTC - SOJ.ROS/JUL26 360 C
OTC - SOJ.ROS/MAR24,
OTC - SOJ.ROS/MAR26,
OTC - SOJ.ROS/MAY23,
OTC - SOJ.ROS/MAY23 412 C,OTC - SOJ.ROS/MAY23 412 C
OTC - SOJ.ROS/MAY24,
OTC - SOJ.ROS/MAY24 276 P,OTC - SOJ.ROS/MAY24 276 P
OTC - SOJ.ROS/MAY24 280 P,OTC - SOJ.ROS/MAY24 280 P
OTC - SOJ.ROS/MAY24 284 P,OTC - SOJ.ROS/MAY24 284 P
OTC - SOJ.ROS/MAY24 288 C,OTC - SOJ.ROS/MAY24 288 C
OTC - SOJ.ROS/MAY24 288 P,OTC - SOJ.ROS/MAY24 288 P
OTC - SOJ.ROS/MAY24 292 P,OTC - SOJ.ROS/MAY24 292 P
OTC - SOJ.ROS/MAY24 296 C,OTC - SOJ.ROS/MAY24 296 C
OTC - SOJ.ROS/MAY24 296 P,OTC - SOJ.ROS/MAY24 296 P
OTC - SOJ.ROS/MAY24 300 C,OTC - SOJ.ROS/MAY24 300 C
OTC - SOJ.ROS/MAY24 300 P,OTC - SOJ.ROS/MAY24 300 P
OTC - SOJ.ROS/MAY24 304 C,OTC - SOJ.ROS/MAY24 304 C
OTC - SOJ.ROS/MAY24 304 P,OTC - SOJ.ROS/MAY24 304 P
OTC - SOJ.ROS/MAY24 308 C,OTC - SOJ.ROS/MAY24 308 C
OTC - SOJ.ROS/MAY24 308 P,OTC - SOJ.ROS/MAY24 308 P
OTC - SOJ.ROS/MAY24 312 P,OTC - SOJ.ROS/MAY24 312 P
OTC - SOJ.ROS/MAY24 316 C,OTC - SOJ.ROS/MAY24 316 C
OTC - SOJ.ROS/MAY24 316 P,OTC - SOJ.ROS/MAY24 316 P
OTC - SOJ.ROS/MAY24 320 P,OTC - SOJ.ROS/MAY24 320 P
OTC - SOJ.ROS/MAY24 324 P,OTC - SOJ.ROS/MAY24 324 P
OTC - SOJ.ROS/MAY24 328 C,OTC - SOJ.ROS/MAY24 328 C
OTC - SOJ.ROS/MAY24 328 P,OTC - SOJ.ROS/MAY24 328 P
OTC - SOJ.ROS/MAY24 332 C,OTC - SOJ.ROS/MAY24 332 C
OTC - SOJ.ROS/MAY24 332 P,OTC - SOJ.ROS/MAY24 332 P
OTC - SOJ.ROS/MAY24 336 C,OTC - SOJ.ROS/MAY24 336 C
OTC - SOJ.ROS/MAY24 336 P,OTC - SOJ.ROS/MAY24 336 P
OTC - SOJ.ROS/MAY24 340 C,OTC - SOJ.ROS/MAY24 340 C
OTC - SOJ.ROS/MAY24 340 P,OTC - SOJ.ROS/MAY24 340 P
OTC - SOJ.ROS/MAY24 344 C,OTC - SOJ.ROS/MAY24 344 C
OTC - SOJ.ROS/MAY24 348 C,OTC - SOJ.ROS/MAY24 348 C
OTC - SOJ.ROS/MAY24 348 P,OTC - SOJ.ROS/MAY24 348 P
OTC - SOJ.ROS/MAY24 352 C,OTC - SOJ.ROS/MAY24 352 C
OTC - SOJ.ROS/MAY24 356 C,OTC - SOJ.ROS/MAY24 356 C
OTC - SOJ.ROS/MAY24 360 C,OTC - SOJ.ROS/MAY24 360 C
OTC - SOJ.ROS/MAY24 364 C,OTC - SOJ.ROS/MAY24 364 C
OTC - SOJ.ROS/MAY24 368 C,OTC - SOJ.ROS/MAY24 368 C
OTC - SOJ.ROS/MAY24 372 C,OTC - SOJ.ROS/MAY24 372 C
OTC - SOJ.ROS/MAY24 376 C,OTC - SOJ.ROS/MAY24 376 C
OTC - SOJ.ROS/MAY24 380 C,OTC - SOJ.ROS/MAY24 380 C
OTC - SOJ.ROS/MAY24 384 C,OTC - SOJ.ROS/MAY24 384 C
OTC - SOJ.ROS/MAY24 388 C,OTC - SOJ.ROS/MAY24 388 C
OTC - SOJ.ROS/MAY24 392 C,OTC - SOJ.ROS/MAY24 392 C
OTC - SOJ.ROS/MAY24 396 C,OTC - SOJ.ROS/MAY24 396 C
OTC - SOJ.ROS/MAY24 400 C,OTC - SOJ.ROS/MAY24 400 C
OTC - SOJ.ROS/MAY24 404 C,OTC - SOJ.ROS/MAY24 404 C
OTC - SOJ.ROS/MAY24 408 C,OTC - SOJ.ROS/MAY24 408 C
OTC - SOJ.ROS/MAY24 412 C,OTC - SOJ.ROS/MAY24 412 C
OTC - SOJ.ROS/MAY24 416 C,OTC - SOJ.ROS/MAY24 416 C
OTC - SOJ.ROS/MAY24 420 C,OTC - SOJ.ROS/MAY24 420 C
OTC - SOJ.ROS/MAY24 424 C,OTC - SOJ.ROS/MAY24 424 C
OTC - SOJ.ROS/MAY25,
OTC - SOJ.ROS/MAY25 240 P,OTC - SOJ.ROS/MAY25 240 P
OTC - SOJ.ROS/MAY25 244 P,OTC - SOJ.ROS/MAY25 244 P
OTC - SOJ.ROS/MAY25 248 P,OTC - SOJ.ROS/MAY25 248 P
OTC - SOJ.ROS/MAY25 252 P,OTC - SOJ.ROS/MAY25 252 P
OTC - SOJ.ROS/MAY25 256 P,OTC - SOJ.ROS/MAY25 256 P
OTC - SOJ.ROS/MAY25 260 P,OTC - SOJ.ROS/MAY25 260 P
OTC - SOJ.ROS/MAY25 264 P,OTC - SOJ.ROS/MAY25 264 P
OTC - SOJ.ROS/MAY25 268 P,OTC - SOJ.ROS/MAY25 268 P
OTC - SOJ.ROS/MAY25 272 P,OTC - SOJ.ROS/MAY25 272 P
OTC - SOJ.ROS/MAY25 276 C,OTC - SOJ.ROS/MAY25 276 C
OTC - SOJ.ROS/MAY25 276 P,OTC - SOJ.ROS/MAY25 276 P
OTC - SOJ.ROS/MAY25 280 C,OTC - SOJ.ROS/MAY25 280 C
OTC - SOJ.ROS/MAY25 280 P,OTC - SOJ.ROS/MAY25 280 P
OTC - SOJ.ROS/MAY25 284 P,OTC - SOJ.ROS/MAY25 284 P
OTC - SOJ.ROS/MAY25 288 C,OTC - SOJ.ROS/MAY25 288 C
OTC - SOJ.ROS/MAY25 288 P,OTC - SOJ.ROS/MAY25 288 P
OTC - SOJ.ROS/MAY25 292 C,OTC - SOJ.ROS/MAY25 292 C
OTC - SOJ.ROS/MAY25 292 P,OTC - SOJ.ROS/MAY25 292 P
OTC - SOJ.ROS/MAY25 296 C,OTC - SOJ.ROS/MAY25 296 C
OTC - SOJ.ROS/MAY25 300 C,OTC - SOJ.ROS/MAY25 300 C
OTC - SOJ.ROS/MAY25 304 C,OTC - SOJ.ROS/MAY25 304 C
OTC - SOJ.ROS/MAY25 308 C,OTC - SOJ.ROS/MAY25 308 C
OTC - SOJ.ROS/MAY25 312 C,OTC - SOJ.ROS/MAY25 312 C
OTC - SOJ.ROS/MAY25 316 C,OTC - SOJ.ROS/MAY25 316 C
OTC - SOJ.ROS/MAY25 320 C,OTC - SOJ.ROS/MAY25 320 C
OTC - SOJ.ROS/MAY25 324 C,OTC - SOJ.ROS/MAY25 324 C
OTC - SOJ.ROS/MAY25 328 C,OTC - SOJ.ROS/MAY25 328 C
OTC - SOJ.ROS/MAY25 332C,OTC - SOJ.ROS/MAY25 332C
OTC - SOJ.ROS/MAY25 332 C,OTC - SOJ.ROS/MAY25 332 C
OTC - SOJ.ROS/MAY25 340 C,OTC - SOJ.ROS/MAY25 340 C
OTC - SOJ.ROS/MAY25 348 C,OTC - SOJ.ROS/MAY25 348 C
OTC - SOJ.ROS/MAY26,
OTC - SOJ.ROS/MAY26 288 P,OTC - SOJ.ROS/MAY26 288 P
OTC - SOJ.ROS/MAY26 296 P,OTC - SOJ.ROS/MAY26 296 P
OTC - SOJ.ROS/MAY26 300 C,OTC - SOJ.ROS/MAY26 300 C
OTC - SOJ.ROS/MAY26 300 P,OTC - SOJ.ROS/MAY26 300 P
OTC - SOJ.ROS/MAY26 304 C,OTC - SOJ.ROS/MAY26 304 C
OTC - SOJ.ROS/MAY26 304 P,OTC - SOJ.ROS/MAY26 304 P
OTC - SOJ.ROS/MAY26 308 C,OTC - SOJ.ROS/MAY26 308 C
OTC - SOJ.ROS/MAY26 308 P,OTC - SOJ.ROS/MAY26 308 P
OTC - SOJ.ROS/MAY26 312 C,OTC - SOJ.ROS/MAY26 312 C
OTC - SOJ.ROS/MAY26 312 P,OTC - SOJ.ROS/MAY26 312 P
OTC - SOJ.ROS/MAY26 316 C,OTC - SOJ.ROS/MAY26 316 C
OTC - SOJ.ROS/MAY26 316 P,OTC - SOJ.ROS/MAY26 316 P
OTC - SOJ.ROS/MAY26 320 C,OTC - SOJ.ROS/MAY26 320 C
OTC - SOJ.ROS/MAY26 320 P,OTC - SOJ.ROS/MAY26 320 P
OTC - SOJ.ROS/MAY26 324 C,OTC - SOJ.ROS/MAY26 324 C
OTC - SOJ.ROS/MAY26 328 C,OTC - SOJ.ROS/MAY26 328 C
OTC - SOJ.ROS/MAY26 332 C,OTC - SOJ.ROS/MAY26 332 C
OTC - SOJ.ROS/MAY26 336 C,OTC - SOJ.ROS/MAY26 336 C
OTC - SOJ.ROS/MAY26 340 C,OTC - SOJ.ROS/MAY26 340 C
OTC - SOJ.ROS/MAY26 344 C,OTC - SOJ.ROS/MAY26 344 C
OTC - SOJ.ROS/MAY26 348 C,OTC - SOJ.ROS/MAY26 348 C
OTC - SOJ.ROS/MAY26 352 C,OTC - SOJ.ROS/MAY26 352 C
OTC - SOJ.ROS/MAY26 356 C,OTC - SOJ.ROS/MAY26 356 C
OTC - SOJ.ROS/MAY26 360 C,OTC - SOJ.ROS/MAY26 360 C
OTC - SOJ.ROS/MAY27,
OTC - SOJ.ROS/MAY27 316 P,OTC - SOJ.ROS/MAY27 316 P
OTC - SOJ.ROS/MAY27 320 P,OTC - SOJ.ROS/MAY27 320 P
OTC - SOJ.ROS/MAY27 324 P,OTC - SOJ.ROS/MAY27 324 P
OTC - SOJ.ROS/MAY27 328 P,OTC - SOJ.ROS/MAY27 328 P
OTC - SOJ.ROS/MAY27 332 P,OTC - SOJ.ROS/MAY27 332 P
OTC - SOJ.ROS/MAY27 336 C,OTC - SOJ.ROS/MAY27 336 C
OTC - SOJ.ROS/MAY27 356 C,OTC - SOJ.ROS/MAY27 356 C
OTC - SOJ.ROS/MAY27 360 C,OTC - SOJ.ROS/MAY27 360 C
OTC - SOJ.ROS/NOV24,
OTC - SOJ.ROS/NOV24 272 P,OTC - SOJ.ROS/NOV24 272 P
OTC - SOJ.ROS/NOV24 280 P,OTC - SOJ.ROS/NOV24 280 P
OTC - SOJ.ROS/NOV24 296 P,OTC - SOJ.ROS/NOV24 296 P
OTC - SOJ.ROS/NOV24 300 P,OTC - SOJ.ROS/NOV24 300 P
OTC - SOJ.ROS/NOV24 304 P,OTC - SOJ.ROS/NOV24 304 P
OTC - SOJ.ROS/NOV24 308 P,OTC - SOJ.ROS/NOV24 308 P
OTC - SOJ.ROS/NOV24 312 C,OTC - SOJ.ROS/NOV24 312 C
OTC - SOJ.ROS/NOV24 316 C,OTC - SOJ.ROS/NOV24 316 C
OTC - SOJ.ROS/NOV24 320 C,OTC - SOJ.ROS/NOV24 320 C
OTC - SOJ.ROS/NOV24 320 P,OTC - SOJ.ROS/NOV24 320 P
OTC - SOJ.ROS/NOV24 324 C,OTC - SOJ.ROS/NOV24 324 C
OTC - SOJ.ROS/NOV24 324 P,OTC - SOJ.ROS/NOV24 324 P
OTC - SOJ.ROS/NOV24 328 C,OTC - SOJ.ROS/NOV24 328 C
OTC - SOJ.ROS/NOV24 328 P,OTC - SOJ.ROS/NOV24 328 P
OTC - SOJ.ROS/NOV24 332 C,OTC - SOJ.ROS/NOV24 332 C
OTC - SOJ.ROS/NOV24 336 C,OTC - SOJ.ROS/NOV24 336 C
OTC - SOJ.ROS/NOV24 340 C,OTC - SOJ.ROS/NOV24 340 C
OTC - SOJ.ROS/NOV24 344 C,OTC - SOJ.ROS/NOV24 344 C
OTC - SOJ.ROS/NOV24 348 C,OTC - SOJ.ROS/NOV24 348 C
OTC - SOJ.ROS/NOV24 352 C,OTC - SOJ.ROS/NOV24 352 C
OTC - SOJ.ROS/NOV24 356 C,OTC - SOJ.ROS/NOV24 356 C
OTC - SOJ.ROS/NOV24 360 C,OTC - SOJ.ROS/NOV24 360 C
OTC - SOJ.ROS/NOV24 364 C,OTC - SOJ.ROS/NOV24 364 C
OTC - SOJ.ROS/NOV24 380 C,OTC - SOJ.ROS/NOV24 380 C
OTC - SOJ.ROS/NOV24 384 C,OTC - SOJ.ROS/NOV24 384 C
OTC - SOJ.ROS/NOV25,
OTC - SOJ.ROS/NOV25 288 C,OTC - SOJ.ROS/NOV25 288 C
OTC - SOJ.ROS/NOV25 292 P,OTC - SOJ.ROS/NOV25 292 P
OTC - SOJ.ROS/NOV25 296 C,OTC - SOJ.ROS/NOV25 296 C
OTC - SOJ.ROS/NOV25 300 C,OTC - SOJ.ROS/NOV25 300 C
OTC - SOJ.ROS/NOV25 304 C,OTC - SOJ.ROS/NOV25 304 C
OTC - SOJ.ROS/NOV25 308 C,OTC - SOJ.ROS/NOV25 308 C
OTC - SOJ.ROS/NOV25 312 C,OTC - SOJ.ROS/NOV25 312 C
OTC - SOJ.ROS/NOV25 316 C,OTC - SOJ.ROS/NOV25 316 C
OTC - SOJ.ROS/NOV25 320 C,OTC - SOJ.ROS/NOV25 320 C
OTC - SOJ.ROS/NOV25 332 C,OTC - SOJ.ROS/NOV25 332 C
OTC - SOJ.ROS/NOV25 336 C,OTC - SOJ.ROS/NOV25 336 C
OTC - SOJ.ROS/NOV25 340 C,OTC - SOJ.ROS/NOV25 340 C
OTC - SOJ.ROS/NOV25 344 C,OTC - SOJ.ROS/NOV25 344 C
OTC - SOJ.ROS/NOV26,
OTC - SOJ.ROS/NOV26 356 C,OTC - SOJ.ROS/NOV26 356 C
OTC - SOJ.ROS/NOV26 360 C,OTC - SOJ.ROS/NOV26 360 C
OTC - SOJ.ROS/NOV26 364 C,OTC - SOJ.ROS/NOV26 364 C
OTC - SOJ.ROS/NOV26 368 C,OTC - SOJ.ROS/NOV26 368 C
OTC - SOJ.ROS/NOV26 372 C,OTC - SOJ.ROS/NOV26 372 C
OTC - SOJ.ROS/SEP24,
OTC - SOJ.ROS/SEP25,
OTC - SOJ.ROS/SEP26,
OTC - SOY.CME/ABR25,
OTC - SOY.CME/ABR26,
OTC - SOY.CME/DIC25,
OTC - SOY.CME/JUN25,
OTC - SOY.CME/JUN26,
OTC - SOY.CME/OCT24,
OTC - SOY.CME/OCT24 478 C,OTC - SOY.CME/OCT24 478 C
OTC - SOY.CME/OCT24 514 C,OTC - SOY.CME/OCT24 514 C
OTC - SOY.CME/OCT26,
OTC - TRI.MIN/DIC24,
OTC - TRI.MIN/ENE25,
OTC - TRI.MIN/ENE26,
OTC - TRI.MIN/JUL25,
OTC - TRI.ROS/DIC23,
OTC - TRI.ROS/DIC23 192 C,OTC - TRI.ROS/DIC23 192 C
OTC - TRI.ROS/DIC23 196 P,OTC - TRI.ROS/DIC23 196 P
OTC - TRI.ROS/DIC23 200 P,OTC - TRI.ROS/DIC23 200 P
OTC - TRI.ROS/DIC23 204 P,OTC - TRI.ROS/DIC23 204 P
OTC - TRI.ROS/DIC23 208 P,OTC - TRI.ROS/DIC23 208 P
OTC - TRI.ROS/DIC23 212 P,OTC - TRI.ROS/DIC23 212 P
OTC - TRI.ROS/DIC23 216 P,OTC - TRI.ROS/DIC23 216 P
OTC - TRI.ROS/DIC23 220 P,OTC - TRI.ROS/DIC23 220 P
OTC - TRI.ROS/DIC23 224 P,OTC - TRI.ROS/DIC23 224 P
OTC - TRI.ROS/DIC23 228 C,OTC - TRI.ROS/DIC23 228 C
OTC - TRI.ROS/DIC23 228 P,OTC - TRI.ROS/DIC23 228 P
OTC - TRI.ROS/DIC23 232 C,OTC - TRI.ROS/DIC23 232 C
OTC - TRI.ROS/DIC23 232 P,OTC - TRI.ROS/DIC23 232 P
OTC - TRI.ROS/DIC23 236 C,OTC - TRI.ROS/DIC23 236 C
OTC - TRI.ROS/DIC23 236 P,OTC - TRI.ROS/DIC23 236 P
OTC - TRI.ROS/DIC23 240 C,OTC - TRI.ROS/DIC23 240 C
OTC - TRI.ROS/DIC23 240 P,OTC - TRI.ROS/DIC23 240 P
OTC - TRI.ROS/DIC23 244 C,OTC - TRI.ROS/DIC23 244 C
OTC - TRI.ROS/DIC23 248 C,OTC - TRI.ROS/DIC23 248 C
OTC - TRI.ROS/DIC23 252 C,OTC - TRI.ROS/DIC23 252 C
OTC - TRI.ROS/DIC23 256 C,OTC - TRI.ROS/DIC23 256 C
OTC - TRI.ROS/DIC23 260 C,OTC - TRI.ROS/DIC23 260 C
OTC - TRI.ROS/DIC23 260 P,OTC - TRI.ROS/DIC23 260 P
OTC - TRI.ROS/DIC23 264 C,OTC - TRI.ROS/DIC23 264 C
OTC - TRI.ROS/DIC23 268 C,OTC - TRI.ROS/DIC23 268 C
OTC - TRI.ROS/DIC23 272 C,OTC - TRI.ROS/DIC23 272 C
OTC - TRI.ROS/DIC23 272 P,OTC - TRI.ROS/DIC23 272 P
OTC - TRI.ROS/DIC23 276 C,OTC - TRI.ROS/DIC23 276 C
OTC - TRI.ROS/DIC23 280 C,OTC - TRI.ROS/DIC23 280 C
OTC - TRI.ROS/DIC23 284 C,OTC - TRI.ROS/DIC23 284 C
OTC - TRI.ROS/DIC23 288 C,OTC - TRI.ROS/DIC23 288 C
OTC - TRI.ROS/DIC23 292 C,OTC - TRI.ROS/DIC23 292 C
OTC - TRI.ROS/DIC23 296 C,OTC - TRI.ROS/DIC23 296 C
OTC - TRI.ROS/DIC23 300 C,OTC - TRI.ROS/DIC23 300 C
OTC - TRI.ROS/DIC23 304 C,OTC - TRI.ROS/DIC23 304 C
OTC - TRI.ROS/DIC23 308 C,OTC - TRI.ROS/DIC23 308 C
OTC - TRI.ROS/DIC23 312 C,OTC - TRI.ROS/DIC23 312 C
OTC - TRI.ROS/DIC23 340 C,OTC - TRI.ROS/DIC23 340 C
OTC - TRI.ROS/DIC23 344 C,OTC - TRI.ROS/DIC23 344 C
OTC - TRI.ROS/DIC23 348 C,OTC - TRI.ROS/DIC23 348 C
OTC - TRI.ROS/DIC24,
OTC - TRI.ROS/DIC24 192 P,OTC - TRI.ROS/DIC24 192 P
OTC - TRI.ROS/DIC24 212 P,OTC - TRI.ROS/DIC24 212 P
OTC - TRI.ROS/DIC24 216 P,OTC - TRI.ROS/DIC24 216 P
OTC - TRI.ROS/DIC24 220 P,OTC - TRI.ROS/DIC24 220 P
OTC - TRI.ROS/DIC24 224 C,OTC - TRI.ROS/DIC24 224 C
OTC - TRI.ROS/DIC24 228 C,OTC - TRI.ROS/DIC24 228 C
OTC - TRI.ROS/DIC24 228 P,OTC - TRI.ROS/DIC24 228 P
OTC - TRI.ROS/DIC24 232 C,OTC - TRI.ROS/DIC24 232 C
OTC - TRI.ROS/DIC24 232 P,OTC - TRI.ROS/DIC24 232 P
OTC - TRI.ROS/DIC24 236 C,OTC - TRI.ROS/DIC24 236 C
OTC - TRI.ROS/DIC24 240 C,OTC - TRI.ROS/DIC24 240 C
OTC - TRI.ROS/DIC24 240 P,OTC - TRI.ROS/DIC24 240 P
OTC - TRI.ROS/DIC24 244 C,OTC - TRI.ROS/DIC24 244 C
OTC - TRI.ROS/DIC24 248 C,OTC - TRI.ROS/DIC24 248 C
OTC - TRI.ROS/DIC24 252 C,OTC - TRI.ROS/DIC24 252 C
OTC - TRI.ROS/DIC24 256 C,OTC - TRI.ROS/DIC24 256 C
OTC - TRI.ROS/DIC24 260 C,OTC - TRI.ROS/DIC24 260 C
OTC - TRI.ROS/DIC24 264 C,OTC - TRI.ROS/DIC24 264 C
OTC - TRI.ROS/DIC24 268 C,OTC - TRI.ROS/DIC24 268 C
OTC - TRI.ROS/DIC24 272 C,OTC - TRI.ROS/DIC24 272 C
OTC - TRI.ROS/DIC25,
OTC - TRI.ROS/DIC25 172 P,OTC - TRI.ROS/DIC25 172 P
OTC - TRI.ROS/DIC25 184 P,OTC - TRI.ROS/DIC25 184 P
OTC - TRI.ROS/DIC25 188 P,OTC - TRI.ROS/DIC25 188 P
OTC - TRI.ROS/DIC25 192 C,OTC - TRI.ROS/DIC25 192 C
OTC - TRI.ROS/DIC25 192 P,OTC - TRI.ROS/DIC25 192 P
OTC - TRI.ROS/DIC25 196 P,OTC - TRI.ROS/DIC25 196 P
OTC - TRI.ROS/DIC25 200 C,OTC - TRI.ROS/DIC25 200 C
OTC - TRI.ROS/DIC25 200 P,OTC - TRI.ROS/DIC25 200 P
OTC - TRI.ROS/DIC25 208 C,OTC - TRI.ROS/DIC25 208 C
OTC - TRI.ROS/DIC25 212 C,OTC - TRI.ROS/DIC25 212 C
OTC - TRI.ROS/DIC25 216 C,OTC - TRI.ROS/DIC25 216 C
OTC - TRI.ROS/DIC25 220 C,OTC - TRI.ROS/DIC25 220 C
OTC - TRI.ROS/DIC25 224 C,OTC - TRI.ROS/DIC25 224 C
OTC - TRI.ROS/DIC25 228 C,OTC - TRI.ROS/DIC25 228 C
OTC - TRI.ROS/DIC25 240 C,OTC - TRI.ROS/DIC25 240 C
OTC - TRI.ROS/DIC25 244 C,OTC - TRI.ROS/DIC25 244 C
OTC - TRI.ROS/DIC26,
OTC - TRI.ROS/DIC26 208 C,OTC - TRI.ROS/DIC26 208 C
OTC - TRI.ROS/DIC26 212 P,OTC - TRI.ROS/DIC26 212 P
OTC - TRI.ROS/DIC26 216 C,OTC - TRI.ROS/DIC26 216 C
OTC - TRI.ROS/DIC26 216 P,OTC - TRI.ROS/DIC26 216 P
OTC - TRI.ROS/DIC26 220 C,OTC - TRI.ROS/DIC26 220 C
OTC - TRI.ROS/DIC26 220 P,OTC - TRI.ROS/DIC26 220 P
OTC - TRI.ROS/DIC26 224 C,OTC - TRI.ROS/DIC26 224 C
OTC - TRI.ROS/DIC26 228 C,OTC - TRI.ROS/DIC26 228 C
OTC - TRI.ROS/DIC26 232 C,OTC - TRI.ROS/DIC26 232 C
OTC - TRI.ROS/DIC26 244 C,OTC - TRI.ROS/DIC26 244 C
OTC - TRI.ROS/ENE24,
OTC - TRI.ROS/ENE24 188 P,OTC - TRI.ROS/ENE24 188 P
OTC - TRI.ROS/ENE24 216 P,OTC - TRI.ROS/ENE24 216 P
OTC - TRI.ROS/ENE24 220 P,OTC - TRI.ROS/ENE24 220 P
OTC - TRI.ROS/ENE24 224 P,OTC - TRI.ROS/ENE24 224 P
OTC - TRI.ROS/ENE24 228 P,OTC - TRI.ROS/ENE24 228 P
OTC - TRI.ROS/ENE24 240 C,OTC - TRI.ROS/ENE24 240 C
OTC - TRI.ROS/ENE24 248 C,OTC - TRI.ROS/ENE24 248 C
OTC - TRI.ROS/ENE24 252 C,OTC - TRI.ROS/ENE24 252 C
OTC - TRI.ROS/ENE24 260 C,OTC - TRI.ROS/ENE24 260 C
OTC - TRI.ROS/ENE24 264 C,OTC - TRI.ROS/ENE24 264 C
OTC - TRI.ROS/ENE24 272 C,OTC - TRI.ROS/ENE24 272 C
OTC - TRI.ROS/ENE24 276 C,OTC - TRI.ROS/ENE24 276 C
OTC - TRI.ROS/ENE24 296 C,OTC - TRI.ROS/ENE24 296 C
OTC - TRI.ROS/ENE25,
OTC - TRI.ROS/ENE25 200 P,OTC - TRI.ROS/ENE25 200 P
OTC - TRI.ROS/ENE25 256 C,OTC - TRI.ROS/ENE25 256 C
OTC - TRI.ROS/ENE26,
OTC - TRI.ROS/ENE26 184 P,OTC - TRI.ROS/ENE26 184 P
OTC - TRI.ROS/ENE26 188 P,OTC - TRI.ROS/ENE26 188 P
OTC - TRI.ROS/ENE26 200 C,OTC - TRI.ROS/ENE26 200 C
OTC - TRI.ROS/ENE26 220 C,OTC - TRI.ROS/ENE26 220 C
OTC - TRI.ROS/ENE27,
OTC - TRI.ROS/ENE27 220 P,OTC - TRI.ROS/ENE27 220 P
OTC - TRI.ROS/ENE27 228 P,OTC - TRI.ROS/ENE27 228 P
OTC - TRI.ROS/ENE27 240 C,OTC - TRI.ROS/ENE27 240 C
OTC - TRI.ROS/JUL24,
OTC - TRI.ROS/JUL25,
OTC - TRI.ROS/JUL25 220 C,OTC - TRI.ROS/JUL25 220 C
OTC - TRI.ROS/JUL25 232 C,OTC - TRI.ROS/JUL25 232 C
OTC - TRI.ROS/JUL25 240 C,OTC - TRI.ROS/JUL25 240 C
OTC - TRI.ROS/JUL26,
OTC - TRI.ROS/JUL26 196 C,OTC - TRI.ROS/JUL26 196 C
OTC - TRI.ROS/JUL26 200 C,OTC - TRI.ROS/JUL26 200 C
OTC - TRI.ROS/JUL26 204 C,OTC - TRI.ROS/JUL26 204 C
OTC - TRI.ROS/JUL26 216 C,OTC - TRI.ROS/JUL26 216 C
OTC - TRI.ROS/MAR24,
OTC - TRI.ROS/MAR24 218 P,OTC - TRI.ROS/MAR24 218 P
OTC - TRI.ROS/MAR24 222 P,OTC - TRI.ROS/MAR24 222 P
OTC - TRI.ROS/MAR24 258 C,OTC - TRI.ROS/MAR24 258 C
OTC - TRI.ROS/MAR25,
OTC - TRI.ROS/MAR25 196 P,OTC - TRI.ROS/MAR25 196 P
OTC - TRI.ROS/MAR25 212 C,OTC - TRI.ROS/MAR25 212 C
OTC - TRI.ROS/MAR25 220 C,OTC - TRI.ROS/MAR25 220 C
OTC - TRI.ROS/MAR25 228 C,OTC - TRI.ROS/MAR25 228 C
OTC - TRI.ROS/MAR26,
OTC - TRI.ROS/MAR26 180 P,OTC - TRI.ROS/MAR26 180 P
OTC - TRI.ROS/MAR26 192 C,OTC - TRI.ROS/MAR26 192 C
OTC - TRI.ROS/MAR26 200 C,OTC - TRI.ROS/MAR26 200 C
OTC - TRI.ROS/MAY24,
OTC - TRI.ROS/MAY26,
PAMC4300FE,PAMC4300FE
PAMC4500FE,PAMC4500FE
PAMC4700FE,PAMC4700FE
RFX20042026,
RI.ROS/DIC25 192 P,RI.ROS/DIC25 192 P
SOJ.MIN/ENE26,
SOJ.MIN/JUL23,
SOJ.MIN/JUL24,
SOJ.MIN/JUL25,
SOJ.MIN/JUL26,
SOJ.MIN/MAY24,
SOJ.MIN/MAY25,
SOJ.MIN/MAY26,
SOJ.MIN/NOV22,
SOJ.MIN/NOV23,
SOJ.MIN/NOV24,
SOJ.MIN/NOV25,
SOJ.MIN/NOV26,
SOJ.ROS/ABR23,
SOJ.ROS/ABR24,
SOJ.ROS.ABR24,
SOJ.ROS/ABR25,
SOJ.ROS/ABR26,
SOJ.ROS/ENE23,
SOJ.ROS/ENE24,
SOJ.ROS/ENE25,
SOJ.ROS/ENE25 300 P,SOJ.ROS/ENE25 300 P
SOJ.ROS/ENE26,
SOJ.ROS/FEB23,
SOJ.ROS/JUL22,
SOJ.ROS/JUL23,
SOJ.ROS/JUL24,
SOJ.ROS/JUL24 276 P,SOJ.ROS/JUL24 276 P
SOJ.ROS/JUL24 284 P,SOJ.ROS/JUL24 284 P
SOJ.ROS/JUL24 288 P,SOJ.ROS/JUL24 288 P
SOJ.ROS/JUL24 308 C,SOJ.ROS/JUL24 308 C
SOJ.ROS/JUL24 312 C,SOJ.ROS/JUL24 312 C
SOJ.ROS/JUL24 320 C,SOJ.ROS/JUL24 320 C
SOJ.ROS/JUL24 356 C,SOJ.ROS/JUL24 356 C
SOJ.ROS/JUL25,
SOJ.ROS/JUL25 256 P,SOJ.ROS/JUL25 256 P
SOJ.ROS/JUL25 260 P,SOJ.ROS/JUL25 260 P
SOJ.ROS/JUL25 268 P,SOJ.ROS/JUL25 268 P
SOJ.ROS/JUL25 280 C,SOJ.ROS/JUL25 280 C
SOJ.ROS/JUL25 280 P,SOJ.ROS/JUL25 280 P
SOJ.ROS/JUL25 284 C,SOJ.ROS/JUL25 284 C
SOJ.ROS/JUL25 284 P,SOJ.ROS/JUL25 284 P
SOJ.ROS/JUL25 288 P,SOJ.ROS/JUL25 288 P
SOJ.ROS/JUL25 292 C,SOJ.ROS/JUL25 292 C
SOJ.ROS/JUL25 296 C,SOJ.ROS/JUL25 296 C
SOJ.ROS/JUL25 300 C,SOJ.ROS/JUL25 300 C
SOJ.ROS/JUL25 304 C,SOJ.ROS/JUL25 304 C
SOJ.ROS/JUL25 308 C,SOJ.ROS/JUL25 308 C
SOJ.ROS/JUL25 312 C,SOJ.ROS/JUL25 312 C
SOJ.ROS/JUL25 320 C,SOJ.ROS/JUL25 320 C
SOJ.ROS/JUL26,
SOJ.ROS/JUL26 280 P,SOJ.ROS/JUL26 280 P
SOJ.ROS/JUL26 316 P,SOJ.ROS/JUL26 316 P
SOJ.ROS/JUL26 320 P,SOJ.ROS/JUL26 320 P
SOJ.ROS/JUL26 324 C,SOJ.ROS/JUL26 324 C
SOJ.ROS/JUL26 324 P,SOJ.ROS/JUL26 324 P
SOJ.ROS/JUL26 336 C,SOJ.ROS/JUL26 336 C
SOJ.ROS/JUL26 340 C,SOJ.ROS/JUL26 340 C
SOJ.ROS/JUL26 348 C,SOJ.ROS/JUL26 348 C
SOJ.ROS/JUL26 352 C,SOJ.ROS/JUL26 352 C
SOJ.ROS/JUL26 356 C,SOJ.ROS/JUL26 356 C
SOJ.ROS/JUL26 360 C,SOJ.ROS/JUL26 360 C
SOJ.ROS/JUN23,
SOJ.ROS/MAR23,
SOJ.ROS/MAR24,
SOJ.ROS/MAR25,
SOJ.ROS/MAR26,
SOJ.ROS/MAY22,
SOJ.ROS/MAY23,
SOJ.ROS/MAY23 324 P,SOJ.ROS/MAY23 324 P
SOJ.ROS/MAY23 328 P,SOJ.ROS/MAY23 328 P
SOJ.ROS/MAY23 332 P,SOJ.ROS/MAY23 332 P
SOJ.ROS/MAY23 352 P,SOJ.ROS/MAY23 352 P
SOJ.ROS/MAY23 360 P,SOJ.ROS/MAY23 360 P
SOJ.ROS/MAY23 364 P,SOJ.ROS/MAY23 364 P
SOJ.ROS/MAY23 368 P,SOJ.ROS/MAY23 368 P
SOJ.ROS/MAY23 372 P,SOJ.ROS/MAY23 372 P
SOJ.ROS/MAY23 376 P,SOJ.ROS/MAY23 376 P
SOJ.ROS/MAY23 380 P,SOJ.ROS/MAY23 380 P
SOJ.ROS/MAY23 384 P,SOJ.ROS/MAY23 384 P
SOJ.ROS/MAY23 388 P,SOJ.ROS/MAY23 388 P
SOJ.ROS/MAY23 396 C,SOJ.ROS/MAY23 396 C
SOJ.ROS/MAY23 400 C,SOJ.ROS/MAY23 400 C
SOJ.ROS/MAY23 404 C,SOJ.ROS/MAY23 404 C
SOJ.ROS/MAY23 408 C,SOJ.ROS/MAY23 408 C
SOJ.ROS/MAY23 412 C,SOJ.ROS/MAY23 412 C
SOJ.ROS/MAY23 416 C,SOJ.ROS/MAY23 416 C
SOJ.ROS/MAY23 420 C,SOJ.ROS/MAY23 420 C
SOJ.ROS/MAY23 420 C no usar,
SOJ.ROS/MAY23 424 C,SOJ.ROS/MAY23 424 C
SOJ.ROS/MAY23 428 C,SOJ.ROS/MAY23 428 C
SOJ.ROS/MAY23 432 C,SOJ.ROS/MAY23 432 C
SOJ.ROS/MAY23 436 C,SOJ.ROS/MAY23 436 C
SOJ.ROS/MAY23 440 C,SOJ.ROS/MAY23 440 C
SOJ.ROS/MAY23 444 C,SOJ.ROS/MAY23 444 C
SOJ.ROS/MAY23 452 C,SOJ.ROS/MAY23 452 C
SOJ.ROS/MAY23 456 C,SOJ.ROS/MAY23 456 C
SOJ.ROS/MAY24,
SOJ.ROS/MAY24 276 P,SOJ.ROS/MAY24 276 P
SOJ.ROS/MAY24 284 P,SOJ.ROS/MAY24 284 P
SOJ.ROS/MAY24 288 C,SOJ.ROS/MAY24 288 C
SOJ.ROS/MAY24 296 C,SOJ.ROS/MAY24 296 C
SOJ.ROS/MAY24 300 C,SOJ.ROS/MAY24 300 C
SOJ.ROS/MAY24 300 P,SOJ.ROS/MAY24 300 P
SOJ.ROS/MAY24 304 C,SOJ.ROS/MAY24 304 C
SOJ.ROS/MAY24 308 C,SOJ.ROS/MAY24 308 C
SOJ.ROS/MAY24 312 P,SOJ.ROS/MAY24 312 P
SOJ.ROS/MAY24 316 C,SOJ.ROS/MAY24 316 C
SOJ.ROS/MAY24 328 C,SOJ.ROS/MAY24 328 C
SOJ.ROS/MAY24 332 C,SOJ.ROS/MAY24 332 C
SOJ.ROS/MAY24 340 C,SOJ.ROS/MAY24 340 C
SOJ.ROS/MAY24 344 C,SOJ.ROS/MAY24 344 C
SOJ.ROS/MAY24 352 C,SOJ.ROS/MAY24 352 C
SOJ.ROS/MAY24 360 C,SOJ.ROS/MAY24 360 C
SOJ.ROS/MAY24 364 C,SOJ.ROS/MAY24 364 C
SOJ.ROS/MAY24 368 C,SOJ.ROS/MAY24 368 C
SOJ.ROS/MAY 24 372 C,SOJ.ROS/MAY 24 372 C
SOJ.ROS/MAY24 372 C,SOJ.ROS/MAY24 372 C
SOJ.ROS/MAY24 376 C,SOJ.ROS/MAY24 376 C
SOJ.ROS/MAY24 380 C,SOJ.ROS/MAY24 380 C
SOJ.ROS/MAY24 384 C,SOJ.ROS/MAY24 384 C
SOJ.ROS/MAY24 388 C,SOJ.ROS/MAY24 388 C
SOJ.ROS/MAY25,
SOJ.ROS/MAY25 240 P,SOJ.ROS/MAY25 240 P
SOJ.ROS/MAY25 244 P,SOJ.ROS/MAY25 244 P
SOJ.ROS/MAY25 248 P,SOJ.ROS/MAY25 248 P
SOJ.ROS/MAY25 252 P,SOJ.ROS/MAY25 252 P
SOJ.ROS/MAY25 256 P,SOJ.ROS/MAY25 256 P
SOJ.ROS/MAY25 260 P,SOJ.ROS/MAY25 260 P
SOJ.ROS/MAY25 264 P,SOJ.ROS/MAY25 264 P
SOJ.ROS/MAY25 268 P,SOJ.ROS/MAY25 268 P
SOJ.ROS/MAY25 272 P,SOJ.ROS/MAY25 272 P
SOJ.ROS/MAY25 276 C,SOJ.ROS/MAY25 276 C
SOJ.ROS/MAY25 276 P,SOJ.ROS/MAY25 276 P
SOJ.ROS/MAY25 280 C,SOJ.ROS/MAY25 280 C
SOJ.ROS/MAY25 280 P,SOJ.ROS/MAY25 280 P
SOJ.ROS/MAY25 284 C,SOJ.ROS/MAY25 284 C
SOJ.ROS/MAY25 284 P,SOJ.ROS/MAY25 284 P
SOJ.ROS/MAY25 288 C,SOJ.ROS/MAY25 288 C
SOJ.ROS/MAY25 288 P,SOJ.ROS/MAY25 288 P
SOJ.ROS/MAY25 292 C,SOJ.ROS/MAY25 292 C
SOJ.ROS/MAY25 292 P,SOJ.ROS/MAY25 292 P
SOJ.ROS/MAY25 296 C,SOJ.ROS/MAY25 296 C
SOJ.ROS/MAY25 300 C,SOJ.ROS/MAY25 300 C
SOJ.ROS/MAY25 304 C,SOJ.ROS/MAY25 304 C
SOJ.ROS/MAY25 308 C,SOJ.ROS/MAY25 308 C
SOJ.ROS/MAY25 312 C,SOJ.ROS/MAY25 312 C
SOJ.ROS/MAY25 316 C,SOJ.ROS/MAY25 316 C
SOJ.ROS/MAY25 320 C,SOJ.ROS/MAY25 320 C
SOJ.ROS/MAY25 324 C,SOJ.ROS/MAY25 324 C
SOJ.ROS/MAY25 328 C,SOJ.ROS/MAY25 328 C
SOJ.ROS/MAY25 332 C,SOJ.ROS/MAY25 332 C
SOJ.ROS/MAY25 336 C,SOJ.ROS/MAY25 336 C
SOJ.ROS/MAY25 340 C,SOJ.ROS/MAY25 340 C
SOJ.ROS/MAY25 344 C,SOJ.ROS/MAY25 344 C
SOJ.ROS/MAY25 348 C,SOJ.ROS/MAY25 348 C
SOJ.ROS/MAY25 352 C,SOJ.ROS/MAY25 352 C
SOJ.ROS/MAY25 356 C,SOJ.ROS/MAY25 356 C
SOJ.ROS/MAY25 360 C,SOJ.ROS/MAY25 360 C
SOJ.ROS/MAY25 364 C,SOJ.ROS/MAY25 364 C
SOJ.ROS/MAY25 368 C,SOJ.ROS/MAY25 368 C
SOJ.ROS/MAY25 384 C,SOJ.ROS/MAY25 384 C
SOJ.ROS/MAY25 388 C,SOJ.ROS/MAY25 388 C
SOJ.ROS/MAY25 392 C,SOJ.ROS/MAY25 392 C
SOJ.ROS/MAY25 396 C,SOJ.ROS/MAY25 396 C
SOJ.ROS/MAY25 400 C,SOJ.ROS/MAY25 400 C
SOJ.ROS/MAY26,
SOJ.ROS/MAY26 288 C,SOJ.ROS/MAY26 288 C
SOJ.ROS/MAY26 288 P,SOJ.ROS/MAY26 288 P
SOJ.ROS/MAY26 296 P,SOJ.ROS/MAY26 296 P
SOJ.ROS/MAY26 300 C,SOJ.ROS/MAY26 300 C
SOJ.ROS/MAY26 300 P,SOJ.ROS/MAY26 300 P
SOJ.ROS/MAY26 304 C,SOJ.ROS/MAY26 304 C
SOJ.ROS/MAY26 304 P,SOJ.ROS/MAY26 304 P
SOJ.ROS/MAY26 308 C,SOJ.ROS/MAY26 308 C
SOJ.ROS/MAY26 308 P,SOJ.ROS/MAY26 308 P
SOJ.ROS/MAY26 312 C,SOJ.ROS/MAY26 312 C
SOJ.ROS/MAY26 312 P,SOJ.ROS/MAY26 312 P
SOJ.ROS/MAY26 316 C,SOJ.ROS/MAY26 316 C
SOJ.ROS/MAY26 316 P,SOJ.ROS/MAY26 316 P
SOJ.ROS/MAY26 320 C,SOJ.ROS/MAY26 320 C
SOJ.ROS/MAY26 320 P,SOJ.ROS/MAY26 320 P
SOJ.ROS/MAY26 324 C,SOJ.ROS/MAY26 324 C
SOJ.ROS/MAY26 328 C,SOJ.ROS/MAY26 328 C
SOJ.ROS/MAY26 332 C,SOJ.ROS/MAY26 332 C
SOJ.ROS/MAY26 336 C,SOJ.ROS/MAY26 336 C
SOJ.ROS/MAY26 340 C,SOJ.ROS/MAY26 340 C
SOJ.ROS/MAY26 344 C,SOJ.ROS/MAY26 344 C
SOJ.ROS/MAY26 348 C,SOJ.ROS/MAY26 348 C
SOJ.ROS/MAY26 352 C,SOJ.ROS/MAY26 352 C
SOJ.ROS/MAY26 356 C,SOJ.ROS/MAY26 356 C
SOJ.ROS/MAY26 360 C,SOJ.ROS/MAY26 360 C
SOJ.ROS/MAY27,
SOJ.ROS/MAY27 316 P,SOJ.ROS/MAY27 316 P
SOJ.ROS/MAY27 320 P,SOJ.ROS/MAY27 320 P
SOJ.ROS/MAY27 324 P,SOJ.ROS/MAY27 324 P
SOJ.ROS/MAY27 328 P,SOJ.ROS/MAY27 328 P
SOJ.ROS/MAY27 332 P,SOJ.ROS/MAY27 332 P
SOJ.ROS/MAY27 336 C,SOJ.ROS/MAY27 336 C
SOJ.ROS/MAY27 356 C,SOJ.ROS/MAY27 356 C
SOJ.ROS/MAY27 360 C,SOJ.ROS/MAY27 360 C
SOJ.ROS/NOV22,
SOJ.ROS/NOV22 350 P,SOJ.ROS/NOV22 350 P
SOJ.ROS/NOV22 354 P,SOJ.ROS/NOV22 354 P
SOJ.ROS/NOV22 362 P,SOJ.ROS/NOV22 362 P
SOJ.ROS/NOV22 366 P,SOJ.ROS/NOV22 366 P
SOJ.ROS/NOV22 370 P,SOJ.ROS/NOV22 370 P
SOJ.ROS/NOV22 374 P,SOJ.ROS/NOV22 374 P
SOJ.ROS/NOV22 386 C,SOJ.ROS/NOV22 386 C
SOJ.ROS/NOV22 390 P,SOJ.ROS/NOV22 390 P
SOJ.ROS/NOV22 394 P,SOJ.ROS/NOV22 394 P
SOJ.ROS/NOV22 398 C,SOJ.ROS/NOV22 398 C
SOJ.ROS/NOV22 402 P,SOJ.ROS/NOV22 402 P
SOJ.ROS/NOV22 418 C,SOJ.ROS/NOV22 418 C
SOJ.ROS/NOV22 422 C,SOJ.ROS/NOV22 422 C
SOJ.ROS/NOV22 426 C,SOJ.ROS/NOV22 426 C
SOJ.ROS/NOV22 430 C,SOJ.ROS/NOV22 430 C
SOJ.ROS/NOV22 442 C,SOJ.ROS/NOV22 442 C
SOJ.ROS/NOV22 454 C,SOJ.ROS/NOV22 454 C
SOJ.ROS/NOV22 462 C,SOJ.ROS/NOV22 462 C
SOJ.ROS/NOV22 474 C,SOJ.ROS/NOV22 474 C
SOJ.ROS/NOV22 478 C,SOJ.ROS/NOV22 478 C
SOJ.ROS/NOV22 486 C,SOJ.ROS/NOV22 486 C
SOJ.ROS/NOV22 490 C,SOJ.ROS/NOV22 490 C
SOJ.ROS/NOV23,
SOJ.ROS/NOV23 352 P,SOJ.ROS/NOV23 352 P
SOJ.ROS/NOV23 356 P,SOJ.ROS/NOV23 356 P
SOJ.ROS/NOV23 364 P,SOJ.ROS/NOV23 364 P
SOJ.ROS/NOV23 368 P,SOJ.ROS/NOV23 368 P
SOJ.ROS/NOV23 384 P,SOJ.ROS/NOV23 384 P
SOJ.ROS/NOV23 388 P,SOJ.ROS/NOV23 388 P
SOJ.ROS/NOV23 392 C,SOJ.ROS/NOV23 392 C
SOJ.ROS/NOV23 416 C,SOJ.ROS/NOV23 416 C
SOJ.ROS/NOV24,
SOJ.ROS/NOV24 272 P,SOJ.ROS/NOV24 272 P
SOJ.ROS/NOV24 280 P,SOJ.ROS/NOV24 280 P
SOJ.ROS/NOV24 296 P,SOJ.ROS/NOV24 296 P
SOJ.ROS/NOV24 300 P,SOJ.ROS/NOV24 300 P
SOJ.ROS/NOV24 304 P,SOJ.ROS/NOV24 304 P
SOJ.ROS/NOV24 308 P,SOJ.ROS/NOV24 308 P
SOJ.ROS/NOV24 312 C,SOJ.ROS/NOV24 312 C
SOJ.ROS/NOV24 316 C,SOJ.ROS/NOV24 316 C
SOJ.ROS/NOV24 320 C,SOJ.ROS/NOV24 320 C
SOJ.ROS/NOV24 324 C,SOJ.ROS/NOV24 324 C
SOJ.ROS/NOV24 328 C,SOJ.ROS/NOV24 328 C
SOJ.ROS/NOV24 332 C,SOJ.ROS/NOV24 332 C
SOJ.ROS/NOV24 336 C,SOJ.ROS/NOV24 336 C
SOJ.ROS/NOV24 340 C,SOJ.ROS/NOV24 340 C
SOJ.ROS/NOV24 344 C,SOJ.ROS/NOV24 344 C
SOJ.ROS/NOV24 348 C,SOJ.ROS/NOV24 348 C
SOJ.ROS/NOV24 352 C,SOJ.ROS/NOV24 352 C
SOJ.ROS/NOV24 356 C,SOJ.ROS/NOV24 356 C
SOJ.ROS/NOV24 360 C,SOJ.ROS/NOV24 360 C
SOJ.ROS/NOV24 364 C,SOJ.ROS/NOV24 364 C
SOJ.ROS/NOV25,
SOJ.ROS/NOV25 288 C,SOJ.ROS/NOV25 288 C
SOJ.ROS/NOV25 292 C,SOJ.ROS/NOV25 292 C
SOJ.ROS/NOV25 292 P,SOJ.ROS/NOV25 292 P
SOJ.ROS/NOV25 296 C,SOJ.ROS/NOV25 296 C
SOJ.ROS/NOV25 300 C,SOJ.ROS/NOV25 300 C
SOJ.ROS/NOV25 300 P,SOJ.ROS/NOV25 300 P
SOJ.ROS/NOV25 304 C,SOJ.ROS/NOV25 304 C
SOJ.ROS/NOV25 308 C,SOJ.ROS/NOV25 308 C
SOJ.ROS/NOV25 312 C,SOJ.ROS/NOV25 312 C
SOJ.ROS/NOV25 316 C,SOJ.ROS/NOV25 316 C
SOJ.ROS/NOV25 320 C,SOJ.ROS/NOV25 320 C
SOJ.ROS/NOV25 332 C,SOJ.ROS/NOV25 332 C
SOJ.ROS/NOV25 336 C,SOJ.ROS/NOV25 336 C
SOJ.ROS/NOV25 340 C,SOJ.ROS/NOV25 340 C
SOJ.ROS/NOV25 344 C,SOJ.ROS/NOV25 344 C
SOJ.ROS/NOV25 352 C,SOJ.ROS/NOV25 352 C
SOJ.ROS/NOV25 356 C,SOJ.ROS/NOV25 356 C
SOJ.ROS/NOV25 360 C,SOJ.ROS/NOV25 360 C
SOJ.ROS/NOV26,
SOJ.ROS/NOV26 336 P,SOJ.ROS/NOV26 336 P
SOJ.ROS/NOV26 340 C,SOJ.ROS/NOV26 340 C
SOJ.ROS/NOV26 344 C,SOJ.ROS/NOV26 344 C
SOJ.ROS/NOV26 348 C,SOJ.ROS/NOV26 348 C
SOJ.ROS/NOV26 356 C,SOJ.ROS/NOV26 356 C
SOJ.ROS/NOV26 360 C,SOJ.ROS/NOV26 360 C
SOJ.ROS/NOV26 364 C,SOJ.ROS/NOV26 364 C
SOJ.ROS/NOV26 368 C,SOJ.ROS/NOV26 368 C
SOJ.ROS/NOV26 372 C,SOJ.ROS/NOV26 372 C
SOJ.ROS/OCT22,
SOJ.ROS.P/DIS23,
SOJ.ROS.P/DIS24,
SOJ.ROS.P/DIS25,
SOJ.ROS.P/DIS26,
SOJ.ROS/SEP22,
SOJ.ROS/SEP23,
SOJ.ROS/SEP24,
SOJ.ROS/SEP25,
SOJ.ROS/SEP26,
SOY.CME/ABR25,
SOY.CME/ABR26,
SOY.CME/DIC25,
SOY.CME/JUN25,
SOY.CME/JUN26,
SOY.CME/OCT24,
SOY.CME/OCT24 478 C,SOY.CME/OCT24 478 C
SOY.CME/OCT24 514 C,SOY.CME/OCT24 514 C
SOY.CME/OCT26,
TGSC5500FE,TGSC5500FE
TRI.MIN/DIC24,
TRI.MIN/ENE25,
TRI.MIN/ENE26,
TRI.MIN/JUL25,
TRI.MIN/MAR23,
TRI.ROS/DIC22,
TRI.ROS/DIC22 256 P,TRI.ROS/DIC22 256 P
TRI.ROS/DIC22 288 C,TRI.ROS/DIC22 288 C
TRI.ROS/DIC22 288 P,TRI.ROS/DIC22 288 P
TRI.ROS/DIC22 300 C,TRI.ROS/DIC22 300 C
TRI.ROS/DIC22 300 P,TRI.ROS/DIC22 300 P
TRI.ROS/DIC22 304 C,TRI.ROS/DIC22 304 C
TRI.ROS/DIC22 308 C,TRI.ROS/DIC22 308 C
TRI.ROS/DIC22 308 P,TRI.ROS/DIC22 308 P
TRI.ROS/DIC22 312 C,TRI.ROS/DIC22 312 C
TRI.ROS/DIC22 312 P,TRI.ROS/DIC22 312 P
TRI.ROS/DIC22 316 C,TRI.ROS/DIC22 316 C
TRI.ROS/DIC22 320 C,TRI.ROS/DIC22 320 C
TRI.ROS/DIC22 324 C,TRI.ROS/DIC22 324 C
TRI.ROS/DIC22 332 C,TRI.ROS/DIC22 332 C
TRI.ROS/DIC22 364 C,TRI.ROS/DIC22 364 C
TRI.ROS/DIC22 368 C,TRI.ROS/DIC22 368 C
TRI.ROS/DIC22 372 C,TRI.ROS/DIC22 372 C
TRI.ROS/DIC23,
TRI.ROS/DIC23 248 C,TRI.ROS/DIC23 248 C
TRI.ROS/DIC24,
TRI.ROS/DIC24 192 P,TRI.ROS/DIC24 192 P
TRI.ROS/DIC24 196 P,TRI.ROS/DIC24 196 P
TRI.ROS/DIC24 212 P,TRI.ROS/DIC24 212 P
TRI.ROS/DIC24 216 P,TRI.ROS/DIC24 216 P
TRI.ROS/DIC24 220 P,TRI.ROS/DIC24 220 P
TRI.ROS/DIC24 224 C,TRI.ROS/DIC24 224 C
TRI.ROS/DIC24 228 C,TRI.ROS/DIC24 228 C
TRI.ROS/DIC24 228 P,TRI.ROS/DIC24 228 P
TRI.ROS/DIC24 232 C,TRI.ROS/DIC24 232 C
TRI.ROS/DIC24 232 P,TRI.ROS/DIC24 232 P
TRI.ROS/DIC24 236 C,TRI.ROS/DIC24 236 C
TRI.ROS/DIC24 240 C,TRI.ROS/DIC24 240 C
TRI.ROS/DIC24 240 P,TRI.ROS/DIC24 240 P
TRI.ROS/DIC24 244 C,TRI.ROS/DIC24 244 C
TRI.ROS/DIC24 248 C,TRI.ROS/DIC24 248 C
TRI.ROS/DIC24 252 C,TRI.ROS/DIC24 252 C
TRI.ROS/DIC24 256 C,TRI.ROS/DIC24 256 C
TRI.ROS/DIC24 260 C,TRI.ROS/DIC24 260 C
TRI.ROS/DIC24 264 C,TRI.ROS/DIC24 264 C
TRI.ROS/DIC24 268 C,TRI.ROS/DIC24 268 C
TRI.ROS/DIC24 272 C,TRI.ROS/DIC24 272 C
TRI.ROS/DIC24 280 C,TRI.ROS/DIC24 280 C
TRI.ROS/DIC25,
TRI.ROS/DIC25 172 P,TRI.ROS/DIC25 172 P
TRI.ROS/DIC25 184 P,TRI.ROS/DIC25 184 P
TRI.ROS/DIC25 188 P,TRI.ROS/DIC25 188 P
TRI.ROS/DIC25 192 C,TRI.ROS/DIC25 192 C
TRI.ROS/DIC25 192 P,TRI.ROS/DIC25 192 P
TRI.ROS/DIC25 196 P,TRI.ROS/DIC25 196 P
TRI.ROS/DIC25 200 C,TRI.ROS/DIC25 200 C
TRI.ROS/DIC25 200 P,TRI.ROS/DIC25 200 P
TRI.ROS/DIC25 208 C,TRI.ROS/DIC25 208 C
TRI.ROS/DIC25 212 C,TRI.ROS/DIC25 212 C
TRI.ROS/DIC25 216 C,TRI.ROS/DIC25 216 C
TRI.ROS/DIC25 220 C,TRI.ROS/DIC25 220 C
TRI.ROS/DIC25 224 C,TRI.ROS/DIC25 224 C
TRI.ROS/DIC25 228 C,TRI.ROS/DIC25 228 C
TRI.ROS/DIC25 240 C,TRI.ROS/DIC25 240 C
TRI.ROS/DIC25 244 C,TRI.ROS/DIC25 244 C
TRI.ROS/DIC26,
TRI.ROS/DIC26 208 C,TRI.ROS/DIC26 208 C
TRI.ROS/DIC26 212 P,TRI.ROS/DIC26 212 P
TRI.ROS/DIC26 216 C,TRI.ROS/DIC26 216 C
TRI.ROS/DIC26 216 P,TRI.ROS/DIC26 216 P
TRI.ROS/DIC26 220 C,TRI.ROS/DIC26 220 C
TRI.ROS/DIC26 220 P,TRI.ROS/DIC26 220 P
TRI.ROS/DIC26 224 C,TRI.ROS/DIC26 224 C
TRI.ROS/DIC26 228 C,TRI.ROS/DIC26 228 C
TRI.ROS/DIC26 232 C,TRI.ROS/DIC26 232 C
TRI.ROS/DIC26 236 C,TRI.ROS/DIC26 236 C
TRI.ROS/DIC26 240 C,TRI.ROS/DIC26 240 C
TRI.ROS/DIC26 244 C,TRI.ROS/DIC26 244 C
TRI.ROS/ENE23,
TRI.ROS/ENE23 368 C,TRI.ROS/ENE23 368 C
TRI.ROS/ENE23 392 C,TRI.ROS/ENE23 392 C
TRI.ROS/ENE24,
TRI.ROS/ENE25,
TRI.ROS/ENE25 200 P,TRI.ROS/ENE25 200 P
TRI.ROS/ENE25 244 C,TRI.ROS/ENE25 244 C
TRI.ROS/ENE25 256 C,TRI.ROS/ENE25 256 C
TRI.ROS/ENE25 268 C,TRI.ROS/ENE25 268 C
TRI.ROS/ENE26,
TRI.ROS/ENE26 184 P,TRI.ROS/ENE26 184 P
TRI.ROS/ENE26 188 P,TRI.ROS/ENE26 188 P
TRI.ROS/ENE26 200 C,TRI.ROS/ENE26 200 C
TRI.ROS/ENE26 220 C,TRI.ROS/ENE26 220 C
TRI.ROS/ENE27,
TRI.ROS/ENE27 220 P,TRI.ROS/ENE27 220 P
TRI.ROS/ENE27 228 P,TRI.ROS/ENE27 228 P
TRI.ROS/ENE27 240 C,TRI.ROS/ENE27 240 C
TRI.ROS/JUL22,
TRI.ROS/JUL23,
TRI.ROS/JUL24,
TRI.ROS/JUL24 212 C,TRI.ROS/JUL24 212 C
TRI.ROS/JUL25,
TRI.ROS/JUL25 212 C,TRI.ROS/JUL25 212 C
TRI.ROS/JUL25 220 C,TRI.ROS/JUL25 220 C
TRI.ROS/JUL25 232 C,TRI.ROS/JUL25 232 C
TRI.ROS/JUL25 240 C,TRI.ROS/JUL25 240 C
TRI.ROS/JUL26,
TRI.ROS/JUL26 196 C,TRI.ROS/JUL26 196 C
TRI.ROS/JUL26 200 C,TRI.ROS/JUL26 200 C
TRI.ROS/JUL26 204 C,TRI.ROS/JUL26 204 C
TRI.ROS/JUL26 216 C,TRI.ROS/JUL26 216 C
TRI.ROS/MAR23,
TRI.ROS/MAR24,
TRI.ROS/MAR25,
TRI.ROS/MAR25 196 P,TRI.ROS/MAR25 196 P
TRI.ROS/MAR25 212 C,TRI.ROS/MAR25 212 C
TRI.ROS/MAR25 220 C,TRI.ROS/MAR25 220 C
TRI.ROS/MAR25 228 C,TRI.ROS/MAR25 228 C
TRI.ROS/MAR26,
TRI.ROS/MAR26 180 P,TRI.ROS/MAR26 180 P
TRI.ROS/MAR26 192 C,TRI.ROS/MAR26 192 C
TRI.ROS/MAR26 200 C,TRI.ROS/MAR26 200 C
TRI.ROS/MAY24,
TRI.ROS/MAY26,
TRI.ROS/NOV23,
TRI.ROS/NOV25,
TRI.ROS.P/DIS25,
TRI.ROS.P/DIS26,
TRI.ROS/SEP22,
TRI.ROS/SEP23,
WTI032026,
WTI052026,
YPFC40500G,YPFC40500G
YPFC44500J,YPFC44500J
YPFC44500O,YPFC44500O
YPFC61000F,YPFC61000F
YPFC64000F,YPFC64000F
GARA070300889,GARA070300889
GARA100302119,GARA100302119
GARA110300891,GARA110300891
GARA120301106,GARA120301106
GARA170101072,GARA170101072
GARA170201000,GARA170201000
GARA170300984,GARA170300984
XROXSUB1152503/1045,Lote s/subasta 1152503
XROXSUB1152503/948,Lote s/subasta 1152503
XROXSUB1164495/1045,Lote s/subasta 1164495
XROXSUB1164495/240,Lote s/subasta 1164495
