Fondo,Honorarios Adm. SG
Allaria Equity Selection - Clase A,3.82
Allaria Equity Selection - Clase B,2.5
Allaria Equity Selection - Clase C,2.02
BAVSA Renta Balanceado IX - Clase A,3.5
BAVSA Renta Balanceado IX - Clase B,3.5
BAVSA Renta Balanceado IX - Clase C,3.5
BAVSA Renta Balanceado IX - Clase D,3.5
BAVSA Renta Balanceado X - Clase A,8
BAVSA Renta Balanceado X - Clase B,8
BAVSA Renta Balanceado X - Clase C,8
BAVSA Renta Balanceado X - Clase D,8
BAVSA Renta Balanceado XI - Clase A,8
BAVSA Renta Balanceado XI - Clase B,8
BAVSA Renta Balanceado XI - Clase C,8
BAVSA Renta Balanceado XI - Clase D,8
Gainvest Renta Variable - Clase A,3
Gainvest Renta Variable - Clase B,2.5
Gainvest Renta Variable - Clase C,1.5
MAF Acciones Argentinas - Clase A,2.65
MAF Acciones Argentinas - Clase B,2.65
MAF Acciones Argentinas - Clase RAP Ley N° 27.743,2.65
Novus Renta Variable - Clase A,3.25
Novus Renta Variable - Clase B,2
Novus Renta Variable - Clase C,3.25
Novus Renta Variable - Clase D,2
SBS Acciones Brasil - Clase A,3.5
SBS Acciones Brasil - Clase B,2
SBS Acciones Brasil - Clase Ley N° 27.743,3.5
1810 Renta Variable Argentina,2.6
1822 Raices Valores Negociables,2.5
Adcap Acciones - Clase A,3.52
Adcap Acciones - Clase B,2.52
Adcap Acciones - Clase Ley Nº 27.743,3.52
Allaria Acciones - Clase A,3.82
Allaria Acciones - Clase B,2.5
Allaria Acciones - Clase Ley Nº 27.743,3.82
Alpha Acciones - Clase A,2.2423
Alpha Acciones - Clase B,4.5088
Alpha Acciones - Clase C,4.892
Alpha Acciones - Clase J,2.2423
Alpha Acciones - Clase K,4.5088
Alpha Acciones - Clase Q Ley N° 27.743,4.892
Alpha Mega - Clase A,2.2423
Alpha Mega - Clase B,4.5088
Alpha Mega - Clase C,4.892
Alpha Mega - Clase D,1.6294
Alpha Mega - Clase E,4.892
Alpha Mega - Clase I,1.6294
Alpha Mega - Clase J,2.2423
Alpha Mega - Clase K,4.5088
Alpha Mercosur - Clase A,2.3212
Alpha Mercosur - Clase B,4.5023
Alpha Mercosur - Clase C,1.42
Alpha Mercosur - Clase D,4.885
Alpha Mercosur - Clase I,1.42
Alpha Mercosur - Clase J,2.3212
Alpha Mercosur - Clase K,4.5023
Argenfunds Renta Variable - Clase A,3.5
Argenfunds Renta Variable - Clase B,1.35
Arpenta Acciones Argentina,3
Balanz Acciones - Clase A,2.5
Balanz Acciones - Clase B,1.9
Balanz Acciones - Clase C,1.85
Balanz Acciones - Clase D,1.85
Balanz Acciones - Clase E,1.85
Balanz Acciones - Clase F,1.85
Balanz Acciones - Clase G,3.03
Balanz Acciones - Clase L Ley Nº 27.743,3.18
Balanz Equity Selection - Clase A,2.76
Balanz Equity Selection - Clase B,2.36
Balanz Equity Selection - Clase C,2.26
Balanz Equity Selection - Clase D,2
Balanz Soja - Clase A,2.15
Balanz Soja - Clase B,2.15
Balanz Soja - Clase C,2.15
Balanz Soja - Clase D,2.15
Bull Market Acciones Argentinas - Clase A,3
Bull Market Acciones Argentinas - Clase B,3
Champaquí Renta Variable - Clase A,3.5
Champaquí Renta Variable - Clase B,2.3
Chimpay Agresivo - Clase A,3.75
Chimpay Agresivo - Clase B,3
Chimpay Agresivo - Clase C,2.5
CMA Acciones - Clase A,5.25
CMA Acciones - Clase B,4.25
CMA Acciones - Clase C,2.95
CMA Acciones - Clase I,1
CMA Acciones - Clase Ley N° 27.743,5.25
Cocos Acciones - Clase A,2.02
Cocos Acciones - Clase B,2.02
Cocos Acciones - Clase C,2.02
Cocos Acciones - Clase Ley N° 27.743,2.02
Compass Crecimiento - Clase A,3.9
Compass Crecimiento - Clase B,2.4
Compass Crecimiento - Clase C,1.5
Compass Crecimiento - Clase H Ley 27.743,3.9
Compass Crecimiento - Clase I Ley 27.743,2.4
Compass Crecimiento II - Clase A,1.5
Compass Crecimiento II - Clase B,1.5
Compass Crecimiento II - Clase C,1.5
Compass Crecimiento II - Clase H Ley 27.743,1.5
Consultatio Acciones Argentina - Clase A,3.25
Consultatio Acciones Argentina - Clase B,2
Consultatio Acciones Argentina - Clase C,1.6
Consultatio Acciones Argentina - Clase Z Ley N° 27.743,2
Consultatio Renta Variable - Clase A,3.25
Consultatio Renta Variable - Clase B,2.2
Consultatio Renta Variable - Clase C,2
Crecer Acciones - Clase A,3.84
Crecer Acciones - Clase B,2.44
Delta Acciones - Clase A,3.9
Delta Acciones - Clase B,2.5
Delta Acciones - Clase E,1.7
Delta Acciones - Clase K Ley Nº 27.743,3.9
Delta Acciones - Clase L Ley Nº 27.743,2.5
Delta Recursos Naturales - Clase A,3.9
Delta Recursos Naturales - Clase B,2.5
Delta Recursos Naturales - Clase E,1.7
Delta Select - Clase A,3.9
Delta Select - Clase B,1.7
DXA PMKT Total Return - Clase A,2.02
DXA PMKT Total Return - Clase B,2.02
DXA PMKT Total Return - Clase C,2
DXA PMKT Total Return - Clase D,2
FBA Acciones Argentinas - Clase A,3.43
FBA Acciones Argentinas - Clase B,1.9
FBA Acciones Argentinas - Clase J Ley N° 27.743,3.43
FBA Acciones Argentinas - Clase K Ley N° 27.743,1.9
Fima Acciones - Clase A,3.145
Fima Acciones - Clase B,2.125
Fima Acciones - Clase E,1.7
Fima PB Acciones - Clase A,3.145
Fima PB Acciones - Clase B,2.125
Fima PB Acciones - Clase L Ley N° 27.743,3.145
Galileo Acciones - Clase A,3
Galileo Acciones - Clase B,1.5
IAM Renta Variable - Clase A,2.77
IAM Renta Variable - Clase B,2.57
IAM Renta Variable - Clase C,2.77
IAM Renta Variable - Clase D,2.42
IEB Value - Clase A,3.5
IEB Value - Clase B,2.5
IEB Value - Clase C,0
IEB Value - Clase Ley N° 27.743,3.5
Julio A. Roca Valores Negociables,4.5
Lombard Acciones Lideres,2.8
Max Acciones Argentinas - Clase A,3.33
Max Acciones Argentinas - Clase B,2.58
Max Acciones Argentinas - Clase C,0
Max Acciones Argentinas - Clase D,0
Max Acciones Argentinas - Clase H Ley N° 27.743,3.33
MEGAQM Acciones - Clase A,3.5
MEGAQM Acciones- Clase B,2.079
MEGAQM Acciones- Clase Ley Nº 27.743,3.5
Optimum Renta Variable III,1.65
Optimum Renta Variable III - Clase B,0
Parakeet Capital Plus - Clase A,3.5
Parakeet Capital Plus - Clase B,3
Parakeet Capital Plus - Clase X Ley N° 27.743,3.5
Pellegrini Acciones - Clase A,3
Pellegrini Acciones - Clase B,2.75
Pionero Acciones - Clase A,3.285
Pionero Acciones - Clase B,1.8
Pionero Acciones Plus - Clase A,3.285
Pionero Acciones Plus - Clase B,1.8
Premier Renta Variable - Clase A,2.576
Premier Renta Variable - Clase B,3.22
Premier Renta Variable - Clase C,1.472
Rofex 20 Renta Variable - Clase A,3.25
Rofex 20 Renta Variable - Clase B,2.2
Rofex 20 Renta Variable - Clase C,2
Rofex 20 Renta Variable - Clase D,1.2
SBS Acciones Argentina - Clase A,3.5
SBS Acciones Argentina - Clase B,2.5
SBS Acciones Argentina - Clase Ley N° 27.743,3.5
SBS Tavelli Plus - Clase P,2.02
Schroder Renta Variable - Clase A,3
Schroder Renta Variable - Clase B,2
Schroder Renta Variable - Clase C,2.75
Schroder Renta Variable - Clase D,1.62
Schroder Renta Variable - Clase E Ley 27.743,3
Superfondo Acciones - Clase A,0.9719
Superfondo Acciones - Clase B,1.2679
Superfondo Acciones - Clase F Ley N° 27.743,0.9719
Superfondo Acciones - Clase H,1.9124
Superfondo Acciones - Clase I,1.2574
Superfondo Renta Variable - Clase A,0.9719
Superfondo Renta Variable - Clase B,1.2679
Superfondo Renta Variable - Clase D,0.833
Superfondo Renta Variable - Clase E,0
Superfondo Renta Variable - Clase F,0.646
Superfondo Renta Variable - Clase H,1.9124
Superfondo Renta Variable - Clase I,1.2574
Toronto Trust Multimercado - Clase A,3.1185
Toronto Trust Multimercado - Clase B,2.5185
Toronto Trust Multimercado - Clase C,2.8185
Toronto Trust Multimercado - Clase D,1.6185
Toronto Trust Multimercado - Clase Ley N° 27.743,3.1185
Ualintec Renta Variable Pesos - Clase A,2.5
Ualintec Renta Variable Pesos - Clase B,1.65
Ualintec Renta Variable Pesos - Clase C,1.1
Valiant Renta Variable - Clase A,3.5
Valiant Renta Variable - Clase B,4
Wise Capital Equity - Clase A,5
Wise Capital Equity - Clase B,5
Wise Capital Equity - Clase C,5
Wise Capital Equity - Clase D,3
Wise Capital Equity - Clase J Ley N° 27.743,5
Cima Renta Variable - Clase A,4
Cima Renta Variable - Clase B,2.75
Cima Renta Variable - Clase C,4
First Renta Mixta II - Clase A,2.5
First Renta Mixta II - Clase B,2
First Renta Mixta II - Clase C,1.75
First Renta Mixta II - Clase D,1.5
Integrae Acciones - Clase A,0
Integrae Acciones - Clase B,0
MP Empresas Argentinas - Clase A,2.21
MP Empresas Argentinas - Clase C,1.51
Probolsa Acciones,2
Superfondo Acciones Brasil - Clase C,0.966
Delta Internacional - Clase A,3.9
Delta Internacional - Clase B,2.5
Delta Internacional - Clase K Ley Nº 27.743,3.9
Delta Internacional - Clase L Ley Nº 27.743,2.5
Compass Renta Mixta Dólares - Clase D,2.25
Compass Renta Mixta Dólares - Clase E,1.25
Compass Renta Mixta Dólares - Clase F,1.25
Delta Latinoamerica - Clase A,3.9
Delta Latinoamerica - Clase B,1.6
FBA Acciones Latinoamericana - Clase A,3.43
FBA Acciones Latinoamericana - Clase B,1.9
Superfondo Latinoamerica - Clase C,0.966
Superfondo Latinoamerica - Clase D,1.036
Compass Renta Mixta II - Clase A,3
Compass Renta Mixta II - Clase B,1.8
Compass Renta Mixta II - Clase C,1.25
Compass Renta Mixta II - Clase H,3
Compass Renta Mixta II - Clase I,1.8
Renta Variable Dolar Estadounidense Billete,nan
Delta Acciones - Clase I,3.9
Delta Internacional - Clase I,2.5
Alpha Latam - Clase J,2.7007
Alpha Latam - Clase K,4.5649
Compass Renta Mixta Dólares - Clase A,2.25
Compass Renta Mixta Dólares - Clase B,1.25
Compass Renta Mixta Dólares - Clase C,1.25
Renta Variable Dolar Estadounidense,nan
FBA Acciones Globales Dólar I - Clase B,0.679
MAF Acciones Argentinas - Clase D,2.65
MAF Acciones Argentinas - Clase E,2.65
Allaria Acciones - Clase W Art. 11 Decreto 99/2019 y mod,0.1
Alpha Acciones - Clase D,1.94
Alpha Acciones - Clase E,4.892
Alpha Acciones - Clase I,1.94
Alpha Mega - Clase R Art. 11 Decreto 99/2019 y mod,4.772
Argenfunds Renta Variable - Clase E,1
Argenfunds Renta Variable - Clase F,1
Balanz Equity Selection - Clase E,0.0215
Balanz Equity Selection - Clase F,0.0215
Balanz Soja - Clase E,0
Balanz Soja - Clase F,0
Chimpay Agresivo - Clase D,3.75
Chimpay Agresivo - Clase E,3
Chimpay Agresivo - Clase F,2.5
Compass Crecimiento - Clase D,3.9
Compass Crecimiento - Clase E,2.4
Compass Crecimiento - Clase F,1.5
Compass Crecimiento II - Clase D,1.5
Compass Crecimiento II - Clase E,1.5
Compass Crecimiento II - Clase F,1.5
Delta Acciones - Clase F,3.9
Delta Acciones - Clase G,2.2
Delta Recursos Naturales - Clase F,3.9
Delta Recursos Naturales - Clase G,2.5
Delta Select - Clase F,3.9
Delta Select - Clase G,2
Galileo Acciones - Clase C,2.5
Galileo Acciones - Clase D,1.5
IEB Value - Clase D,3.5
IEB Value - Clase E,2
IEB Value - Clase F,1.5
Superfondo Renta Variable - Clase G,0
Superfondo Renta Variable - Clase L,0
Superfondo Acciones Brasil - Clase A,0.966
Superfondo Acciones Brasil - Clase B,1.036
Balanz Renta Variable Global - Clase A,1.5
Balanz Renta Variable Global - Clase B,1.5
Delta Internacional - Clase F,3.9
Delta Internacional - Clase G,2.5
Alpha Latam - Clase A,2.7007
Alpha Latam - Clase B,4.5649
Alpha Latam - Clase C,4.68
Alpha Latam - Clase D,4.043
Alpha Latam - Clase H,4.953
Alpha Latam - Clase I,2.7007
Alpha Latam - Clase Q Ley N° 27.743,4.953
Compass Renta Mixta Dólares - Clase H Ley N° 27.743,2.25
Fima Acciones Latinoamerica - Clase A,1.9125
Fima Acciones Latinoamerica - Clase B,1.7
Fima Acciones Latinoamerica - Clase C,1.4875
Superfondo Latinoamerica - Clase A,0.966
Superfondo Latinoamerica - Clase B,1.036
Renta Fija Peso Argentina,nan
1810 Mas Ahorro,0.05
1822 Raices Ahorro Plus - Clase A,1.8
1822 Raices Valores Fiduciarios,1.7
Adcap Balanceado I - Clase A,3.52
Adcap Balanceado I - Clase B,3.52
Adcap Balanceado VI - Clase A,2.77
Adcap Balanceado VI - Clase B,0.82
Adcap Balanceado VI - Clase C,0.8
Adcap Balanceado VI - Clase D,1.75
Adcap Balanceado VI - Clase E,1.75
Adcap Balanceado VI - Clase Ley Nº 27.743,0
Adcap Cobertura - Clase A,2.77
Adcap Cobertura - Clase B,2.22
Adcap Cobertura - Clase C,1.87
Adcap Cobertura - Clase Ley Nº 27.743,2.75
Adcap Financiamiento Megra - Clase A,1.52
Adcap Financiamiento Megra - Clase B,1.52
Adcap Financiamiento Megra - Clase Ley N° 27.743,1.02
Adcap Moneda - Clase A,2.77
Adcap Moneda - Clase B,2.22
Adcap Moneda - Clase C,1.92
Adcap Moneda - Clase Ley Nº 27.743,2.75
Adcap Pesos Plus - Clase A,2.77
Adcap Pesos Plus - Clase B,2.12
Adcap Pesos Plus - Clase C,1.82
Adcap Pesos Plus - Clase Ley Nº 27.743,2.77
Alamerica Renta Fija Argentina - Clase A,0
Alamerica Renta Fija Argentina - Clase B,0
Alamerica Renta Fija Argentina - Clase C,0
Alamerica Renta Fija Argentina - Clase G,0.6
Alamerica Renta Fija Argentina - Clase I,0
Alianza de Capitales,1.25
Allaria Ahorro Plus - Clase A,2.5
Allaria Ahorro Plus - Clase B,2.25
Allaria Ahorro Plus - Clase C,2.02
Allaria Ahorro Plus - Clase D,1.8
Allaria Ahorro Plus - Clase Ley Nº 27.743,2.5
Allaria Dinámico III - Clase A,2.5
Allaria Dinámico III - Clase B,2.25
Allaria Dinámico III - Clase C,2.02
Allaria Dinámico IV - Clase A,0
Allaria Dinámico IV - Clase B,1.1048
Allaria Dinámico IV - Clase C,1.1048
Allaria Renta Balanceada II - Clase A,1.25
Allaria Renta Balanceada II - Clase B,1.25
Allaria Renta Balanceada II - Clase C,1.25
Alpha Ahorro - Clase A,2.1638
Alpha Ahorro - Clase B,2.8344
Alpha Ahorro - Clase C,2.8344
Alpha Ahorro - Clase J,2.1638
Alpha Ahorro - Clase K,2.8364
Alpha Ahorro - Clase Q Ley N° 27.743,2.8344
Argenfunds Ahorro Pesos - Clase A,3
Argenfunds Ahorro Pesos - Clase B,1.8991
Argenfunds Renta Capital - Clase E,1.9
Argenfunds Renta Capital - Clase F,1.9
Argenfunds Renta Flexible - Clase A,2
Argenfunds Renta Flexible - Clase B,2
Arpenta Ahorro Pesos,4
Balanz Capital Ahorro - Clase A,2.55
Balanz Capital Ahorro - Clase B,2.15
Balanz Capital Ahorro - Clase C,1.7
Balanz Capital Ahorro - Clase D,1.65
Balanz Capital Ahorro - Clase E,2.19
Balanz Capital Ahorro - Clase F,1.74
Balanz Capital Ahorro - Clase G,2.19
Balanz Capital Ahorro - Clase L Ley Nº 27.743,2.55
Balanz Opportunity - Clase A,2.6
Balanz Opportunity - Clase B,2.6
Balanz Opportunity - Clase C,2.1
Balanz Opportunity - Clase D,2.1
Balanz Opportunity - Clase E,2.19
Balanz Opportunity - Clase F,1.59
Balanz Opportunity - Clase G,2.19
BAVSA Ahorro Plus - Clase A,2.5
BAVSA Ahorro Plus - Clase B,2
BAVSA Ahorro Plus - Clase C,1.8
BAVSA Ahorro Plus - Clase D,1.8
BAVSA Ahorro Plus - Clase E,1.5
BAVSA Ahorro Plus - Clase F,8
BAVSA Ahorro Plus - Clase G,8
BAVSA Ahorro Plus - Clase H,8
BAVSA Ahorro Plus - Clase I,8
BAVSA Ahorro Plus - Clase J,8
BAVSA Ahorro Plus - Clase K Ley Nº 27.743,1.5
BAVSA Ahorro Plus - Clase L Ley Nº 27.743,0
BAVSA Pesos Plus - Clase A,2.5
BAVSA Pesos Plus - Clase B,1.5
BAVSA Pesos Plus - Clase C,1
BAVSA Pesos Plus - Clase E Ley Nº 27.743,1.5
BAVSA Pesos Plus - Clase F Ley Nº 27.743,1.5
BAVSA Renta Balanceado IV - Clase A,2.1
BAVSA Renta Balanceado IV - Clase B,2
BAVSA Renta Balanceado IV - Clase C,8
BAVSA Renta Balanceado IV - Clase D,0.2
BAVSA Renta Balanceado IV - Clase F Ley Nº 27.743,2
BM Smart Corto Plazo - Clase A,2.5
BM Smart Corto Plazo - Clase B,1.8
BM Smart Corto Plazo - Clase C Ley N° 27.743,2.5
Chaco Abierto Ahorro - Clase A,2
Chaco Abierto Ahorro - Clase B,2
Champaquí Ahorro Mixto - Clase A,2.64
Champaquí Ahorro Pesos - Clase A,2.78
Champaquí Ahorro Pesos - Clase B,2.19
Champaquí Ahorro Pesos - Clase C,2.08
Champaquí Ahorro Pesos - Clase D Ley N° 27.743,2.78
Champaquí Renta Pesos - Clase A,2.9
Champaquí Renta Pesos - Clase B,2.4
Champaquí Renta Pesos - Clase D,2.4
Chimpay Pesos Conservador - Clase A,3
Chimpay Pesos Conservador - Clase B,2.25
Chimpay Pesos Conservador - Clase C,1.75
Cima Renta Dolares Corto Plazo - Clase D,0
CMA Proteccion - Clase A,2.3
CMA Proteccion - Clase B,1.95
CMA Proteccion - Clase Ley N° 27.743,2.3
Cohen Renta Fija Argentina - Clase A,3
Cohen Renta Fija Argentina - Clase B,2
Cohen Renta Fija Argentina - Clase C,1
Cohen Renta Fija Plus Titulos RP - Clase B,2
Compass Ahorro - Clase A,3
Compass Ahorro - Clase B,2.15
Compass Ahorro - Clase C,1.85
Compass Ahorro - Clase H Ley 27.743,3
Compass Ahorro - Clase I Ley 27.743,2.15
Compass Renta Fija V - Clase A,2
Compass Renta Fija V - Clase B,1.41
Compass Renta Fija V - Clase C,1.4
ConoSur Ahorro - Clase A,2.46
ConoSur Ahorro - Clase B,2.36
ConoSur Ahorro - Clase C,1.66
ConoSur Ahorro - Clase D Ley N° 27.723,2.36
ConoSur Financiamiento - Clase A,2.76
ConoSur Financiamiento - Clase B,2.56
ConoSur Financiamiento - Clase C,1.76
ConoSur Financiamiento - Clase D Ley N° 27.743,2.56
Consultatio Ahorro Plus Argentina F.C.I. - Clase A,2.75
Consultatio Ahorro Plus Argentina F.C.I. - Clase B,2
Consultatio Ahorro Plus Argentina F.C.I. - Clase C,1.25
Consultatio Diamante Plus - Clase A,1.8
Consultatio Diamante Plus - Clase B,1.6
Consultatio Diamante Plus - Clase C,0.6
Consultatio Diamante Plus - Clase D,0.55
Consultatio Multimercado VI - Clase A,0
Consultatio Multimercado VI - Clase B,0
Consultatio Multimercado VI - Clase C,0
Consultatio Multimercado VII - Clase A,0
Consultatio Multimercado VII - Clase B,0
Consultatio Multimercado VII - Clase C,0
Consultatio Multimercado VIII - Clase A,0
Consultatio Multimercado VIII - Clase B,0
Consultatio Multimercado VIII - Clase C,0
Consultatio Renta Fija Argentina F.C.I. - Clase A,3
Consultatio Renta Fija Argentina F.C.I. - Clase B,2.25
Consultatio Renta Local - Clase A,2.75
Consultatio Renta Local - Clase B,2
Consultatio Renta Local - Clase C,1.25
Consultatio Renta Nacional - Clase A,2.75
Consultatio Renta Nacional - Clase B,2
Consultatio Renta Nacional - Clase C,1.55
Consultatio Renta Nacional - Clase Z Ley N° 27.743,2
Consultatio SMSV Renta en Pesos - Clase A,2.5
Consultatio SMSV Renta en Pesos - Clase B,2.3
Consultatio SMSV Renta en Pesos - Clase C,1.4
Crecer Ahorro - Clase A,2.92
Crecer Ahorro - Clase B,2.17
Delta Ahorro - Clase A,3.5
Delta Ahorro - Clase B,2.5
Delta Ahorro Plus - Clase A,3.5
Delta Ahorro Plus - Clase B,2.5
Delta Ahorro Plus - Clase K Ley Nº 27.743,3.5
Delta Ahorro Plus - Clase L Ley Nº 27.743,2.5
Delta Gestion IV - Clase A,0.55
Delta Gestion IV - Clase B,0.55
Delta Gestion X - Clase B,0.6
Delta Gestion X - Clase E,1.7
Delta Patrimonio I - Clase A,2.8
Delta Patrimonio I - Clase B,2.25
FBA Gestion I - Clase B,1.379
FBA Renta Fija Pesos I - Clase A,2.779
FBA Renta Fija Pesos I - Clase B,2.179
FBA Renta Fija Pesos II - Clase A,2.779
FBA Renta Fija Pesos II - Clase B,2.779
FBA Renta Fija Pesos II - Clase B1,2.179
FBA Renta Fija Pesos II - Clase B2,2.179
FBA Renta Fija Pesos II - Clase B3,1.579
FBA Renta Fija Pesos II - Clase J Ley Nº 27.743,2.779
FBA Renta Fija Pesos II - Clase K Ley Nº 27.743,2.179
Fima Ahorro Pesos - Clase A,2.5075
Fima Ahorro Pesos - Clase B,2.04
Fima Ahorro Pesos - Clase C,1.7
Fima Ahorro Plus - Clase A,2.5075
Fima Ahorro Plus - Clase B,2.04
Fima Ahorro Plus - Clase C,1.7
Fima Ahorro Plus - Clase E,1.7
Fima Capital Plus - Clase A,2.5075
Fima Capital Plus - Clase B,2.125
Fima Capital Plus - Clase C,1.87
Fima Capital Plus - Clase E,1.7
Fima Renta Pesos - Clase A,2.5075
Fima Renta Pesos - Clase B,2.125
Fima Renta Pesos - Clase C,1.87
Fima Renta Pesos - Clase L Ley N° 27.743,2.5075
First Renta Pesos - Clase A,2
First Renta Pesos - Clase B,1.5
First Renta Pesos - Clase C,1
First Renta Pesos - Clase D,0.75
Fundcorp Performance - Clase A,2.4
Fundcorp Performance - Clase B,2.15
Fundcorp Performance - Clase C,0.9
Gainvest Ahorro - Clase A,0
Gainvest Ahorro - Clase B,0
Gainvest Ahorro - Clase C,0
Gainvest FF - Clase A,2.5
Gainvest FF - Clase B,2.5
Gainvest FF - Clase C,1
Gainvest Renta Fija - Clase A,2.3
Gainvest Renta Fija - Clase B,2.3
Gainvest Renta Fija - Clase C,1.8
Galileo Ahorro - Clase A,2.5
Galileo Ahorro - Clase B,2
Galileo Multimercado II - Clase A,2.5
Galileo Multimercado II - Clase B,2
Gestionar Renta Fija - Clase A,1.7
Gestionar Renta Fija - Clase B,1.7
HF Retorno Total - Clase I,0.68
IAM Renta Capital - Clase A,2.98
IAM Renta Capital - Clase B,2.91
IAM Renta Capital - Clase C,2.08
IAM Renta Capital - Clase D,1.93
IAM Renta Capital - Clase Ley N° 27.743,2.98
IAM Renta Plus - Clase A,2.78
IAM Renta Plus - Clase B,2.41
IAM Renta Plus - Clase C,1.98
IAM Renta Plus - Clase D,1.8
IAM Renta Plus - Clase E,1.5
IAM Renta Plus - Clase F,1.5
IAM Renta Plus - Clase Ley N° 27.743,2.78
IEB Ahorro Plus - Clase A,2.8
IEB Ahorro Plus - Clase B,2
IEB Ahorro Plus - Clase C,1
IEB Ahorro Plus - Clase Ley N° 27.743,2.8
Integrae Renta Fija - Clase A,3
Integrae Renta Fija - Clase B,2
Integrae Renta Fija Crecimiento - Clase A,0
Integrae Renta Fija Crecimiento - Clase B,0
Integrae Renta Fija Crecimiento - Clase C,0
Julio A. Roca Ahorro Pesos,1.8
Lombard Ahorro Plus II - Clase A,0.64
Lombard Capital,2.24
Lombard Capital Fisicos,0
Lombard Capital JYF,0
MAF Ahorro Pesos - Clase A,2.1
MAF Ahorro Pesos - Clase B,1.9
MAF Ahorro Pesos - Clase RAP Ley N° 27.743,0
MAF Ahorro Plus - Clase A,6
MAF Ahorro Plus - Clase B,0.65
MAF Ahorro Plus - Clase C,1.86
MAF Ahorro Plus - Clase D,0.44
MAF Estrategia - Clase A,1.2
MAF Gestión Activa III - Clase A,0.3
MAF Gestión Activa III - Clase B,0.3
MAF Pesos Plus - Clase A,2.5
MAF Pesos Plus - Clase B,1.95
MAF Pesos Plus - Clase C,1.95
MAF Pesos Plus - Clase RAP Ley N° 27.743,2.5
Max Ahorro Pesos - Clase A,2.3
Max Ahorro Pesos - Clase B,1.8
Max Ahorro Pesos - Clase C,1.6
Max Ahorro Pesos - Clase D,0
Max Ahorro Pesos - Clase E Ley N° 27.743,2.3
Max Dinamico I - Clase A,0
Max Dinamico I - Clase B,0
Max Dinamico I - Clase C,0
Max Dinamico I - Clase D,1.4
Max Dinamico II - Clase A,2.08
Max Dinamico II - Clase B,1.68
Max Dinamico II - Clase C,0
Max Dinamico II - Clase D,0
Max Dinamico II - Clase E Ley N° 27.743,2.08
Max Dinamico III - Clase A,0
Max Dinamico III - Clase B,0.6
Max Dinamico III - Clase C,0
Max Dinamico III - Clase D,0
Max Dinamico IV - Clase A,0
Max Dinamico IV - Clase B,0
Max Dinamico IV - Clase C,0
Max Dinamico IV - Clase D,1
Max Dinamico V - Clase A,0
Max Dinamico V - Clase B,0
Max Dinamico V - Clase C,0
Max Dinamico V - Clase D,2.379
Max Estrategico V - Clase A,2.25
Max Estrategico V - Clase B,0
Max Estrategico V - Clase C,0
Max Estrategico V - Clase D,2.25
Max Multigestión I - Clase A,0
Max Multigestión I - Clase B,0
Max Multigestión I - Clase C,0
Max Multigestión I - Clase D,0.55
Max Multigestión II - Clase A,0
Max Multigestión II - Clase B,0
Max Multigestión II - Clase C,0
Max Multigestión II - Clase D,0
MEGAQM Ahorro - Clase A,2.7
MEGAQM Ahorro - Clase B,2.18
MEGAQM Estrategia 2 - Clase B,0.8
MEGAQM Estrategia 4 - Clase A,0
MEGAQM Estrategia 4 - Clase B,1.4
MEGAQM Estrategia 6 - Clase A,0
MEGAQM Estrategia 6 - Clase B,0
MEGAQM Performance II - Clase A,2.5
MEGAQM Performance II - Clase B,2.28
MEGAQM Performance II - Clase C,1.5
Mills M1000 Balanceado Pesos - Clase XDA,1.25
Mills M1000 Balanceado Pesos - Clase XDB1,3
Mills Renta Fija Pesos - Clase XDA,2
Mills Renta Fija Pesos - Clase XDB1,1.75
Mills Renta Fija Pesos - Clase XDB2,1.6
MP Ahorro - Clase A,1.72
MP Ahorro - Clase B,0.07
MP Ahorro - Clase C,1.02
Novus Liquidez Plus - Clase A,3
Novus Liquidez Plus - Clase B,2.2
Novus Liquidez Plus - Clase C,2.2
Novus Liquidez Plus - Clase D,2.2
Novus Liquidez Plus - Clase E,3
Novus Liquidez Plus - Clase F,2.2
Novus Liquidez Plus - Clase G,3
Novus Liquidez Plus - Clase H,2.2
Novus Liquidez Plus - Clase I Ley N° 27.743,3
Optimum Global Opportunity - Clase A,0
Optimum Global Opportunity - Clase B,0.5
Optimum Multi Asset Fund - Clase A,2.89
Optimum Multi Asset Fund - Clase B,2.4
Optimum Multi Asset Fund - Clase C,1
Optimum Renta Fija Argentina,1.45
Optimum Renta Fija Argentina - Clase B,2.115
Optimum Total Return - Clase A,1
Optimum Total Return - Clase B,0.5
Parakeet Dinámico - Clase A,1
Parakeet Dinámico - Clase B,1
Parakeet Dinámico - Clase X Ley N° 27.743,0
Parakeet Multimercado - Clase A,3
Parakeet Multimercado - Clase B,2.5
Parakeet Multimercado - Clase X Ley N° 27.743,3
Parakeet Premium - Clase A,1.5
Parakeet Premium - Clase B,1.5
Parakeet Premium - Clase X Ley N° 27.743,1.5
Parakeet Renta Pesos - Clase A,2.5
Parakeet Renta Pesos - Clase B,2
Parakeet Renta Pesos - Clase X Ley N° 27.743,2.5
Pellegrini Renta Fija - Clase A,2.5
Pellegrini Renta Fija - Clase B,1.9
Pellegrini Renta Fija III - Clase A,2.5
Pellegrini Renta Fija III - Clase B,2.25
Pellegrini Renta Fija Publica - Clase A,2
Pellegrini Renta Fija Publica - Clase R Ley N° 27.743,2
Pionero FF - Clase A,2.25
Pionero FF - Clase B,1.8
Pionero Renta Ahorro - Clase A,2.475
Pionero Renta Ahorro - Clase B,1.845
Pionero Renta Ahorro - Clase C,1.845
Pionero Renta Ahorro Plus - Clase A,2.475
Pionero Renta Ahorro Plus - Clase B,2.25
Pionero Renta Ahorro Plus - Clase C,1.575
Pionero Renta Balanceado - Clase A,2.655
Pionero Renta Balanceado - Clase B,2.16
Pionero Renta Balanceado - Clase C,0
Premier Renta Fija Ahorro - Clase A,2.3
Premier Renta Fija Ahorro - Clase B,2.668
Premier Renta Fija Ahorro - Clase C,1.794
Premier Renta Fija Ahorro - Clase Ley Nº 27.743,2.668
Quiron Savings - Clase A,2
Quiron Savings - Clase B,2
SBS Gestion Renta Fija - Clase A,2.5
SBS Gestion Renta Fija - Clase B,2
SBS Gestion Renta Fija - Clase Ley N° 27.743,2.5
SBS Pesos Plus - Clase A,2.5
SBS Pesos Plus - Clase B,1.5
SBS Pesos Plus - Clase Ley N° 27.743,2.5
SBS Tavelli Mix - Clase P,1.82
Schroder Argentina - Clase A,3
Schroder Argentina - Clase B,2.5
Schroder Argentina - Clase C,2.75
Schroder Argentina - Clase D,1.4
Schroder Argentina - Clase F Ley N° 27.743,3
Schroder Capital Renta Fija - Clase A,0.52
Schroder Capital Renta Fija - Clase B,0.52
Schroder Capital Renta Fija - Clase C,0.52
Schroder Corto Plazo - Clase A,3
Schroder Corto Plazo - Clase B,0.47
Schroder Corto Plazo - Clase C,0.52
Schroder Renta Plus - Clase A,3
Schroder Renta Plus - Clase B,2.25
Schroder Renta Plus - Clase C,2
Schroder Renta Plus - Clase D,0.5
Schroder Renta Plus - Clase E Ley N° 27.743,3
Supergestion Mix VI - Clase A,0.7319
Supergestion Mix VI - Clase B,1.0679
Supergestion Mix VI - Clase H,1.4324
Supergestion Mix VI - Clase I,1.0574
Supergestion Mix VI - Clase J Ley N° 27.743,0.7319
Tandem Pesos Ahorro Plus - Clase A,2.5
Tandem Pesos Ahorro Plus - Clase B,2.5
Tandem Pesos Ahorro Plus - Clase C,2.5
Tandem Pesos Ahorro Plus - Clase D,2.5
Toronto Trust Global Capital - Clase A,2.858
Toronto Trust Global Capital - Clase B,2.258
Toronto Trust Global Capital - Clase C,2.558
Toronto Trust Global Capital - Clase Ley N° 27.743,2.858
Toronto Trust Renta Fija - Clase A,2.808
Toronto Trust Renta Fija - Clase B,2.208
Toronto Trust Renta Fija - Clase C,2.508
Toronto Trust Renta Fija - Clase Ley N° 27.743,2.808
Ualintec Pesos Plus - Clase A,2.5
Ualintec Pesos Plus - Clase B,1.65
Ualintec Pesos Plus - Clase C,1.1
Ualintec Renta Fija Pesos - Clase A,2.5
Ualintec Renta Fija Pesos - Clase B,1.65
Ualintec Renta Fija Pesos - Clase C,1.1
Wise Capital Hedge - Clase A,5
Wise Capital Hedge - Clase B,5
Wise Capital Hedge - Clase C,5
Wise Capital Hedge - Clase D,0
Wise Capital Hedge - Clase J Ley N° 27.743,5
Zofingen Pesos 24 - Clase A,2.75
Zofingen Pesos 24 - Clase B,3.6
Zofingen Pesos 24 - Clase C,2.75
Argenfunds Financiamiento Pesos - Clase B,1
Argenfunds Financiamiento Pesos II - Clase A,0.17
Argenfunds Financiamiento Pesos II - Clase B,0.17
Argenfunds Gestión Pesos - Clase A,0
Argenfunds Gestión Pesos - Clase B,1.97
Argenfunds Inversión Pesos - Clase A,0.9248
Argenfunds Inversión Pesos - Clase B,0.9248
Argenfunds Renta Fija II - Clase A,0
Argenfunds Renta Fija II - Clase B,0.55
Balanz Capital Renta Fija - Clase A,2.78
Balanz Capital Renta Fija - Clase B,2.25
Balanz Capital Renta Fija - Clase C,2
Balanz Capital Renta Fija - Clase D,1.9
Balanz Capital Renta Fija - Clase E,2.78
Balanz Capital Renta Fija - Clase F,2.03
Balanz Capital Renta Fija - Clase G,2.78
Balanz Capital Renta Fija - Clase L Ley Nº 27.743,2.78
BAVSA Global III - Clase A,1.2
BAVSA Global III - Clase B,2
BAVSA Global III - Clase C,3
BAVSA Renta Balanceado V - Clase A,2
BAVSA Renta Balanceado V - Clase B,2
BAVSA Renta Balanceado V - Clase C,0.5
BAVSA Renta Balanceado V - Clase D,0.5
BAVSA Renta Balanceado V - Clase E - Ley N° 27.743,0.5
BAVSA Renta Balanceado VI - Clase A,1.9
BAVSA Renta Balanceado VI - Clase B,1.9
BAVSA Renta Balanceado VI - Clase C,1.9
BAVSA Renta Balanceado VI - Clase D,1.9
BAVSA Renta Balanceado VII - Clase A,2
BAVSA Renta Balanceado VII - Clase B,2
BAVSA Renta Balanceado VII - Clase C,2
BAVSA Renta Balanceado VII - Clase D,2
BAVSA Renta Balanceado VIII - Clase A,0.7
BAVSA Renta Balanceado VIII - Clase B,1.9
BAVSA Renta Balanceado VIII - Clase C,0
BAVSA Renta Balanceado VIII - Clase D,0
CMA Estrategia Pesos - Clase A,2.5
CMA Estrategia Pesos - Clase B,1.95
Consultatio Renta y Capital - Clase A,3
Consultatio Renta y Capital - Clase B,1.5
Consultatio Renta y Capital - Clase C,1.5
Delta Federal I - Clase A,3
Delta Federal I - Clase B,2
Delta Federal I - Clase C,0
Delta Gestion III - Clase B,1.1
Delta Gestion IX - Clase A,2.3
Delta Gestion IX - Clase B,2.25
Delta Gestion IX - Clase E,1.8
Delta Gestion VI - Clase A,2.5
Delta Gestion VI - Clase B,2.5
Delta Gestion VI - Clase E,2.5
Delta Gestion VI - Clase K Ley Nº 27.743,2.5
Delta Gestion VI - Clase L Ley Nº 27.743,1.8
Delta Gestion XI - Clase E,0.8
Delta Moneda - Clase A,3
Delta Moneda - Clase B,2.25
Delta Moneda - Clase D,1.5
Delta Renta - Clase A,3.25
Delta Renta - Clase B,2.75
Delta Renta - Clase E,0.85
Delta Renta - Clase K Ley Nº 27.743,3.25
Delta Renta - Clase L Ley Nº 27.743,2.75
Delta Retorno Real - Clase A,2.8
Delta Retorno Real - Clase B,2.3
Delta Retorno Real - Clase E,0.85
FBA Renta Fija Pesos Plus I - Clase A,2.779
FBA Renta Fija Pesos Plus I - Clase B,2.179
Gainvest Crecimiento II - Clase A,5
Gainvest Crecimiento II - Clase B,5
Gainvest Crecimiento III - Clase A,0.9
Gainvest Crecimiento III - Clase B,0.9
Lombard Ahorro Plus - Clase A,0.32
Lombard Ahorro Plus - Clase B,0
Mills Renta Fija Crecimiento Pesos - Clase XDA,2.5
Mills Renta Fija Crecimiento Pesos - Clase XDB1,2.25
Novus Income - Clase A,3
Novus Income - Clase B,3
Novus Income - Clase C,3
Novus Income - Clase D,1
Novus Income - Clase E,1
Novus Income - Clase F,3
Novus Income - Clase G,3
Novus Income - Clase H,3
Novus Low Volatility - Clase A,0.8
Novus Low Volatility - Clase B,0.8
Novus Low Volatility - Clase C,0.8
Novus Renta Fija - Clase A,2.5
Novus Renta Fija - Clase B,1.5
Novus Renta Fija - Clase C,2.5
Novus Renta Fija - Clase D,1.5
Novus Renta Fija - Clase E,2.5
Novus Renta Fija - Clase F,1.5
Novus Renta Fija - Clase G,2.5
Novus Renta Fija - Clase H,1.5
Novus Retorno Total - Clase A,4
Novus Retorno Total - Clase B,3.8
Novus Retorno Total - Clase C,3.5
Optimum Dynamic Balanced Fund - Clase A,3.09
Optimum Dynamic Balanced Fund - Clase B,0.49
Optimum FAE (Fondo de Aplicaciones Especiales),3.4
Pellegrini Crecimiento - Clase A,2.375
Pellegrini Crecimiento - Clase B,1.9
Pellegrini Crecimiento - Clase R Ley N° 27.743,2.375
Quiron Fixed Income - Clase A,3
Quiron Fixed Income - Clase B,3
Quiron Fixed Income - Clase Ley Nº 27.743,3
Schroder Patrimonio - Clase A,3
Schroder Patrimonio - Clase B,2
Schroder Patrimonio - Clase C,0.65
Schroder Renta Performance - Clase A,2.5
Schroder Renta Performance - Clase B,1.85
Schroder Renta Performance - Clase C,0
Schroder Renta Performance - Clase D,0
Schroder Renta Performance - Clase E,0
Schroder Renta Performance - Clase F Ley N° 27.743,2.5
Toronto Trust - Clase A,2.958
Toronto Trust - Clase B,2.358
Toronto Trust - Clase C,2.658
Toronto Trust - Clase Ley N° 27.743,2.958
Toronto Trust Special Opportunities,0.8
Toronto Trust Special Opportunities - Clase A,0.8
Toronto Trust Special Opportunities - Clase B,1.25
Toronto Trust Special Opportunities - Clase C,1.25
Valiant Renta Fija Balanceado III - Clase A,2.5
Valiant Renta Fija Balanceado III - Clase B,2.5
Valiant Renta Fija Balanceado IV - Clase A,2.5
Valiant Renta Fija Balanceado IV - Clase B,2.5
Valiant Renta Fija Balanceado V - Clase A,2
Valiant Renta Fija Balanceado V - Clase B,2.5
Valiant Renta Fija Balanceado VI - Clase A,1.5
Valiant Renta Fija Balanceado VI - Clase B,2
Allaria Renta Fija - Clase A,2.5
Allaria Renta Fija - Clase B,2.25
Allaria Renta Fija - Clase C,2.02
Allaria Renta Mixta II - Clase A,2.5
Allaria Renta Mixta II - Clase B,2.25
Allaria Renta Mixta II - Clase C,2.02
Alpha Planeamiento Conservador - Clase A,2.2096
Alpha Planeamiento Conservador - Clase B,2.8394
Alpha Planeamiento Conservador - Clase C,8.951
Alpha Planeamiento Conservador - Clase D,2.276
Alpha Planeamiento Conservador - Clase I,8.951
Alpha Planeamiento Conservador - Clase J,2.2096
Alpha Planeamiento Conservador - Clase K,2.8394
Alpha Renta Cobertura - Clase A,2.0028
Alpha Renta Cobertura - Clase B,2.8615
Alpha Renta Cobertura - Clase C,1.98
Alpha Renta Cobertura - Clase D,2.43
Alpha Renta Cobertura - Clase I,1.98
Alpha Renta Cobertura - Clase J,2.0028
Alpha Renta Cobertura - Clase K,2.8615
Alpha Renta Crecimiento - Clase A,0.36
Alpha Renta Crecimiento - Clase B,2.49
Alpha Renta Crecimiento - Clase C,0.31
Alpha Renta Crecimiento - Clase D,2.49
Alpha Renta Crecimiento - Clase I,0.31
Alpha Renta Fija Serie 4 - Clase A,2.1836
Alpha Renta Fija Serie 4 - Clase B,2.8506
Alpha Renta Fija Serie 4 - Clase Q Ley N° 27.743,2.866
Alpha Renta Fija Serie 6 - Clase A,2.1638
Alpha Renta Fija Serie 6 - Clase B,8.956
Alpha Renta Fija Serie 7 - Clase A,2.1638
Alpha Renta Fija Serie 7 - Clase B,8.949
Balanz Capital Estrategia I USD - Clase E,0.5
Balanz Credito Privado - Clase A,2
Balanz Credito Privado - Clase B,1.8
Balanz Credito Privado - Clase C,1.6
Balanz Credito Privado - Clase D,0.8
Balanz Excalibur Regisseur - Clase A,2.78
Balanz Excalibur Regisseur - Clase B,2.25
Balanz Excalibur Regisseur - Clase C,3
Balanz Excalibur Regisseur - Clase D,3
Balanz Excalibur Regisseur - Clase E,2.53
Balanz Excalibur Regisseur - Clase F,3.03
Balanz Excalibur Regisseur - Clase G,3.03
Balanz Performance IV - Clase A,0
Balanz Performance IV - Clase B,0
Balanz Performance IV - Clase C,0
Balanz Performance IV - Clase D,0.42
Balanz Performance XII - Clase A,3.5
Balanz Performance XII - Clase B,3
Balanz Performance XII - Clase C,2.1
Balanz Performance XII - Clase D,1.9
Balanz Performance XIII - Clase A,3.5
Balanz Performance XIII - Clase B,3
Balanz Performance XIII - Clase C,2.1
Balanz Performance XIII - Clase D,1.9
Bull Market Renta Fija - Clase A,1
Bull Market Renta Fija - Clase B,1
Champaquí Cobertura - Clase A,2.64
Champaquí Cobertura - Clase B,1.91
Champaquí Cobertura - Clase C,2.64
Champaquí Cobertura - Clase D,1.91
Compass Renta Fija III - Clase A,3.25
Compass Renta Fija III - Clase B,2.15
Compass Renta Fija III - Clase C,1.8
Compass Renta Fija III - Clase H Ley 27.743,3
Compass Renta Fija III - Clase I Ley 27.743,2.05
Consultatio Deuda Argentina - Clase A,3
Consultatio Deuda Argentina - Clase B,2.25
Consultatio Deuda Argentina - Clase C,2
Consultatio Deuda Argentina - Clase Z Ley N° 27.743,2.25
Delta Gestion XII - Clase B,0
FBA Horizonte Plus - Clase A,0.679
FBA Horizonte Plus - Clase B,0.479
Galileo Ahorro Plus - Clase A,2.5
Galileo Ahorro Plus - Clase B,2
IEB Renta Fija - Clase A,2.5
IEB Renta Fija - Clase B,2
IEB Renta Fija - Clase C,0
IEB Renta Fija - Clase Ley N° 27.743,0
Lombard Renta Fija,2.24
MAF Renta - Clase A,2.5
MAF Renta - Clase B,2.3
MAF Renta - Clase RAP Ley N° 27.743,0
Megainver Renta Global - Clase A,2.56
Megainver Renta Global - Clase B,2.22
Megainver Renta Global - Clase C,0
Megainver Renta Global - Clase D,0.5684
MEGAQM Estrategia 7,2.622
Numancia Pesos II - Clase A,0.63
Numancia Pesos II - Clase B,0.63
Numancia Pesos II - Clase C,0.63
Numancia Pesos III - Clase A,0.63
Numancia Pesos III - Clase B,0.63
Numancia Pesos III - Clase C - Ley N° 27.743,0.63
Numancia Pesos III - Clase D - Ley N° 27.743,0
Numancia Pesos IV - Clase A,0.6
Numancia Pesos IV - Clase B,0.6
Numancia Pesos IV - Clase C - Ley N° 27.743,0
Numancia Pesos IV - Clase D - Ley N° 27.743,0
Pionero Capital - Clase A,2.655
Pionero Capital - Clase B,2.16
Pionero Capital - Clase C Ley N° 27.743,2.4075
Pionero Crecimiento - Clase A,1.125
Pionero Crecimiento - Clase B,0.56
Pionero Crecimiento - Clase C,0
Pionero Gestion - Clase A,0.81
Pionero Gestion - Clase B,0.81
Pionero Gestion - Clase C,0.81
Pionero Moneda - Clase A,0
Pionero Moneda - Clase B,0.558
Pionero Moneda - Clase C,0
Pionero Retorno - Clase A,0.6525
Pionero Retorno - Clase B,0.72
Pionero Retorno - Clase C,0
Premier Renta Fija Crecimiento - Clase A,2.3
Premier Renta Fija Crecimiento - Clase B,2.76
Premier Renta Fija Crecimiento - Clase C,0.644
ST Renta Fija - Clase A,2.5
ST Renta Fija - Clase B,2.6
ST Renta Fija - Clase C,0.6
ST Renta Fija - Clase D,1.9
Superfondo Renta Fija - Clase A,0.7319
Superfondo Renta Fija - Clase B,1.1179
Superfondo Renta Fija - Clase F,0.521
Superfondo Renta Fija - Clase H,1.4324
Superfondo Renta Fija - Clase I,1.1074
Superfondo Renta Fija - Clase J  Ley N° 27.743,0.7319
Superfondo Renta Fija - Clase K Ley N° 27.743,1.4324
Zofingen Dollar Linked - Clase A,2.03
Zofingen Dollar Linked - Clase B,2.05
Zofingen Dollar Linked - Clase C,2.03
1810 Ahorros Activos,0.05
1810 Renta Fija Argentina,0.05
1822 Raices Gestion,0.6
1822 Raices Inversion,1.4
1822 Raices Renta en Pesos,1.7
Adcap ASB Multiactivo - Clase A,3.02
Adcap ASB Multiactivo - Clase B,2.52
Adcap ASB Multiactivo - Clase C,2.52
Adcap ASB Multiactivo - Clase Ley Nº 27.743,3.02
Adcap Balance Multiactivo  - Clase A,2.52
Adcap Balance Multiactivo - Clase B,2.02
Adcap Balance Multiactivo - Clase Ley Nº 27.743,2.52
Adcap Balanceado IX - Clase A,1.22
Adcap Balanceado IX - Clase B,1.22
Adcap Balanceado IX - Clase C,0
Adcap Balanceado IX - Clase Ley Nº 27.743,0
Adcap Balanceado VII - Clase A,2
Adcap Balanceado VII - Clase B,2.02
Adcap Balanceado VII - Clase C,0
Adcap Balanceado X - Clase A,2.02
Adcap Balanceado X - Clase B,2.02
Adcap Balanceado X - Clase C,2
Adcap Balanceado X - Clase Ley Nº 27.743,2
Adcap Balanceado XIII - Clase A,0
Adcap Balanceado XIII - Clase B,2.52
Adcap Balanceado XIII - Clase C,0
Adcap Balanceado XVI - Clase A,2.92
Adcap Balanceado XVI - Clase B,2.02
Adcap Balanceado XVI - Clase C,1.67
Adcap Balanceado XVI - Clase Ley Nº 27.743,2.92
Adcap Balanceado XVII - Clase A,1.02
Adcap Balanceado XVII - Clase B,1.02
Adcap Balanceado XVII - Clase C,0
Adcap Balanceado XVII - Clase Ley Nº 27.743,0
Adcap Balanceado XX - Clase B,1.02
Adcap Balanceado XX - Clase Ley Nº 27.743,0
Adcap Cima Ahorro - Clase A,2.77
Adcap Cima Renta Fija Argentina Plus - Clase A,1.6
Adcap Cima Renta Fija Argentina Plus - Clase B,2.3
Adcap Cima Renta Fija Argentina Plus - Clase C,1.62
Adcap Cima Renta Fija Nacional - Clase A,2.27
Adcap Cima Renta Fija Nacional - Clase B,1.52
Adcap Cima Renta Fija Nacional - Clase C,2.02
Adcap Cima Renta Fija Nacional - Clase D,2
Adcap Gestión Estratégica II - Clase B,1.52
Adcap Gestión Estratégica III - Clase A,0
Adcap Gestión Estratégica III - Clase B,0
Adcap Gestión Estratégica III - Clase C,0
Adcap Patrimonio IV - Clase A,1.02
Adcap Patrimonio IV - Clase B,1.02
Adcap Patrimonio IV - Clase Ley Nº 27.743,2
Adcap Renta Fija - Clase A,2.77
Adcap Renta Fija - Clase B,2.22
Adcap Renta Fija - Clase C,1.92
Adcap Renta Fija - Clase Ley Nº 27.743,2.77
Allaria Agro - Clase A,2.5
Allaria Agro - Clase B,2.25
Allaria Agro - Clase C,2.02
Allaria Capital - Clase A,0
Allaria Capital - Clase B,2.52
Allaria Capital - Clase C,2.52
Allaria Capital - Clase D,0
Allaria Dinámico - Clase A,3
Allaria Dinámico - Clase B,3
Allaria Dinámico - Clase C,3
Allaria Dinámico - Clase D,3
Allaria Dinámico - Clase Ley N° 27.743,2
Allaria Estructurado - Clase A,0.5
Allaria Estructurado - Clase B,0.5
Allaria Estructurado - Clase C,0.5
Allaria Estructurado - Clase D,0
Allaria Estructurado - Clase Ley N° 27.743,0.5
Allaria Patrimonio II - Clase A,0
Allaria Patrimonio II - Clase B,0.25
Allaria Patrimonio II - Clase C,0.25
Allaria Patrimonio II - Clase D,0
Allaria Patrimonio V - Clase A,0.5
Allaria Patrimonio V - Clase B,0.5
Allaria Patrimonio V - Clase C,0.5
Allaria Patrimonio V - Clase Ley N° 27.743,0.5
Allaria Principal - Clase A,0
Allaria Principal - Clase B,0.9
Allaria Principal - Clase C,0.6346
Allaria Principal - Clase D,0.65
Allaria Unicred Cobertura - Clase A,2.25
Allaria Unicred Cobertura - Clase B,2.25
Allaria Unicred Cobertura - Clase C,2.25
Allaria Unicred Cobertura - Clase D,0
Allaria Unicred Cobertura - Clase Ley N° 27.743,2.25
Allaria Unicred Empresas - Clase A,2.25
Allaria Unicred Empresas - Clase B,2.25
Allaria Unicred Empresas - Clase C,2.25
Allaria Unicred Empresas - Clase D,0
Allaria Unicred Empresas - Clase Ley N° 27.743,2.25
Alpha Renta Capital - Clase A,1.9936
Alpha Renta Capital - Clase B,2.8462
Alpha Renta Capital - Clase C,1.835
Alpha Renta Capital - Clase D,3.185
Alpha Renta Capital - Clase I,1.835
Alpha Renta Capital Pesos - Clase A,2.188
Alpha Renta Capital Pesos - Clase B,2.8496
Alpha Renta Capital Pesos - Clase J,2.188
Alpha Renta Capital Pesos - Clase K,2.8496
Alpha Renta Capital Pesos - Clase Q Ley N° 27.743,3.415
Alpha Renta Fija Serie 1 - Clase A,8.935
Alpha Renta Fija Serie 1 - Clase B,8.935
Alpha Renta Plus - Clase A,2.1638
Alpha Renta Plus - Clase B,2.8363
Alpha Renta Plus - Clase I,0.67
Alycbur Renta Cobertura  - Clase A,5.02
Alycbur Renta Cobertura  - Clase B,4.92
Alycbur Renta Cobertura - Clase Ley Nº 27.743,0
Argenfunds Renta Argentina - Clase A,0.4491
Argenfunds Renta Argentina - Clase B,0.4491
Argenfunds Renta Balanceada - Clase A,3
Argenfunds Renta Balanceada - Clase B,3
Argenfunds Renta Crecimiento - Clase E,0.25
Argenfunds Renta Crecimiento - Clase F,0.25
Argenfunds Renta Dinamica - Clase A,0.9248
Argenfunds Renta Dinamica - Clase B,0.9248
Argenfunds Renta Fija - Clase A,3.5
Argenfunds Renta Fija - Clase B,2.5
Argenfunds Renta Global - Clase A,3
Argenfunds Renta Global - Clase B,3
Argenfunds Renta Mixta - Clase A,1.9
Argenfunds Renta Mixta - Clase B,1.9
Argenfunds Renta Pesos - Clase A,0.5491
Argenfunds Renta Pesos - Clase B,0.5491
Argenfunds Renta Total - Clase A,3
Argenfunds Renta Total - Clase B,2
Balanz Institucional - Clase A,2.6
Balanz Institucional - Clase B,2.2
Balanz Institucional - Clase C,1.8
Balanz Institucional - Clase D,1.75
Balanz Institucional - Clase E,1.88
Balanz Institucional - Clase F,1.23
Balanz Institucional - Clase G,1.88
Balanz Institucional - Clase L Ley Nº 27.743,2.6
Balanz Lecaps - Clase A,2.45
Balanz Lecaps - Clase B,2
Balanz Lecaps - Clase C,1.65
Balanz Lecaps - Clase D,1.6
Balanz Lecaps - Clase E,5
Balanz Lecaps - Clase F,5
Balanz Lecaps - Clase L Ley Nº 27.743,2.45
Balanz Long Pesos - Clase A,1.9
Balanz Long Pesos - Clase B,1.75
Balanz Long Pesos - Clase C,1.5
Balanz Long Pesos - Clase D,0.9
Balanz Long Pesos - Clase E,1.35
Balanz Long Pesos - Clase F,1.35
Balanz Long Pesos - Clase L Ley N° 27.743,1.1
Balanz Performance I - Clase A,5
Balanz Performance I - Clase B,5
Balanz Performance I - Clase C,5
Balanz Performance I - Clase D,2.75
Balanz Performance I - Clase E,5
Balanz Performance I - Clase F,5
Balanz Performance III - Clase A,2.25
Balanz Performance III - Clase B,2.15
Balanz Performance III - Clase C,2.05
Balanz Performance III - Clase D,2
Balanz Performance III - Clase L Ley Nº 27.743,2.25
BM Active Renta Fija Argentina - Clase A,2
BM Active Renta Fija Argentina - Clase B,1.5
BM Active Renta Fija Argentina - Clase C Ley N° 27.743,2
Bull Market Ahorro Balanceado II - Clase A,4
Bull Market Ahorro Balanceado II - Clase B,4
Bull Market Ahorro Pesos - Clase A,2.5
Bull Market Ahorro Pesos - Clase B,2.5
Bull Market Estrategia - Clase A,2.5
Bull Market Estrategia - Clase B,3.5
Bull Market Renta Fija Plus - Clase A,2.5
Bull Market Renta Fija Plus - Clase B,2.5
Chaco Renta Fija I - Clase A,2
Chaco Renta Fija I - Clase B,2
Champaquí Estratégico - Clase A,2.64
Champaquí Estratégico - Clase B,2.05
Champaquí Renta Futura - Clase B,2.4
Champaquí Renta Futura - Clase D,1.75
CMA Performance - Clase A,2.5
CMA Performance - Clase B,1.95
CMA Performance - Clase Ley N° 27.743,2.5
Compass Opportunity - Clase A,3.6
Compass Opportunity - Clase B,2.15
Compass Opportunity - Clase C,1.85
Compass Renta Fija IV - Clase A,3.25
Compass Renta Fija IV - Clase B,2.2
Compass Renta Fija IV - Clase C,1.85
Compass Renta Fija IV - Clase I Ley 27.743,2.2
Compass Renta Mixta IV - Clase A,1.5
Compass Renta Mixta IV - Clase B,1.5
Compass Renta Mixta IV - Clase C,1.5
Compass Renta Mixta IV - Clase H Ley N° 27.743,1.5
Compass Renta Mixta IV - Clase I Ley N° 27.743,1.5
Consultatio Gestion IX - Clase A,2.5
Consultatio Gestion IX - Clase B,1.8
Consultatio Gestion IX - Clase C,2.5
Consultatio Gestión XII Pesos - Clase A,1.8
Consultatio Gestión XII Pesos - Clase B,1.8
Consultatio Gestión XII Pesos - Clase C,1.8
Consultatio Global - Clase A,5
Consultatio Global - Clase B,4
Consultatio Global - Clase C,0.6
Consultatio Global - Clase D,1.3
Consultatio Multiestrategia - Clase A,3.5
Consultatio Multiestrategia - Clase B,2
Consultatio Multiestrategia - Clase C,1.5
Consultatio Multimercado I - Clase A,0.6
Consultatio Multimercado I - Clase B,0.6
Consultatio Multimercado I - Clase C,0.6
Consultatio Multimercado II - Clase A,0
Consultatio Multimercado II - Clase B,0
Consultatio Multimercado II - Clase C,0
Consultatio Renta Dolares - Clase A,2.25
Consultatio Renta Dolares - Clase B,0.85
Consultatio Renta Dolares - Clase C,0.85
Consultatio Renta Plus,0.54
Crecer Renta Plus - Clase A,3.44
Crecer Renta Plus - Clase B,2.35
CYC Pesos Renta Fija - Clase E Ley N° 27.743,1
CYC Pesos Renta Fija - Clase U,1
CYC Renta Fija en Dolares - Clase A,1
CYC Renta Fija en Dolares - Clase B,1
Dracma Renta Ahorro - Clase A,2.02
Dracma Renta Ahorro - Clase B,2.02
Dracma Renta Ahorro - Clase C,2.02
Dracma Renta Ahorro - Clase D,2.02
FBA Horizonte,1.4
FBA Horizonte - Clase J Ley N° 27.743,1.4
FBA Horizonte - Clase K Ley N° 27.743,1.4
Fima Renta Plus - Clase A,2.5075
Fima Renta Plus - Clase B,2.125
Fima Renta Plus - Clase C,1.87
Fima Renta Plus - Clase E,1.7
First Ahorro Pesos - Clase A,2.5
First Ahorro Pesos - Clase B,2
First Ahorro Pesos - Clase C,1.5
First Ahorro Pesos - Clase D,1
First Crecimiento - Clase A,2
First Crecimiento - Clase B,1.5
First Crecimiento - Clase C,1
First Crecimiento - Clase D,0.65
First Renta Mixta I - Clase A,2
First Renta Mixta I - Clase B,1.5
First Renta Mixta I - Clase C,1.25
First Renta Mixta I - Clase D,1
First Renta Mixta III - Clase A,2
First Renta Mixta III - Clase B,0.6655
First Renta Mixta III - Clase C,0.6655
First Renta Mixta III - Clase D,0.6655
First Renta Mixta IV - Clase A,2
First Renta Mixta IV - Clase B,1.35
First Renta Mixta IV - Clase C,2
First Renta Mixta IV - Clase D,1.35
First Renta Mixta V - Clase A,1.452
First Renta Mixta V - Clase B,1.21
First Renta Mixta V - Clase C,1.452
First Renta Mixta V - Clase D,1.21
First Renta Mixta VI - Clase A,1.8
First Renta Mixta VI - Clase B,0.9
First Renta Mixta VI - Clase C,1.8
First Renta Mixta VI - Clase D,0.9
First Renta Mixta VII - Clase A,2.5
First Renta Mixta VII - Clase B,1
First Renta Mixta VII - Clase C,2.5
First Renta Mixta VII - Clase D,1
First Renta Mixta VIII - Clase A,0.9
First Renta Mixta VIII - Clase B,0.6
First Renta Mixta VIII - Clase C,0.9
First Renta Mixta VIII - Clase D,0.6
Fundcorp Long Performance - Clase A,2.75
Fundcorp Long Performance - Clase B,2.5
Fundcorp Long Performance - Clase C,0.9
Fundcorp Performance Balanceado - Clase A,2.9
Fundcorp Performance Balanceado - Clase B,2.65
Fundcorp Performance Balanceado - Clase C,1.9
Gainvest Balanceado - Clase A,2.5
Gainvest Balanceado - Clase B,2.5
Gainvest Balanceado - Clase C,2.5
Gainvest Balanceado - Clase Ley N° 27.743,2.5
Gainvest Balanceado IV - Clase A,0
Gainvest Balanceado IV - Clase B,0
Gainvest Balanceado IV - Clase C,0
Gainvest Balanceado VIII - Clase A,0.65
Gainvest Balanceado VIII - Clase B,0.65
Gainvest Balanceado VIII - Clase C,0.65
Gainvest Capital - Clase A,2
Gainvest Capital - Clase B,2
Gainvest Capital II - Clase A,0
Gainvest Capital II - Clase B,0.4
Gainvest Estrategia II - Clase A,0
Gainvest Estrategia II - Clase B,0
Gainvest Estrategia III - Clase A,0.65
Gainvest Estrategia III - Clase B,0.65
Gainvest Regional - Clase A,0
Gainvest Regional - Clase B,0
Gainvest Regional - Clase C,0
Gainvest Renta Fija Dolares - Clase E,2
Gainvest Renta Fija Dolares - Clase F,2
Gainvest Renta Fija Plus - Clase A,1.5
Gainvest Renta Fija Plus - Clase B,1.5
Gainvest Renta Fija Plus - Clase C,1.5
Gainvest Renta Fija Proteccion Plus - Clase A,2.5
Gainvest Renta Fija Proteccion Plus - Clase B,2.5
Gainvest Renta Fija Proteccion Plus - Clase C,2.5
Gainvest Renta Fija Proteccion Plus - Clase D,2.5
Gainvest Renta Fija Proteccion Plus - Clase E,2.5
Gainvest Renta Fija Proteccion Plus - Clase F,2.5
Gainvest Renta Fija Proteccion Plus - Clase Ley N° 27.743,2.5
Galileo Blend - Clase A,2
Galileo Blend - Clase B,1.5
Galileo Estrategia - Clase A,2.5
Galileo Estrategia - Clase B,2
Galileo Premium - Clase A,1.5
Galileo Premium - Clase B,1.25
Galileo Renta - Clase A,1.5
Galileo Renta - Clase B,0.65
GSS Cobertura - Clase A,0.775
GSS Cobertura - Clase B,1.25
GSS Renta Fija Argentina - Clase A,0.93
GSS Renta Fija Argentina - Clase B,1.5
IAM Estrategia - Clase E,0.62
IAM Renta Balanceada - Clase A,3.05
IAM Renta Balanceada - Clase B,2.61
IAM Renta Balanceada - Clase C,1.85
IAM Renta Balanceada - Clase D,0
IAM Renta Crecimiento - Clase A,2.48
IAM Renta Crecimiento - Clase B,2.07
IAM Renta Crecimiento - Clase C,2.07
IAM Renta Crecimiento - Clase D,1.92
Intervalores Ahorro - Clase A,2.5
Intervalores Ahorro - Clase B,2.25
Intervalores Ahorro - Clase C,2
Intervalores Ahorro - Clase D,1.2
Intervalores Ahorro - Clase Ley N° 27.743,2.5
IOL Portafolio Potenciado - Clase A,3.02
IOL Portafolio Potenciado - Clase B,3.02
IOL Portafolio Potenciado - Clase C,3
IOL Portafolio Potenciado - Clase Ley N° 27.743,3.02
Lombard Abierto Plus,2.24
MAF Ahorro,1.99
MAF Renta Argentina - Clase U,2.4
MAF Renta Argentina 2 - Clase A,0.81
MAF Renta Argentina 2 - Clase B,0.81
MAF Renta Fija Cobertura - Clase A,2.5
MAF Renta Fija Cobertura - Clase B,2.15
MAF Renta Fija Cobertura - Clase RAP Ley N° 27.743,0
Max Cobertura - Clase A,2.45
Max Cobertura - Clase B,2
Max Cobertura - Clase C,1.75
Max Cobertura - Clase D,1.25
Max Cobertura - Clase E Ley N° 27.743,2.45
Max Renta Fija - Clase A,2.45
Max Renta Fija - Clase B,2
Max Renta Fija - Clase C,1.75
Max Renta Fija - Clase D,1.25
Max Renta Fija - Clase E Ley N° 27.743,2.45
MEGAQM Cobertura - Clase A,3.2
MEGAQM Cobertura - Clase B,2.44
MEGAQM Estrategia 1 - Clase A,1.61
MEGAQM Estrategia 1 - Clase B,1.61
MEGAQM Estrategia 10 - Clase B,1.9
MEGAQM Estrategia 9 - Clase A,0
MEGAQM Estrategia 9 - Clase B,0
MEGAQM Estrategia 9 - Clase C,0
MEGAQM Estrategia 9 - Clase D,0
MEGAQM Latam Corporativo - Clase BP,0.85
MEGAQM Provincial - Clase A,3
MEGAQM Provincial - Clase B,1.879
Novus Estrategia - Clase A,3
Novus Estrategia - Clase B,2
Novus Estrategia - Clase C,3
Novus Estrategia - Clase D,2
Novus Estrategia - Clase E,3
Novus Estrategia - Clase F,2
Novus Estrategia - Clase G,3
Novus Estrategia - Clase H,2
Novus Estrategia - Clase I Ley N° 27.743,3
Novus Valor - Clase A,3
Novus Valor - Clase B,2.2
Novus Valor - Clase C,3
Novus Valor - Clase D,2.2
Novus Valor - Clase E,3
Novus Valor - Clase F,2.2
Novus Valor - Clase G,3
Novus Valor - Clase H,2.2
Numancia Dólares - Clase E,0
Numancia Dólares - Clase F,0
Numancia Dólares - Clase G,0
Numancia Dólares - Clase H,0
Numancia Pesos - Clase A,0.63
Numancia Pesos - Clase B,0.63
Numancia Pesos - Clase C,0.63
Optimum Balanced Strategy - Clase B,1.25
Optimum Renta Fija Estrategica - Clase A,0.07
Optimum Renta Fija Estrategica - Clase B,2.2411
Optimum Renta Mixta Flexible - Clase A,0
Optimum Renta Mixta Flexible - Clase B,0.55
Optimum Renta Mixta Flexible Argentina - Clase A,1.4
Optimum Renta Mixta Flexible Argentina - Clase B,1.4
Parakeet Dinámico II - Clase A,0.5
Parakeet Dinámico II - Clase B,0.5
Parakeet Dinámico II - Clase X Ley N°27.743,0.5
Parakeet Dinámico III - Clase A,0
Parakeet Dinámico III - Clase B,0
Parakeet Dinámico III - Clase X Ley N° 27.743,0
Parakeet Gestion Activa - Clase A,1.89
Parakeet Gestion Activa - Clase B,0
Parakeet Gestion Activa - Clase C,0
Parakeet Gestion Activa II - Clase A,0
Parakeet Gestion Activa II - Clase B,2
Parakeet Gestion Activa II - Clase C,0
Pellegrini Proteccion - Clase A,2.75
Pellegrini Proteccion - Clase B,2.375
Pellegrini Proteccion - Clase C,2.175
Pellegrini Proteccion - Clase R Ley N° 27.743,2.75
Pellegrini Renta Fija Ahorro - Clase A,2.375
Pellegrini Renta Fija Ahorro - Clase B,1.9
Pellegrini Renta Fija Plus - Clase A,2.375
Pellegrini Renta Fija Plus - Clase B,2
Pellegrini Renta Publica Federal - Clase A,2.375
Pellegrini Renta Publica Federal - Clase B,1.9
Pionero Desarrollo - Clase A,0.585
Pionero Desarrollo - Clase B,0.585
Pionero Desarrollo - Clase C,0
Pionero Performance - Clase B,0
Pionero Performance II - Clase B,0
Pionero Performance III - Clase B,0
Pionero Renta - Clase A,2.655
Pionero Renta - Clase B,2.16
Pionero Renta - Clase C,0
Premier Capital - Clase A,2.024
Premier Capital - Clase B,2.668
Premier Capital - Clase C,1.012
Premier Renta Mixta - Clase A,2.024
Premier Renta Mixta - Clase B,2.668
Premier Renta Mixta - Clase C,1.472
Premier Renta Plus en Pesos - Clase A,2.3
Premier Renta Plus en Pesos - Clase B,2.668
Premier Renta Plus en Pesos - Clase C,1.288
SBS Capital Plus - Clase A,3.5
SBS Capital Plus - Clase B,2.5
SBS Capital Plus - Clase Ley N° 27.743,3.5
SBS Estrategia - Clase A,3.5
SBS Estrategia - Clase B,2.5
SBS Estrategia - Clase Ley N° 27.743,3.5
SBS Patrimonio - Clase A,2.5
SBS Patrimonio - Clase B,0.9
SBS Patrimonio - Clase Ley N° 27.743,2.5
SBS Renta Capital - Clase A,2.5
SBS Renta Capital - Clase B,0.6
SBS Renta Capital - Clase Ley N° 27.743,2.5
SBS Renta Fija Total - Clase FPN,0.6
SBS Renta Fija Total - Clase JPN,0.6
SBS Renta Fija Total - Clase Ley N° 27.743,0.6
SBS Renta Pesos - Clase A,3.5
SBS Renta Pesos - Clase B,2.5
SBS Renta Pesos - Clase Ley N° 27.743,3.5
SBS Tavelli Renta - Clase P,2.02
Schroder Pesos - Clase A,2.5
Schroder Pesos - Clase B,0.5
Schroder Pesos - Clase C,2
Schroder Pesos - Clase D,0.65
Schroder Renta Fija - Clase A,0.65
Schroder Renta Fija - Clase B,0.65
Schroder Renta Fija - Clase C,0.65
Schroder Renta Global Cinco - Clase A,2.5
Schroder Renta Global Cinco - Clase B,2.5
Schroder Renta Global Cuatro - Clase B,0.47
Super Bonos - Clase A,0.7319
Super Bonos - Clase B,1.1179
Super Bonos - Clase F,0.496
Super Bonos - Clase H,1.4324
Super Bonos - Clase I,1.1074
Superfondo Renta $ - Clase A,0.7319
Superfondo Renta $ - Clase B,1.1179
Superfondo Renta $ - Clase E,0
Superfondo Renta $ - Clase F,0.371
Superfondo Renta $ - Clase H,1.4324
Superfondo Renta $ - Clase I,1.1074
Superfondo Renta $ - Clase J,0
Toronto Trust Renta Fija Plus - Clase A,3.0185
Toronto Trust Renta Fija Plus - Clase B,2.4185
Toronto Trust Renta Fija Plus - Clase C,2.7185
Toronto Trust Renta Fija Plus - Clase D,0.429
Toronto Trust Renta Fija Plus - Clase N° 27.743,3.0185
Toronto Trust Retorno Total - Clase A,2.858
Toronto Trust Retorno Total - Clase B,2.258
Toronto Trust Retorno Total - Clase C,2.558
Toronto Trust Retorno Total - Clase Ley N° 27.743,2.858
Ualintec Cobertura - Clase A,2.5
Ualintec Cobertura - Clase B,1.65
Ualintec Cobertura - Clase C,1.1
Valiant Cerrado de Créditos - Clase A,4
Valiant Renta Fija - Clase A,2.5
Valiant Renta Fija - Clase B,3.25
Valiant Renta Fija Balanceado I - Clase A,1.92
Valiant Renta Fija Balanceado I - Clase B,0
Valiant Renta Fija Balanceado II - Clase A,3.5
Valiant Renta Fija Balanceado II - Clase B,3.5
Zofingen Faro Fund - Clase A,2.25
Zofingen Faro Fund - Clase B,2
Zofingen Faro Fund - Clase C,1.75
Zofingen Renta Fija Dólar - Clase E,1
Zofingen Renta Fija Dólar - Clase F,1
Zofingen Renta Fija Dólar - Clase G,1
Zofingen Renta Fija Dólar - Clase H,1
Delta Multimercado II - Clase B,0
Delta Multimercado II - Clase E,0.35
Argenfunds Calificado I - Clase A,1
Argenfunds Calificado I - Clase B,1
Consultatio Crecimiento - Clase A,2.4
Consultatio Crecimiento - Clase B,2.4
Consultatio Crecimiento - Clase C,1.2
Consultatio Estrategia - Clase A,3.5
Consultatio Estrategia - Clase B,2.25
Consultatio Estrategia - Clase C,0.7
Consultatio Retorno Absoluto - Clase A,2.25
Consultatio Retorno Absoluto - Clase B,0.4732
Consultatio Retorno Absoluto - Clase C,0.4732
Max Estrategico II - Clase A,2.45
Max Estrategico II - Clase B,2
Max Estrategico II - Clase C,1.75
Max Estrategico II - Clase D,1.05
Valiant Renta Fija Dolares - Clase A,2.75
Valiant Renta Fija Dolares - Clase B,3.25
Compass Renta Fija II - Clase A,3.25
Compass Renta Fija II - Clase B,0.55
Compass Renta Fija II - Clase C,0.55
FBA Bonos Globales - Clase A,1.4
FBA Bonos Globales - Clase B,1
Adcap Balanceado IV - Clase A,0.37
Adcap Balanceado IV - Clase B,0.37
Adcap Balanceado IV - Clase C,0.39
Adcap Balanceado V - Clase A,1.02
Adcap Balanceado V - Clase B,1.02
Adcap Balanceado V - Clase C,0.6227
Adcap Balanceado V - Clase Ley Nº 27.743,0
Adcap Balanceado XI - Clase A,3
Adcap Balanceado XI - Clase B,2.9
Adcap Balanceado XI - Clase C,2.82
Adcap Renta Dólar - Clase A,1
Adcap Renta Dólar - Clase B,0.875
IOL Cash Management - Clase A,2.52
IOL Cash Management - Clase B,2.52
IOL Cash Management - Clase C,2.52
IOL Cash Management - Clase Ley Nº 27.743,5.02
Toronto Trust Liquidez Dólar - Clase F,1.929
Compass Renta Fija - Clase D,2.4
Compass Renta Fija - Clase E,1.35
Compass Renta Fija - Clase F,1.1
MEGAQM Renta Fija LATAM - Clase AP,1.1
MEGAQM Renta Fija LATAM - Clase BP,0.96
Renta Fija Dolar Estadounidense,nan
Adcap Balanceado I - Clase F,0.5
Alamerica Renta Fija Argentina - Clase D,2
Alamerica Renta Fija Argentina - Clase E,1.5
Alamerica Renta Fija Argentina - Clase F,0.45
Alamerica Renta Fija Argentina - Clase H,0.6
Alamerica Renta Fija Argentina - Clase J,2
Allaria Renta Dolar Ley 27260 - Clase A,0.6
Allaria Renta Dolar Ley 27260 - Clase B,1.5
Allaria Renta Dolar Ley 27260 - Clase C,3
Allaria Renta Dolar Ley 27260 - Clase D Ley N° 27.743,3
Alycbur Renta Dólar - Clase A,0
Alycbur Renta Dólar - Clase B,0
Alycbur Renta Dólar - Clase C,0
Alycbur Renta Dólar - Clase Ley N° 27.743,0
Argenfunds Ahorro Pesos - Clase C,2
Argenfunds Ahorro Pesos - Clase D,2
Argenfunds Ahorro Pesos - Clase E,0
Argenfunds Ahorro Pesos - Clase F,0
Argenfunds Renta Capital - Clase A,1
Argenfunds Renta Capital - Clase B,1
Argenfunds Renta Capital - Clase C,1.5
Argenfunds Renta Capital - Clase D,1
Argenfunds Renta Flexible - Clase C,2
Argenfunds Renta Flexible - Clase D,2
Cima Renta Dolares Corto Plazo - Clase B,0
Cocos Ahorro Dólares - Clase A,1.25
Cocos Ahorro Dólares - Clase B,2
Cocos Ahorro Dólares - Clase Ley N° 27.743,2
Cohen Disp. Transitorias Ley 27260 - Clase A,0.3
Cohen Disp. Transitorias Ley 27260 - Clase B,0.7
Cohen Disp. Transitorias Ley 27260 - Clase C,0.6
Cohen Disp. Transitorias Ley 27260 - Clase D,0.3
Compass Ahorro - Clase D,3
Compass Ahorro - Clase E,2.15
Compass Ahorro - Clase F,1.85
ConoSur Renta Fija Corporativa - Clase A,1.46
ConoSur Renta Fija Corporativa - Clase B,1.36
ConoSur Renta Fija Corporativa - Clase C,1.36
Consultatio Diamante Plus - Clase E,1.6
Consultatio Diamante Plus - Clase F,0.9
Consultatio Liquidez Ley 27260 - Clase A,0.4
Consultatio Liquidez Ley 27260 - Clase B,0.3
Consultatio Liquidez Ley 27260 - Clase C,0.3
Consultatio Liquidez Ley 27260 - Clase D,1
Delta Ahorro Dolares - Clase B,0.5
Delta Ahorro Plus - Clase F,3.5
Delta Ahorro Plus - Clase G,2.5
Delta Gestion IV - Clase G,0.55
Delta Patrimonio I - Clase F,2.8
Delta Patrimonio I - Clase G,2.3
Delta Renta Dólares Plus - Clase A,1.25
Delta Renta Dólares Plus - Clase B,0.9
Delta Renta Dólares Plus - Clase K Ley N° 27.743,1.25
Delta Renta Dólares Plus - Clase L Ley N° 27.743,0
FBA Renta Fija Dólar Latam I - Clase B,0.279
First Renta Dolares - Clase A,0.85
First Renta Dolares - Clase B,0.45
First Renta Dolares - Clase C,0.25
First Renta Dolares - Clase D,0.15
First Renta Dolares - Clase E,0
Gainvest Renta Fija - Clase D,1.8
Gainvest Renta Fija - Clase E,1.8
Gainvest Renta Fija - Clase F,1.8
Galileo Ahorro - Clase C,1.75
Galileo Ahorro - Clase D,1.25
IAM Renta Dólares - Clase A,1.25
IAM Renta Dólares - Clase B,0.8
IAM Renta Dólares - Clase C,0.8
IAM Renta Dólares - Clase D,0.8
IAM Renta Dólares - Clase F Art. 11 Decreto 99/2019 y mod,0
IAM Renta Dólares - Clase Ley Nº 27.743,1.25
IEB Ahorro Plus - Clase D,0
IEB Ahorro Plus - Clase E,0
IEB Ahorro Plus - Clase F,0
IOL Dólar Ahorro Plus - Clase C,0.92
IOL Dólar Ahorro Plus - Clase D,1.02
IOL Dólar Ahorro Plus - Clase E,1.02
IOL Dólar Ahorro Plus - Clase F,1.02
IOL Dólar Ahorro Plus - Clase Ley N° 27.743,1.02
MAF Ahorro Plus - Clase E,5
MAF Ahorro Plus - Clase F,2.16
MAF Pesos Plus - Clase D,2.08
MAF Pesos Plus - Clase E,2.08
MEGAQM Gestión Dólares 2 - Clase A,0
MEGAQM Gestión Dólares 2 - Clase B,1
MEGAQM Renta Dólares - Clase A,0.9
MEGAQM Renta Dólares - Clase B,0.5
MEGAQM Renta Dólares - Clase Ley N° 27.743,0.9
Optimum Renta Fija Dolares - Clase B,0.4
Optimum Renta Fija Dolares RP D.596 - Clase B,0.4
Parakeet Balanced Fund - Clase A,2.3
Parakeet Balanced Fund - Clase B,1.8
Parakeet Balanced Fund - Clase X Ley N° 27.743,2.3
Parakeet Global - Clase A,2
Parakeet Global - Clase B,1.5
Parakeet Global - Clase X Ley N° 27.743,2
Parakeet Income - Clase A,2
Parakeet Income - Clase B,1.5
Parakeet Income - Clase X Ley N° 27.743,2
Parakeet Latam - Clase A,0.9
Parakeet Latam - Clase B,0.7
Parakeet Latam - Clase X Ley N° 27.743,0.9
Pionero Ahorro Dolár Plus - Clase A,0.54
Pionero Ahorro Dolár Plus - Clase B,0.54
Pionero Ahorro Dolár Plus - Clase C Ley N° 27.743,0.54
Pionero Ahorro Dólares - Clase A,0.56
Pionero Ahorro Dólares - Clase B,0.47
Pionero Ahorro Dólares - Clase C Ley N° 27.743,0.38
Pionero Inversión Dólar - Clase A,0
Pionero Inversión Dólar - Clase B,0.72
Pionero Inversión Dólar - Clase C Ley N° 27.743,0
Pionero Renta Ahorro Plus - Clase D,1.35
Schroder Capital Renta Fija Dolares - Clase B,0.52
SMSV Renta en Dolares - Clase A,1.6
SMSV Renta en Dolares - Clase B,1.5
SMSV Renta en Dolares - Clase C,1
Superfondo Renta Fija Dólares - Clase G,0
Superfondo Renta Fija Dólares - Clase L,0
BAVSA Deuda Privada Argentina USD - Clase A,1.5
BAVSA Deuda Privada Argentina USD - Clase B,1.5
BAVSA Deuda Privada Argentina USD - Clase C,0.3
BAVSA Deuda Privada Argentina USD - Clase D Ley N° 27.743,1
BAVSA Global Dólar - Clase A,0.7
BAVSA Global Dólar - Clase B,1.2
BAVSA Global Dólar - Clase C,1.4
BAVSA Renta Balanceado Dólares IV - Clase A,0.6
BAVSA Renta Balanceado Dólares IV - Clase B,1.25
BAVSA Renta Balanceado Dólares IV - Clase C,2.25
Consultatio Estrategia I - Clase A,0.5
Consultatio Estrategia I - Clase B,0.5
Consultatio Estrategia I - Clase C,0.5
Consultatio Estrategia I - Clase D,0.5
Consultatio Estrategia I - Clase E,0.5
Consultatio Estrategia II - Clase A,0.7
Consultatio Estrategia II - Clase B,0.7
Consultatio Estrategia II - Clase C,0.6
Consultatio Estrategia II - Clase D,0.5
Consultatio Estrategia II - Clase E,0.35
Consultatio Estrategia III - Clase A,1.5
Consultatio Estrategia III - Clase B,1.5
Consultatio Estrategia III - Clase C,1
Consultatio Estrategia III - Clase D,0.75
Consultatio Estrategia III - Clase E,0.5
Consultatio Estrategia IV - Clase A,0.2351
Consultatio Estrategia IV - Clase B,0.2351
Consultatio Estrategia IV - Clase C,0.2351
Consultatio Estrategia IV - Clase D,0
Consultatio Estrategia IV - Clase E,0
Consultatio Estrategia V - Clase A,0
Consultatio Estrategia V - Clase B,0
Consultatio Estrategia V - Clase C,0
Consultatio Estrategia V - Clase D,0
Consultatio Estrategia V - Clase E,0
Delta Federal I - Clase F,3
Delta Federal I - Clase G,2
Delta Gestion IX - Clase G,1.8
Delta Gestion IX - Clase J,1.8
Delta Moneda - Clase F,3
Delta Moneda - Clase G,2.25
Delta Renta - Clase F,3.25
Delta Renta - Clase G,2.75
Delta Renta Dolares - Clase A,1.5
Delta Renta Dolares - Clase B,1.25
Delta Renta Dolares - Clase D,1.5
Delta Renta Dolares - Clase E,1.25
Delta Renta Dolares - Clase K Ley Nº 27.743,1.5
Delta Renta Dolares - Clase L Ley Nº 27.743,1.25
Gainvest Estrategia IV - Clase A,1.4
Gainvest Estrategia IV - Clase B,1.4
IEB Estratégico - Clase A,0.7
IEB Estratégico - Clase B,1
IEB Estratégico - Clase Ley N° 27.743,0.7
Novus Ahorro Dólares - Clase A,0.95
Novus Ahorro Dólares - Clase B,0.85
Novus Ahorro Dólares - Clase C,0.85
Novus Capital - Clase A,1.5
Novus Capital - Clase B,1.5
Novus Capital - Clase C,1.5
Novus Capital - Clase D Ley N° 27.743,1.5
Novus Income Dólares - Clase A,0
Novus Income Dólares - Clase B,0
Novus Income Dólares - Clase C,0
Novus Income Dólares - Clase D Ley N° 27.743,0
Novus Renta Dólar - Clase A,0.85
Novus Renta Dólar - Clase B,0.85
Novus Renta Dólar - Clase C,0.85
Novus Renta Dólar - Clase D Ley N° 27.743,0.85
Pellegrini Renta Dólares - Clase A,0.55
Pellegrini Renta Dólares - Clase B,0.45
Pellegrini Renta Dólares - Clase C,0.4
Pellegrini Renta Dólares - Clase R Ley N° 27.743,0.55
Superfondo Estrategico - Clase K Ley N° 27.743,0.2494
1810 Renta Dólar - Clase A,0.05
Allaria Dólar Global - Clase A,1.25
Allaria Dólar Global - Clase B,1
Allaria Dólar Global - Clase C,0.9
Allaria Dólar Global - Clase D Art. 11 Decreto 99/2019 y mod,1.02
Allaria Dólar Global - Clase Ley Nº 27.743,1
Allaria Unicred Dólares - Clase A,1
Allaria Unicred Dólares - Clase B,1
Allaria Unicred Dólares - Clase C,0
Allaria Unicred Dólares - Clase Ley N° 27.743,1
Alpha Renta Capital Dólar - Clase A,1.859
Alpha Renta Capital Dólar - Clase B,2.881
Alpha Renta Capital Dólar - Clase C,2.951
Alpha Renta Capital Dólar - Clase D,2.314
Alpha Renta Capital Dólar - Clase H,3.224
Alpha Renta Capital Dólar - Clase I,1.859
Alpha Renta Capital Dólar - Clase Q Ley N° 27.743,3.224
Alpha Renta Cobertura - Clase R Art. 11 Decreto 99/2019 y mod,2.18
Alpha Renta Fija Global - Clase A,0.634
Alpha Renta Fija Global - Clase B,0.815
Alpha Renta Fija Global - Clase I,0.9061
Alpha Renta Fija Global - Clase Q Ley N° 27.743,0.6339
Alpha Renta Fija Serie 6 - Clase R Art. 11 Decreto 99/2019 y mod,8.696
Balanz Capital Estrategia I USD - Clase A,0.5
Balanz Capital Estrategia I USD - Clase B,0.5
Balanz Capital Estrategia I USD - Clase C,0.5
Balanz Capital Estrategia I USD - Clase D,0.5
Balanz Capital Estrategia I USD - Clase L Ley Nº 27.743,0.5
Balanz Capital Estrategia II USD - Clase A,1
Balanz Capital Estrategia II USD - Clase B,1
Balanz Capital Estrategia II USD - Clase C,1
Balanz Capital Estrategia II USD - Clase D,1
Balanz Capital Estrategia II USD - Clase E,1
Balanz Capital Estrategia II USD - Clase F,1
Balanz Capital Estrategia II USD - Clase L Ley Nº 27.743,1
Balanz Capital Estrategia III USD - Clase A,1.3
Balanz Capital Estrategia III USD - Clase B,1
Balanz Capital Estrategia III USD - Clase C,0.9
Balanz Capital Estrategia III USD - Clase D,0
Balanz Capital Estrategia III USD - Clase E,0
Balanz Capital Estrategia III USD - Clase F,0
Balanz Capital Estrategia III USD - Clase L Ley N° 27.743,1.3
Balanz Capital Estrategia IV USD - Clase A,0.75
Balanz Capital Estrategia IV USD - Clase B,0.75
Balanz Capital Estrategia IV USD - Clase C,0.75
Balanz Capital Estrategia IV USD - Clase D,0.75
Balanz Capital Estrategia IV USD - Clase E,0.75
Balanz Capital Estrategia IV USD - Clase F,0.75
Balanz Capital Estrategia V USD - Clase A,0.229
Balanz Capital Estrategia V USD - Clase B,0.229
Balanz Capital Estrategia V USD - Clase C,0.229
Balanz Capital Estrategia V USD - Clase D,0.229
Balanz Capital Estrategia V USD - Clase E,0.229
Balanz Capital Estrategia V USD - Clase F,0.229
Balanz Performance IV - Clase E,5
Balanz Performance XIII - Clase E,0
Cocos Dólares Plus - Clase A,2
Cocos Dólares Plus - Clase B,2
Cocos Dólares Plus - Clase Ley N° 27.743,1.75
Compass Renta Fija III - Clase D,3.25
Compass Renta Fija III - Clase E,2.15
Compass Renta Fija III - Clase F,1.8
Dracma Estrategia Dólar - Clase A,1.25
Dracma Estrategia Dólar - Clase B,1.25
Dracma Estrategia Dólar - Clase E Ley N° 27.743,1.27
Galileo Ahorro Plus - Clase C,1.75
Galileo Ahorro Plus - Clase D,1.25
IEB Renta Fija - Clase D,0.95
IEB Renta Fija - Clase E,0.95
IEB Renta Fija - Clase F,0
IEB Renta Fija Dólar - Clase A,0.75
IEB Renta Fija Dólar - Clase B,1.25
IEB Renta Fija Dólar - Clase C,0.65
IEB Renta Fija Dólar - Clase Ley N° 27.743,0.75
MAF Renta - Clase D,2.25
MAF Renta - Clase E,2.25
Pionero Dólar Gestión - Clase A,0.675
Pionero Dólar Gestión - Clase B,0.675
Pionero Dólar Gestión - Clase C Ley N° 27.743,0
Pionero Renta Dólar Estrategia - Clase A,1.35
Pionero Renta Dólar Estrategia - Clase B,0.99
Pionero Renta Dólar Estrategia - Clase C Ley Nº 27.743,0.63
Pionero Renta Fija Dólares - Clase A,0.92
Pionero Renta Fija Dólares - Clase B,0.47
Pionero Renta Fija Dólares - Clase C Ley N° 27.743,1.368
Premier Performance Dólares - Clase A,0.828
Premier Performance Dólares - Clase B,1.012
Premier Performance Dólares - Clase C,0.506
Premier Performance Dólares - Clase Ley Nº 27.743,1.012
Premier Renta Mixta en Dólares - Clase A,0.828
Premier Renta Mixta en Dólares - Clase B,1.104
Premier Renta Mixta en Dólares - Clase C,0.69
Premier Renta Mixta en Dólares - Clase Ley N° 27.743,1.104
SBS Dólar Plus Ley 27260 - Clase B,0.2
SBS Dólar Plus Ley 27260 - Clase C,0.5
SBS Dólar Plus Ley 27260 - Clase Ley N° 27.743,0.5
1822 Raices Dólares Plus - Clase A,0.4
1822 Raices Dólares Plus - Clase B Art. 11 Decreto 99/2019 y mod,0.4
1822 Raices Dólares Plus - Clase B Ley N° 27.743,0.4
1822 Raices Renta en Dolares - Clase A,0.65
1822 Raices Renta Fija Internacional - Clase A,0.4
Adcap Cima Ahorro - Clase C,2.75
Adcap Divisas I - Clase D,0
Adcap Divisas I - Clase E,0
Adcap Divisas I - Clase F,0
Adcap Patrimonio I - Clase D,0
Adcap Patrimonio I - Clase E,0
Adcap Patrimonio I - Clase F,0
Allaria Dolar Crecimiento - Clase A,1
Allaria Dolar Crecimiento - Clase B,0.9
Allaria Dolar Crecimiento - Clase C,0.9
Allaria Dolar Crecimiento - Clase D,0
Allaria Dolar Crecimiento - Clase Ley Nº 27.743,1
Allaria Dólar Dinámico  - Clase A,1.25
Allaria Dólar Dinámico - Clase B,1
Allaria Dólar Dinámico - Clase C,0.9
Allaria Dólar Dinámico - Clase Ley Nº 27.743,1.25
Allaria Dólar Gestión - Clase A,0
Allaria Dólar Gestión - Clase B,0
Allaria Dólar Gestión - Clase C,0
Allaria Dólar Gestión - Clase D,0
Allaria Dólar Gestión - Clase Ley N° 27.743,0
Allaria Dólar Performance - Clase A,0
Allaria Dólar Performance - Clase B,0
Allaria Dólar Performance - Clase C,0
Allaria Dólar Renta Internacional - Clase A,0.7
Allaria Dólar Renta Internacional - Clase B,0.7
Allaria Dólar Renta Internacional - Clase C,0.7
Allaria Dólar Renta Internacional - Clase D,0
Alpha Renta Capital - Clase R Art. 11 Decreto 99/2019 y mod,3.035
Alpha Renta Fija Corporativa Dólar - Clase I,0.461
Argenfunds Renta Argentina - Clase C,0.4491
Argenfunds Renta Argentina - Clase D,0.4491
Argenfunds Renta Argentina - Clase E,1
Argenfunds Renta Argentina - Clase F,1
Argenfunds Renta Balanceada - Clase C,3
Argenfunds Renta Balanceada - Clase D,3
Argenfunds Renta Crecimiento - Clase A,0.25
Argenfunds Renta Crecimiento - Clase B,2.5
Argenfunds Renta Crecimiento - Clase C,1.5
Argenfunds Renta Crecimiento - Clase D,0.25
Argenfunds Renta Dinamica - Clase C,0.441
Argenfunds Renta Dinamica - Clase D,0.441
Argenfunds Renta Fija - Clase C,3.25
Argenfunds Renta Fija - Clase D,3.25
Argenfunds Renta Fija - Clase E,0
Argenfunds Renta Fija - Clase F,0
Argenfunds Renta Global - Clase C,3
Argenfunds Renta Global - Clase D,3
Argenfunds Renta Mixta - Clase C,3.25
Argenfunds Renta Mixta - Clase D,3.25
Argenfunds Renta Pesos - Clase C,0.5491
Argenfunds Renta Pesos - Clase D,0.5491
Argenfunds Renta Total - Clase C,2
Argenfunds Renta Total - Clase D,2
Argenfunds Renta Total - Clase E,2
Argenfunds Renta Total - Clase F,2
Axis S&C Renta Fija Dolar - Clase A,1.25
Axis S&C Renta Fija Dolar - Clase B,1.25
Axis S&C Renta Fija Dolar - Clase E,1.25
Axis S&C Renta Fija Dolar - Clase F,1.25
Axis S&C Renta Fija Dolar - Clase X Ley N° 27.743,1.25
Axis S&C Renta Fija Dolar - Clase Y Ley N° 27.743,1.25
Balanz Ahorro en Dólares - Clase A,1.2
Balanz Ahorro en Dólares - Clase B,0.85
Balanz Ahorro en Dólares - Clase C,0.75
Balanz Ahorro en Dólares - Clase D,0.5
Balanz Ahorro en Dólares - Clase E,1.2
Balanz Ahorro en Dólares - Clase F,0.85
Balanz Ahorro en Dólares - Clase G,1.23
Balanz Ahorro en Dólares - Clase H Art. 11 Decreto 99/2019 y mod,0.55
Balanz Ahorro en Dólares - Clase L Ley Nº 27.743,1.2
Balanz Capital Renta Fija en Dólares - Clase A,1.2
Balanz Capital Renta Fija en Dólares - Clase B,0.83
Balanz Capital Renta Fija en Dólares - Clase C,0.83
Balanz Capital Renta Fija en Dólares - Clase D,0.73
Balanz Capital Renta Fija en Dólares - Clase E,1.2
Balanz Capital Renta Fija en Dólares - Clase F,0.83
Balanz Capital Renta Fija en Dólares - Clase G,3.03
Balanz Capital Renta Fija en Dólares - Clase L Ley Nº 27.743,1.2
Balanz Performance III - Clase E,2.15
Balanz Performance III - Clase F,0
BAVSA Renta Dólares - Clase A,1.5
BAVSA Renta Dólares - Clase B,1.5
BAVSA Renta Dólares - Clase C,1.25
BAVSA Renta Dólares - Clase D Ley Nº 27.743,1.5
Bull Market Ahorro Dólares - Clase A,1.5
Bull Market Ahorro Dólares - Clase B,1.5
Bull Market Renta Fija Dólar - Clase A,1.5
Bull Market Renta Fija Dólar - Clase B,1.5
Chaco FCI Renta Fija Dólares - Clase A,0.6
Chaco FCI Renta Fija Dólares - Clase B,0.5
Chaco FCI Renta Fija Dólares - Clase Ley N° 27.743,0.7
Champaquí Renta Dólar - Clase A,1.1
Champaquí Renta Dólar - Clase B,0.9
Champaquí Renta Dólar - Clase E Ley N° 27.743,1.1
Champaquí Renta Dólar - Clase F Ley N° 27.743,0.9
Compass Opportunity - Clase D,3.6
Compass Opportunity - Clase E,2.15
Compass Opportunity - Clase F,1.85
Compass Renta Fija IV - Clase D,3.25
Compass Renta Fija IV - Clase E,2.2
Compass Renta Fija IV - Clase F,1.85
ConoSur Renta Fija Corporativa II - Clase A,1.26
ConoSur Renta Fija Corporativa II - Clase B,1.26
ConoSur Renta Fija Corporativa II - Clase C,0.76
ConoSur Renta Fija Corporativa II - Clase E,1.26
ConoSur Renta Fija Corporativa II - Clase F,1.2
Consultatio Gestion III - Clase G,2
Consultatio Gestion III - Clase H,2
Consultatio Gestion III - Clase I,1.1
Consultatio Income Fund - Clase A,1
Consultatio Income Fund - Clase B,0.9
Consultatio Income Fund - Clase Z Ley N° 27.743,1
Consultatio Multimercado III - Clase Z Ley N° 27.743,1.5
Consultatio Multimercado V - Clase Z Ley N° 27.743,1.2
Crecer Capital Dolares - Clase A,0.9
Crecer Capital Dolares - Clase B,0.65
Crecer Renta Dólares - Clase A,1.43
Crecer Renta Dólares - Clase B,1.12
CYC Dólares Renta Fija - Clase E Ley N° 27.743,1
CYC Dólares Renta Fija - Clase U,1
CYC Renta Fija en Dolares - Clase C,1
CYC Renta Fija en Dolares - Clase D,1
Dracma Estrategia Dólar I - Clase A,1.32
Dracma Estrategia Dólar I - Clase B,1.32
Dracma Estrategia Dólar I - Clase C,1.3
Dracma Estrategia Dólar I - Clase D,1.3
Dracma Estrategia Dólar I - Clase E Ley N° 27.743,1.82
FBA Renta Fija Dólar I - Clase A,0.679
FBA Renta Fija Dólar I - Clase B,0.479
FBA Renta Fija Dólar I - Clase J Ley N° 27.743,0.679
FBA Renta Fija Dólar I - Clase K Ley N° 27.743,0.479
FBA Renta Fija Dólar Plus I - Clase A,0.879
FBA Renta Fija Dólar Plus I - Clase B,0.679
FBA Renta Fija Dólar Plus I - Clase J Ley N° 27.743,0.879
Fima Renta Fija Dólares - Clase A,0.85
Fima Renta Fija Dólares - Clase B,0.7225
Fima Renta Fija Dólares - Clase C,0.595
Fima Renta Fija Dólares - Clase L Ley N° 27.743,0.85
Fundcorp Long Performance Plus - Clase A,0.4
Fundcorp Long Performance Plus - Clase B,0.3
Fundcorp Long Performance Plus - Clase C,0.3
Fundcorp Long Performance Plus - Clase D Ley N° 27.743,0.3
Fundcorp Performance Plus - Clase A,0.9
Fundcorp Performance Plus - Clase B,0.9
Fundcorp Performance Plus - Clase C,0.9
Fundcorp Performance Plus - Clase D Ley N° 27.743,0.9
Gainvest Balanceado - Clase D,2.5
Gainvest Balanceado - Clase E,2.5
Gainvest Balanceado - Clase F,2.5
Gainvest Regional - Clase D,0
Gainvest Regional - Clase E,0
Gainvest Regional - Clase F,0
Gainvest Renta Fija Dolares - Clase A,2
Gainvest Renta Fija Dolares - Clase B,2
Gainvest Renta Fija Dolares - Clase C,2
Gainvest Renta Fija Dolares - Clase G,0
Gainvest Renta Fija Dolares - Clase Ley N° 27.743,2
Galileo Estrategia - Clase C,2.5
Galileo Estrategia - Clase D,2
Galileo Premium - Clase C,1.5
Galileo Premium - Clase D,1.25
Galileo Renta - Clase C,1.5
Galileo Renta - Clase D,1.5
IAM Estrategia - Clase A,0.62
IAM Estrategia - Clase B,0.62
IAM Estrategia - Clase C,0.62
IAM Estrategia - Clase D,0.62
Intervalores Ahorro - Clase E,1.75
Intervalores Ahorro - Clase F,1.5
Intervalores Ahorro - Clase G,1.3
Intervalores Ahorro - Clase H,1.2
Intervalores Dólar Total Return - Clase A,1.75
Intervalores Dólar Total Return - Clase B,1.5
Intervalores Dólar Total Return - Clase C,1.25
Intervalores Dólar Total Return - Clase D,1.3
Intervalores Dólar Total Return - Clase E,2
Intervalores Dólar Total Return - Clase F,1.4
Intervalores Dólar Total Return - Clase G,1.3
Intervalores Dólar Total Return - Clase H,1.7
Lombard Renta Fija en Dolares - Clase A,0.44
Lombard Renta Fija en Dolares Fisicos,0
Lombard Renta Fija en Dolares JYF,0
MAF Renta Argentina - Clase D,1.65
MAF Renta Argentina - Clase E,1.65
MAF Renta Argentina 2 - Clase D,2.25
MAF Renta Argentina 2 - Clase E,2.25
MAF Renta Fija Cobertura - Clase C,5
MAF Renta Fija Cobertura - Clase D,2.36
Max Renta Fija Latam - Clase A,0.6
Max Renta Fija Latam - Clase B,0.4
Max Renta Fija Latam - Clase C,0.6
Max Renta Fija Latam - Clase D,0.4
Max Renta Fija Latam - Clase E N° 27.743,0.6
MEGAQM Ahorro Dólares - Clase A,1.2
MEGAQM Ahorro Dólares - Clase B,0.9
MEGAQM Ahorro Dólares - Clase Ley N° 27.743,1.2
MEGAQM Corporativo Dólares - Clase A,1.5
MEGAQM Corporativo Dólares - Clase B,1.1
MEGAQM Corporativo Dólares - Clase Ley N° 27.743,1.5
MEGAQM Gestión Dólares I - Clase A,0.979
MEGAQM Gestión Dólares I - Clase B,0.2
MEGAQM Gestión Dólares I - Clase C,0.2
MEGAQM Latam Corporativo - Clase A,1.4
MEGAQM Latam Corporativo - Clase B,0.85
MEGAQM Latam Corporativo - Clase Ley N° 27.743,1.4
Numancia Dólares - Clase A,0
Numancia Dólares - Clase B,1
Numancia Dólares - Clase C,0
Parakeet Balanced Fund II - Clase A,2
Parakeet Balanced Fund II - Clase B,1.25
Parakeet Balanced Fund II - Clase X Ley N° 27.743,0
Parakeet Balanced Fund III - Clase A,0
Parakeet Balanced Fund III - Clase B,0
Parakeet Dólar Estructurado - Clase A,0
Parakeet Dólar Estructurado - Clase B,0
Parakeet Dólar Estructurado - Clase C,0
Parakeet Global Opportunities Fund - Clase A,1.1
Parakeet Global Opportunities Fund - Clase B,1.1
Parakeet Global Opportunities Fund II - Clase A,0
Parakeet Global Opportunities Fund II - Clase B,0
Parakeet Global Opportunities Fund II - Clase C,0
Parakeet Global Opportunities Fund II - Clase D,0
Pionero Dólar Mix - Clase A,0.72
Pionero Dólar Mix - Clase B,0.72
Pionero Dólar Mix - Clase C Ley N° 27.743,0.72
Pionero Dólar Mix - Clase D,0.72
Pionero Dólar Mix - Clase E,0.72
Pionero Performance II - Clase D,0
Pionero Renta Dólares - Clase A,0.72
Pionero Renta Dólares - Clase B,0.54
Pionero Renta Dólares - Clase C Ley Nº 27.743,0.63
Pionero Renta Dólares Plus - Clase A,1.08
Pionero Renta Dólares Plus - Clase B,0.81
Pionero Renta Dólares Plus - Clase C Art. 11 Decreto 99/2019 y mod,1.08
Pionero Renta Dólares Plus - Clase D Ley Nº 27.743,0.63
Superfondo Renta $ - Clase K,0
Toronto Trust Crecimiento - Clase A,1.5
Toronto Trust Crecimiento - Clase B,0.4048
Toronto Trust Crecimiento - Clase C,1
Toronto Trust Crecimiento - Clase Ley N° 27.743,1.5
Ualintec Renta Dólares - Clase A,1.4
Ualintec Renta Dólares - Clase B,0.5
Ualintec Renta Dólares - Clase C,0.5
Zofingen Renta Fija Dólar - Clase A,0.65
Zofingen Renta Fija Dólar - Clase B,0.65
Zofingen Renta Fija Dólar - Clase C,0.6
Zofingen Renta Fija Dólar - Clase D,0.6
Argenfunds Calificado III - Clase A,1
Argenfunds Calificado III - Clase B,1
Valiant Renta Fija Dolares - Clase C,0.5
Valiant Renta Fija Dolares - Clase D,0.7
Valiant Renta Fija Dólares - Clase Ley N° 27.743,0.7
Balanz Renta Fija Global - Clase A,0.7
Balanz Renta Fija Global - Clase B,0.7
Compass Renta Fija II - Clase D,3.25
Compass Renta Fija II - Clase E,0.55
Compass Renta Fija II - Clase F,0.55
Adcap Renta Dólar - Clase C,0.02
Adcap Renta Dólar - Clase D,1.32
Adcap Renta Dólar - Clase E,1.02
Adcap Renta Dólar - Clase F,1.32
Adcap Renta Dólar - Clase Ley Nº 27.743,1.32
Allaria Dólar Latam - Clase A,0.95
Allaria Dólar Latam - Clase B,0.85
Allaria Dólar Latam - Clase C,0.65
Allaria Dólar Latam - Clase Ley Nº 27.743,1
Gainvest Estrategia I - Clase A,0
Gainvest Estrategia I - Clase B,0
Galileo Income - Clase A,1
Galileo Income - Clase B,0.75
Galileo Income - Clase C Ley N°27.743,1
Galileo Income - Clase D Ley N°27.743,0.75
MAF Global,0.7
MAF Global -  Clase RAP Ley N° 27.743,0.7
Max Renta Fija Dolares - Clase A,1.37
Max Renta Fija Dolares - Clase B,0.87
Max Renta Fija Dolares - Clase C,1.37
Max Renta Fija Dolares - Clase D,0.87
Max Renta Fija Dolares - Clase E Ley N° 27.743,1.37
CMA Dólar Dinamico - Clase A,1
CMA Dólar Dinamico - Clase B,0.8
CMA Dólar Dinamico - Clase D,1
CMA Dólar Dinamico - Clase E,0.8
Gainvest Global I - Clase A,1.4
Gainvest Global I - Clase B,1
Toronto Trust Liquidez Dólar - Clase  Ley N° 27.743,0.908
Toronto Trust Liquidez Dólar - Clase A,0.908
Toronto Trust Liquidez Dólar - Clase B,0.608
Toronto Trust Liquidez Dólar - Clase C,0.758
Compass Renta Fija - Clase A,2.4
Compass Renta Fija - Clase B,1.35
Compass Renta Fija - Clase C,1.1
Compass Renta Fija - Clase H Ley 27.743,2.75
Compass Renta Fija - Clase I Ley 27.743,2
Schroder Income - Clase A,2.25
Schroder Income - Clase B,1.2
Schroder Income - Clase C,0
Schroder Income - Clase D,0
Schroder Income - Clase E,0.5
Schroder Income - Clase F Ley N° 27.743,2.25
IEB Renta Fija Dólar 2 - Clase A,0.3
IEB Renta Fija Dólar 2 - Clase B,0.3
IEB Renta Fija Dólar 2 - Clase Ley N° 27.743,0.3
SBS Latam - Clase A,2
SBS Latam - Clase B,1.5
SBS Latam - Clase Ley N° 27.743,2
Superfondo Renta Fija Latam - Clase A,0.296
Superfondo Renta Fija Latam - Clase B,0.371
Superfondo Renta Fija Latam - Clase C,0.471
Superfondo Renta Fija Latam - Clase D,0.471
Superfondo Renta Fija Latam - Clase E,0.371
Superfondo Renta Fija Latam - Clase F,0.221
Alamerica Renta Fija Dolar Latam - Clase A,0
Alamerica Renta Fija Dolar Latam - Clase B,0.65
Alamerica Renta Fija Dolar Latam - Clase C,0
Alamerica Renta Fija Dolar Latam - Clase D,0.8
Alamerica Renta Fija Dolar Latam - Clase E,0.65
Alamerica Renta Fija Dolar Latam - Clase F,0.4
Alamerica Renta Fija Dolar Latam - Clase G,0
Alamerica Renta Fija Dolar Latam - Clase H,0.4
Alamerica Renta Fija Dolar Latam - Clase I,0
Alamerica Renta Fija Dolar Latam - Clase J,0.95
Balanz Capital Sudamericano - Clase A,1
Balanz Capital Sudamericano - Clase B,0.75
Balanz Capital Sudamericano - Clase C,0.6
Balanz Capital Sudamericano - Clase D,0.6
Balanz Capital Sudamericano - Clase E,1
Balanz Capital Sudamericano - Clase F,0.75
Balanz Capital Sudamericano - Clase G,1.42
Balanz Capital Sudamericano - Clase L Ley Nº 27.743,1
CMA Renta Dólar - Clase A,1.75
CMA Renta Dólar - Clase B,1.5
CMA Renta Dólar - Clase C,0.83
CMA Renta Dólar - Clase F,1.75
CMA Renta Dólar - Clase G,1.5
CMA Renta Dólar - Clase H,0.83
CMA Renta Dólar - Clase Ley N° 27.743,1.75
Cohen Renta Fija Dólares - Clase A,1.4
Cohen Renta Fija Dólares - Clase B,1.2
Cohen Renta Fija Dólares - Clase C,1
Cohen Renta Fija Dólares - Clase I,1.2
Fima Renta Fija Internacional - Clase A,0.51
Fima Renta Fija Internacional - Clase B,0.425
Fima Renta Fija Internacional - Clase C,0.34
Galileo Fixed Income - Clase A,2
Galileo Fixed Income - Clase B,1.25
IAM Performance Americas - Clase A,0.56
IAM Performance Americas - Clase B,0.56
IAM Performance Americas - Clase C,0.56
IAM Performance Americas - Clase D,0.56
IAM Performance Americas - Clase E,0.56
IAM Performance Americas - Clase F,0.56
IAM Performance Americas - Clase G,0.56
IAM Performance Americas - Clase Ley N° 27.743,0.56
MEGAQM Renta Fija LATAM - Clase A,1.4
MEGAQM Renta Fija LATAM - Clase B,1
MEGAQM Renta Fija LATAM - Clase D,0.7
MEGAQM Renta Fija LATAM - Clase Ley N° 27.743,1.4
FBA Renta Fija Dolar II - Clase B,0.479
Renta Fija Dolar Estadounidense Billete,nan
Consultatio Multimercado IX - Clase A,0
Consultatio Multimercado IX - Clase B,0
Consultatio Multimercado IX - Clase C,0
Delta Ahorro Dolares - Clase A,0.8
Delta Gestion IV - Clase I,0.55
Delta Patrimonio I - Clase I,2.3
Delta Renta Dólares Plus - Clase D,1.25
Delta Renta Dólares Plus - Clase E,0
Pionero Ahorro Dolár Plus - Clase D,0.54
Pionero Ahorro Dolár Plus - Clase E,0
Pionero Ahorro Dólares - Clase G,0.56
Pionero Ahorro Dólares - Clase H,0.47
Pionero Inversión Dólar - Clase D,0
Pionero Inversión Dólar - Clase E,0.72
Superfondo Renta Fija Dólares - Clase A,0.2295
Superfondo Renta Fija Dólares - Clase B,0.326
Superfondo Renta Fija Dólares - Clase C,0.301
Superfondo Renta Fija Dólares - Clase D,0.301
Superfondo Renta Fija Dólares - Clase E,0.238
Superfondo Renta Fija Dólares - Clase F,0.1735
Superfondo Renta Fija Dólares - Clase H,0.4274
Superfondo Renta Fija Dólares - Clase I,0.3155
Delta Gestion IX - Clase I,1.8
Mills Renta Fija Dólares - Clase XDA,1.4
Mills Renta Fija Dólares - Clase XDB1,1.25
Novus Ahorro Dólares - Clase D Ley N° 27.743,0.95
Superfondo Estrategico - Clase A,0.2485
Superfondo Estrategico - Clase B,0.326
Superfondo Estrategico - Clase C,0
Superfondo Estrategico - Clase D,0
Superfondo Estrategico - Clase E,0
Superfondo Estrategico - Clase F,0
Superfondo Estrategico - Clase H,0.4655
Superfondo Estrategico - Clase I,0.3155
Superfondo Estrategico - Clase M Art. 11 Decreto 99/2019 y mod,0.2485
Superfondo Estrategico - Clase N Ley N° 27.743,0.4674
Superfondo Renta Fija Dólares II - Clase A,0.136
Superfondo Renta Fija Dólares II - Clase B,0.201
Superfondo Renta Fija Dólares II - Clase C Ley N° 27.743,0.1369
Superfondo Renta Fija Dólares II - Clase D Ley N° 27.743,0.2424
Superfondo Renta Fija Dólares II - Clase E,0.201
Superfondo Renta Fija Dólares II - Clase F,0
Alpha Renta Capital Dólar - Clase J,1.859
Alpha Renta Capital Dólar - Clase K,2.881
Alpha Renta Fija Global - Clase J,0.634
Alpha Renta Fija Global - Clase K,0.815
Pionero Dólar Gestión - Clase D,0.675
Pionero Dólar Gestión - Clase E,0.675
Pionero Renta Dólar Estrategia - Clase D,1.35
Pionero Renta Dólar Estrategia - Clase E,0.99
Pionero Renta Fija Dólares - Clase G,0.92
Pionero Renta Fija Dólares - Clase H,0
Alpha Renta Fija Corporativa Dólar - Clase A,0.7968
Alpha Renta Fija Corporativa Dólar - Clase B,0.8712
Alpha Renta Fija Corporativa Dólar - Clase C,0.7968
Alpha Renta Fija Corporativa Dólar - Clase J,0.7968
Alpha Renta Fija Corporativa Dólar - Clase K,0.8712
Alpha Renta Fija Corporativa Dólar - Clase Q - Ley Nº 27.743,0.8712
Consultatio Gestion Xl Dolar - Clase A,2.4
Consultatio Gestion Xl Dolar - Clase B,0.54
Consultatio Gestion Xl Dolar - Clase C,0.54
Consultatio Multimercado III - Clase A,1.6
Consultatio Multimercado III - Clase B,1.5
Consultatio Multimercado III - Clase C,1
Consultatio Multimercado IV - Clase A,2
Consultatio Multimercado IV - Clase B,1.9
Consultatio Multimercado IV - Clase C,1.9
Consultatio Multimercado V - Clase A,1.4
Consultatio Multimercado V - Clase B,1.2
Consultatio Multimercado V - Clase C,1
Pionero Internacional - Clase A,0
Pionero Internacional - Clase B,0
Pionero Internacional - Clase C,0
Pionero Renta Dólares - Clase D,0.72
Pionero Renta Dólares - Clase E,0.54
Argenfunds Estrategia III - Clase A,0.05
Argenfunds Estrategia III - Clase B,0.05
Argenfunds Inversión Dólares - Clase A,0.05
Argenfunds Inversión Dólares - Clase B,0.15
Superfondo Renta Global - Clase A,0
Superfondo Renta Global - Clase B,0
Superfondo Renta Global - Clase C,0
Superfondo Renta Global - Clase D,0
Superfondo Renta Global - Clase E,0
Superfondo Renta Global - Clase F,0
Consultatio Multimercado X - Clase A,0
Consultatio Multimercado X - Clase B,0
Consultatio Multimercado X - Clase C,0
Renta Mixta Peso Argentina,nan
Adcap Balanceado III - Clase A,0.52
Adcap Balanceado III - Clase B,0.52
Adcap Balanceado III - Clase Ley Nº 27.743,0.52
Adcap Balanceado XII - Clase A,3.52
Adcap Balanceado XII - Clase B,2.52
Adcap Balanceado XII - Clase C,0
Adcap Balanceado XII - Clase Ley Nº 27.743,3.52
Adcap Balanceado XXVI - Clase A,0.4711
Adcap Balanceado XXVI - Clase B,0.4711
Adcap Balanceado XXVI - Clase C,0.477
Adcap Balanceado XXVI - Clase Ley Nº 27.743,0.4711
Allaria Gestión V - Clase A,2.02
Allaria Gestión V - Clase B,2.02
Allaria Gestión V - Clase C,2.02
Alpha Retorno Total - Clase A,1.8283
Alpha Retorno Total - Clase B,3.8174
Alpha Retorno Total - Clase C,1.8283
Alpha Retorno Total - Clase D,3.8174
Alpha Retorno Total - Clase I,1.8283
Alpha Retorno Total - Clase J,1.8255
Alpha Retorno Total - Clase K,3.8135
Axis Estrategia 1 - Clase A,2
Axis Estrategia 1 - Clase B,1.8
Axis Estrategia 22 - Clase A,0.75
Axis Estrategia 22 - Clase B,0.75
Axis Estrategia 23 - Clase A,1.88
Axis Estrategia 23 - Clase B,1.88
Axis Estrategia 24 - Clase A,4.4
Axis Estrategia 24 - Clase B,4.4
Axis Estrategia 25 - Clase A,0.6
Axis Estrategia 25 - Clase B,0.6
Axis Estrategia 8 - Clase A,2.5
Axis Estrategia 8 - Clase B,2
Benedit Multiestrategia - Clase A,2.75
Benedit Multiestrategia - Clase B,2.5
Benedit Multiestrategia - Clase F,1.65
Benedit Multiestrategia - Clase X Ley N° 27.743,2.75
Benedit Multiestrategia - Clase Y Ley N° 27.743,2.5
Compass Renta Mixta III	- Clase A,2.45
Compass Renta Mixta III	- Clase B,2
Compass Renta Mixta III	- Clase C,1.65
Compass Renta Mixta III	- Clase H Ley N° 27.743,2.45
Compass Renta Mixta III	- Clase I Ley N° 27.743,2
Consultatio Renta Pesos - Clase A,2.2
Consultatio Renta Pesos - Clase B,1.9
Consultatio Renta Pesos - Clase C,0.6
Consultatio Renta Pesos - Clase D,0.8
Consultatio Retorno Total - Clase A,2.5
Consultatio Retorno Total - Clase B,2.3
Consultatio Retorno Total - Clase C,0.6
Consultatio Retorno Total - Clase D,1.9
Gainvest Global II - Clase A,0.6
Gainvest Global II - Clase B,0.6
Gainvest Global III - Clase A,0.6
Gainvest Global III - Clase B,0.6
GSS I - Clase A,0.744
GSS I - Clase B,1.2
Lombard Pesos Plus,0.384
SBS Patrimonio III - Clase A,3.5
SBS Patrimonio III - Clase B,1.75
Wise Capital Saving - Clase A,5
Wise Capital Saving - Clase B,5
Wise Capital Saving - Clase C,5
Wise Capital Saving - Clase D,3
Wise Capital Saving - Clase H,5
Wise Capital Saving - Clase J Ley N° 27.743,5
Zofingen Multi Strategy II - Clase A,1.02
Zofingen Multi Strategy II - Clase B,1.02
Argenfunds Retorno Absoluto - Clase B,1.9
BAVSA Global II - Clase A,2
BAVSA Global II - Clase B,2
BAVSA Global II - Clase C,8
BAVSA Global II - Clase D,8
BAVSA Global II - Clase E,2
BAVSA Renta Balanceado - Clase A,2
BAVSA Renta Balanceado - Clase B,2
BAVSA Renta Balanceado - Clase C,2
BAVSA Renta Balanceado - Clase D,2
BAVSA Renta Balanceado - Clase J,0
BAVSA Renta Balanceado III - Clase A,0.6
BAVSA Renta Balanceado III - Clase B,0.6
BAVSA Retorno Total - Clase A,1.85
BAVSA Retorno Total - Clase B,1.85
BAVSA Retorno Total - Clase C,1.85
BAVSA Retorno Total - Clase D,1.85
BAVSA Retorno Total - Clase E,1.85
BAVSA Retorno Total - Clase F,0
Compass Renta Plus II - Clase A,3
Compass Renta Plus II - Clase B,3
Compass Renta Plus II - Clase C,3
Delta Gestion V - Clase B,0.7
Delta Gestion VII - Clase B,0.7
Delta Multimercado I - Clase A,2.5
Delta Multimercado I - Clase B,2
Delta Multimercado I - Clase K Ley Nº 27.743,2.5
Delta Multimercado I - Clase L Ley Nº 27.743,2
Dracma Balanceado - Clase A,3.02
Dracma Balanceado - Clase B,2.52
Gainvest Crecimiento - Clase A,1.5
Gainvest Crecimiento - Clase B,1.5
IEB Balanceado - Clase A,0
IEB Balanceado - Clase B,0
IEB Balanceado - Clase C,0
IEB Estructurado - Clase A,1
IEB Estructurado - Clase B,1
IEB Estructurado - Clase Ley N° 27.743,0
IEB Estructurado II - Clase A,1.4
IEB Estructurado II - Clase B,1.4
IEB Estructurado II - Clase Ley N° 27.743,0
IEB Estructurado III - Clase A,0.6
IEB Estructurado III - Clase B,0.6
IEB Estructurado III - Clase Ley N°27.743,0.6
IEB Estructurado IV - Clase A,0
IEB Estructurado IV - Clase B,0
IEB Estructurado IV - Clase X Ley N° 27.743,0
Mabra BAVSA Pesos Plus - Clase A,2.5
Mabra BAVSA Pesos Plus - Clase B,2.5
Mabra BAVSA Pesos Plus - Clase C,2.5
Mabra BAVSA Pesos Plus - Clase D,2.5
Mabra BAVSA Pesos Plus - Clase E - Ley Nº 27.743,2.5
MAF Renta Balanceada - Clase U,2.15
MAF Renta Mixta,0.81
Novus Balanceado - Clase A,4
Novus Balanceado - Clase B,4
Novus Balanceado - Clase C,4
Novus Balanceado - Clase D,2
Novus Balanceado - Clase E,2.2
Novus Balanceado - Clase F,2.2
Novus Balanceado - Clase G,2.2
Novus Balanceado - Clase H,2.2
Novus Gestion - Clase A,0.5
Novus Gestion - Clase B,0.5
Novus Gestion - Clase C,0.5
Novus Gestion - Clase D,0.5
Novus Gestion - Clase E,0.5
Novus Gestion - Clase F,0.5
Novus Gestion - Clase G,0.5
Novus Gestion - Clase H,0.5
Novus Gestion - Clase I Ley N° 27.743,0.5
Novus Gestion II - Clase A,3
Novus Gestion II - Clase B,2.2
Novus Gestion II - Clase C,3
Novus Multiestrategia - Clase A,2.5
Novus Multiestrategia - Clase B,2
Novus Multiestrategia - Clase C,2.5
Novus Multiestrategia - Clase D,2
Novus Multiestrategia - Clase E,2.5
Novus Multiestrategia - Clase F,2.5
Novus Multiestrategia - Clase G,2.5
Novus Multiestrategia - Clase H,2
Novus Performance - Clase A,1.9
Novus Performance - Clase B,1.5
Novus Performance - Clase C,1.9
Novus Performance - Clase D,1.2
Novus Performance - Clase E,1.9
Novus Performance - Clase F,1.5
Novus Performance - Clase G,1.9
Novus Performance - Clase H,1.2
Novus Performance - Clase I Ley N° 27.743,1.9
Novus Renta Balanceado - Clase A,4
Novus Renta Balanceado - Clase B,4
Novus Renta Balanceado - Clase C,4
Novus Renta Balanceado - Clase D,2
Novus Renta Balanceado - Clase E,0.65
Novus Renta Balanceado - Clase F,0.65
Novus Renta Balanceado - Clase G,0.65
Novus Renta Balanceado - Clase H,0.65
Novus Renta Capital - Clase A,1.7
Novus Renta Capital - Clase B,1.7
Novus Renta Capital - Clase C,1.7
Novus Renta Mixta - Clase A,0.4
Novus Renta Mixta - Clase B,0.4
Novus Renta Mixta - Clase C,0.4
Novus Renta Mixta - Clase D,0.4
Novus Renta Mixta - Clase E,0.4
Novus Renta Mixta - Clase F,0.4
Novus Renta Mixta - Clase G,0.4
Novus Renta Mixta - Clase H,0.4
Pellegrini Agro FCI - Clase A,3
Pellegrini Agro FCI - Clase B,2.75
Pionero Multiestrategia Mix - Clase B,0.5625
Pionero Multiestrategia Plus - Clase B,0
SBS Patrimonio IX - Clase A,3.5
SBS Patrimonio IX - Clase B,0.4
SBS Patrimonio V - Clase A,2.5
SBS Patrimonio V - Clase B,0.3
SBS Patrimonio V - Clase Ley N° 27.743,2.5
SBS Patrimonio VI - Clase A,2.5
SBS Patrimonio VI - Clase B,1.25
SBS Patrimonio VI - Clase Ley N° 27.743,2.5
SBS Patrimonio VIII - Clase A,3.5
SBS Patrimonio VIII - Clase B,0.6
Schroder Balanceado - Clase A,2.5
Schroder Balanceado - Clase B,2.5
Schroder Balanceado - Clase C,2.5
Schroder Multiactivos - Clase A,0.65
Schroder Multiactivos - Clase B,0.65
Schroder Multiactivos - Clase C,0.65
Schroder Renta Global Dos - Clase A,0.52
Schroder Renta Global Dos - Clase B,0.52
Schroder Renta Global Dos - Clase C,0.52
Schroder Retorno Absoluto - Clase A,2.5
Schroder Retorno Absoluto - Clase B,2.5
Schroder Retorno Absoluto - Clase C,2.5
Superfondo Renta Balance II - Clase B,0.8947
1810 Renta Mixta,0.05
Adcap Cima Renta Total - Clase A,2.5
Adcap Cima Renta Total - Clase B,1.25
Adcap Cima Renta Total - Clase C,1.25
Allaria Gestion - Clase A,3
Allaria Gestion - Clase B,3
Allaria Renta Balanceada I - Clase A,0.899
Allaria Renta Balanceada I - Clase B,0.899
Alpha Planeamiento Dinamico - Clase A,3.835
Alpha Planeamiento Dinamico - Clase B,3.7865
Alpha Planeamiento Dinamico - Clase C,9.004
Alpha Planeamiento Dinamico - Clase D,3.7865
Alpha Planeamiento Dinamico - Clase I,9.004
Alpha Planeamiento Dinamico - Clase J,9.004
Alpha Planeamiento Dinamico - Clase K,3.7865
Alpha Planeamiento Equilibrado - Clase A,3.475
Alpha Planeamiento Equilibrado - Clase B,3.4165
Alpha Planeamiento Equilibrado - Clase C,8.985
Alpha Planeamiento Equilibrado - Clase D,3.4165
Alpha Planeamiento Equilibrado - Clase I,8.985
Alpha Planeamiento Equilibrado - Clase J,8.985
Alpha Planeamiento Equilibrado - Clase K,3.4165
Argentaria BAVSA Global - Clase B,0.55
Argentaria BAVSA Global - Clase D,0.55
Argentaria BAVSA Global - Clase E,0.55
Argentaria BAVSA Global - Clase K Ley Nº 27.743,0
Argentaria BAVSA Global - Clase L Ley Nº 27.743,0
Arpenta (ex Mercosur),2.99
Axis Estrategia 17 - Clase A,2.5
Axis Estrategia 17 - Clase B,2.5
Axis Estrategia 17 - Clase X Ley N° 27.743,2.5
Axis Estrategia 17 - Clase Y Ley N° 27.743,2.5
Balanz Renta Fija Estrategica - Clase A,2.53
Balanz Renta Fija Estrategica - Clase B,2.03
Balanz Renta Fija Estrategica - Clase C,2.03
Balanz Renta Fija Estrategica - Clase D,2.03
Balanz Renta Fija Estrategica - Clase E,2.03
Balanz Renta Fija Estrategica - Clase F,2.53
Balanz Renta Fija Estrategica - Clase G,2.53
Balanz Retorno Total - Clase A,2.77
Balanz Retorno Total - Clase B,2.53
Balanz Retorno Total - Clase C,2.28
Balanz Retorno Total - Clase D,2.28
Balanz Retorno Total - Clase E,2.77
Balanz Retorno Total - Clase F,2.53
Balanz Retorno Total - Clase G,2.53
Balanz Retorno Total - Clase L Ley Nº 27.743,2.77
Compass Renta Mixta - Clase A,3
Compass Renta Mixta - Clase B,0.5032
Compass Renta Mixta - Clase C,0.5032
Compass Renta Plus - Clase A,3
Compass Renta Plus - Clase B,0.55
Compass Renta Plus - Clase C,0.55
Consultatio Arbitraje - Clase A,0.6411
Consultatio Arbitraje - Clase B,0.6411
Consultatio Arbitraje - Clase C,0.6411
Consultatio Tactico - Clase A,2.55
Consultatio Tactico - Clase B,2
Consultatio Tactico - Clase C,2
Dracma Multiestrategia - Clase A,2.02
Dracma Multiestrategia - Clase B,2.02
Dracma Multiestrategia - Clase C,1.77
Dracma Multiestrategia - Clase D,1.77
Fundcorp Crecimiento - Clase A,3
Fundcorp Crecimiento - Clase B,3
Fundcorp Crecimiento - Clase C,3
GMC Retorno Total III - Clase F,0.7
GMC Retorno Total IV - Clase B,3
GMC Retorno Total IV - Clase C,3
GMC Retorno Total VI - Clase C,4
GSS III - Clase A,0.775
GSS III - Clase B,1.25
HF Balanceado - Clase C,1.5254
HF Balanceado - Clase G,1.5254
HF Balanceado - Clase I,1.5254
IAM Renta Mixta - Clase A,5.1
IAM Renta Mixta - Clase B,3.1
IAM Renta Mixta - Clase C,3.1
IAM Renta Mixta - Clase D,3
IEB Multiestrategia II - Clase B,0
IEB Multiestrategia II - Clase Ley N° 27.743,0
IEB Multiestrategia III - Clase A,2.5
IEB Multiestrategia III - Clase B,2.5
IEB Multiestrategia III - Clase Ley N° 27.743,0
IEB Multiestrategia IV - Clase A,1
IEB Multiestrategia IV - Clase B,1
IEB Multiestrategia IV - Clase Ley N° 27.743,0
IEB Multiestrategia V - Clase A,2
IEB Multiestrategia V - Clase B,1.5
IEB Multiestrategia V - Clase Ley N° 27.743,2
MAF Gestión Activa - Clase A,2.24
MAF Gestión Activa - Clase B,0.65
MAF Gestión Activa - Clase C,2.1
MAF Gestión Activa - Clase D,0.76
Pellegrini Integral - Clase A,2.75
Pellegrini Integral - Clase B,2.375
Pellegrini Retorno Total - Clase A,2.375
Pellegrini Retorno Total - Clase B,0.32
Pionero Horizonte - Clase A,0.9
Pionero Horizonte - Clase B,0.9
Pionero Horizonte - Clase C,0.9
Pionero Horizonte - Clase D Ley N° 27.743,0.9
Pionero Patrimonio I - Clase A,2.655
Pionero Patrimonio I - Clase B,2.16
Pionero Patrimonio I - Clase C Ley N° 27.743,2.4075
Pionero Recovery - Clase A,3.33
Pionero Recovery - Clase B,2.7
Pionero Recovery - Clase C,0
Premier Commodities - Clase A,2.576
Premier Commodities - Clase B,3.22
Premier Commodities - Clase C,1.104
Premier Estrategico - Clase A,1.0396
Premier Estrategico - Clase B,0
Premier Estrategico - Clase C,0
Premier Inversion - Clase A,0.552
Premier Inversion - Clase B,2.76
Premier Inversion - Clase C,0.552
Probolsa,2
Quiron Renta Mixta - Clase A,3
Quiron Renta Mixta - Clase B,3
Quiron Renta Mixta - Clase C,3
Quiron Renta Mixta - Clase Ley Nº 27.743,3
SBS Balanceado - Clase A,3.5
SBS Balanceado - Clase B,2.5
SBS Balanceado - Clase Ley N° 27.743,3.5
Schroder Renta Global - Clase A,0.6
Schroder Renta Global - Clase B,0.55
Schroder Renta Global - Clase C,0.6
SF Value - Clase A,2
Toronto Trust Balanceado - Clase A,2.508
Toronto Trust Balanceado - Clase B,2.208
Toronto Trust Balanceado - Clase C,2.308
Wise Capital Focus I - Clase A,1.37
Wise Capital Focus I - Clase B,1.37
Wise Capital Focus II - Clase A,0
Wise Capital Focus II - Clase B,0
Wise Capital Foreign Equity - Clase A,5
Wise Capital Foreign Equity - Clase B,5
Wise Capital Foreign Equity - Clase C,5
Wise Capital Legacy - Clase A,0.5
Wise Capital Legacy - Clase B,5
Wise Capital Multistrategy - Clase A,5
Wise Capital Multistrategy - Clase B,5
Wise Capital Multistrategy - Clase C,5
Wise Capital Multistrategy - Clase D,3
Wise Capital Multistrategy - Clase J Ley N° 27.743,5
Adcap Gestión Estratégica I - Clase A,1.9
Adcap Gestión Estratégica I - Clase B,1.9
Adcap Gestión Estratégica I - Clase Ley N° 27.743,1.9
Allaria Calificado - Clase A,0
Allaria Calificado - Clase B,1
Allaria Calificado - Clase C,0
Allaria Calificado - Clase D,0
Allaria Calificado II - Clase A,0.4
Allaria Calificado II - Clase B,0.4
Allaria Calificado II - Clase C,0.4
Allaria Calificado II - Clase D,0
Allaria Cobertura Dinamica - Clase A,2.5
Allaria Cobertura Dinamica - Clase B,2.25
Allaria Cobertura Dinamica - Clase C,2.02
Allaria Dinamico II - Clase A,2.5
Allaria Dinamico II - Clase B,2.27
Allaria Dinamico II - Clase C,2.27
Allaria Dinamico II - Clase D,0.6
Allaria Diversificado - Clase A,3.75
Allaria Diversificado - Clase B,3
Allaria Diversificado - Clase C,3
Allaria Diversificado - Clase Ley Nº 27.743,3.75
Allaria Gestión Dinámica - Clase A,0
Allaria Gestión Dinámica - Clase B,0
Allaria Gestión Dinámica - Clase C,0
Allaria Gestion II - Clase A,1.5
Allaria Gestion II - Clase B,1.5
Allaria Gestion II - Clase C,0.7
Allaria Gestion IV - Clase A,1.75
Allaria Gestion IV - Clase B,1.75
Allaria Gestion IV - Clase C,0
Allaria Patrimonio IV - Clase A,0
Allaria Patrimonio IV - Clase B,0
Allaria Patrimonio IV - Clase C,0
Allaria Renta Mixta - Clase A,0
Allaria Renta Mixta - Clase B,0
Allaria Renta Mixta - Clase C,0
Avantia Multiestrategia - Clase A,2.75
Avantia Multiestrategia - Clase B,2.75
Avantia Multiestrategia - Clase C,2
Avantia Multiestrategia - Clase X Ley N°27.743,2.75
Avantia Multiestrategia - Clase Y Ley N°27.743,2.75
Axis Brio Valores I - Clase A,3.6
Axis Brio Valores I - Clase B,3.6
Axis Brio Valores I - Clase X Ley N° 27.743,3.6
Axis Brio Valores I - Clase Y Ley N° 27.743,3.6
Axis Capital 1 - Clase B,0.9
Axis Estrategia 10 - Clase A,2.5
Axis Estrategia 10 - Clase B,2.5
Axis Estrategia 11 - Clase A,3.6
Axis Estrategia 11 - Clase B,3.6
Axis Estrategia 12 - Clase A,1.2
Axis Estrategia 12 - Clase B,1.2
Axis Estrategia 12 - Clase X Ley N° 27.743,1.2
Axis Estrategia 12 - Clase Y Ley N° 27.743,1.2
Axis Estrategia 13 - Clase A,0.95
Axis Estrategia 13 - Clase B,0.95
Axis Estrategia 15 - Clase A,1.25
Axis Estrategia 15 - Clase B,1.25
Axis Estrategia 16 - Clase A,3.1
Axis Estrategia 16 - Clase B,3.1
Axis Estrategia 18 - Clase A,2
Axis Estrategia 18 - Clase B,1.2
Axis Estrategia 18 - Clase X Ley N° 27.743,2
Axis Estrategia 18 - Clase Y Ley N° 27.743,1.2
Axis Estrategia 19 - Clase A,2.6
Axis Estrategia 19 - Clase B,2.45
Axis Estrategia 20 - Clase A,3.5
Axis Estrategia 20 - Clase B,3.5
Axis Estrategia 20 - Clase X Ley N° 27.743,3.5
Axis Estrategia 20 - Clase Y Ley N° 27.743,3.5
Axis Estrategia 21 - Clase A,3
Axis Estrategia 21 - Clase B,3
Axis Estrategia 28 - Clase A,2.25
Axis Estrategia 28 - Clase B,2.25
Axis Estrategia 28 - Clase C,2
Axis Estrategia 29 - Clase A,2.7
Axis Estrategia 29 - Clase B,2.7
Axis Estrategia 29 - Clase C,2.7
Axis Estrategia 29 - Clase X Ley N° 27.743,2.7
Axis Estrategia 29 - Clase Y Ley N° 27.743,2.7
Axis Estrategia 31 - Clase A,2
Axis Estrategia 31 - Clase B,2
Axis Estrategia 31 - Clase C,2
Axis Estrategia 31 - Clase X  Ley N° 27.743,2
Axis Estrategia 31 - Clase Y  Ley N° 27.743,2
Axis Estrategia 6 - Clase A,2.75
Axis Estrategia 6 - Clase B,2.6
Axis Estrategia 6 - Clase X Ley N° 27.743,2.75
Axis Estrategia 6 - Clase Y Ley N° 27.743,2.6
Axis Gestión 1 - Clase A,1
Axis Gestión 1 - Clase B,1
Axis Gestión 1 - Clase C,1
Axis Gestión 1 - Clase X Ley N° 27.743,1
Axis Gestión 1 - Clase Y Ley N° 27.743,1
Axis Gestión 2 - Clase A,2.5
Axis Gestión 2 - Clase B,2.5
Axis Gestión 2 - Clase C,2.5
Axis Gestión 3 - Clase A,1.6
Axis Gestión 3 - Clase B,1.6
Axis Gestión 3 - Clase C,1.6
Axis Multiplo Bursatil Retorno Absoluto - Clase A,3.6
Axis Multiplo Bursatil Retorno Absoluto - Clase B,3.2
Axis Multiplo Bursatil Retorno Absoluto - Clase X Ley N° 27.743,3.6
Axis Multiplo Bursatil Retorno Absoluto - Clase Y Ley N° 27.743,3.2
Axis S&C Argentina Absolute Return - Clase A,3
Axis S&C Argentina Absolute Return - Clase B,3
Axis S&C Argentina Absolute Return - Clase X Ley N° 27.743,0
Axis S&C Argentina Absolute Return - Clase Y Ley N° 27.743,3
Bamba Agronegocios - Clase A,2.7
Bamba Agronegocios - Clase B,2.45
Bamba Agronegocios - Clase X Ley N° 27.743,2.5
Bamba Agronegocios - Clase Y Ley N° 27.743,2.45
Bursátil X Retorno Absoluto - Clase A,1.2
Bursátil X Retorno Absoluto - Clase B,1.2
Bursátil X Retorno Absoluto - Clase C,1.2
Bursátil X Retorno Absoluto - Clase X Ley N° 27.743,1.2
Bursátil X Retorno Absoluto - Clase Y Ley N° 27.743,1.2
Chimpay Pesos Moderado - Clase A,3.25
Chimpay Pesos Moderado - Clase B,2.5
Chimpay Pesos Moderado - Clase C,2
Cocos Rendimiento - Clase A,2.5
Cocos Rendimiento - Clase B,2.5
Cocos Rendimiento - Clase C,0
Cocos Rendimiento - Clase D,0
Compass Renta Mixta V - Clase A,0.5
Compass Renta Mixta V - Clase B,0.5
Compass Renta Mixta V - Clase C,0.5
Compass Renta Mixta V - Clase H Ley N° 27.743,0.5
Compass Renta Mixta V - Clase I Ley N° 27.743,0.5
Compass Renta Mixta VI - Clase A,3
Compass Renta Mixta VI - Clase B,2
Compass Renta Mixta VI - Clase C,1.25
Compass Renta Mixta VI - Clase H - Ley Nº 27.743,3
Compass Renta Mixta VI - Clase I - Ley Nº 27.743,2
Consultatio Estrategico - Clase A,0.6
Consultatio Estrategico - Clase B,0.6
Consultatio Estrategico - Clase C,0
Consultatio Gestion I - Clase A,1.9
Consultatio Gestion I - Clase B,2
Consultatio Gestion I - Clase C,1.9
Consultatio Gestion I - Clase D,0.9
Consultatio Gestion IV - Clase A,3
Consultatio Gestion IV - Clase B,0.45
Consultatio Gestion IV - Clase C,3
Consultatio Gestion V - Clase A,0.8
Consultatio Gestion V - Clase B,0.8
Consultatio Gestion V - Clase C,1
Consultatio Gestión X - Clase A,5
Consultatio Gestión X - Clase B,5
Consultatio Gestión X - Clase C,5
Consultatio Gestión X - Clase D,0.7
Consultatio One Ahorro - Clase A,0
Consultatio One Ahorro - Clase B,0.6
Consultatio One Ahorro - Clase C,0.6
Consultatio One Ahorro - Clase D,0.6
Consultatio Renta Balanceada - Clase A,3
Consultatio Renta Balanceada - Clase B,3
Consultatio Renta Balanceada - Clase C,0.5
CYC Renta Mixta - Clase A,2
CYC Renta Mixta - Clase B,2
CYC Renta Mixta - Clase C,2
CYC Renta Mixta - Clase D,2
CYC Renta Mixta - Clase E Ley N° 27.743,2
FBA Renta Mixta - Clase A,2.879
FBA Renta Mixta - Clase B,1.829
FBA Renta Mixta - Clase J Ley N° 27.743,2.879
FBA Renta Mixta - Clase K Ley N° 27.743,1.829
Gainvest Balanceado II - Clase A,0
Gainvest Balanceado II - Clase B,0
Gainvest Balanceado II - Clase C,0
Gainvest Balanceado III - Clase A,0
Gainvest Balanceado III - Clase B,1
Gainvest Balanceado III - Clase C,0
Gainvest Balanceado V - Clase A,0
Gainvest Balanceado V - Clase B,0.6
Gainvest Balanceado V - Clase C,0
Gainvest Balanceado VI - Clase A,1
Gainvest Balanceado VI - Clase B,1
Gainvest Balanceado VI - Clase C,1
Gainvest Balanceado VII - Clase A,0
Gainvest Balanceado VII - Clase B,0.55
Gainvest Balanceado VII - Clase C,0
Gainvest Capital III - Clase A,1
Gainvest Capital III - Clase B,1
Gainvest Global IX - Clase A,0
Gainvest Global IX - Clase B,0
Gainvest Global IX - Clase C,0
Gainvest Global V - Clase A,3
Gainvest Global V - Clase B,3
Gainvest Global V - Clase C,2
Gainvest Global V - Clase Ley N° 27.743,3
Gainvest Global VI - Clase A,1.3
Gainvest Global VI - Clase B,1.3
Gainvest Global VI - Clase C,1.3
Gainvest Global VII - Clase A,2.5
Gainvest Global VII - Clase B,2.5
Gainvest Global VII - Clase C,2.5
Gainvest Global VIII - Clase A,3
Gainvest Global VIII - Clase B,2.5
Gainvest Global VIII - Clase C,2
Galileo Multimercado IV - Clase A,1.5
Galileo Multimercado IX - Clase A,0
Galileo Multimercado IX - Clase B,0
Galileo Multimercado V - Clase A,1.5
Galileo Multimercado V - Clase B,0.6
Galileo Multimercado VI - Clase A,2.5
Galileo Multimercado VI - Clase B,1.75
Galileo Multimercado VII - Clase A,2
Galileo Multimercado VII - Clase B,1.8
Galileo Multimercado VIII - Clase A,2
Galileo Multimercado VIII - Clase B,1.8
GSS II - Clase A,0.775
GSS II - Clase B,1.25
IAM Lider Renta Pesos - Clase B,1.2
Integrae SC Retorno Total - Clase A,3
Integrae SC Retorno Total - Clase B,3
Lombard Dinámico I - Clase U,2.08
MAF Renta Balanceada 2 - Clase A,1.5
MAF Renta Balanceada 2 - Clase B,1.5
MAF Renta Balanceada 2 - Clase C,2.06
MAF Renta Balanceada 2 - Clase D,0.75
MAF Renta Balanceada 2 - Clase E,0.2
MAF Renta Balanceada 2 - Clase F,2.16
MEGAQM Acciones Latam - Clase A,2.5
MEGAQM Acciones Latam - Clase B,2.18
MEGAQM Estrategia 3 - Clase A,0
MEGAQM Estrategia 3 - Clase B,0
MEGAQM Estrategia 8 - Clase A,0
MEGAQM Estrategia 8 - Clase B,0
MEGAQM Estrategia 8 - Clase C,0
MEGAQM Estrategia 8 - Clase D,0
MEGAQM Renta Mixta - Clase A,2.5
MEGAQM Renta Mixta - Clase B,2.18
Optimum Global Balanced - Clase B,1.05
Parakeet Blend - Clase A,2
Parakeet Blend - Clase B,1.5
Parakeet Blend - Clase X Ley N° 27.743,0
Parakeet Cobalto Estrategia - Clase A,2.5
Parakeet Cobalto Estrategia - Clase B,2
Parakeet Multimercado III - Clase A,2.5
Parakeet Multimercado III - Clase B,2
Pionero Renta Mixta I - Clase A,2.945
Pionero Renta Mixta I - Clase B,2.25
Pionero Renta Mixta I - Clase C Ley N° 27.743,1.37
Pionero Renta Mixta I RP D.596 - Clase A,0
Pionero Renta Mixta I RP D.596 - Clase B,0
SBS Patrimonio IV - Clase A,2.5
SBS Patrimonio IV - Clase B,0.65
SBS Patrimonio IV - Clase Ley N° 27.743,2.5
SMR Fondo Comun de Inversion - Clase A,2.2
SMR Fondo Comun de Inversion - Clase B,2.2
SMR Fondo Comun de Inversion - Clase C,2.2
ST Renta Mixta - Clase A,3
ST Renta Mixta - Clase B,2.25
ST Renta Mixta - Clase C,2
ST Renta Mixta - Clase D,2
Tandem Balanceado I - Clase A,0
Tandem Balanceado I - Clase B,0
Tandem Balanceado I - Clase C,0
Tandem Balanceado I - Clase D,0
Tandem Balanceado II - Clase A,0
Tandem Balanceado II - Clase B,0
Tandem Balanceado II - Clase C,0
Tandem Balanceado II - Clase D,2
Tandem Crecimiento I - Clase A,0
Tandem Crecimiento I - Clase B,0
Tandem Crecimiento I - Clase C,0
Tandem Crecimiento I - Clase D,0
Toronto Trust Argentina 2021 - Clase A,2.7822
Toronto Trust Argentina 2021 - Clase B,2.5322
Toronto Trust Argentina 2021 - Clase C,2.0322
Toronto Trust Argentina 2021 - Clase D,2.0322
Toronto Trust Argentina 2021 - Clase Ley N° 27.743,2.7822
Toronto Trust Gestión - Clase B,0.7637
Toronto Trust Infraestructura - Clase A,2.2
Toronto Trust Infraestructura - Clase B,2
Toronto Trust Infraestructura - Clase C,1.9
Toronto Trust Infraestructura - Clase Ley N° 27.743,2.2
Alpha Renta Balanceada Global - Clase A,1.8283
Alpha Renta Balanceada Global - Clase B,3.8174
Alpha Renta Balanceada Global - Clase C,1.8283
Alpha Renta Balanceada Global - Clase D,3.8174
Alpha Renta Balanceada Global - Clase I,0.522
Delta Gestion I - Clase B,0.55
Delta Gestion II - Clase B,0
IEB Retorno Total - Clase A,0.6
IEB Retorno Total - Clase B,0.6
IEB Retorno Total - Clase C,0.6
IEB Retorno Total - Clase Ley N° 27.743,0.6
Max Estrategico I - Clase A,0
Max Estrategico I - Clase B,0
Max Estrategico I - Clase C,0
Max Estrategico I - Clase D,0.58
SBS Multiactivos - Clase A,2.5
SBS Multiactivos - Clase B,0.6
SBS Multiactivos - Clase Ley N° 27.743,2.5
SBS Tavelli Global - Clase P,0.6
Superfondo Combinado - Clase A,0.7319
Superfondo Combinado - Clase B,1.1179
Superfondo Combinado - Clase C,0.596
Superfondo Combinado - Clase D,0.646
Superfondo Multirenta - Clase A,0
Superfondo Multirenta - Clase B,0.4947
Superfondo Multirenta - Clase C,0
Superfondo Multirenta - Clase D,0
Superfondo Multirenta - Clase E,0
Superfondo Multirenta - Clase F,0
Superfondo Renta Balance - Clase A,0
Superfondo Renta Balance - Clase B,0.4947
Superfondo Renta Balance - Clase C,0
Superfondo Renta Balance - Clase D,0
Superfondo Renta Balance - Clase E,0.4947
Superfondo Renta Balance - Clase F,0
Superfondo Renta Mixta - Clase A,0
Superfondo Renta Mixta - Clase B,0.4947
Superfondo Renta Mixta - Clase C,0
Superfondo Renta Mixta - Clase D,0
Supergestion Balanceado - Clase A,0.496
Supergestion Balanceado - Clase B,0.471
Supergestion Balanceado - Clase C,0.425
Supergestion Balanceado - Clase D,0.45
Consultatio Renta Mixta - Clase A,2.75
Consultatio Renta Mixta - Clase B,1.55
Consultatio Renta Mixta - Clase C,0.37
FBA Retorno Total I - Clase A,1.629
FBA Retorno Total I - Clase B,1.379
GSS Energia - Clase A,1.24
GSS Energia - Clase B,2
GSS Energia - Clase Ley N° 27.743,2
GSS Retorno Total - Clase A,1.24
GSS Retorno Total - Clase B,2
GSS Retorno Total - Clase Ley N° 27.743,2
IEB Multiestrategia - Clase A,2.5
IEB Multiestrategia - Clase B,2.25
IEB Multiestrategia - Clase C,0
IEB Multiestrategia - Clase Ley N° 27.743,2.5
Optimum Global Investment Grade,3.4
Optimum Global Renta Mixta,1.05
Optimum Global Renta Mixta - Clase A,2.3
Supergestion - Clase A,0.7319
Supergestion - Clase B,1.1179
Supergestion - Clase C,0.575
Supergestion - Clase D,0.575
Supergestion - Clase F,0.3085
Supergestion - Clase H,1.4324
Supergestion - Clase I,1.1074
Supergestion - Clase J,0
Fima Mix I - Clase A,1.785
Fima Mix I - Clase B,1.5725
Fima Mix I - Clase C,0.85
Fima Mix II - Clase A,1.785
Fima Mix II - Clase B,1.5725
Fima Mix II - Clase C,0.85
Pionero Argentina Bicentenario - Clase A,0
Pionero Argentina Bicentenario - Clase B,0.63
Pionero Argentina Bicentenario - Clase C,0
Argenfunds Renta Mixta Plus - Clase E,2
Argenfunds Renta Mixta Plus - Clase F,2
Compass Renta Mixta VII - Clase  B,1.5
Compass Renta Mixta VII - Clase A,1.5
Compass Renta Mixta VII - Clase C,1.5
FBA Renta Mixta II - Clase B,1.879
FBA Renta Mixta III - Clase B,1.879
Renta Mixta Dolar Estadounidense,nan
Axis Estrategia Dólar 2 - Clase B,0.75
Axis Estrategia Dólar 2 - Clase E,0.75
Axis Estrategia Dólar 2 - Clase F,0.75
Axis Estrategia Dólar 2 - Clase X Ley N° 27.743,0.75
Axis Estrategia Dólar 2 - Clase Y Ley N° 27.743,0.75
Axis Estrategia Dólar 3 - Clase A,1.3
Axis Estrategia Dólar 3 - Clase B,1.3
Axis Estrategia Dólar 3 - Clase C,1
Axis Estrategia Dólar 3 - Clase X Ley N° 27.743,1
Axis Estrategia Dólar 3 - Clase Y Ley N° 27.743,1
Axis S&C Renta Fija Dólar Low Volatility - Clase A,0.75
FBA Renta Mixta Dólar I - Clase B,0.479
Pionero Dólar Dinámico - Clase A,0.72
Pionero Dólar Dinámico - Clase B,0.72
Pionero Dólar Dinámico - Clase C Ley N° 27.743,0
Probolsa Dolares,1.2
Probolsa Dolares RP D.596,1.2
ST Retorno Total Dolares - Clase A,1
ST Retorno Total Dolares - Clase B,0.9
ST Retorno Total Dolares - Clase C,0.9
ST Retorno Total Dolares - Clase D,0.8
Tandem Global II - Clase A,0
Tandem Global II - Clase B,0
Tandem Global II - Clase C,0
Tandem Global II - Clase D,1.5
Tandem Global III - Clase A,0
Tandem Global III - Clase B,0
Tandem Global III - Clase C,0
Tandem Global III - Clase D,0
Tandem Global IV - Clase A,0
Tandem Global IV - Clase B,0
Tandem Global IV - Clase C,0
Tandem Global IV - Clase D,0
Transatlantica Estrategia Dólar - Clase A,1.5
Transatlantica Estrategia Dólar - Clase B,1.5
Transatlantica Estrategia Dólar - Clase C,1.5
Transatlantica Estrategia Dólar - Clase F,1.5
Transatlantica Estrategia Dólar - Clase G,1.5
Transatlantica Estrategia Dólar - Clase X Ley N° 27.743,1.5
Transatlantica Estrategia Dólar - Clase Y Ley N° 27.743,1.5
Delta Multimercado I - Clase F,2.5
Delta Multimercado I - Clase G,2
Gainvest Performance - Clase A,2.5
Gainvest Performance - Clase B,2.5
Gainvest Performance - Clase C,0
Gainvest Performance II - Clase A,0
Gainvest Performance II - Clase B,1.75
Gainvest Performance II - Clase C,0
Mabra BAVSA Renta Dólar - Clase A,1.2
Mabra BAVSA Renta Dólar - Clase B,1.2
Mabra BAVSA Renta Dólar - Clase C,1.2
Mabra BAVSA Renta Dólar - Clase D Ley Nº 27.743,1.2
MAF Mix I - Clase  Art. 11 Decreto 99/2019 y mod,0.55
MAF Mix I - Clase D,0.2548
MAF Mix I - Clase RAP Ley N° 27.743,0.2548
MAF Mix II -  Clase RAP Ley N° 27.743,1.9
MAF Mix II - Clase D,1.9
MAF Mix II - Clase E,1.9
MAF Renta Balanceada - Clase D,1
MAF Renta Balanceada - Clase E,1
MEGAQM Gestión Balanceada Dólares - Clase A,0
MEGAQM Gestión Balanceada Dólares - Clase B,1.2
SBS Renta Mixta III - Clase A,3
SBS Renta Mixta III - Clase B,0.6
SBS Renta Mixta III - Clase Ley N° 27.743,3
SBS Renta Mixta V - Clase B,1.5
SBS Renta Patrimonio - Clase A,2.5
SBS Renta Patrimonio - Clase B,2
SBS Renta Patrimonio - Clase Ley N° 27.743,2.5
Schroder Renta Global Dos - Clase B Dólares,0.52
Schroder Retorno Absoluto Dolares - Clase B,2.5
Schroder Retorno Total - Clase A,2.75
Schroder Retorno Total - Clase B,1.6
Schroder Retorno Total - Clase C,2
Schroder Retorno Total - Clase D Ley N° 27.743,2.75
Apolo Dólares - Clase B,1.5
Apolo Dólares - Clase C,1.5
Cocos Renta Dólar - Clase A - Ley N° 27.743,2
Cocos Renta Dólar - Clase B - Ley N° 27.743,2
Compass Renta Mixta - Clase D,0
Compass Renta Mixta - Clase E,0.5032
Compass Renta Mixta - Clase F,0
Compass Renta Plus - Clase D,3
Compass Renta Plus - Clase E,0.55
Compass Renta Plus - Clase F,0.55
MAF Gestión Activa - Clase E,2.24
MAF Gestión Activa - Clase F,2.24
Allaria Dólar Ahorro Plus - Clase A,1.25
Allaria Dólar Ahorro Plus - Clase B,1
Allaria Dólar Ahorro Plus - Clase C,0.9
Allaria Dólar Ahorro Plus - Clase Ley N° 27.743,1.25
Allaria Renta Mixta Dólares - Clase A,1
Allaria Renta Mixta Dólares - Clase B,1
Allaria Renta Mixta Dólares - Clase C,1
Consultatio Gestion II - Clase A,2.2
Consultatio Gestion II - Clase B,1.1
Consultatio Gestion II - Clase C,1.1
Consultatio Gestion II - Clase D,0.6
Fima Mix Dólares - Clase A,0.85
Fima Mix Dólares - Clase B,0.7225
Fima Mix Dólares - Clase C,0.595
Fima Mix Dólares - Clase L Ley N° 27.743,0.85
IAM Renta Global - Clase A,0.95
IAM Renta Global - Clase B,0.95
IAM Renta Global - Clase C,0.95
IAM Renta Global - Clase D,0.95
IAM Renta Global - Clase Ley Nº 27.743,0.95
Integrae SC Retorno Total - Clase C,3
Integrae SC Retorno Total - Clase D,3
MAF Renta Balanceada 2 - Clase G,2.26
MAF Renta Balanceada 2 - Clase H,2.26
Tandem Global - Clase A,0
Tandem Global - Clase B,0
Tandem Global - Clase C,0
Tandem Global - Clase D,1
Tandem Global - Clase E Ley N° 27.743,0
Toronto Trust Ahorro Dólar - Clase A,0.55
Toronto Trust Ahorro Dólar - Clase B,0.45
Toronto Trust Ahorro Dólar - Clase C,0.5
Toronto Trust Ahorro Dólar - Clase D,0.35
Toronto Trust Renta Dólar - Clase A,0.85
Toronto Trust Renta Dólar - Clase B,0.75
Toronto Trust Renta Dólar - Clase C,0.7
Toronto Trust Renta Dólar - Clase Ley N° 27.743,0.85
Wise Capital Global Markets - Clase A,2.5
Wise Capital Global Markets - Clase B,2.5
Wise Capital Global Markets - Clase C,2.5
Wise Capital Global Markets - Clase H Ley N° 27.743,2.5
Gainvest Global IV - Clase A,1
Gainvest Global IV - Clase B,1.9
IEB Retorno Total - Clase D,0.6
IEB Retorno Total - Clase E,0.6
IEB Retorno Total - Clase F,0
Max Estrategico III - Clase A,0
Max Estrategico III - Clase B,0
Max Estrategico III - Clase C,0
Max Estrategico III - Clase D,0
Max Estrategico III - Clase E Ley N° 27.743,0
Max Estrategico IV - Clase A,0
Max Estrategico IV - Clase B,0
Max Estrategico IV - Clase C,0
Max Estrategico IV - Clase D,0
Max Estrategico IV - Clase E Ley N° 27.743,0
IEB Multiestrategia - Clase D,6
IEB Multiestrategia - Clase E,0
IEB Multiestrategia - Clase F,6
Supergestion - Clase K,0
Galileo Multi Strategy - Clase A,2
Galileo Multi Strategy - Clase B,1.25
Galileo Multi Strategy - Clase C Ley N° 27.743,2
Galileo Multi Strategy II - Clase A,1.5
Galileo Multi Strategy II - Clase B,1.25
Galileo Multi Strategy II - Clase C Ley N°27.743,1.5
Galileo Multi Strategy II - Clase D Ley N°27.743,1.25
Schroder Retorno Total Cuatro - Clase A,0.8
Schroder Retorno Total Cuatro - Clase B,0.5
Schroder Retorno Total Cuatro - Clase D Ley N° 27.743,0.8
Schroder Retorno Total Dos - Clase A,0
Schroder Retorno Total Dos - Clase B,0.61
Schroder Retorno Total Dos - Clase C,2
Argenfunds Renta Mixta Plus - Clase A,1.5
Argenfunds Renta Mixta Plus - Clase B,0.5
Premier Global Dolares - Clase A,0
Premier Global Dolares - Clase B,0
Premier Global Dolares - Clase C,0
Quiron Latam en U$S - Clase A,3
Quiron Latam en U$S - Clase B,3
Quiron Latam en U$S - Clase Ley Nº 27.743,3
SBS Renta Mixta - Clase A,0.75
SBS Renta Mixta - Clase B,0.75
SBS Renta Mixta - Clase Ley N° 27.743,0.75
Renta Mixta Dolar Estadounidense Billete,nan
Axis Estrategia Dólar 5 - Clase A,1.2
Axis Estrategia Dólar 5 - Clase B,0.8
Axis Estrategia Dólar 5 - Clase C,0.5
Axis Estrategia Dólar 6 - Clase A,1.25
Axis Estrategia Dólar 6 - Clase B,1.25
Axis Estrategia Dólar 6 - Clase C,0.3
Axis Estrategia Dólar 7	- Clase A,1.3
Axis Estrategia Dólar 7	- Clase B,1.3
Axis Estrategia Dólar 7	- Clase C,1.3
Pionero Dólar Dinámico - Clase D,0.72
Pionero Dólar Dinámico - Clase E,0
Compass Renta Mixta Dólares III	- Clase A,2
Compass Renta Mixta Dólares III	- Clase B,1.5
Compass Renta Mixta Dólares III	- Clase C,1.5
Compass Renta Mixta Dólares III - Clase H Ley N° 27.743,2
Superfondo Multiactivos Dólar - Clase A,0
Superfondo Multiactivos Dólar - Clase B,0
Superfondo Multiactivos Dólar - Clase C,0
Superfondo Multiactivos Dólar - Clase D,0
Superfondo Multiactivos Dólar - Clase E,0
Superfondo Multiactivos Dólar - Clase F,0
Compass Renta Mixta Dólares II - Clase A,1.5
Compass Renta Mixta Dólares II - Clase B,1.5
Compass Renta Mixta Dólares II - Clase C,1.5
PyMes Peso Argentina,nan
Axis Rosental FCI Abierto Pymes - Clase A,2.5
Axis Rosental FCI Abierto Pymes - Clase B,2
Ecopymes FCI Abierto Pymes - Clase A,5
Ecopymes FCI Abierto Pymes - Clase B,5
Optimum Abierto Pymes - Clase B,2.34
Optimum Abierto Pymes - Clase C,0.94
Optimum Abierto Pymes - Clase D,2.74
Optimum Abierto Pymes - Clase E,2.34
Parakeet Abierto Pymes - Clase A,2.5
Parakeet Abierto Pymes - Clase B,2
Argenfunds Abierto Pymes II - Clase A,0
Argenfunds Abierto Pymes II - Clase B,2.5
Gainvest PYMEs - Clase A,2.5
Gainvest PYMEs - Clase B,2.5
Gainvest PYMEs - Clase C,1.5
MAX Gestion Abierto Pyme I - Clase A,0
MAX Gestion Abierto Pyme I - Clase B,0
MAX Gestion Abierto Pyme I - Clase E,0
Novus Pyme Abierto - Clase A,2
Novus Pyme Abierto - Clase B,2
Novus Pyme Abierto - Clase C,2
Novus Pyme Abierto - Clase D,2
Novus Pyme Abierto - Clase E,2
Novus Pyme Abierto - Clase F,2
Novus Pyme Abierto - Clase G,2
Novus Pyme Abierto - Clase H,2
Quiron Pymes Capital Plus - Clase A,5
Quiron Pymes Capital Plus - Clase B,5
Quiron Pymes Capital Plus - Clase C,5
SBS Tavelli Abierto Pymes - Clase P,2
Superfondo Empresas Args. Abierto Pymes - Clase A,0
Superfondo Empresas Args. Abierto Pymes - Clase B,0
Superfondo Empresas Args. Abierto Pymes - Clase C,0
Alamerica Abierto Pymes - Clase A,0
Alamerica Abierto Pymes - Clase B,1
Alamerica Abierto Pymes - Clase C,0
Alamerica Abierto Pymes - Clase D,0
Allaria Abierto Pymes - Clase A,2
Allaria Abierto Pymes - Clase B,2
Allaria Abierto Pymes - Clase C,2
Balanz Capital Abierto Pymes FCI - Clase A,2.5
Balanz Capital Abierto Pymes FCI - Clase B,2.1
Balanz Capital Abierto Pymes FCI - Clase C,2.1
Balanz Capital Abierto Pymes FCI - Clase D,0
Balanz Capital Abierto Pymes FCI - Clase E,0
Delta Empresas Argentinas Pymes - Clase A,4
Delta Empresas Argentinas Pymes - Clase B,2
Delta Empresas Argentinas Pymes - Clase E,1.25
Fima FCI Abierto Pymes - Clase A,1.9125
Fima FCI Abierto Pymes - Clase B,1.7
Fima FCI Abierto Pymes - Clase C,1.4875
IEB Pyme - Clase A,2
IEB Pyme - Clase B,2
IEB Pyme - Clase C,0
IEB Pyme - Clase Ley N° 27.743,0
MEGAQM Cobertura FCIA Pymes - Clase A,0
MEGAQM Cobertura FCIA Pymes - Clase B,1.679
Pionero Empresas FCI Abierto Pymes -  Clase A,2.02
Pionero Empresas FCI Abierto Pymes - Clase B,0.585
SBS Abierto Pymes - Clase A,3.5
SBS Abierto Pymes - Clase B,2.15
SBS Abierto Pymes - Clase Ley N° 27.743,3.5
Toronto Trust Abierto Pymes - Clase A,1.1685
Toronto Trust Abierto Pymes - Clase B,1.7685
Toronto Trust Abierto Pymes - Clase C,1.1685
Zofingen Factoring Abierto Pyme - Clase A,1.79
Zofingen Factoring Abierto Pyme - Clase B,2.95
Zofingen Factoring Abierto Pyme - Clase C,2.03
1822 Raices Abierto Pymes,1.4
Abierto Momentum Pymes - Clase A,2.5
Abierto Momentum Pymes - Clase B,2.5
Abierto Momentum Pymes - Clase C,2.5
Abierto Momentum Pymes - Clase D Ley N° 27.743,2.5
Abierto Pymes Veta - Clase A,2.77
Abierto Pymes Veta - Clase B,1.97
Abierto Pymes Veta - Clase C,2.11
Adcap Cima Abierto Pymes - Clase A,1.5
Adcap Cima Abierto Pymes - Clase B,1.5
Adcap Financiamiento Abierto Pymes - Clase A,2.35
Adcap Financiamiento Abierto Pymes - Clase B,2.3
Adcap Financiamiento Abierto Pymes - Clase C,2.04
Adcap Financiamiento Abierto Pymes - Clase Ley Nº 27.743,2.35
Adcap S&C Renta Corporativa Corto Plazo Abierto Pymes - Clase A,2
Adcap S&C Renta Corporativa Corto Plazo Abierto Pymes - Clase B,2
Adcap S&C Renta Corporativa Corto Plazo Abierto Pymes - Clase C,2
Adcap S&C Renta Corporativa Corto Plazo Abierto Pymes - Clase Ley Nº 27.743,2.02
Allaria Pyme Selection - Clase A,0
Allaria Pyme Selection - Clase B,2.52
Allaria Pyme Selection - Clase C,2.52
Allaria Unicred Abierto Pymes FCI - Clase A,2.125
Allaria Unicred Abierto Pymes FCI - Clase B,2.125
Allaria Unicred Abierto Pymes FCI - Clase C,2.125
Allaria Unicred Abierto Pymes FCI - Clase D,2.5
Allaria Unicred Abierto Pymes FCI - Clase Ley N° 27.743,2.13
Alpha Abierto Pymes - Clase A,2
Alpha Abierto Pymes - Clase B,2.91
Alpha Abierto Pymes - Clase C,2.73
Alpha Abierto Pymes - Clase D,2.18
Alpha Abierto Pymes - Clase E,0.63
Alpha Abierto Pymes - Clase J,2
Alpha Abierto Pymes - Clase K,2.91
Apolo Pymes - Clase B,0.22
Argenfunds Abierto Pymes - Clase A,3
Argenfunds Abierto Pymes - Clase B,1.8991
Axis Abierto Pymes 3 - Clase A,2.6
Axis Abierto Pymes 3 - Clase B,2.6
Axis Abierto Pymes 3 - Clase C,2.6
Axis Abierto Pymes 3 - Clase X Ley N° 27.743,2.6
Axis Abierto Pymes 3 - Clase Y Ley N° 27.743,2.6
Axis FCIA Pymes 1 - Clase A,2.5
Axis FCIA Pymes 1 - Clase B,2.5
Axis IMSA FCI Abierto Pymes Federal Argentina - Clase A,2.5
Axis IMSA FCI Abierto Pymes Federal Argentina - Clase B,2
Axis IMSA FCI Abierto Pymes Federal Argentina - Clase X Ley N° 27.743,2.5
Axis IMSA FCI Abierto Pymes Federal Argentina - Clase Y Ley N° 27.743,2
Axis Producir FCIA Pymes - Clase A,2.6
Axis Producir FCIA Pymes - Clase B,2.5
Bull Market Abierto Pymes - Clase A,2.25
Bull Market Abierto Pymes - Clase B,2.25
Chaco FCI Abierto Pymes - Clase A,1.85
Chaco FCI Abierto Pymes - Clase B,1.85
Champaquí FCI Abierto Pymes - Clase B,2
Champaquí FCI Abierto Pymes - Clase D,0.85
Compass Argentina Abierto PyMEs - Clase A,4
Compass Argentina Abierto PyMEs - Clase B,2
Compass Argentina Abierto PyMEs - Clase C,1.3
Consultatio Abierto Pymes - Clase A,2
Consultatio Abierto Pymes - Clase B,2
Consultatio Abierto Pymes - Clase C,1.4
Dracma Abierto Pymes - Clase A,2.02
Dracma Abierto Pymes - Clase B,2.02
Dracma Abierto Pymes - Clase C,2.02
Dracma Abierto Pymes - Clase D,2.02
Dracma Abierto Pymes - Clase E Ley N° 27.743,1.8
FCI Abierto Pymes Potencia Pyme - Clase A,1.84
FCI Abierto Pymes Potencia Pyme - Clase B,2.1
FCI Abierto Pymes Potencia Pyme - Clase C,2.67
First Abierto Pymes - Clase A,3
First Abierto Pymes - Clase B,2.25
First Abierto Pymes - Clase C,0.65
First Abierto Pymes - Clase D,0.65
First Abierto Pymes II - Clase A,2.5
First Abierto Pymes II - Clase B,1.85
First Abierto Pymes II - Clase C,1.5
First Abierto Pymes II - Clase D,0.65
Fundcorp Capital Abierto Pymes - Clase A,2.25
Fundcorp Capital Abierto Pymes - Clase B,1.85
Fundcorp Capital Abierto Pymes - Clase C,1.5
Galileo FCI Abierto Pymes - Clase B,2
Gestionar Abierto Pymes - Clase A,2
Gestionar Abierto Pymes - Clase B,2
IAM Dinámico FCI Abierto Pymes - Clase B,2
IAM FCI Abierto Pymes - Clase A,2.5
IAM FCI Abierto Pymes - Clase B,2.1
IAM FCI Abierto Pymes - Clase C,2.1
IAM FCI Abierto Pymes - Clase D,1.95
Julio A. Roca Abierto Pymes - Clase A,5
Lombard Abierto Pymes,1.6
MAF Abiertos Pymes - Clase A,2.8
MAF Abiertos Pymes - Clase B,1.87
MAF Abiertos Pymes - Clase C,2.1
MAF Abiertos Pymes - Clase D,1.75
MAF Abiertos Pymes - Clase E,0.2
MAF Abiertos Pymes - Clase F,2.75
MAF Empresas Pymes,1.99
MEGAQM Empresas Argentinas FCIA Pymes - Clase A,2.129
MEGAQM Empresas Argentinas FCIA Pymes - Clase B,2.129
Pellegrini Empresas Argentinas PyMES,1.25
Premier Abierto Pymes - Clase A,2.024
Premier Abierto Pymes - Clase B,2.76
Premier Abierto Pymes - Clase C,1.656
Quiron Agro Pymes - Clase A,3.75
Quiron Agro Pymes - Clase B,3.75
Quiron Agro Pymes - Clase C,1.97
Quiron PYMEs - Clase A,1.97
Quiron PYMEs - Clase B,5
Schroder Desarrollo y Crecimiento PyMEs - Clase A,3
Schroder Desarrollo y Crecimiento PyMEs - Clase B,2
Schroder Desarrollo y Crecimiento PyMEs - Clase C,0.58
Schroder Desarrollo y Crecimiento PyMEs - Clase D,1.4
ST Abierto Pymes - Clase A,2
ST Abierto Pymes - Clase B,1.6
ST Abierto Pymes - Clase C,1.4
ST Abierto Pymes - Clase D,1.4
Valiant Abierto Pymes - Clase A,2
Valiant Abierto Pymes - Clase B,4
Max Abierto PyMEs - Clase A,2.25
Max Abierto PyMEs - Clase B,2
Max Abierto PyMEs - Clase C,0
Max Abierto PyMEs - Clase D,0
Alycbur FCI Abierto Pymes - Clase A,2
Alycbur FCI Abierto Pymes - Clase B,2
Alycbur FCI Abierto Pymes - Clase C,2
Alycbur FCI Abierto Pymes - Clase Ley Nº 27.743,2
PyMes Dolar Estadounidense,nan
Argenfunds Abierto Pymes - Clase C,2
Argenfunds Abierto Pymes - Clase D,2
Compass Argentina Abierto PyMEs - Clase D,4
Compass Argentina Abierto PyMEs - Clase E,2
Compass Argentina Abierto PyMEs - Clase F,1.3
MAF Abiertos Pymes - Clase H,2.8
PyMes Dolar Estadounidense Billete,nan
MAF Abiertos Pymes - Clase G,2.8
Infraestructura Peso Argentina,nan
Desarrollo Argentino I FCI Abierto para el Fin. de la Infra. y la Econ. Real - Clase D,3.15
Desarrollo Argentino I FCI Abierto para el Fin. de la Infra. y la Econ. Real - Clase E,2.15
Desarrollo Argentino I FCI Abierto para el Fin. de la Infra. y la Econ. Real - Clase F,1.75
Gainvest Infraestructura FCI Abierto - Clase A,2.5
Gainvest Infraestructura FCI Abierto - Clase B,2.5
Gainvest Infraestructura FCI Abierto - Clase C,1.5
Pellegrini Desarrollo Arg. Infraest. - Clase A,1.5
Pellegrini Desarrollo Arg. Infraest. - Clase B,0.6
Allaria Desarrollo e Infraestructura - Clase A,2.02
Allaria Desarrollo e Infraestructura - Clase B,2.02
Allaria Desarrollo e infraestructura - Clase C,2.02
Balanz Crecimiento FCI Ab para Financ Infra y Econ Real - Clase A,2.6
Balanz Crecimiento FCI Ab para Financ Infra y Econ Real - Clase B,2.1
Balanz Crecimiento FCI Ab para Financ Infra y Econ Real - Clase C,2
Balanz Crecimiento FCI Ab para Financ Infra y Econ Real - Clase L Ley N°27.743,2.6
Balanz Desarrollo FCI Ab para Financ Infra y Econ Real - Clase A,2.6
Balanz Desarrollo FCI Ab para Financ Infra y Econ Real - Clase B,2.1
Balanz Desarrollo FCI Ab para Financ Infra y Econ Real - Clase C,2
Balanz Desarrollo FCI Ab para Financ Infra y Econ Real - Clase L Ley N°27.743,2.6
Chaco FCI Abierto Infraestructura - Clase A,2
Chaco FCI Abierto Infraestructura - Clase B,2
Consultatio Infraestructura - Clase A,2.5
Consultatio Infraestructura - Clase B,2.3
Consultatio Infraestructura - Clase C,2.1
Delta Crecimiento Infraestructura - Clase A,0.01
Delta Crecimiento Infraestructura - Clase B,1.75
Desarrollo Argentino II FCI Abierto para el Fin. de la Infra. y la Econ. Real - Clase A,3.15
Desarrollo Argentino II FCI Abierto para el Fin. de la Infra. y la Econ. Real - Clase B,2.15
Desarrollo Argentino II FCI Abierto para el Fin. de la Infra. y la Econ. Real - Clase C,1.75
Desarrollo Argentino III FCI Abierto para el Fin. de la Infra. y la Econ. Real - Clase A,3.15
Desarrollo Argentino III FCI Abierto para el Fin. de la Infra. y la Econ. Real - Clase B,2.15
Desarrollo Argentino III FCI Abierto para el Fin. de la Infra. y la Econ. Real - Clase C,1.75
HF Infraestructura II - Clase I,1.7573
MEGAQM FCI Abierto Financiamiento de Infraestructura - Clase A,2.5
MEGAQM FCI Abierto Financiamiento de Infraestructura - Clase B,2.129
MEGAQM FCI Abierto Financiamiento de Infraestructura - Clase Ley N° 27.743,2.5
Pionero Infraestructura - Clase A,2.88
Pionero Infraestructura - Clase B,2.07
Pionero Infraestructura - Clase C,0
SBS Desarrollo Infraestructura - Clase A,3.5
SBS Desarrollo Infraestructura - Clase B,2.15
SBS Desarrollo Infraestructura - Clase Ley N° 27.743,3.5
Schroder Infraestructura - Clase A,3
Schroder Infraestructura - Clase B,2.1
Schroder Infraestructura - Clase C,2
Schroder Infraestructura - Clase D,1.4
Schroder Infraestructura - Clase E Ley N° 27.743,3
Zofingen Infraestructura - Clase A,2.09
Zofingen Infraestructura - Clase B,2.18
Zofingen Infraestructura - Clase C,0
1822 Raices Infraestructura,1.4
Adcap Desarrollo e Infraestructura - Clase A,2.52
Adcap Desarrollo e Infraestructura - Clase B,2.32
Adcap Desarrollo e Infraestructura - Clase C,2.06
Adcap Desarrollo e Infraestructura - Clase G,1.75
Adcap Desarrollo e Infraestructura - Clase Ley Nº 27.743,2.5
Alpha Infraestructura - Clase A,2
Alpha Infraestructura - Clase B,2.91
Alpha Infraestructura - Clase C,2.73
Alpha Infraestructura - Clase D,2.18
Alpha Infraestructura - Clase E,0.63
Alpha Infraestructura - Clase J,2
Alpha Infraestructura - Clase K,2.91
Argenfunds Infraestructura - Clase A,3.5
Argenfunds Infraestructura - Clase B,1.5
Argenfunds Infraestructura - Clase C,1.5
Balanz Infraestructura - Clase A,2.3
Balanz Infraestructura - Clase B,1.65
Balanz Infraestructura - Clase C,1.4
Balanz Infraestructura - Clase D,1
Balanz Infraestructura - Clase E,0
Balanz Infraestructura - Clase F,0
Balanz Infraestructura - Clase L Ley Nº 27.743,2.3
Infraestructura Dolar Estadounidense,nan
Desarrollo Argentino I FCI Abierto para el Fin. de la Infra. y la Econ. Real - Clase A,3.15
Desarrollo Argentino I FCI Abierto para el Fin. de la Infra. y la Econ. Real - Clase B,2.15
Desarrollo Argentino I FCI Abierto para el Fin. de la Infra. y la Econ. Real - Clase C,1.75
Gainvest Infraestructura FCI Abierto - Clase D,2.5
Gainvest Infraestructura FCI Abierto - Clase E,2.5
Gainvest Infraestructura FCI Abierto - Clase F,2.5
Gainvest Infraestructura FCI Abierto - Clase G,0
Balanz Crecimiento FCI Ab para Financ Infra y Econ Real - Clase D,0
Balanz Crecimiento FCI Ab para Financ Infra y Econ Real - Clase E,0
Balanz Desarrollo FCI Ab para Financ Infra y Econ Real - Clase D,0
Balanz Desarrollo FCI Ab para Financ Infra y Econ Real - Clase E,0
Desarrollo Argentino II FCI Abierto para el Fin. de la Infra. y la Econ. Real - Clase D,3.15
Desarrollo Argentino II FCI Abierto para el Fin. de la Infra. y la Econ. Real - Clase E,2.15
Desarrollo Argentino II FCI Abierto para el Fin. de la Infra. y la Econ. Real - Clase F,1.75
HF Infraestructura - Clase C,0.8373
HF Infraestructura - Clase I,1.0047
Retorno Total Peso Argentina,nan
Ualintec Retorno Total - Clase A,2.5
Ualintec Retorno Total - Clase B,1.65
Ualintec Retorno Total - Clase C,1.1
Adcap Financiamiento 1 - Clase A,1.1109
Adcap Financiamiento 1 - Clase B,1.1109
Adcap Financiamiento 1 - Clase C,1.1109
Adcap Financiamiento 1 - Clase D,1.1109
ConoSur Visus - Clase A,3.24
ConoSur Visus - Clase B,2.44
ConoSur Visus - Clase C,1.74
ConoSur Visus - Clase D,2.44
Consultatio Balance Fund - Clase A,2.5
Consultatio Balance Fund - Clase B,1.5
Consultatio Balance Fund - Clase Z Ley N° 27.743,1.5
IEB Retorno Total II - Clase A,0.8
IEB Retorno Total II - Clase B,0.8
IEB Retorno Total II - Clase X,0
IEB Retorno Total III - Clase A,0.6
IEB Retorno Total III - Clase B,0.6
IEB Retorno Total III - Clase X,0
Max Retorno Total Pesos - Clase A,0
Max Retorno Total Pesos - Clase B,0
Max Retorno Total Pesos - Clase C,0
Max Retorno Total Pesos - Clase D,0.63
Max Retorno Total Pesos II - Clase A,0
Max Retorno Total Pesos II - Clase B,0
Max Retorno Total Pesos II - Clase C,0
Max Retorno Total Pesos II - Clase D,0.85
Max Retorno Total Pesos III - Clase A,0
Max Retorno Total Pesos III - Clase B,0
Max Retorno Total Pesos III - Clase C,0
Max Retorno Total Pesos III - Clase D,0.88
Max Retorno Total Pesos IV - Clase A,0
Max Retorno Total Pesos IV - Clase B,0
Max Retorno Total Pesos IV - Clase C,0
Max Retorno Total Pesos IV - Clase D,0.279
Schroder Crecimiento Dos - Clase A,1.15
Schroder Crecimiento Dos - Clase B,1.15
Schroder Crecimiento Dos - Clase C,1.15
Schroder Crecimiento Tres - Clase A,2.5
Schroder Crecimiento Tres - Clase B,1.7
Schroder Crecimiento Tres - Clase C,1
Schroder Patrimonio Dos - Clase B,1.7
Schroder Patrimonio Dos - Clase C,1.7
Cocos Medalla - Clase A,3
Cocos Medalla - Clase B,3
Cocos Medalla - Clase C,0.1
Cocos Pesos Plus - Clase A,2.5
Cocos Pesos Plus - Clase B,2.5
Cocos Pesos Plus - Clase C,1.25
Galileo Argentina - Clase A,2.25
Galileo Argentina - Clase B,1.75
Galileo Renta Fija - Clase A,1.25
Galileo Renta Fija - Clase B,1
GMC Retorno Total II - Clase B,3
GMC Retorno Total II - Clase C,0.22
GMC Retorno Total II - Clase F,0.22
Insider Retorno Estratégico - Clase A,2.52
Insider Retorno Estratégico - Clase B,2.02
Insider Retorno Estratégico - Clase C,0
Insider Retorno Estratégico - Clase D,0
MEGAQM Balanceado - Clase A,3
MEGAQM Balanceado - Clase B,1.72
MEGAQM Balanceado - Clase Ley Nº 27.743,3
MEGAQM Retorno Total - Clase A,3.2
MEGAQM Retorno Total - Clase B,2.43
Pionero Renta Estrategico - Clase A,2.045
Pionero Renta Estrategico - Clase B,2.045
Pionero Renta Estrategico - Clase C,0
Pionero Retorno Total - Clase A,2.9205
Pionero Retorno Total - Clase B,2.25
Schroder Crecimiento - Clase A,1.7
Schroder Crecimiento - Clase B,1.7
Schroder Crecimiento - Clase C,1.7
Chimpay Retorno Total - Clase A,0.3
Chimpay Retorno Total - Clase B,0.3
Chimpay Retorno Total - Clase C,0.3
DXA Multicobertura - Clase A,2.52
DXA Multicobertura - Clase B,2.52
Fundcorp Performance Multiestrategia - Clase A,2.9
Fundcorp Performance Multiestrategia - Clase B,2.65
Fundcorp Performance Multiestrategia - Clase C,0.7
MEGAQM Retorno Absoluto - Clase A,3.2
MEGAQM Retorno Absoluto - Clase B,2.43
SBS Retorno Total - Clase A,3.5
SBS Retorno Total - Clase B,2.5
SBS Retorno Total - Clase Ley N° 27.743,3.5
Schroder Renta Global Tres - Clase A,0.55
Schroder Renta Global Tres - Clase B,1.75
Schroder Renta Global Tres - Clase C,0.55
Valiant Total Return - Clase A,4
Valiant Total Return - Clase B,4.5
Valiant Total Return - Clase C,1.5
Valiant Total Return - Clase D,2
Compass Ahorro en Dolares - Clase D,3
Compass Ahorro en Dolares - Clase E,1.25
Compass Ahorro en Dolares - Clase F,1
Compass Best Ideas - Clase D,2.95
Compass Best Ideas - Clase E,2.1
Compass Best Ideas - Clase F,1.6
GMC Retorno Total - Clase A,3
GMC Retorno Total - Clase B,5
GMC Retorno Total - Clase C,5
GMC Retorno Total - Clase D,1
Allaria Estrategico - Clase A,3.25
Allaria Estrategico - Clase B,3
Allaria Estrategico - Clase C,2.5
Allaria Estrategico - Clase D,0
Valiant Total Return RP,0
Retorno Total Dolar Estadounidense,nan
Fundcorp Estrategia - Clase A,0.5
Fundcorp Estrategia - Clase B,0.5
Fundcorp Estrategia - Clase C,0.5
Fundcorp Estrategia - Clase D,0.5
IEB Estratégico II - Clase A,0.5
IEB Estratégico II - Clase B,0.5
IEB Estratégico II - Clase X Ley N° 27.743,0.5
Galileo Argentina - Clase C,1.75
Galileo Argentina - Clase D,1.25
Galileo Renta Fija - Clase C,1.25
Galileo Renta Fija - Clase D,1
Pionero Retorno Total - Clase C,2.25
Pionero Retorno Total - Clase D,2.025
Allaria Dólar Retorno Total - Clase A,2
Allaria Dólar Retorno Total - Clase B,1.5
Allaria Dólar Retorno Total - Clase C,1.25
Allaria Dólar Retorno Total - Clase Ley N° 27.743,1.5
Chimpay Retorno Total - Clase D,0.3
Chimpay Retorno Total - Clase E,0.3
Chimpay Retorno Total - Clase F,0.3
Fundcorp Long Performance Plus II - Clase A,1.1
Fundcorp Long Performance Plus II - Clase B,1.1
Fundcorp Long Performance Plus II - Clase C,1.1
Fundcorp Long Performance Plus II - Clase D Ley N° 27.743,1.1
Tandem Dólares Retorno Total - Clase A,1.5
Tandem Dólares Retorno Total - Clase B,1.5
Tandem Dólares Retorno Total - Clase C,1.5
Tandem Dólares Retorno Total - Clase D,1.5
Tandem Dólares Retorno Total - Clase E Ley N° 27.743,1.5
Compass Ahorro en Dolares - Clase A,3
Compass Ahorro en Dolares - Clase B,1.25
Compass Ahorro en Dolares - Clase C,1
Compass Ahorro en Dolares - Clase H Ley 27.743,3
Compass Ahorro en Dolares - Clase I Ley 27.743,1.25
Compass Best Ideas - Clase A,2.95
Compass Best Ideas - Clase B,2.1
Compass Best Ideas - Clase C,1.6
Compass Best Ideas - Clase H Ley 27.743,2.75
Compass Best Ideas - Clase I Ley 27.743,2
Galileo Event Driven - Clase A,2
Galileo Event Driven - Clase B,1.25
Galileo Event Driven - Clase C Ley N° 27.743,2
Galileo Event Driven - Clase D Ley N° 27.743,1.25
Galileo Event Driven - Clase Y,2
Galileo Event Driven - Clase Z,1.25
ASG Peso Argentina,nan
SBS Retorno Sustentable ASG - Clase A,3.5
SBS Retorno Sustentable ASG - Clase B,2
MEGAQM Sustentable ASG - Clase A,2.5
MEGAQM Sustentable ASG - Clase B,2.1
MEGAQM Sustentable ASG - Clase C,1.279
MEGAQM Sustentable ASG - Clase Ley N° 27.743,2.5
Superfondo Sustentable ASG - Clase B,0.8079
Adcap Verde y Sustentable ASG - Clase A,2.32
Adcap Verde y Sustentable ASG - Clase B,2.22
Adcap Verde y Sustentable ASG - Clase C,2.06
Adcap Verde y Sustentable ASG - Clase Ley Nº 27.743,0
Allaria Sustentable ASG - Clase A,2.02
Allaria Sustentable ASG - Clase B,2.02
Allaria Sustentable ASG - Clase C,2.02
Consultatio ST Fondo Comun De Inversión ASG - Clase A,2.2
Consultatio ST Fondo Comun De Inversión ASG - Clase B,1.8
Consultatio ST Fondo Comun De Inversión ASG - Clase C,0
Consultatio ST Fondo Comun De Inversión ASG - Clase D,1.7
Delta Sustentable ASG - Clase A,2
Delta Sustentable ASG - Clase B,1.5
Fima Cartera Sustentable FCI ASG - Clase A,2.0825
Fima Cartera Sustentable FCI ASG - Clase B,1.785
Fima Cartera Sustentable FCI ASG - Clase C,1.4875
Gainvest Renta Mixta Sustentable FCI ASG - Clase A,2
Gainvest Renta Mixta Sustentable FCI ASG - Clase B,2
Gainvest Renta Mixta Sustentable FCI ASG - Clase C,0
Premier Sustentable ASG - Clase A,1.748
Premier Sustentable ASG - Clase B,2.3
Premier Sustentable ASG - Clase C,0
RG900 Peso Argentina,nan
FBA Cobertura Pesos - Clase A,2.779
FBA Cobertura Pesos - Clase B,2.179
MEGAQM Estrategia 5 - Clase A,3
MEGAQM Estrategia 5 - Clase B,1.85
Pellegrini Renta Fija II - Clase A,2.5
Pellegrini Renta Fija II - Clase B,2.25
Pionero Renta Pesos - Clase A,2.25
Pionero Renta Pesos - Clase B,1.8
Delta Performance - Clase A,3
Delta Performance - Clase B,2.25
Delta Performance - Clase E,0.75
Mercado de Dinero Peso Argentina,nan
1810 Ahorro,0.05
1822 Raices Ahorro Pesos,1.4
Adcap Ahorro Dinámico Fondo de Dinero - Clase A,2.87
Adcap Ahorro Dinámico Fondo de Dinero - Clase B,1.97
Adcap Ahorro Dinámico Fondo de Dinero - Clase C,1.645
Adcap Ahorro Dinámico Fondo de Dinero - Clase G,0.07
Adcap Ahorro Dinámico Fondo de Dinero - Clase Ley Nº 27.743,2.82
Adcap Ahorro Pesos Fondo de Dinero - Clase A,2.82
Adcap Ahorro Pesos Fondo de Dinero - Clase B,1.92
Adcap Ahorro Pesos Fondo de Dinero - Clase C,1.61
Adcap Ahorro Pesos Fondo de Dinero - Clase G,0.07
Adcap Ahorro Pesos Fondo de Dinero - Clase H,2.8
Adcap Ahorro Pesos Fondo de Dinero - Clase H1,2.82
Adcap Ahorro Pesos Fondo de Dinero - Clase H2,0
Adcap Ahorro Pesos Fondo de Dinero - Clase H3,0
Adcap Ahorro Pesos Fondo de Dinero - Clase H4,0
Adcap Ahorro Pesos Fondo de Dinero - Clase H5,0
Adcap Ahorro Pesos Fondo de Dinero - Clase H6,0
Adcap Ahorro Pesos Fondo de Dinero - Clase H7,0
Adcap Ahorro Pesos Fondo de Dinero - Clase H8,0
Adcap Ahorro Pesos Fondo de Dinero - Clase H9,0
Adcap Ahorro Pesos Fondo de Dinero - Clase I,1.82
Adcap Ahorro Pesos Fondo de Dinero - Clase Ley Nº 27.743,2.82
Allaria Ahorro - Clase A,2.5
Allaria Ahorro - Clase B,2.25
Allaria Ahorro - Clase C,1.5
Allaria Ahorro - Clase E,1.6
Allaria Ahorro - Clase Ley Nº 27.743,2.5
Alpha Pesos - Clase A,1.7299
Alpha Pesos - Clase B,2.8653
Alpha Pesos - Clase J,1.548
Alpha Pesos - Clase K,2.8653
Argenfunds Liquidez - Clase A,3
Argenfunds Liquidez - Clase B,1.73
Argenfunds Liquidez - Clase G Ley N° 27.743,3
Balanz Capital Money Market - Clase A,2.35
Balanz Capital Money Market - Clase B,1.85
Balanz Capital Money Market - Clase C,1.55
Balanz Capital Money Market - Clase D,1.45
Balanz Capital Money Market - Clase E,2
Balanz Capital Money Market - Clase F,0
Balanz Capital Money Market - Clase H,2.35
Balanz Capital Money Market - Clase L Ley N° 27.743,2.35
BAVSA Ahorro - Clase A,2.1
BAVSA Ahorro - Clase B,1.6
BAVSA Ahorro - Clase C Ley Nº 27.743,2.1
BAVSA Ahorro - Clase D Ley Nº 27.743,1.6
BM Smart Money Market - Clase A,2
BM Smart Money Market - Clase B,1.5
Chaco FCI Money Market - Clase A,1.8
Chaco FCI Money Market - Clase B,1.8
Champaquí Fondo Inmediato - Clase A,2.93
Champaquí Fondo Inmediato - Clase B,1.79
Champaquí Fondo Inmediato - Clase C,1.52
Champaquí Fondo Inmediato Plus - Clase A,2.93
Champaquí Fondo Inmediato Plus - Clase B,1.79
Champaquí Fondo Inmediato Plus - Clase C,2.93
Champaquí Fondo Inmediato Plus - Clase D,1.52
Cocos Ahorro - Clase A,2
Cocos Ahorro - Clase B,1.5
Cocos Ahorro - Clase C,1.5
Cocos Ahorro - Clase D,1.2
Cocos Ahorro - Clase Ley N° 27.743,2
Compass Liquidez - Clase A,2.25
Compass Liquidez - Clase B,1.4
Compass Liquidez - Clase C,1.1
Compass Liquidez - Clase D,1.2
Compass Liquidez - Clase E,0
Compass Liquidez - Clase H Ley 27.743,2.25
Compass Liquidez - Clase I Ley 27.743,1.4
ConoSur Liquidez - Clase A,2.3
ConoSur Liquidez - Clase B,2.2
ConoSur Liquidez - Clase C,1.4
ConoSur Liquidez - Clase D,2.2
Consultatio Fondo de Dinero - Clase A,3
Consultatio Fondo de Dinero - Clase B,3
Consultatio Fondo de Dinero - Clase C,3
CYC Liquidez,1.25
CYC Liquidez - Clase E Ley N° 27.743,1.25
Delta Pesos - Clase A,3.5
Delta Pesos - Clase B,2
Delta Pesos - Clase D,1.1
Delta Pesos - Clase K Ley Nº 27.743,3.5
Delta Pesos - Clase L Ley Nº 27.743,2
Delta Pesos - Clase M,3.5
Delta Pesos - Clase X,1.46
FBA Money Market Pesos - Clase A,3.379
FBA Money Market Pesos - Clase B,1.979
FBA Money Market Pesos - Clase J Ley Nº 27.743,3.379
FBA Money Market Pesos - Clase K Ley Nº 27.743,1.979
FBA Money Market Pesos Plus - Clase B,1.679
Fima Premium - Clase A,2.975
Fima Premium - Clase B,1.7425
Fima Premium - Clase C,1.445
Fima Premium - Clase P,2.85
Fundcorp Liquidez - Clase A,2.4
Fundcorp Liquidez - Clase B,2.15
Fundcorp Liquidez - Clase C,1.4
Fundcorp Liquidez - Clase D,2.15
Galileo Pesos - Clase A,3.35
Galileo Pesos - Clase B,1.5
IAM Ahorro Pesos - Clase A,2.84
IAM Ahorro Pesos - Clase B,1.74
IAM Ahorro Pesos - Clase C,1.44
IAM Ahorro Pesos - Clase D,1.34
IAM Ahorro Pesos - Clase I,3.6
IEB Ahorro - Clase A,2
IEB Ahorro - Clase B,2
IEB Ahorro - Clase C,1.5
IEB Ahorro - Clase D,1.5
IEB Ahorro - Clase E,1.5
IEB Ahorro - Clase Ley N° 27.743,2
Lombard Renta en Pesos,1.36
MAF Liquidez - Clase A,1.45
MAF Liquidez - Clase B,1.45
MAF Money Market - Clase A,3
MAF Money Market - Clase B,1.4498
MAF Money Market - Clase RAP Ley N° 27.743,3
Max Money Market - Clase A,2
Max Money Market - Clase B,1.4
Max Money Market - Clase E Ley N° 27.743,2
MEGAQM Pesos - Clase A,2.77
MEGAQM Pesos - Clase B,1.39
MEGAQM Pesos - Clase E,2.9
Mercado Fondo - Clase A,1.36
Mercado Fondo - Clase B,1.44
Mercado Fondo - Clase C,0.94
Mercado Fondo - Clase D,0
Novus Liquidez Fondo de Dinero - Clase A,3
Novus Liquidez Fondo de Dinero - Clase B,1.65
Novus Liquidez Fondo de Dinero - Clase C,3
Novus Liquidez Fondo de Dinero - Clase D,1.65
Novus Liquidez Fondo de Dinero - Clase E,3
Novus Liquidez Fondo de Dinero - Clase F,1.65
Novus Liquidez Fondo de Dinero - Clase G,3
Novus Liquidez Fondo de Dinero - Clase H,1.65
Novus Liquidez Fondo de Dinero - Clase X,3
Optimum CDB Pesos Ultra - Clase A,0
Optimum CDB Pesos Ultra - Clase B,1.815
Optimum Liquidity - Clase A,0
Optimum Liquidity - Clase B,1.3
Optimum Liquidity - Clase C,1.3
Optimum Liquidity - Clase D,1.3
Optimum Liquidity - Clase E,1.3
Parakeet Pesos - Clase A,3
Parakeet Pesos - Clase B,1.5
Pellegrini Liquidez Pesos Clase A,1.2
Pellegrini Liquidez Pesos Clase B,1.2
Pellegrini Liquidez Pesos Clase C,0.96
Pellegrini Liquidez Pesos Clase D,1.2
Pellegrini Liquidez Pesos Clase E,1.2
Pellegrini Renta Pesos - Clase A,1.6
Pellegrini Renta Pesos - Clase B,1.2
Pellegrini Renta Pesos - Clase R Ley N° 27.743,1.6
Pionero Pesos - Clase A,2.88
Pionero Pesos - Clase B,1.71
Pionero Pesos - Clase C,1.71
Pionero Pesos Plus - Clase A,2.88
Pionero Pesos Plus - Clase B,1.71
Pionero Pesos Plus - Clase C Ley N° 27.743,2.25
Premier Renta CP en Pesos - Clase A,2.45
Premier Renta CP en Pesos - Clase B,3.92
Premier Renta CP en Pesos - Clase C,1.617
Premier Renta CP en Pesos - Clase D,2.45
Quiron Money Market - Clase A,2.35
Quiron Money Market - Clase B,1.55
Quiron Money Market - Clase C,1.75
SBS Ahorro Pesos - Clase A,2.5
SBS Ahorro Pesos - Clase B,2
SBS Ahorro Pesos - Clase C,1.5
SBS Ahorro Pesos - Clase D,1.25
ST Zero - Clase A,2.4
ST Zero - Clase B,2.2
ST Zero - Clase C,1.4
ST Zero - Clase D,2.99
ST Zero - Clase E,3
Super Ahorro $ - Clase A,0.7944
Super Ahorro $ - Clase B,0.9179
Super Ahorro $ - Clase G,1.5574
Super Ahorro $ - Clase H,0.9074
Super Ahorro $ - Clase I Ley N° 27.743,0.7319
Super Ahorro $ - Clase L,0.1052
Super Ahorro Plus - Clase A,0.7319
Super Ahorro Plus - Clase B,0.9679
Super Ahorro Plus - Clase G,1.4324
Super Ahorro Plus - Clase H,0.9574
Super Ahorro Plus - Clase I,0.6474
Tandem Renta Pesos - Clase A,0
Tandem Renta Pesos - Clase B,0
Tandem Renta Pesos - Clase C,0
Tandem Renta Pesos - Clase D,0
Tandem Renta Pesos - Clase X,0
Tango Money Market Dinámico - Clase A,2.25
Tango Money Market Dinámico - Clase B,1.75
Tango Money Market Dinámico - Clase C,1.5
Toronto Trust Ahorro - Clase A,2.008
Toronto Trust Ahorro - Clase B,1.408
Toronto Trust Ahorro - Clase C,1.708
Toronto Trust Ahorro - Clase Ley N° 27.743,2.008
Transatlantica Liquidez Pesos - Clase A,2.25
Transatlantica Liquidez Pesos - Clase B,2.25
Transatlantica Liquidez Pesos - Clase RAP Ley N° 27.743,2.25
Ualintec Ahorro Pesos - Clase A,2.3
Ualintec Ahorro Pesos - Clase B,1.55
Ualintec Ahorro Pesos - Clase C,1.1
Valiant Ahorro - Clase A,1.1
Valiant Ahorro - Clase B,1.6
Wise Capital Money Markets - Clase A,2.8
Wise Capital Money Markets - Clase B,3
Wise Capital Money Markets - Clase C,3
Wise Capital Money Markets - Clase D,2.5
Wise Capital Money Markets - Clase J Ley N° 27.743,3
Zofingen Pesos Ya - Clase A,3.35
Zofingen Pesos Ya - Clase B,3.35
Zofingen Pesos Ya - Clase C Ley N° 27.743,3.25
Zofingen Pesos Ya - Clase D Ley N° 27.743,3.25
Axis Pesos - Clase A,2.25
Axis Pesos - Clase B,1.25
Axis Pesos - Clase X Ley N° 27.743,2.25
Axis Pesos - Clase Y Ley N° 27.743,1.25
GMC Money Market - Clase A,2
GMC Money Market - Clase B,2
GMC Money Market - Clase C,1.75
Allaria Ahorro Dinámico	- Clase B,0
Allaria Ahorro Dinámico	- Clase C,0
Allaria Ahorro Dinámico	- Clase D,0
Allaria Ahorro Dinámico - Clase A,0
Allaria Ahorro Dinámico - Clase E,0
Alpha Pesos Plus - Clase A,2.262
Alpha Pesos Plus - Clase B,2.8348
Crecer Liquidez - Clase A,3.32
Crecer Liquidez - Clase B,2.02
Gainvest Pesos - Clase A,2
Gainvest Pesos - Clase B,2
Gainvest Pesos - Clase C,1.2
Gainvest Pesos - Clase Ley N° 27.743,2
Schroder Liquidez - Clase A,2.9
Schroder Liquidez - Clase B,1.35
Schroder Liquidez - Clase D Ley N° 27.743,2.9
Mercado de Dinero Dolar Estadounidense,nan
1822 Raices Ahorro Dólares - Clase A,0.25
Adcap Ahorro Dólares - Clase C,0.1
Adcap Ahorro Dólares - Clase D,0.17
Adcap Ahorro Dólares - Clase E,0.12
Adcap Ahorro Dólares - Clase F,0.12
Adcap Ahorro Dólares - Clase G,0.045
Adcap Ahorro Dólares - Clase Ley Nº 27.743,0.17
Allaria Dólar Ahorro - Clase A,0.5
Allaria Dólar Ahorro - Clase B,0.4
Allaria Dólar Ahorro - Clase C,0.35
Allaria Dólar Ahorro - Clase Ley Nº 27.743,0.5
Alpha Dólar - Clase A,0.1366
Alpha Dólar - Clase B,0.3184
Alpha Dólar - Clase C,0.1328
Alpha Dólar - Clase D,0.0709
Alpha Dólar - Clase H,0.2388
Alpha Dólar - Clase I,0.0768
Alpha Dólar - Clase J,0.1366
Alpha Dólar - Clase K,0.3184
Alpha Dólar - Clase Q - Ley Nº 27.743,0.3184
Argenfunds Liquidez Dólares - Clase A,0.05
Argenfunds Liquidez Dólares - Clase B,0.05
Balanz Money Market USD - Clase A,0.25
Balanz Money Market USD - Clase B,0.2
Balanz Money Market USD - Clase C,0.2
Balanz Money Market USD - Clase D,0.25
Balanz Money Market USD - Clase E,0.2
Balanz Money Market USD - Clase L Ley Nº 27.743,0.25
BAVSA Ahorro Dólar - Clase A,0.25
BAVSA Ahorro Dólar - Clase B,0.2
BAVSA Ahorro Dólar - Clase E Ley N° 27.743,0.25
BAVSA Ahorro Dólar - Clase F Ley N° 27.743,0.2
Champaquí Fondo Liquidez Dólar - Clase A,0.32
Champaquí Fondo Liquidez Dólar - Clase B,0.32
Delta Dólares - Clase A,0.25
Delta Dólares - Clase B,0.15
Delta Dólares - Clase K Ley Nº 27.743,0.25
Delta Dólares - Clase L Ley Nº 27.743,0.15
FBA Money Market Dólar - Clase B,0.004
Gainvest Dólares Premium - Clase A,0
Gainvest Dólares Premium - Clase B,0
Gainvest Dólares Premium - Clase C,0
Galileo Pesos - Clase C,0
Galileo Pesos - Clase D,0
IAM Ahorro Pesos - Clase F,1.25
IAM Liquidez en Dólares - Clase A,0.3
IAM Liquidez en Dólares - Clase B,0.3
IAM Liquidez en Dólares - Clase C,0.3
IAM Liquidez en Dólares - Clase D,0.3
IAM Liquidez en Dólares - Clase E,0.3
IAM Liquidez en Dólares - Clase F,0.3
IAM Liquidez en Dólares - Clase G,0.3
IAM Liquidez en Dólares - Clase H,0.3
IAM Liquidez en Dólares - Clase I,0.3
IAM Liquidez en Dólares - Clase J,0
IAM Liquidez en Dólares - Clase Ley Nº 27.743,0.3
IAM Retorno Dólares - Clase A,0.05
IAM Retorno Dólares - Clase B,0.05
IAM Retorno Dólares - Clase C,0.15
IEB Corto Plazo Dólar - Clase A,0.25
IEB Corto Plazo Dólar - Clase B,0.25
IEB Corto Plazo Dólar - Clase X Ley N° 27.743,0.25
Lombard Liquidez Dolares - Clase A,0.24
MAF Cash Dolares I - Clase A,0.25
MAF Cash Dolares I - Clase B,0.25
MAF Cash Dolares I - Clase C,0.25
Max Money Market Dólares - Clase A,0.3
Max Money Market Dólares - Clase B,0.25
Max Money Market Dólares - Clase C,0.3
Max Money Market Dólares - Clase D,0.25
Max Money Market Dólares - Clase E Ley N° 27.743,0.3
MEGAQM Liquidez Dólar - Clase A,0.15
MEGAQM Liquidez Dólar - Clase B,0.1
MEGAQM Liquidez Dólar - Clase Ley N° 27.743,0.15
Novus Dólar MM - Clase A,0.1
Novus Dólar MM - Clase B,0.08
Novus Dólar MM - Clase D,0.15
Novus Dólar MM - Clase E,0.1
Novus Dólar MM - Clase F,0.08
Novus Dólar MM - Clase G,0.2
Novus Dólar MM - Clase H,0.15
Novus Dólar MM - Clase I,0.2
Novus Dólar MM - Clase J Ley Nº 27.743,0.2
Novus Dólar MM - Clase X,0.15
Novus Dólar MM - Clase Y,0.15
Novus Dólr CMM - Clase C,0.2
Parakeet Pesos - Clase C,0
Parakeet Pesos - Clase D,0
Pellegrini Money Market USD - Clase A,0.15
Pellegrini Money Market USD - Clase B,0.1
Pellegrini Money Market USD - Clase R Ley N° 27.743,0.15
Pionero Money Market Dólar - Clase A,0.45
Pionero Money Market Dólar - Clase B,0.36
Pionero Money Market Dólar - Clase C Ley Nº 27.743,0.45
Pionero Money Market Dólar - Clase D,0.05
Pionero Money Market Dólar - Clase E,0.36
Premier Corto Plazo en Dólares - Clase A,0.196
Premier Corto Plazo en Dólares - Clase B,0.294
Premier Corto Plazo en Dólares - Clase C,0.098
Premier Corto Plazo en Dólares - Clase Ley N° 27.743,0.196
Quiron Money Market USD - Clase A,0.25
Quiron Money Market USD - Clase B,0.25
Quiron Money Market USD - Clase C,0.25
Schroder Liquidez Dolares - Clase A,0.15
Schroder Liquidez Dolares - Clase B,0.1
Schroder Liquidez Dolares - Clase C,0
Schroder Liquidez Dolares - Clase D,0
Superfondo Ahorro en Dólares - Clase A,0.0907
Superfondo Ahorro en Dólares - Clase B,0.1354
Superfondo Ahorro en Dólares - Clase H,0.1499
Superfondo Ahorro en Dólares - Clase I,0.1249
Superfondo Ahorro en Dólares - Clase M Ley N° 27.743,0.0907
Toronto Trust Money Market Dólar - Clase A,0.25
Toronto Trust Money Market Dólar - Clase B,0.15
Toronto Trust Money Market Dólar - Clase C,0.2
Toronto Trust Money Market Dólar - Clase D,0
Toronto Trust Money Market Dólar - Clase Ley N° 27.743,0.25
Fima Premium Dólares - Clase A,0.425
Fima Premium Dólares - Clase B,0.425
Fima Premium Dólares - Clase C,0.425
Fima Premium Dólares - Clase L,0.425
Fima Premium Dólares - Clase N,0.215
SBS Liquidez USD - Clase A,0.2
SBS Liquidez USD - Clase B,0.2
SBS Liquidez USD - Clase Ley 27.743,0.2
Valiant Money Market Dolares - Clase A,0.2
Valiant Money Market Dolares - Clase B,0.22
Valiant Money Market Dolares - Clase C - Ley Nº 27.743,0.22
Cocos Dólar Money Market - Clase A,0.4
Cocos Dólar Money Market - Clase B,0.4
Cocos Dólar Money Market - Clase C,0.4
Wise Capital Dollar Money Market - Clase A,0.1
Wise Capital Dollar Money Market - Clase B,0.1
Wise Capital Dollar Money Market - Clase C,0.05
Wise Capital Dollar Money Market - Clase D,0.1
Crecer Liquidez Dolares - Clase A,0.12
Crecer Liquidez Dolares - Clase B,0.12
Fondos Cerrados Peso Argentina,nan
Dracma FCIC Inmobiliario - Clase A,0.02
Dracma FCIC Inmobiliario - Clase B,0.02
FCIC Inmobiliario Puerto Nizuc - Clase A,0
GSS Inmobiliario I FCIC,1.5
Pellegrini I FCIC - Clase U,1.5
SBS Renta Fija I FCIC - Clase A,1.4
Terrazas Del Volcan Inmobiliario FCIC,2
ADBlick Ganaderia FCIC,0
Allaria Nomada Renta Corporativa FCIC - Clase A,0.0075
Allaria Nomada Renta Corporativa FCIC - Clase B,0.005
Allaria Nomada Renta Corporativa FCIC - Clase C,0.005
GNNW SBS FCIC Ganadero W86,1.4
Mercadolibre Cerrado De Créditos,1
Allaria Residencial I FCIC,1.5
Fondos Cerrados Dolar Estadounidense,nan
ADBlick Granos Plus FCIC,1.6
Allaria Adblick Granos FCIC Agropecuario,1.6
Allaria Argencons Pto. M. FCIC Ley 27260 - Clase A,0
Allaria Argencons Pto. M. FCIC Ley 27260 - Clase B,0
Allaria Lendar Creditos - Clase A,1.2
Allaria Rdcial. Casasarg FCIC Ley 27260 - Clase A,0
Allaria Rdcial. Casasarg FCIC Ley 27260 - Clase B,0
First Renta Agro FCIC Ley 27260 - Clase A,0
First Renta Agro FCIC Ley 27260 - Clase B,0
First Renta Agro FCIC Ley 27260 - Clase C,0
Quinquela Predial FCIC Ley 27260 - Clase A,1.7
Quinquela Predial FCIC Ley 27260 - Clase B,1.2
Quinquela Predial FCIC Ley 27260 - Clase C,0.6
SBS Infraestructura y Desarrollo Productivo FCIC Ley 27260 - Clase A,0.6
Consultatio Inmobiliario FCIC Ley 27260 - Clase A,1.5
Consultatio Inmobiliario FCIC Ley 27260 - Clase B,1.5
FCIC Inmobiliario Al Rio Ley 27260 - Clase A,0
FCIC Inmobiliario Al Rio Ley 27260 - Clase B,0
SBS Creaurban Desarrollo FCIC - Clase A,0.5445
SBS Creaurban Desarrollo FCIC - Clase C,0.5445
